{
  "classification": {
    "classification_reason": "interval_includes_numerical_null_without_directional_convergence_or_equivalence",
    "classifier_version": "DOWNSTREAM-ORDER-READER-01-CLASSIFIER-v1",
    "delta_num": 8.97597327013001e-12,
    "direct_source_calibration_secondary": {
      "ci95_t": [
        0.00019739610919297694,
        0.000369178913965051
      ],
      "mean": 0.000283287511579014,
      "median": 0.0002282928896593997,
      "n_worlds": 35,
      "negative": 1,
      "positive": 34,
      "sd": 0.00025003900213203416,
      "values": [
        0.00022783844223038183,
        0.00013708157394824727,
        0.0002223044802448556,
        0.00029651091303631305,
        0.00015104586818380505,
        0.0002282928896593997,
        0.0001385772003203757,
        6.211152467136549e-05,
        0.00022281352651060474,
        0.00022306066268654862,
        0.00039058945649850935,
        0.0002813602412145349,
        0.00034485124551074733,
        0.00013915995057238624,
        0.00024618784553641707,
        0.0004094706065862555,
        0.00022064115089316313,
        -2.699616888651897e-05,
        0.0002507531233537216,
        0.0005926332332223776,
        7.964580377817568e-05,
        0.00027853676158943845,
        0.0004385811148058683,
        0.00013052547625421948,
        0.00029994936510098144,
        0.0005637823389156478,
        0.00019572402323089766,
        0.0001916933657624756,
        0.00018209257677157323,
        0.00014040410019216902,
        0.0015190160308567492,
        0.00023505674546016493,
        0.0002663344172806493,
        0.0002809243982942241,
        0.00035450862097876484
      ],
      "zero": 0
    },
    "equivalence_margin": null,
    "minimum_valid_worlds": 18,
    "n_complete_worlds": 35,
    "numerical_null": [
      -8.97597327013001e-12,
      8.97597327013001e-12
    ],
    "primary_summary": {
      "ci95_t": [
        -3.874958897076355e-09,
        1.0561800065742683e-07
      ],
      "mean": 5.0871520880175235e-08,
      "median": 8.55489855591438e-11,
      "n_worlds": 35,
      "negative": 14,
      "positive": 21,
      "sd": 1.5937282188293732e-07,
      "values": [
        8.55489855591438e-11,
        -9.638382742209635e-10,
        2.3486485634067545e-09,
        1.7138275429534903e-08,
        -2.7584624706357376e-09,
        -1.2739254379309176e-10,
        -9.965857988489518e-08,
        4.373996878746984e-07,
        1.0386379964096894e-10,
        1.5814982540104895e-09,
        -2.1780354260599044e-09,
        -5.254389895263564e-08,
        -1.2041828328023755e-07,
        1.063817016248858e-08,
        4.009069811820084e-07,
        -4.08745247281394e-08,
        3.82622694611041e-07,
        -2.0531252961858773e-10,
        8.080280027570512e-11,
        5.5788711634982254e-08,
        1.4469094658517488e-07,
        -1.2372601052956615e-10,
        3.0245849599289283e-10,
        -1.6247094316004167e-09,
        6.849519825565149e-10,
        3.6239348065372073e-09,
        5.48034222051173e-09,
        8.073095569077705e-09,
        -5.879533532672336e-11,
        -3.952916724755452e-09,
        6.342329467166658e-07,
        5.171800731814183e-11,
        1.2436980772231442e-09,
        4.681536444449278e-11,
        -1.1340847245674968e-09
      ],
      "zero": 0
    },
    "required_directional_signs": 27,
    "run_disposition": "SCIENTIFIC_CLASSIFIED",
    "scientific_classification": "NO_ACCESS_ESTABLISHED",
    "source_zero_order_secondary": {
      "ci95_t": [
        -2.522243065556361e-07,
        6.346610364889111e-07
      ],
      "mean": 1.9121836496663748e-07,
      "median": 1.9135944017126987e-07,
      "n_worlds": 35,
      "negative": 13,
      "positive": 22,
      "sd": 1.2909087523318586e-06,
      "values": [
        -6.684816385064089e-07,
        -3.498270571802213e-08,
        2.9147006676837506e-07,
        7.438748424368519e-07,
        1.9135944017126987e-07,
        6.519182524932664e-07,
        1.242934631380413e-08,
        6.089967619745426e-06,
        -2.6542517198079128e-08,
        3.8695631155226493e-07,
        4.488802763703034e-07,
        7.114472513945438e-07,
        -6.594758600034215e-07,
        3.251462228169436e-07,
        1.938934100837391e-06,
        -8.281589019619819e-07,
        8.73302166275701e-07,
        7.581585182734945e-07,
        5.4849269997205735e-08,
        -1.7965051393954286e-06,
        -3.0031836919107067e-07,
        2.521878421230244e-07,
        -1.5758046057362833e-06,
        -8.233572386878591e-07,
        1.9075533778312094e-07,
        -4.663473530032181e-07,
        3.9851903744947295e-07,
        9.376067276245636e-07,
        2.0086275248965327e-07,
        -8.698820111907764e-08,
        -2.030659637981545e-06,
        2.0871320782711535e-07,
        -1.155133873766861e-08,
        8.56473516917049e-08,
        2.488303386368796e-07
      ],
      "zero": 0
    }
  },
  "manifest_sha256": "0d40765937ca203269bd7fa935f3db4c999576dabf2d6ca0f96223f777ba03e4",
  "n_complete_worlds": 35,
  "n_fixed_source_worlds": 48,
  "schema": "DOWNSTREAM-ORDER-READER-01-RESULTS-v1",
  "status": "COMPLETE",
  "world_shards": [
    "worlds/W001.json",
    "worlds/W002.json",
    "worlds/W003.json",
    "worlds/W004.json",
    "worlds/W005.json",
    "worlds/W006.json",
    "worlds/W007.json",
    "worlds/W008.json",
    "worlds/W009.json",
    "worlds/W010.json",
    "worlds/W011.json",
    "worlds/W012.json",
    "worlds/W013.json",
    "worlds/W014.json",
    "worlds/W015.json",
    "worlds/W016.json",
    "worlds/W017.json",
    "worlds/W018.json",
    "worlds/W019.json",
    "worlds/W020.json",
    "worlds/W021.json",
    "worlds/W022.json",
    "worlds/W023.json",
    "worlds/W024.json",
    "worlds/W025.json",
    "worlds/W026.json",
    "worlds/W027.json",
    "worlds/W028.json",
    "worlds/W029.json",
    "worlds/W030.json",
    "worlds/W031.json",
    "worlds/W032.json",
    "worlds/W033.json",
    "worlds/W034.json",
    "worlds/W035.json",
    "worlds/W036.json",
    "worlds/W037.json",
    "worlds/W038.json",
    "worlds/W039.json",
    "worlds/W040.json",
    "worlds/W041.json",
    "worlds/W042.json",
    "worlds/W043.json",
    "worlds/W044.json",
    "worlds/W045.json",
    "worlds/W046.json",
    "worlds/W047.json",
    "worlds/W048.json"
  ]
}
