L,M256,algebraic_ledger_error,area256,arm,axis,capture_by_merger,capture_engulfment,coast_retention_ratio,coast_survival,direct_operator_insertion,directional_transit,directional_transit_raw,dose_fraction,durable_incorporation_128,endpoint_defined,filter,first_failure_time,first_failure_type,flux_deficit,fresh_current_fraction_2048,fresh_current_fraction_postforce,fresh_retention_2048,fresh_retention_postforce,gd_source,incorporation_16,incumbent_absolute_residual_2048,incumbent_absolute_residual_postforce,incumbent_current_fraction_2048,incumbent_current_fraction_postforce,incumbent_loss_2048,incumbent_loss_postforce,mass_ratio_2048,mass_ratio_postforce,matched_replacement_2048,matched_replacement_postforce,mode,planned_dose,q_per_event,realized_sink_removal,realized_source_injection,reject_counts,replacement_mismatch_2048,replacement_mismatch_postforce,seed,sink_matched_replacement_2048,sink_matched_replacement_postforce,survival_1536,survival_2048,t0_sha256,t256_checkpoint_sha256,t256_status,total_system_balance_error,tracked_mass_2048,tracked_mass_postforce,unique_capture_transport,unique_contact,unique_incumbent_egress_to_sink
24,169.54853463997685,3.219646771412954e-15,215,SHAM,+x,0.0,0.0,,True,0.0,0.0,0.0,0.0,0.0,True,REDESIGNED_P2PRIME,,NONE,0.0,0.0,0.0,0.0,0.0,2,0.0,0.8669733142228172,0.8874506104795203,0.8738917001836211,0.8918706525267494,0.13302668577718277,0.11254938952047971,0.9920832456020006,0.9950440772608599,0.0,0.0,SHAM,0.0,0.0,0.0,0.0,{},0.13302668577718277,0.11254938952047971,980000,0.0,0.0,True,True,b724e9c97dfcd05dff3ea0403109285e3fa003df4088fd63163304c6ea26d0f0,48c5f044cc69a51ef7b145cbcfa438b46caeaafaeed033ac60988bcd8db64996,T256_VALID_TRACK,0.0,168.20626053269146,168.7082652017667,0.0,0.0,0.0
24,169.54853463997685,3.219646771412954e-15,215,D1_LEGACY_Q005,+x,0.0,0.0,,True,0.0,0.0,0.0,0.05,0.0,True,LEGACY_P2,,NONE,8.477426731998836,0.0,0.0,0.0,0.0,1,0.0,0.8669733142228172,0.8874506104795203,0.8738917001836211,0.8918706525267494,0.13302668577718277,0.11254938952047971,0.9920832456020006,0.9950440772608599,0.0,0.0,COUPLED,8.477426731998843,0.10596783414998553,0.0,0.0,{},0.13302668577718277,0.11254938952047971,980000,0.0,0.0,True,True,b724e9c97dfcd05dff3ea0403109285e3fa003df4088fd63163304c6ea26d0f0,48c5f044cc69a51ef7b145cbcfa438b46caeaafaeed033ac60988bcd8db64996,T256_VALID_TRACK,0.0,168.20626053269146,168.7082652017667,0.0,0.0,0.0
24,169.54853463997685,2.886579864025407e-15,215,D1_REDESIGNED_Q005,+x,0.0,0.9626886431525972,1.010068744806548,True,0.0,2.1456253990404767e-05,2.1456253990405147e-05,0.05,2.307935423454869,True,REDESIGNED_P2PRIME,,NONE,4.15082544027015,0.013489093098613387,0.013473944673271602,0.01360937816180841,0.013473714766231014,1,2.308271060250371,0.861719458157798,0.873821559801383,0.85410324099868,0.8738364701458798,0.13828054184220198,0.12617844019861701,1.0089172090603622,0.9999829369166815,0.01360937816180841,0.013473714766231014,COUPLED,8.477426731998843,0.10596783414998553,4.326601291728689,4.326601291728689,"{""ACCEPTED_SUBTHRESHOLD_ADJACENT"": 541, ""REJECT_INSIDE_TRACK"": 751, ""REJECT_QUOTA"": 628}",0.12467116368039356,0.112704725432386,980000,0.01360937816180841,0.013473714766231014,True,True,b724e9c97dfcd05dff3ea0403109285e3fa003df4088fd63163304c6ea26d0f0,48c5f044cc69a51ef7b145cbcfa438b46caeaafaeed033ac60988bcd8db64996,T256_VALID_TRACK,0.0,171.06043436923957,169.54564161920376,1.9310622748554735,2.4570107885103742,3.558665666578534
24,169.54853463997685,3.3306690738754696e-15,215,D2_REDESIGNED_Q005,+x,0.0,2.9484131203476105,1.1084603487210152,True,0.0,0.00023808846473984759,0.0002380884647400035,0.05,3.5432299897669646,True,REDESIGNED_P2PRIME,,NONE,0.0,0.021693070493414505,0.019964229466579872,0.021268702760620928,0.019187608095464655,2,3.5990519068657605,0.8342408749039666,0.8366438873685631,0.8508862205402884,0.870507176618093,0.1657591250960334,0.16335611263143685,0.9804376363907357,0.9610993566060096,0.021268702760620928,0.019187608095464655,COUPLED,8.477426731998843,0.10596783414998553,8.477426731998836,8.477426731998836,"{""ACCEPTED"": 57, ""ACCEPTED_SUBTHRESHOLD_ADJACENT"": 630, ""REJECT_INSIDE_TRACK"": 103, ""REJECT_OCCUPIED"": 18, ""REJECT_QUOTA"": 1272}",0.14449042233541248,0.14416850453597221,980000,0.021268702760620928,0.019187608095464655,True,True,b724e9c97dfcd05dff3ea0403109285e3fa003df4088fd63163304c6ea26d0f0,48c5f044cc69a51ef7b145cbcfa438b46caeaafaeed033ac60988bcd8db64996,T256_VALID_TRACK,1.1368683772161603e-13,166.23176455593168,162.9529875559735,2.8871638361166316,4.826300844259642,7.017802531262148
24,169.54853463997685,2.6645352591003757e-15,215,D2_REDESIGNED_Q020,+x,2.031190614983305,7.133757161405788,0.993725396711749,True,0.0,7.511904126654523e-05,7.511904126891641e-05,0.2,6.87867215407749,True,REDESIGNED_P2PRIME,,NONE,19.538355376981784,0.040656593043131725,0.04162844714550621,0.03987452814654677,0.040126304790530795,2,7.063421649998029,0.8071809253795125,0.805187695511281,0.8230122817936184,0.8353301805331754,0.19281907462048753,0.19481230448871895,0.9807641310289998,0.9639154842907088,0.03987452814654677,0.040126304790530795,COUPLED,33.90970692799537,0.42387133659994214,14.371351551013587,14.371351551013587,"{""ACCEPTED"": 25, ""ACCEPTED_SUBTHRESHOLD_ADJACENT"": 1226, ""REJECT_INSIDE_TRACK"": 451, ""REJECT_OCCUPIED"": 27, ""REJECT_QUOTA"": 351}",0.15294454647394073,0.15468599969818814,980000,0.03987452814654677,0.040126304790530795,True,True,b724e9c97dfcd05dff3ea0403109285e3fa003df4088fd63163304c6ea26d0f0,48c5f044cc69a51ef7b145cbcfa438b46caeaafaeed033ac60988bcd8db64996,T256_VALID_TRACK,0.0,166.28712124341718,163.4304578782733,5.170722905573404,8.124365085361983,13.30328778315547
24,169.54853463997685,2.886579864025407e-15,215,D2_REDESIGNED_Q050,+x,1.7207512949299602,10.779989510375938,0.9957690567636573,True,0.0,4.254550235355779e-05,4.254550235757365e-05,0.5,8.822593438027775,True,REDESIGNED_P2PRIME,,NONE,68.69465883653405,0.050786335862087605,0.05154660541300987,0.050791999574115156,0.05100781072590658,2,9.829300517967742,0.8039606989130931,0.8088826536297441,0.8038710508992661,0.8174268681346094,0.19603930108690695,0.19111734637025593,1.0001115203908968,0.9895474263962432,0.050791999574115156,0.05100781072590658,COUPLED,84.77426731998843,1.0596783414998554,16.07960848345439,16.07960848345439,"{""ACCEPTED"": 26, ""ACCEPTED_SUBTHRESHOLD_ADJACENT"": 681, ""REJECT_INSIDE_TRACK"": 1190, ""REJECT_OCCUPIED"": 14, ""REJECT_QUOTA"": 169}",0.1452473015127918,0.14010953564434936,980000,0.050791999574115156,0.05100781072590658,True,True,b724e9c97dfcd05dff3ea0403109285e3fa003df4088fd63163304c6ea26d0f0,48c5f044cc69a51ef7b145cbcfa438b46caeaafaeed033ac60988bcd8db64996,T256_VALID_TRACK,5.684341886080802e-14,169.56744275883588,167.77631610224338,6.2238049372197075,7.153580949679363,15.355913409248604
24,169.54853463997685,2.6645352591003757e-15,215,D2_REDESIGNED_Q100,+x,3.5769042084254035,12.813976197202154,0.9922474014695974,True,0.0,3.0041855161436404e-05,3.0041855165718413e-05,1.0,12.621790768293469,True,REDESIGNED_P2PRIME,,NONE,151.6434761971197,0.05911107633862062,0.05966493157629499,0.05906325268900339,0.05952472397662721,2,14.219567441317416,0.7908936456617309,0.8043683467903207,0.7915340340398275,0.8062629974097253,0.20910635433826913,0.1956316532096794,0.999190952820022,0.9976500836259489,0.05906325268900339,0.05952472397662721,COUPLED,169.54853463997685,2.119356682999711,17.90505844285715,17.90505844285715,"{""ACCEPTED"": 25, ""ACCEPTED_SUBTHRESHOLD_ADJACENT"": 307, ""REJECT_INSIDE_TRACK"": 1612, ""REJECT_OCCUPIED"": 14, ""REJECT_QUOTA"": 122}",0.1500431016492657,0.13610692923305218,980000,0.05906325268900339,0.05952472397662721,True,True,b724e9c97dfcd05dff3ea0403109285e3fa003df4088fd63163304c6ea26d0f0,48c5f044cc69a51ef7b145cbcfa438b46caeaafaeed033ac60988bcd8db64996,T256_VALID_TRACK,5.684341886080802e-14,169.41136187615697,169.15010976223,7.188850460172784,6.114432563829846,17.428044956662216
24,169.54853463997685,5.773159728050814e-15,215,DIRECT_INTERFACE_Q100,+x,0.0,3.5627371057764843,0.9796609034832311,True,46.19963309462356,0.05319035480003804,0.05319035480003804,1.0,43.33091471585057,True,REDESIGNED_P2PRIME,,NONE,123.34890154535334,0.24895969543513755,0.2639269353725846,0.25120276418803905,0.2564180761882766,2,43.47868142749624,0.6214445366453928,0.5987971753178877,0.6158954622698927,0.6163321468622571,0.37855546335460727,0.4012028246821123,1.009009766616966,0.9715494776093703,0.25120276418803905,0.2564180761882766,DIRECT_INTERFACE,169.54853463997685,2.119356682999711,46.19963309462357,46.19963309462356,{},0.12735269916656822,0.1447847484938357,980000,0.25120276418803905,0.2564180761882766,True,True,b724e9c97dfcd05dff3ea0403109285e3fa003df4088fd63163304c6ea26d0f0,48c5f044cc69a51ef7b145cbcfa438b46caeaafaeed033ac60988bcd8db64996,T256_VALID_TRACK,0.0,171.0761273673316,164.72479025890374,10.474157158822964,5.1790412831033485,44.554177322087625
24,163.802720436871,3.1086244689504383e-15,208,SHAM,-x,0.0,0.0,,True,0.0,0.0,0.0,0.0,0.0,True,REDESIGNED_P2PRIME,,NONE,0.0,0.0,0.0,0.0,0.0,2,0.0,0.8650885778641925,0.8856277756953511,0.873562828363675,0.8911272850131985,0.1349114221358075,0.11437222430464886,0.9902992089128195,0.9938285928280538,0.0,0.0,SHAM,0.0,0.0,0.0,0.0,{},0.1349114221358075,0.11437222430464886,980001,0.0,0.0,True,True,636c1504da40b3a478cd8286e820651bb17230622ad871d504e312bb143102d4,e10c3c1f29cfba7f050cc3e24663ef11f6e7d19b1937a4951471a1bcc4103742,T256_VALID_TRACK,0.0,162.21370446640108,162.7918271531826,0.0,0.0,0.0
24,163.802720436871,3.1086244689504383e-15,208,D1_LEGACY_Q005,-x,0.0,0.0,,True,0.0,0.0,0.0,0.05,0.0,True,LEGACY_P2,,NONE,8.190136021843555,0.0,0.0,0.0,0.0,1,0.0,0.8650885778641925,0.8856277756953511,0.873562828363675,0.8911272850131985,0.1349114221358075,0.11437222430464886,0.9902992089128195,0.9938285928280538,0.0,0.0,COUPLED,8.19013602184355,0.10237670027304438,0.0,0.0,{},0.1349114221358075,0.11437222430464886,980001,0.0,0.0,True,True,636c1504da40b3a478cd8286e820651bb17230622ad871d504e312bb143102d4,e10c3c1f29cfba7f050cc3e24663ef11f6e7d19b1937a4951471a1bcc4103742,T256_VALID_TRACK,0.0,162.21370446640108,162.7918271531826,0.0,0.0,0.0
24,163.802720436871,2.6645352591003757e-15,208,D1_REDESIGNED_Q005,-x,0.0,0.6240824665606136,1.0391165439982464,True,0.0,2.2493017025635015e-05,2.249301702563524e-05,0.05,2.6258645281603634,True,REDESIGNED_P2PRIME,,NONE,2.740915011655341,0.016552928821289812,0.01594210915057247,0.016087745469434,0.015482137747064058,1,2.6504286881913677,0.8381919326482994,0.8543710327282731,0.8624285749714052,0.8797542355818635,0.16180806735170064,0.14562896727172692,0.9718972178955115,0.9711473934117496,0.016087745469434,0.015482137747064058,COUPLED,8.19013602184355,0.10237670027304438,5.449221010188212,5.449221010188212,"{""ACCEPTED_SUBTHRESHOLD_ADJACENT"": 671, ""REJECT_INSIDE_TRACK"": 874, ""REJECT_QUOTA"": 375}",0.14572032188226666,0.13014682952466286,980001,0.016087745469434,0.015482137747064058,True,True,636c1504da40b3a478cd8286e820651bb17230622ad871d504e312bb143102d4,e10c3c1f29cfba7f050cc3e24663ef11f6e7d19b1937a4951471a1bcc4103742,T256_VALID_TRACK,0.0,159.19940827631117,159.0765849860208,2.431545414951048,2.592196585734574,4.421135300718841
24,163.802720436871,3.3306690738754696e-15,208,D2_REDESIGNED_Q005,-x,0.0,2.628072425360286,1.0971164488760847,True,0.0,0.0002291544162064379,0.0002291544162065325,0.05,3.7048161791600243,True,REDESIGNED_P2PRIME,,NONE,0.0,0.023577301505570435,0.021911875141395157,0.02294390540713841,0.02091291715719216,2,3.752418596349525,0.8281912537424386,0.8304063162703964,0.8510545413810279,0.8700727584762185,0.1718087462575614,0.16959368372960365,0.9731353438270967,0.954410200963778,0.02294390540713841,0.02091291715719216,COUPLED,8.19013602184355,0.10237670027304438,8.190136021843555,8.190136021843555,"{""ACCEPTED"": 64, ""ACCEPTED_SUBTHRESHOLD_ADJACENT"": 509, ""REJECT_INSIDE_TRACK"": 201, ""REJECT_OCCUPIED"": 13, ""REJECT_QUOTA"": 1293}",0.14886484085042298,0.14868076657241147,980001,0.02294390540713841,0.02091291715719216,True,True,636c1504da40b3a478cd8286e820651bb17230622ad871d504e312bb143102d4,e10c3c1f29cfba7f050cc3e24663ef11f6e7d19b1937a4951471a1bcc4103742,T256_VALID_TRACK,2.842170943040401e-14,159.40221667214826,156.3349873305676,2.7976094396911964,4.720409178950959,6.645016926480904
24,163.802720436871,2.9976021664879227e-15,208,D2_REDESIGNED_Q020,-x,0.9566184986301264,7.787446911275026,1.0392540735880338,True,0.0,4.7194998325768146e-05,4.719499832578342e-05,0.2,7.718676800642939,True,REDESIGNED_P2PRIME,,NONE,16.464824650254045,0.04920920693963121,0.04836812818170278,0.046998047454223583,0.045222865754052245,2,7.7742822091261505,0.781759878408776,0.7793232588459251,0.818540039800339,0.8335254002664437,0.21824012159122397,0.22067674115407482,0.955066142640335,0.9349724178732978,0.046998047454223583,0.045222865754052245,COUPLED,32.7605440873742,0.4095068010921775,16.295719437120166,16.295719437120166,"{""ACCEPTED"": 30, ""ACCEPTED_SUBTHRESHOLD_ADJACENT"": 1062, ""REJECT_INSIDE_TRACK"": 612, ""REJECT_OCCUPIED"": 24, ""REJECT_QUOTA"": 352}",0.1712420741370004,0.17545387540002258,980001,0.046998047454223583,0.045222865754052245,True,True,636c1504da40b3a478cd8286e820651bb17230622ad871d504e312bb143102d4,e10c3c1f29cfba7f050cc3e24663ef11f6e7d19b1937a4951471a1bcc4103742,T256_VALID_TRACK,5.684341886080802e-14,156.44243236163555,153.15102558108512,5.750762895262202,8.054447607423192,15.080604691375974
24,163.802720436871,2.6645352591003757e-15,208,D2_REDESIGNED_Q050,-x,0.0,12.33628675310055,0.9989889553081183,True,0.0,4.479549308325439e-05,4.4795493083685563e-05,0.5,8.624585935585795,True,REDESIGNED_P2PRIME,,NONE,64.2304431630271,0.054897577943730486,0.05577294361882717,0.05273072009954055,0.0527840871706903,2,9.242122518686424,0.777845110174884,0.7781816673975289,0.8098090161364473,0.8222455779261267,0.22215488982511605,0.22181833260247114,0.9605290811479708,0.9464102797126182,0.05273072009954055,0.0527840871706903,COUPLED,81.9013602184355,1.0237670027304437,17.67091705540842,17.67091705540842,"{""ACCEPTED"": 23, ""ACCEPTED_SUBTHRESHOLD_ADJACENT"": 925, ""REJECT_INSIDE_TRACK"": 898, ""REJECT_OCCUPIED"": 10, ""REJECT_QUOTA"": 224}",0.1694241697255755,0.16903424543178083,980001,0.05273072009954055,0.0527840871706903,True,True,636c1504da40b3a478cd8286e820651bb17230622ad871d504e312bb143102d4,e10c3c1f29cfba7f050cc3e24663ef11f6e7d19b1937a4951471a1bcc4103742,T256_VALID_TRACK,2.842170943040401e-14,157.33727655076564,155.02457846634687,6.524239383631094,8.359789005949523,16.780653858356096
24,163.802720436871,3.219646771412954e-15,208,D2_REDESIGNED_Q100,-x,1.7620835164949078,13.868536412478324,0.9776792165012818,True,0.0,3.8454978349443256e-05,3.8454978350339986e-05,1.0,11.167119151811937,True,REDESIGNED_P2PRIME,,NONE,144.68468964268067,0.06158660361058492,0.06349994571637761,0.05955332664648309,0.060912951448022334,2,12.135505111854945,0.773525233873248,0.7770535528399368,0.7999350270410128,0.8100552879326351,0.226474766126752,0.22294644716006315,0.9669850771937621,0.959259897954715,0.05955332664648309,0.060912951448022334,COUPLED,163.802720436871,2.0475340054608875,19.118030794190275,19.118030794190275,"{""ACCEPTED"": 24, ""ACCEPTED_SUBTHRESHOLD_ADJACENT"": 602, ""REJECT_INSIDE_TRACK"": 1346, ""REJECT_OCCUPIED"": 8, ""REJECT_QUOTA"": 100}",0.16692143948026889,0.16203349571204081,980001,0.05955332664648309,0.060912951448022334,True,True,636c1504da40b3a478cd8286e820651bb17230622ad871d504e312bb143102d4,e10c3c1f29cfba7f050cc3e24663ef11f6e7d19b1937a4951471a1bcc4103742,T256_VALID_TRACK,2.842170943040401e-14,158.39478626619595,157.1293808909776,7.238541991019742,7.949937730325919,18.483554225138764
24,163.802720436871,4.9960036108132044e-15,208,DIRECT_INTERFACE_Q100,-x,0.0,3.2527872063658707,0.979032308686642,True,46.1773304586877,0.07052602366317413,0.07052602366317413,1.0,42.637789041991496,True,REDESIGNED_P2PRIME,,NONE,117.62538997818322,0.2591124436751944,0.27598810614207137,0.2567056679452071,0.2622034693518686,2,42.8924727968727,0.608709204656033,0.5846198118928447,0.6144162330676484,0.6153546140951943,0.39129079534396705,0.4153801881071553,0.9907114621905065,0.9500535114252106,0.2567056679452071,0.2622034693518686,DIRECT_INTERFACE,163.802720436871,2.0475340054608875,46.177330458687706,46.1773304586877,{},0.13458512739875994,0.15317671875528668,980001,0.2567056679452071,0.2622034693518686,True,True,636c1504da40b3a478cd8286e820651bb17230622ad871d504e312bb143102d4,e10c3c1f29cfba7f050cc3e24663ef11f6e7d19b1937a4951471a1bcc4103742,T256_VALID_TRACK,2.842170943040401e-14,162.28123267479523,155.62134973205139,10.387943203690007,5.18770331685308,44.43783257707792
24,164.8945742034993,3.1086244689504383e-15,211,SHAM,+y,0.0,0.0,,True,0.0,0.0,0.0,0.0,0.0,True,REDESIGNED_P2PRIME,,NONE,0.0,0.0,0.0,0.0,0.0,2,0.0,0.8569867110434243,0.8772762312578684,0.8796741486964188,0.897549053064,0.14301328895657575,0.1227237687421317,0.9742092709139913,0.9774131321993762,0.0,0.0,SHAM,0.0,0.0,0.0,0.0,{},0.14301328895657575,0.1227237687421317,980002,0.0,0.0,True,True,0f0b2c1f7cddbc37ad2bb13d62b6fcb4613d0571b0e05f00a83939fe31ba6bbf,ff02f2c94a83c2878cbf0af725168772537274bd9bb59297e89992ff4edb52dd,T256_VALID_TRACK,2.842170943040401e-14,160.6418229124641,161.1701222549247,0.0,0.0,0.0
24,164.8945742034993,2.9976021664879227e-15,211,D1_LEGACY_Q005,+y,0.0,0.009106401272271745,1.050271622814631,True,0.0,1.67839967321319e-17,1.67839967321319e-17,0.05,0.12797206199191236,True,LEGACY_P2,,NONE,7.935551383543416,0.0007973586866161066,0.0007588951568249494,0.0007828430264351195,0.0007453719680030699,1,0.12895937085047782,0.8608793892856422,0.8797741760619048,0.8768420181265619,0.8957358070518289,0.13912061071435783,0.12022582393809526,0.9817953194407528,0.9821804254510498,0.0007828430264351195,0.0007453719680030699,COUPLED,8.244728710174966,0.10305910887718708,0.3091773266315613,0.3091773266315613,"{""ACCEPTED"": 3, ""REJECT_INSIDE_TRACK"": 5, ""REJECT_QUOTA"": 34, ""REJECT_TRACK_ADJACENCY"": 33}",0.13833776768792272,0.11948045197009219,980002,0.0007828430264351195,0.0007453719680030699,True,True,0f0b2c1f7cddbc37ad2bb13d62b6fcb4613d0571b0e05f00a83939fe31ba6bbf,ff02f2c94a83c2878cbf0af725168772537274bd9bb59297e89992ff4edb52dd,T256_VALID_TRACK,2.842170943040401e-14,161.8927211541715,161.95622304576264,0.15073173649159508,0.26719520490795534,0.2166020886925951
24,164.8945742034993,2.886579864025407e-15,211,D1_REDESIGNED_Q005,+y,0.0,0.7801069363053243,1.0193559042815015,True,0.0,1.5702274444290078e-05,1.5702274444290085e-05,0.05,2.894047658305953,True,REDESIGNED_P2PRIME,,NONE,2.4450385473629717,0.017761264321642652,0.01769154262233823,0.01738845350884413,0.017058275167494592,1,2.906919513127146,0.8420146857387752,0.8484809887583334,0.8600675953445032,0.8799798003883675,0.15798531426122475,0.15151901124166653,0.9790098944507999,0.964205074234508,0.01738845350884413,0.017058275167494592,COUPLED,8.244728710174966,0.10305910887718708,5.7996901628119994,5.7996901628119994,"{""ACCEPTED_SUBTHRESHOLD_ADJACENT"": 683, ""REJECT_INSIDE_TRACK"": 870, ""REJECT_QUOTA"": 447}",0.14059686075238062,0.13446073607417194,980002,0.01738845350884413,0.017058275167494592,True,True,0f0b2c1f7cddbc37ad2bb13d62b6fcb4613d0571b0e05f00a83939fe31ba6bbf,ff02f2c94a83c2878cbf0af725168772537274bd9bb59297e89992ff4edb52dd,T256_VALID_TRACK,0.0,161.43341968647744,158.99218516075263,2.573144058584742,2.8366241121970392,4.791792819351804
24,164.8945742034993,3.1086244689504383e-15,211,D2_REDESIGNED_Q005,+y,0.0,3.230385174703566,1.0967275754227408,True,0.0,0.0001903287374950782,0.00019032873749508103,0.05,3.445469324324489,True,REDESIGNED_P2PRIME,,NONE,0.0,0.022245264061719176,0.020688825976276446,0.02125488274827991,0.019380275671546852,2,3.498280412205788,0.8197087016539516,0.8216922002483434,0.8579034162612261,0.8771726070935099,0.1802912983460484,0.1783077997516565,0.9554790039492691,0.9367508670511276,0.02125488274827991,0.019380275671546852,COUPLED,8.244728710174966,0.10305910887718708,8.244728710174975,8.244728710174975,"{""ACCEPTED"": 73, ""ACCEPTED_SUBTHRESHOLD_ADJACENT"": 547, ""REJECT_INSIDE_TRACK"": 126, ""REJECT_OCCUPIED"": 10, ""REJECT_QUOTA"": 1404}",0.1590364155977685,0.15892752408010966,980002,0.02125488274827991,0.019380275671546852,True,True,0f0b2c1f7cddbc37ad2bb13d62b6fcb4613d0571b0e05f00a83939fe31ba6bbf,ff02f2c94a83c2878cbf0af725168772537274bd9bb59297e89992ff4edb52dd,T256_VALID_TRACK,2.842170943040401e-14,157.55330351659836,154.46513535715448,2.7145904881167615,4.84979003714365,6.92783227493215
24,164.8945742034993,3.9968028886505635e-15,211,D2_REDESIGNED_Q020,+y,0.880837243409992,9.089337076721838,1.0280435538671318,True,0.0,3.399752644845482e-05,3.399752644845507e-05,0.2,7.808781279218114,True,REDESIGNED_P2PRIME,,NONE,15.76681287308943,0.05087195185385975,0.05029871141006041,0.04781528553551216,0.04651095311638129,2,7.8757990509583164,0.7713702328993488,0.7705396646896914,0.8206812719002189,0.8332908622029749,0.22862976710065122,0.22946033531030866,0.9399145067771627,0.9246947250238796,0.04781528553551216,0.04651095311638129,COUPLED,32.978914840699865,0.41223643550874833,17.21210196761045,17.21210196761045,"{""ACCEPTED"": 31, ""ACCEPTED_SUBTHRESHOLD_ADJACENT"": 1220, ""REJECT_INSIDE_TRACK"": 488, ""REJECT_OCCUPIED"": 26, ""REJECT_QUOTA"": 395}",0.18081448156513907,0.1829493821939274,980002,0.04781528553551216,0.04651095311638129,True,True,0f0b2c1f7cddbc37ad2bb13d62b6fcb4613d0571b0e05f00a83939fe31ba6bbf,ff02f2c94a83c2878cbf0af725168772537274bd9bb59297e89992ff4edb52dd,T256_VALID_TRACK,2.842170943040401e-14,154.9868023827123,152.4771429510345,5.907267755942875,9.480223748493286,16.00137374514557
24,164.8945742034993,2.4424906541753444e-15,211,D2_REDESIGNED_Q050,+y,0.0,12.746681685527644,0.973971440680614,True,0.0,3.534656893385627e-05,3.534656893387226e-05,0.5,8.92966639159335,True,REDESIGNED_P2PRIME,,NONE,63.97163444900762,0.05578352261469028,0.0576368438703616,0.05304496858806991,0.054462550309485394,2,9.802295785541427,0.7734079383564216,0.7769082631472183,0.813336690888146,0.8221895598012647,0.2265920616435784,0.22309173685278166,0.9509074741382648,0.9449259649259087,0.05304496858806991,0.054462550309485394,COUPLED,82.44728710174965,1.0305910887718706,18.47565265274204,18.47565265274204,"{""ACCEPTED"": 23, ""ACCEPTED_SUBTHRESHOLD_ADJACENT"": 1049, ""REJECT_INSIDE_TRACK"": 902, ""REJECT_OCCUPIED"": 13, ""REJECT_QUOTA"": 173}",0.1735470930555085,0.16862918654329628,980002,0.05304496858806991,0.054462550309485394,True,True,0f0b2c1f7cddbc37ad2bb13d62b6fcb4613d0571b0e05f00a83939fe31ba6bbf,ff02f2c94a83c2878cbf0af725168772537274bd9bb59297e89992ff4edb52dd,T256_VALID_TRACK,2.842170943040401e-14,156.7994830549542,155.81316464028845,6.720645955935175,8.952756358105308,17.555285733512136
24,164.8945742034993,2.6645352591003757e-15,211,D2_REDESIGNED_Q100,+y,1.8206927396351855,13.092238457832142,0.9654014598501756,True,0.0,3.7586330227697044e-05,3.758633022901687e-05,1.0,11.291420514754769,True,REDESIGNED_P2PRIME,,NONE,145.22872018714517,0.06122449467119663,0.06394273928519197,0.05883430443124363,0.06094283764639672,2,12.205980707456963,0.7727419356738093,0.7740361120548371,0.8041351891592553,0.8121379184477873,0.22725806432619072,0.2259638879451629,0.9609602291894868,0.9530845617136399,0.05883430443124363,0.06094283764639672,COUPLED,164.8945742034993,2.061182177543741,19.665854016354203,19.665854016354203,"{""ACCEPTED"": 24, ""ACCEPTED_SUBTHRESHOLD_ADJACENT"": 657, ""REJECT_INSIDE_TRACK"": 1358, ""REJECT_OCCUPIED"": 25, ""REJECT_QUOTA"": 96}",0.1684237598949471,0.1650210502987662,980002,0.05883430443124363,0.06094283764639672,True,True,0f0b2c1f7cddbc37ad2bb13d62b6fcb4613d0571b0e05f00a83939fe31ba6bbf,ff02f2c94a83c2878cbf0af725168772537274bd9bb59297e89992ff4edb52dd,T256_VALID_TRACK,2.842170943040401e-14,158.45712781869753,157.1584729836994,7.32165319158617,8.51687326382659,19.05045146279978
24,164.8945742034993,6.328271240363392e-15,211,DIRECT_INTERFACE_Q100,+y,0.0,3.522088320570889,0.9812616355895748,True,47.61345777030388,0.0806046605856527,0.0806046605856527,1.0,43.921718687759764,True,REDESIGNED_P2PRIME,,NONE,117.28111643319541,0.26649962805877875,0.28550497800384256,0.2623567467782521,0.26736676260722186,2,44.051796679499546,0.5983203667729345,0.5685196538604256,0.6077684571220517,0.6070881424727572,0.40167963322706546,0.4314803461395745,0.9844544575513896,0.9364697052799669,0.2623567467782521,0.26736676260722186,DIRECT_INTERFACE,164.8945742034993,2.061182177543741,47.61345777030388,47.61345777030388,{},0.13932288644881338,0.16411358353235259,980002,0.2623567467782521,0.26736676260722186,True,True,0f0b2c1f7cddbc37ad2bb13d62b6fcb4613d0571b0e05f00a83939fe31ba6bbf,ff02f2c94a83c2878cbf0af725168772537274bd9bb59297e89992ff4edb52dd,T256_VALID_TRACK,0.0,162.33119860067328,154.41877330661663,10.374789421905177,5.575856606052552,46.112565540510474
24,168.51973862819722,3.4416913763379853e-15,215,SHAM,-y,0.0,0.0,,True,0.0,0.0,0.0,0.0,0.0,True,REDESIGNED_P2PRIME,,NONE,0.0,0.0,0.0,0.0,0.0,2,0.0,0.8606616332348427,0.8798544010471621,0.8787697300350268,0.8979655210682518,0.1393383667651573,0.12014559895283788,0.9793938091159987,0.9798309405025439,0.0,0.0,SHAM,0.0,0.0,0.0,0.0,{},0.1393383667651573,0.12014559895283788,980003,0.0,0.0,True,True,013c7502ab299d134078daa8cf78280374e33d0295389e2d0ddd2b2f10b489f6,cb64912742fb02c60aebdd77f11fa0f06f49b32781f0b394950e87be12adb07a,T256_VALID_TRACK,0.0,165.04718872630258,165.12085399330937,0.0,0.0,0.0
24,168.51973862819722,2.886579864025407e-15,215,D1_LEGACY_Q005,-y,0.0,0.003768772086127643,1.0597457247077444,True,0.0,0.0,0.0,0.05,0.03909977900251806,True,LEGACY_P2,,NONE,8.320662094767231,0.00023970801775226633,0.0002260951719683249,0.0002347245403194955,0.00022149137745682115,1,0.039501754293294285,0.8605619463203245,0.8797988979955306,0.8788326862827982,0.8980859003354229,0.13943805367967552,0.12020110200446943,0.9792102179997952,0.9796378026499888,0.0002347245403194955,0.00022149137745682115,COUPLED,8.425986931409861,0.10532483664262327,0.10532483664262327,0.10532483664262327,"{""ACCEPTED"": 1, ""REJECT_INSIDE_TRACK"": 1, ""REJECT_QUOTA"": 8, ""REJECT_TRACK_ADJACENCY"": 14}",0.139203329139356,0.11997961062701262,980003,0.0002347245403194955,0.00022149137745682115,True,True,013c7502ab299d134078daa8cf78280374e33d0295389e2d0ddd2b2f10b489f6,cb64912742fb02c60aebdd77f11fa0f06f49b32781f0b394950e87be12adb07a,T256_VALID_TRACK,0.0,165.0162499993855,165.08830645287756,0.05049229394725193,0.11704262461614467,0.06778048229676391
24,168.51973862819722,2.7755575615628914e-15,215,D1_REDESIGNED_Q005,-y,0.0,0.9861879576772565,0.9998919583283534,True,0.0,3.061068524609736e-05,3.061068524609738e-05,0.05,2.7251938458922234,True,REDESIGNED_P2PRIME,,NONE,3.1007104599734934,0.016132116604159766,0.01628562335995504,0.015935366981087235,0.015937088850807857,1,2.7380440897303853,0.8480496363695704,0.8590058357005208,0.858520273569237,0.8777917745945787,0.1519503636304296,0.1409941642994792,0.9878038556315791,0.9785986387230223,0.015935366981087235,0.015937088850807857,COUPLED,8.425986931409861,0.10532483664262327,5.325276471436366,5.325276471436366,"{""ACCEPTED_SUBTHRESHOLD_ADJACENT"": 717, ""REJECT_INSIDE_TRACK"": 788, ""REJECT_QUOTA"": 415}",0.13601499664934236,0.12505707544867134,980003,0.015935366981087235,0.015937088850807857,True,True,013c7502ab299d134078daa8cf78280374e33d0295389e2d0ddd2b2f10b489f6,cb64912742fb02c60aebdd77f11fa0f06f49b32781f0b394950e87be12adb07a,T256_VALID_TRACK,0.0,166.46444756695917,164.91318681951333,2.289082394752426,2.8951621462245325,4.534987768825056
24,168.51973862819722,2.3314683517128287e-15,215,D2_REDESIGNED_Q005,-y,0.0,2.431582621120034,1.0915486784223862,True,0.0,0.0002958281863626302,0.0002958281863626388,0.05,3.525611970408099,True,REDESIGNED_P2PRIME,,NONE,0.0,0.022006726964155506,0.02073260443880172,0.021266752458616926,0.019483100368325977,2,3.5773987976687716,0.8263157900991555,0.82376675613059,0.8550673646231536,0.8765971524971313,0.1736842099008445,0.17623324386940997,0.9663750767324987,0.9397324116145652,0.021266752458616926,0.019483100368325977,COUPLED,8.425986931409861,0.10532483664262327,8.425986931409854,8.425986931409854,"{""ACCEPTED"": 65, ""ACCEPTED_SUBTHRESHOLD_ADJACENT"": 604, ""REJECT_INSIDE_TRACK"": 111, ""REJECT_OCCUPIED"": 18, ""REJECT_QUOTA"": 1282}",0.15241745744222757,0.156750143501084,980003,0.021266752458616926,0.019483100368325977,True,True,013c7502ab299d134078daa8cf78280374e33d0295389e2d0ddd2b2f10b489f6,cb64912742fb02c60aebdd77f11fa0f06f49b32781f0b394950e87be12adb07a,T256_VALID_TRACK,5.684341886080802e-14,162.8532753477647,158.36346038573197,2.832091989816505,4.551204524671042,7.169417116904869
24,168.51973862819722,2.7755575615628914e-15,215,D2_REDESIGNED_Q020,-y,1.03262793541461,8.42599123765219,1.029165799215804,True,0.0,6.466569491580561e-05,6.466569491594983e-05,0.2,7.467192965153852,True,REDESIGNED_P2PRIME,,NONE,17.77771396033789,0.046323645156386345,0.046100940474617186,0.044632178785166406,0.04336733577735958,2,7.515235706737448,0.7911216979625699,0.7871696512475906,0.8211035582272731,0.836787886207563,0.20887830203743002,0.2128303487524094,0.9634858965543486,0.9407039277482266,0.044632178785166406,0.04336733577735958,COUPLED,33.703947725639445,0.42129934657049306,15.926233765301546,15.926233765301554,"{""ACCEPTED"": 29, ""ACCEPTED_SUBTHRESHOLD_ADJACENT"": 1237, ""REJECT_INSIDE_TRACK"": 439, ""REJECT_OCCUPIED"": 29, ""REJECT_QUOTA"": 346}",0.16424612325226362,0.16946301297504981,980003,0.044632178785166406,0.04336733577735958,True,True,013c7502ab299d134078daa8cf78280374e33d0295389e2d0ddd2b2f10b489f6,cb64912742fb02c60aebdd77f11fa0f06f49b32781f0b394950e87be12adb07a,T256_VALID_TRACK,5.684341886080802e-14,162.36639145929308,158.52718003064967,5.488069761665134,9.069444030566963,14.714152519399612
24,168.51973862819722,2.9976021664879227e-15,215,D2_REDESIGNED_Q050,-y,1.718447064069631,11.936770952611468,0.9933784476976608,True,0.0,5.11066059906017e-05,5.110660599291639e-05,0.5,8.92113402589083,True,REDESIGNED_P2PRIME,,NONE,67.01664057399647,0.052997784729411176,0.053983495656255445,0.05147444501539388,0.05181755768377649,2,10.294720257152445,0.7873010963698819,0.7905842263201998,0.8106005613108042,0.8236300986609939,0.2126989036301181,0.2094157736798003,0.9712565398385054,0.9598777747504393,0.05147444501539388,0.05181755768377649,COUPLED,84.25986931409861,1.0532483664262327,17.243228740102147,17.243228740102147,"{""ACCEPTED"": 27, ""ACCEPTED_SUBTHRESHOLD_ADJACENT"": 848, ""REJECT_INSIDE_TRACK"": 1003, ""REJECT_OCCUPIED"": 8, ""REJECT_QUOTA"": 194}",0.16122445861472423,0.1575982159960238,980003,0.05147444501539388,0.05181755768377649,True,True,013c7502ab299d134078daa8cf78280374e33d0295389e2d0ddd2b2f10b489f6,cb64912742fb02c60aebdd77f11fa0f06f49b32781f0b394950e87be12adb07a,T256_VALID_TRACK,0.0,163.67589823451215,161.7583517159596,6.461603002642758,8.047469990437834,16.37317569548516
24,168.51973862819722,3.1086244689504383e-15,215,D2_REDESIGNED_Q100,-y,4.1506286416370575,12.41711938984566,1.0277867240224616,True,0.0,3.820550579585584e-05,3.820550579742312e-05,1.0,12.448865090486672,True,REDESIGNED_P2PRIME,,NONE,149.37990886466648,0.0627491800130492,0.06153516152326772,0.06120481907489474,0.059550116424307055,2,13.579235409990186,0.7768945300357332,0.7886096305289361,0.7964976525249099,0.8148971640565056,0.22310546996426686,0.21139036947106396,0.9753883486950219,0.9677412872604539,0.06120481907489474,0.059550116424307055,COUPLED,168.51973862819722,2.1064967328524653,19.139829763530773,19.13982976353077,"{""ACCEPTED"": 25, ""ACCEPTED_SUBTHRESHOLD_ADJACENT"": 546, ""REJECT_INSIDE_TRACK"": 1239, ""REJECT_OCCUPIED"": 18, ""REJECT_QUOTA"": 252}",0.1619006508893721,0.1518402530467569,980003,0.06120481907489474,0.059550116424307055,True,True,013c7502ab299d134078daa8cf78280374e33d0295389e2d0ddd2b2f10b489f6,cb64912742fb02c60aebdd77f11fa0f06f49b32781f0b394950e87be12adb07a,T256_VALID_TRACK,5.684341886080802e-14,164.37218958307398,163.0835087888468,7.218060550136994,7.311664029839357,18.475670870790438
24,168.51973862819722,5.88418203051333e-15,215,DIRECT_INTERFACE_Q100,-y,0.0,3.776859890991241,0.9869374500963186,True,46.32099935047139,0.05700198661847891,0.05700198661847891,1.0,42.81964399254777,True,REDESIGNED_P2PRIME,,NONE,122.19873927772583,0.25174963180387405,0.26964988915181,0.25203279168467724,0.2553685561937897,2,43.03753641529611,0.6182435792926246,0.5890636974995153,0.6175489800817454,0.6220067305920043,0.38175642070737537,0.41093630250048474,1.0011247678051176,0.9470374973898836,0.25203279168467724,0.2553685561937897,DIRECT_INTERFACE,168.51973862819722,2.1064967328524653,46.32099935047139,46.32099935047139,{},0.1297236290226981,0.15556774630669506,980003,0.25203279168467724,0.2553685561937897,True,True,013c7502ab299d134078daa8cf78280374e33d0295389e2d0ddd2b2f10b489f6,cb64912742fb02c60aebdd77f11fa0f06f49b32781f0b394950e87be12adb07a,T256_VALID_TRACK,0.0,168.70928420473305,159.5945115312452,10.466007202514062,5.535445818895401,44.48875246188219
24,168.7314113123176,3.3306690738754696e-15,215,SHAM,+x,0.0,0.0,,True,0.0,0.0,0.0,0.0,0.0,True,REDESIGNED_P2PRIME,,NONE,0.0,0.0,0.0,0.0,0.0,2,0.0,0.8714649376136817,0.8916980588224779,0.8680951986728866,0.8857389181028139,0.12853506238631832,0.10830194117752208,1.0038817619841078,1.0067278749955213,0.0,0.0,SHAM,0.0,0.0,0.0,0.0,{},0.12853506238631832,0.10830194117752208,980004,0.0,0.0,True,True,4322183e81f983ec900fcba2b13555b3cab7c5af16480e022f37a12e8bacf033,af1708520710812dad02e4f8f6b6b7aeb203b8a4cac64f1ebd06849590033a2a,T256_VALID_TRACK,5.684341886080802e-14,169.38638649027462,169.86661515544475,0.0,0.0,0.0
24,168.7314113123176,3.3306690738754696e-15,215,D1_LEGACY_Q005,+x,0.0,0.0,,True,0.0,0.0,0.0,0.05,0.0,True,LEGACY_P2,,NONE,8.436570565615886,0.0,0.0,0.0,0.0,1,0.0,0.8714649376136817,0.8916980588224779,0.8680951986728866,0.8857389181028139,0.12853506238631832,0.10830194117752208,1.0038817619841078,1.0067278749955213,0.0,0.0,COUPLED,8.43657056561588,0.1054571320701985,0.0,0.0,{},0.12853506238631832,0.10830194117752208,980004,0.0,0.0,True,True,4322183e81f983ec900fcba2b13555b3cab7c5af16480e022f37a12e8bacf033,af1708520710812dad02e4f8f6b6b7aeb203b8a4cac64f1ebd06849590033a2a,T256_VALID_TRACK,5.684341886080802e-14,169.38638649027462,169.86661515544475,0.0,0.0,0.0
24,168.7314113123176,2.886579864025407e-15,215,D1_REDESIGNED_Q005,+x,0.0,0.8311384478298061,1.0757711081582635,True,0.0,1.5833896524694176e-05,1.5833896524694176e-05,0.05,2.6285828624701026,True,REDESIGNED_P2PRIME,,NONE,3.0900524421005824,0.01585938296203206,0.014923389007527984,0.015937920324986258,0.014815345201333973,1,2.6879925983873183,0.8555206711058843,0.8654383722183318,0.8513049179780358,0.8717497510279459,0.14447932889411572,0.13456162778166827,1.004952107099136,0.992760102538404,0.015937920324986258,0.014815345201333973,COUPLED,8.43657056561588,0.1054571320701985,5.346518123515302,5.346518123515302,"{""ACCEPTED_SUBTHRESHOLD_ADJACENT"": 597, ""REJECT_INSIDE_TRACK"": 995, ""REJECT_QUOTA"": 408}",0.12854140856912943,0.11974628258033429,980004,0.015937920324986258,0.014815345201333973,True,True,4322183e81f983ec900fcba2b13555b3cab7c5af16480e022f37a12e8bacf033,af1708520710812dad02e4f8f6b6b7aeb203b8a4cac64f1ebd06849590033a2a,T256_VALID_TRACK,5.684341886080802e-14,169.56698733212457,167.50981319586603,2.350716950993664,2.7209424458130216,4.509672406457084
24,168.7314113123176,3.219646771412954e-15,215,D2_REDESIGNED_Q005,+x,0.0,2.784183604120914,1.027240516775099,True,0.0,0.00016927637855938075,0.00016927637855938075,0.05,3.5639533384708804,True,REDESIGNED_P2PRIME,,NONE,0.0,0.02188046473384467,0.021547558708614415,0.021468757755020357,0.020899446044456073,2,3.633859321245788,0.8315132908189983,0.8366924042433052,0.8474592448756694,0.8626390701042898,0.16848670918100173,0.1633075957566948,0.9811838101323557,0.9699217589833397,0.021468757755020357,0.020899446044456073,COUPLED,8.43657056561588,0.1054571320701985,8.436570565615886,8.436570565615886,"{""ACCEPTED"": 50, ""ACCEPTED_SUBTHRESHOLD_ADJACENT"": 659, ""REJECT_INSIDE_TRACK"": 120, ""REJECT_OCCUPIED"": 18, ""REJECT_QUOTA"": 1313}",0.14701795142598137,0.14240814971223872,980004,0.021468757755020357,0.020899446044456073,True,True,4322183e81f983ec900fcba2b13555b3cab7c5af16480e022f37a12e8bacf033,af1708520710812dad02e4f8f6b6b7aeb203b8a4cac64f1ebd06849590033a2a,T256_VALID_TRACK,0.0,165.55652904042944,163.65626725578446,2.9514770577504517,4.765893035992139,7.092983289461653
24,168.7314113123176,3.774758283725532e-15,215,D2_REDESIGNED_Q020,+x,2.1845299666424367,8.13512637592246,0.9833914430305052,True,0.0,3.525107054543255e-05,3.525107054543282e-05,0.2,7.685225752698912,True,REDESIGNED_P2PRIME,,NONE,17.623601901812798,0.04707995267433875,0.04846079949886143,0.045471418257110714,0.04623938776300718,2,7.8220226638550825,0.7891091639708901,0.7893822601663626,0.8170236055662703,0.8273054053817842,0.21089083602910985,0.21061773983363744,0.965833983981365,0.954160646154704,0.045471418257110714,0.04623938776300718,COUPLED,33.74628226246352,0.421828528280794,16.12268036065073,16.12268036065073,"{""ACCEPTED"": 30, ""ACCEPTED_SUBTHRESHOLD_ADJACENT"": 1050, ""REJECT_INSIDE_TRACK"": 652, ""REJECT_OCCUPIED"": 38, ""REJECT_QUOTA"": 390}",0.16541941777199912,0.16437835207063026,980004,0.045471418257110714,0.04623938776300718,True,True,4322183e81f983ec900fcba2b13555b3cab7c5af16480e022f37a12e8bacf033,af1708520710812dad02e4f8f6b6b7aeb203b8a4cac64f1ebd06849590033a2a,T256_VALID_TRACK,0.0,162.96653121057406,160.9968724443561,5.631374099373104,9.197443733716291,14.69179220514219
24,168.7314113123176,2.9976021664879227e-15,215,D2_REDESIGNED_Q050,+x,3.2813539156406675,9.620431114662583,0.9942363446489236,True,0.0,2.75239745184445e-05,2.75239745184619e-05,0.5,9.458934502142446,True,REDESIGNED_P2PRIME,,NONE,66.73775119889162,0.05494039483108353,0.05588251190713166,0.05384022662703309,0.05415234206313862,2,9.908530257783214,0.7869092401884146,0.7894346206742345,0.8029888999477608,0.8146570934696334,0.2130907598115854,0.21056537932576544,0.9799752403048257,0.9690391540224905,0.05384022662703309,0.05415234206313862,COUPLED,84.3657056561588,1.054571320701985,17.62795445726716,17.62795445726716,"{""ACCEPTED"": 27, ""ACCEPTED_SUBTHRESHOLD_ADJACENT"": 742, ""REJECT_INSIDE_TRACK"": 1194, ""REJECT_OCCUPIED"": 26, ""REJECT_QUOTA"": 171}",0.15925053318455232,0.15641303726262681,980004,0.05384022662703309,0.05415234206313862,True,True,4322183e81f983ec900fcba2b13555b3cab7c5af16480e022f37a12e8bacf033,af1708520710812dad02e4f8f6b6b7aeb203b8a4cac64f1ebd06849590033a2a,T256_VALID_TRACK,0.0,165.35260534776083,163.50734407510913,6.5096330808773715,8.12269352962335,16.66872976848512
24,168.7314113123176,2.886579864025407e-15,215,D2_REDESIGNED_Q100,+x,3.5757120206314643,13.173047338720693,1.0147608079294208,True,0.0,2.0689305498570046e-05,2.0689305499968816e-05,1.0,12.775073655352955,True,REDESIGNED_P2PRIME,,NONE,149.43381472145083,0.06263715473967707,0.06288582669886271,0.06203609713579534,0.061133714123604695,2,13.71630171371507,0.7838627624795185,0.7845209836939165,0.7914574806442788,0.8070056159592602,0.21613723752048147,0.21547901630608343,0.990404136229052,0.9721381960414031,0.06203609713579534,0.061133714123604695,COUPLED,168.7314113123176,2.10914264140397,19.297596590866767,19.297596590866767,"{""ACCEPTED"": 25, ""ACCEPTED_SUBTHRESHOLD_ADJACENT"": 477, ""REJECT_INSIDE_TRACK"": 1411, ""REJECT_OCCUPIED"": 15, ""REJECT_QUOTA"": 232}",0.15410114038468614,0.15434530218247874,980004,0.06203609713579534,0.061133714123604695,True,True,4322183e81f983ec900fcba2b13555b3cab7c5af16480e022f37a12e8bacf033,af1708520710812dad02e4f8f6b6b7aeb203b8a4cac64f1ebd06849590033a2a,T256_VALID_TRACK,5.684341886080802e-14,167.1122876754848,164.03024980867642,7.42892018782957,7.582077239148447,18.85253847175081
24,168.7314113123176,5.10702591327572e-15,215,DIRECT_INTERFACE_Q100,+x,0.0,3.5850622775967076,0.9791215287695898,True,47.73103159204742,0.09886320522564207,0.09886320522564207,1.0,44.2297709401523,True,REDESIGNED_P2PRIME,,NONE,121.00037972027019,0.25842394526455736,0.2754290681822068,0.2580337210199538,0.26353594874398395,2,44.41897314235338,0.6078395435301293,0.5821487326546353,0.6087587789144684,0.6084205351972084,0.39216045646987074,0.41785126734536476,0.9984899841839189,0.9568196649804767,0.2580337210199538,0.26353594874398395,DIRECT_INTERFACE,168.7314113123176,2.10914264140397,47.73103159204742,47.73103159204742,{},0.13412673544991696,0.15431531860138079,980004,0.2580337210199538,0.26353594874398395,True,True,4322183e81f983ec900fcba2b13555b3cab7c5af16480e022f37a12e8bacf033,af1708520710812dad02e4f8f6b6b7aeb203b8a4cac64f1ebd06849590033a2a,T256_VALID_TRACK,0.0,168.4766242125663,161.44553244353472,11.134743685726093,5.540661248556931,46.241145439038704
24,167.6818934323548,2.7755575615628914e-15,216,SHAM,-x,0.0,0.0,,True,0.0,0.0,0.0,0.0,0.0,True,REDESIGNED_P2PRIME,,NONE,0.0,0.0,0.0,0.0,0.0,2,0.0,0.8698004975335918,0.8886429719904149,0.8692854798812759,0.8879943311421797,0.13019950246640816,0.11135702800958518,1.0005924608937289,1.0007304560687913,0.0,0.0,SHAM,0.0,0.0,0.0,0.0,{},0.13019950246640816,0.11135702800958518,980005,0.0,0.0,True,True,e71a53944ed11b33edc66ae5480b9274cfdc2defa838329078b48449932283de,acd2dc74aa50c2e3b0aade84ffd6ad0760c664eab966cd04adc47199cd25271a,T256_VALID_TRACK,2.842170943040401e-14,167.78123839679986,167.8043776890389,0.0,0.0,0.0
24,167.6818934323548,2.7755575615628914e-15,216,D1_LEGACY_Q005,-x,0.0,0.0,,True,0.0,0.0,0.0,0.05,0.0,True,LEGACY_P2,,NONE,8.384094671617742,0.0,0.0,0.0,0.0,1,0.0,0.8698004975335918,0.8886429719904149,0.8692854798812759,0.8879943311421797,0.13019950246640816,0.11135702800958518,1.0005924608937289,1.0007304560687913,0.0,0.0,COUPLED,8.38409467161774,0.10480118339522175,0.0,0.0,{},0.13019950246640816,0.11135702800958518,980005,0.0,0.0,True,True,e71a53944ed11b33edc66ae5480b9274cfdc2defa838329078b48449932283de,acd2dc74aa50c2e3b0aade84ffd6ad0760c664eab966cd04adc47199cd25271a,T256_VALID_TRACK,2.842170943040401e-14,167.78123839679986,167.8043776890389,0.0,0.0,0.0
24,167.6818934323548,3.4416913763379853e-15,216,D1_REDESIGNED_Q005,-x,0.0,0.7800378745777834,1.0148248061868543,True,0.0,8.30344091749267e-06,8.30344091749267e-06,0.05,2.76162204235119,True,REDESIGNED_P2PRIME,,NONE,2.8631387578949905,0.016397005759676737,0.016356184643777714,0.01624727276058329,0.016009928670970786,1,2.7690588619230265,0.8468418150614382,0.8543907235660255,0.854646211934402,0.8728691251395431,0.15315818493856181,0.1456092764339745,0.9908682718486526,0.9788302724414001,0.01624727276058329,0.016009928670970786,COUPLED,8.38409467161774,0.10480118339522175,5.520955913722749,5.520955913722749,"{""ACCEPTED_SUBTHRESHOLD_ADJACENT"": 760, ""REJECT_INSIDE_TRACK"": 921, ""REJECT_QUOTA"": 399}",0.13691091217797852,0.12959934776300372,980005,0.01624727276058329,0.016009928670970786,True,True,e71a53944ed11b33edc66ae5480b9274cfdc2defa838329078b48449932283de,acd2dc74aa50c2e3b0aade84ffd6ad0760c664eab966cd04adc47199cd25271a,T256_VALID_TRACK,5.684341886080802e-14,166.15066796562732,164.13211343188166,2.5303245434422115,2.791029230907077,4.696760661166443
24,167.6818934323548,2.7755575615628914e-15,216,D2_REDESIGNED_Q005,-x,0.0,2.959433183018709,1.0971925676747494,True,0.0,0.00011816148498923198,0.00011816148498923198,0.05,3.817726876037248,True,REDESIGNED_P2PRIME,,NONE,4.163336342344337e-17,0.023497388183517393,0.021773559080704837,0.023043587416830227,0.021002318185280713,2,3.8589271671788006,0.8274359947012151,0.831459517781988,0.8437308138189071,0.8619921274370739,0.17256400529878485,0.16854048221801202,0.9806871826288551,0.9645790156507957,0.023043587416830227,0.021002318185280713,COUPLED,8.38409467161774,0.10480118339522175,8.384094671617742,8.384094671617742,"{""ACCEPTED"": 64, ""ACCEPTED_SUBTHRESHOLD_ADJACENT"": 637, ""REJECT_INSIDE_TRACK"": 182, ""REJECT_OCCUPIED"": 9, ""REJECT_QUOTA"": 1348}",0.14952041788195464,0.1475381640327313,980005,0.023043587416830227,0.021002318185280713,True,True,e71a53944ed11b33edc66ae5480b9274cfdc2defa838329078b48449932283de,acd2dc74aa50c2e3b0aade84ffd6ad0760c664eab966cd04adc47199cd25271a,T256_VALID_TRACK,8.526512829121202e-14,164.44348364804796,161.74243570944242,2.897470673523846,4.795820652063993,7.1925637639579705
24,167.6818934323548,3.219646771412954e-15,216,D2_REDESIGNED_Q020,-x,2.080542906054736,7.496242679649278,1.0012623400305953,True,0.0,2.637144471200441e-05,2.637144471200441e-05,0.2,7.721537167036743,True,REDESIGNED_P2PRIME,,NONE,17.329362961231293,0.047692054674378946,0.04810185282951265,0.046431045358545635,0.04637250748602694,2,7.799313684785748,0.7886976571252131,0.7909172026039112,0.810117702384387,0.8204124586415096,0.21130234287478694,0.20908279739608884,0.9735593418139993,0.9640482592299506,0.046431045358545635,0.04637250748602694,COUPLED,33.53637868647096,0.419204733580887,16.207015725239668,16.207015725239668,"{""ACCEPTED"": 30, ""ACCEPTED_SUBTHRESHOLD_ADJACENT"": 1033, ""REJECT_INSIDE_TRACK"": 733, ""REJECT_OCCUPIED"": 43, ""REJECT_QUOTA"": 401}",0.1648712975162413,0.1627102899100619,980005,0.046431045358545635,0.04637250748602694,True,True,e71a53944ed11b33edc66ae5480b9274cfdc2defa838329078b48449932283de,acd2dc74aa50c2e3b0aade84ffd6ad0760c664eab966cd04adc47199cd25271a,T256_VALID_TRACK,8.526512829121202e-14,163.2482738041285,161.65343746784373,5.607833673442589,8.545714807724682,14.916676632545252
24,167.6818934323548,2.4424906541753444e-15,216,D2_REDESIGNED_Q050,-x,4.2536099507532725,10.011259933705912,0.9977840047097205,True,0.0,2.354118324079713e-05,2.3541183240797285e-05,0.5,9.45062993887732,True,REDESIGNED_P2PRIME,,NONE,65.6349019400298,0.05581003859263181,0.05641805950352461,0.05488504164846988,0.05500693676126554,2,10.990640389310183,0.7860920848325613,0.7901573686017869,0.7993403716965337,0.8104277035531183,0.2139079151674387,0.20984263139821316,0.9834259755504979,0.9749881021311818,0.05488504164846988,0.05500693676126554,COUPLED,83.8409467161774,1.0480118339522175,18.206044776147575,18.20604477614757,"{""ACCEPTED"": 30, ""ACCEPTED_SUBTHRESHOLD_ADJACENT"": 658, ""REJECT_INSIDE_TRACK"": 1223, ""REJECT_OCCUPIED"": 24, ""REJECT_QUOTA"": 305}",0.15902287351896882,0.15483569463694763,980005,0.05488504164846988,0.05500693676126554,True,True,e71a53944ed11b33edc66ae5480b9274cfdc2defa838329078b48449932283de,acd2dc74aa50c2e3b0aade84ffd6ad0760c664eab966cd04adc47199cd25271a,T256_VALID_TRACK,2.842170943040401e-14,164.90272963086815,163.48785103937468,6.694302598276653,7.962519859447518,17.227733623755086
24,167.6818934323548,2.7755575615628914e-15,216,D2_REDESIGNED_Q100,-x,1.8012554758624106,13.950271281678468,0.9884809862442413,True,0.0,2.021076579509624e-05,2.0210765795130384e-05,1.0,12.176942340541652,True,REDESIGNED_P2PRIME,,NONE,148.40221090134258,0.059927877581769574,0.06127600287195384,0.05942313918596439,0.06011561174458613,2,13.395346228632969,0.7867778359717066,0.7890821813261167,0.7934607037606441,0.8043135652445753,0.21322216402829336,0.21091781867388323,0.9915775693020917,0.9810628782397485,0.05942313918596439,0.06011561174458613,COUPLED,167.6818934323548,2.096023667904435,19.279682531012224,19.279682531012224,"{""ACCEPTED"": 24, ""ACCEPTED_SUBTHRESHOLD_ADJACENT"": 499, ""REJECT_INSIDE_TRACK"": 1600, ""REJECT_OCCUPIED"": 12, ""REJECT_QUOTA"": 105}",0.15379902484232896,0.15080220692929708,980005,0.05942313918596439,0.06011561174458613,True,True,e71a53944ed11b33edc66ae5480b9274cfdc2defa838329078b48449932283de,acd2dc74aa50c2e3b0aade84ffd6ad0760c664eab966cd04adc47199cd25271a,T256_VALID_TRACK,2.842170943040401e-14,166.26960430562676,164.50648099943677,7.430731486093742,7.364891518740664,18.656115308328335
24,167.6818934323548,4.773959005888173e-15,216,DIRECT_INTERFACE_Q100,-x,0.0,3.6884910674563245,0.9821389249968929,True,51.33293962410313,0.23963921992886625,0.23963921992886625,1.0,47.5814593618834,True,REDESIGNED_P2PRIME,,NONE,116.34895380825166,0.27510917330824103,0.29354306126745205,0.28018305587347275,0.2852784354050107,2,47.86162896831091,0.5996571734962807,0.5717757919116965,0.5887978798525818,0.5883403562491392,0.40034282650371933,0.42822420808830347,1.0184431602342348,0.9718452692195939,0.28018305587347275,0.2852784354050107,DIRECT_INTERFACE,167.6818934323548,2.096023667904435,51.33293962410313,51.33293962410313,{},0.12015977063024658,0.1429457726832928,980005,0.28018305587347275,0.2852784354050107,True,True,e71a53944ed11b33edc66ae5480b9274cfdc2defa838329078b48449932283de,acd2dc74aa50c2e3b0aade84ffd6ad0760c664eab966cd04adc47199cd25271a,T256_VALID_TRACK,2.842170943040401e-14,170.77447746130758,162.9608548660181,11.358052370047735,5.790659608757019,49.09864752845899
24,165.87441900470895,2.55351295663786e-15,214,SHAM,+y,0.0,0.0,,True,0.0,0.0,0.0,0.0,0.0,True,REDESIGNED_P2PRIME,,NONE,0.0,0.0,0.0,0.0,0.0,2,0.0,0.863088547566719,0.8862797580358925,0.8736991355200115,0.88957997940107,0.13691145243328096,0.11372024196410747,0.9878555585991541,0.9962901352980095,0.0,0.0,SHAM,0.0,0.0,0.0,0.0,{},0.13691145243328096,0.11372024196410747,980006,0.0,0.0,True,True,f3848994805a8adf52c5f17e3c7fe25af89a48b8d13e410ebbb5ee87443afd75,3003e3798f9781ce638bf43bc9779e9076ef0e310ba251fb08bb21fd89401771,T256_VALID_TRACK,0.0,163.8599668432069,165.2590473526802,0.0,0.0,0.0
24,165.87441900470895,2.55351295663786e-15,214,D1_LEGACY_Q005,+y,0.0,0.0,,True,0.0,0.0,0.0,0.05,0.0,True,LEGACY_P2,,NONE,8.293720950235441,0.0,0.0,0.0,0.0,1,0.0,0.863088547566719,0.8862797580358925,0.8736991355200115,0.88957997940107,0.13691145243328096,0.11372024196410747,0.9878555585991541,0.9962901352980095,0.0,0.0,COUPLED,8.293720950235448,0.1036715118779431,0.0,0.0,{},0.13691145243328096,0.11372024196410747,980006,0.0,0.0,True,True,f3848994805a8adf52c5f17e3c7fe25af89a48b8d13e410ebbb5ee87443afd75,3003e3798f9781ce638bf43bc9779e9076ef0e310ba251fb08bb21fd89401771,T256_VALID_TRACK,0.0,163.8599668432069,165.2590473526802,0.0,0.0,0.0
24,165.87441900470895,3.552713678800501e-15,214,D1_REDESIGNED_Q005,+y,0.0,0.7046733221754259,1.036452872750183,True,0.0,1.8566416129675506e-05,1.8566416129675506e-05,0.05,2.4906372078672536,True,REDESIGNED_P2PRIME,,NONE,3.2854677200139415,0.015186980304589355,0.01475363239718873,0.015069379879348765,0.014539377790871296,1,2.4986667508191447,0.8482310822510806,0.8600515529472568,0.8548506204652386,0.8727254107656504,0.15176891774891943,0.13994844705274323,0.992256497152034,0.985477840266763,0.015069379879348765,0.014539377790871296,COUPLED,8.293720950235448,0.1036715118779431,5.008253230221503,5.008253230221503,"{""ACCEPTED_SUBTHRESHOLD_ADJACENT"": 656, ""REJECT_INSIDE_TRACK"": 928, ""REJECT_QUOTA"": 416}",0.13669953786957065,0.12540906926187192,980006,0.015069379879348765,0.014539377790871296,True,True,f3848994805a8adf52c5f17e3c7fe25af89a48b8d13e410ebbb5ee87443afd75,3003e3798f9781ce638bf43bc9779e9076ef0e310ba251fb08bb21fd89401771,T256_VALID_TRACK,2.842170943040401e-14,164.5899699687413,163.4655641962647,2.240708128217758,2.4825694607224786,4.3871772571452095
24,165.87441900470895,3.3306690738754696e-15,214,D2_REDESIGNED_Q005,+y,0.0,2.6628500714559133,1.1158011340400027,True,0.0,0.0002105276161208025,0.0002105276161208025,0.05,3.549998801664332,True,REDESIGNED_P2PRIME,,NONE,0.0,0.02236728166163114,0.02039676586092601,0.02176674427878569,0.01950772733128028,2,3.603905977170936,0.8261337344060938,0.8309171269453228,0.8489264949763601,0.8687850614438947,0.1738662655939062,0.16908287305467723,0.9731510787975808,0.9564127697642077,0.02176674427878569,0.01950772733128028,COUPLED,8.293720950235448,0.1036715118779431,8.293720950235441,8.293720950235441,"{""ACCEPTED"": 63, ""ACCEPTED_SUBTHRESHOLD_ADJACENT"": 619, ""REJECT_INSIDE_TRACK"": 84, ""REJECT_OCCUPIED"": 11, ""REJECT_QUOTA"": 1383}",0.1520995213151205,0.14957514572339695,980006,0.02176674427878569,0.01950772733128028,True,True,f3848994805a8adf52c5f17e3c7fe25af89a48b8d13e410ebbb5ee87443afd75,3003e3798f9781ce638bf43bc9779e9076ef0e310ba251fb08bb21fd89401771,T256_VALID_TRACK,2.842170943040401e-14,161.42086979935445,158.64441251332244,2.8287248762006807,4.705149574205882,7.099620465213131
24,165.87441900470895,3.4416913763379853e-15,214,D2_REDESIGNED_Q020,+y,1.7484817265251837,7.745665995186029,0.991499137082973,True,0.0,5.642205933958897e-05,5.642205933969827e-05,0.2,7.089463150051564,True,REDESIGNED_P2PRIME,,NONE,17.328862115734943,0.04542113002082152,0.046255921344821156,0.04331968400403332,0.0436910960220111,2,7.247235168330041,0.7827932551456834,0.7847605083681497,0.8207667031477837,0.830828787891051,0.21720674485431654,0.21523949163185027,0.9537341757938457,0.9445514163756417,0.04331968400403332,0.0436910960220111,COUPLED,33.17488380094179,0.4146860475117724,15.846021685206845,15.84602168520685,"{""ACCEPTED"": 29, ""ACCEPTED_SUBTHRESHOLD_ADJACENT"": 1217, ""REJECT_INSIDE_TRACK"": 494, ""REJECT_OCCUPIED"": 23, ""REJECT_QUOTA"": 397}",0.17388706085028324,0.17154839560983917,980006,0.04331968400403332,0.0436910960220111,True,True,f3848994805a8adf52c5f17e3c7fe25af89a48b8d13e410ebbb5ee87443afd75,3003e3798f9781ce638bf43bc9779e9076ef0e310ba251fb08bb21fd89401771,T256_VALID_TRACK,0.0,158.2001022947391,156.6769174113845,5.5969975156424585,8.999713180588433,14.572203200893872
24,165.87441900470895,3.6637359812630166e-15,214,D2_REDESIGNED_Q050,+y,1.6900836035686142,11.707845483684197,0.938483715136813,True,0.0,4.599193207533223e-05,4.599193207535812e-05,0.5,9.013180930761976,True,REDESIGNED_P2PRIME,,NONE,65.64285174672796,0.05144884332410829,0.05451425367960552,0.04925395281990304,0.052482480010559114,2,10.364365138167313,0.7781324344014807,0.7868111832807722,0.8128081384516087,0.8172712957674437,0.2218675655985193,0.21318881671922785,0.9573383897014308,0.9627294967479941,0.04925395281990304,0.052482480010559114,COUPLED,82.93720950235448,1.036715118779431,17.29435775562655,17.29435775562655,"{""ACCEPTED"": 25, ""ACCEPTED_SUBTHRESHOLD_ADJACENT"": 830, ""REJECT_INSIDE_TRACK"": 1121, ""REJECT_OCCUPIED"": 6, ""REJECT_QUOTA"": 178}",0.17261361277861625,0.16070633670866874,980006,0.04925395281990304,0.052482480010559114,True,True,f3848994805a8adf52c5f17e3c7fe25af89a48b8d13e410ebbb5ee87443afd75,3003e3798f9781ce638bf43bc9779e9076ef0e310ba251fb08bb21fd89401771,T256_VALID_TRACK,5.684341886080802e-14,158.79794918262849,159.69219593176936,6.51590609829648,8.392726308816545,16.494356044938602
24,165.87441900470895,3.219646771412954e-15,214,D2_REDESIGNED_Q100,+y,3.4716317218488246,12.461187154359797,0.987987209875824,True,0.0,3.4615798344581246e-05,3.46157983464136e-05,1.0,11.908177023536618,True,REDESIGNED_P2PRIME,,NONE,147.38133691111523,0.06195713270922712,0.06301219922093412,0.061002781577925644,0.06174450536216236,2,13.287108335541086,0.7793685783252294,0.7872177796757861,0.7915613220852066,0.803380369997912,0.2206314216747706,0.21278222032421393,0.984596589777962,0.9798817709198349,0.061002781577925644,0.06174450536216236,COUPLED,165.87441900470895,2.073430237558862,18.493082093593696,18.493082093593696,"{""ACCEPTED"": 24, ""ACCEPTED_SUBTHRESHOLD_ADJACENT"": 380, ""REJECT_INSIDE_TRACK"": 1629, ""REJECT_OCCUPIED"": 13, ""REJECT_QUOTA"": 114}",0.15962864009684496,0.15103771496205154,980006,0.061002781577925644,0.06174450536216236,True,True,f3848994805a8adf52c5f17e3c7fe25af89a48b8d13e410ebbb5ee87443afd75,3003e3798f9781ce638bf43bc9779e9076ef0e310ba251fb08bb21fd89401771,T256_VALID_TRACK,2.842170943040401e-14,163.3193872834372,162.5373194446329,7.215963520561259,6.445899959613112,17.96265665412428
24,165.87441900470895,6.106226635438361e-15,214,DIRECT_INTERFACE_Q100,+y,0.0,3.4527684624217083,0.9794505438298006,True,48.85023613595187,0.10322449282874148,0.10322449282874148,1.0,45.43551338511235,True,REDESIGNED_P2PRIME,,NONE,117.0241828687571,0.27030415938505586,0.2874107036247168,0.26942205103439476,0.27507468624287407,2,45.58231786648414,0.5933328646573568,0.5669960106796692,0.595275481724618,0.5924235508823479,0.4066671353426432,0.43300398932033074,0.9967366082983411,0.9570787822921502,0.26942205103439476,0.27507468624287407,DIRECT_INTERFACE,165.87441900470895,2.073430237558862,48.85023613595187,48.85023613595187,{},0.13724508430824844,0.15792930307745673,980006,0.26942205103439476,0.27507468624287407,True,True,f3848994805a8adf52c5f17e3c7fe25af89a48b8d13e410ebbb5ee87443afd75,3003e3798f9781ce638bf43bc9779e9076ef0e310ba251fb08bb21fd89401771,T256_VALID_TRACK,2.842170943040401e-14,165.3331058022115,158.75488695444474,11.28013027331894,5.400952555593983,47.21382141257388
24,167.31018390822302,3.1086244689504383e-15,215,SHAM,-y,0.0,0.0,,True,0.0,0.0,0.0,0.0,0.0,True,REDESIGNED_P2PRIME,,NONE,0.0,0.0,0.0,0.0,0.0,2,0.0,0.8651784814552869,0.8824624075628202,0.8741346186965291,0.8938833123491586,0.1348215185447131,0.11753759243717973,0.9897542814920233,0.9872232710594812,0.0,0.0,SHAM,0.0,0.0,0.0,0.0,{},0.1348215185447131,0.11753759243717973,980007,0.0,0.0,True,True,f35f095ed1a1efc0eaeccb2b7b206fac0a43305eb809869afe79cba62e32e69a,e210f89e05626657a75475346678d79e218227cc1298069adc9132082425a497,T256_VALID_TRACK,0.0,165.59597086038156,165.1725070394393,0.0,0.0,0.0
24,167.31018390822302,3.219646771412954e-15,215,D1_LEGACY_Q005,-y,0.0,0.007728602377896521,1.0805938520294338,True,0.0,1.866124860876574e-12,1.866124860876574e-12,0.05,0.08513847082984573,True,LEGACY_P2,,NONE,8.156371465525881,0.0005211227694085699,0.0004822001497421329,0.0005156269774737254,0.00047717000842207317,1,0.08613827763743433,0.8646791523113936,0.8833848035554859,0.8738953045282223,0.8926971038330567,0.13532084768860642,0.1166151964445141,0.9894539401126499,0.9895683538822008,0.0005156269774737254,0.00047717000842207317,COUPLED,8.365509195411152,0.1045688649426394,0.2091377298852788,0.2091377298852788,"{""ACCEPTED"": 2, ""REJECT_INSIDE_TRACK"": 5, ""REJECT_QUOTA"": 21, ""REJECT_TRACK_ADJACENCY"": 24}",0.1348052207111327,0.11613802643609203,980007,0.0005156269774737254,0.00047717000842207317,True,True,f35f095ed1a1efc0eaeccb2b7b206fac0a43305eb809869afe79cba62e32e69a,e210f89e05626657a75475346678d79e218227cc1298069adc9132082425a497,T256_VALID_TRACK,0.0,165.54572068896334,165.56486327778853,0.1016962050299361,0.22613131842751474,0.13282026068384498
24,167.31018390822302,2.6645352591003757e-15,215,D1_REDESIGNED_Q005,-y,0.0,0.9074914854684994,1.0192450622151412,True,0.0,1.4963462284384295e-05,1.4963462284384295e-05,0.05,2.5655944602633793,True,REDESIGNED_P2PRIME,,NONE,3.095925143697861,0.015289496158678568,0.015059946942876504,0.014974801360092169,0.014692051907072476,1,2.5859964472551753,0.8427812767869798,0.8563211002772733,0.8604922886243505,0.877763733603024,0.15721872321302024,0.14367889972272677,0.9794175821544143,0.975571292701131,0.014974801360092169,0.014692051907072476,COUPLED,8.365509195411152,0.1045688649426394,5.26958405171329,5.26958405171329,"{""ACCEPTED_SUBTHRESHOLD_ADJACENT"": 674, ""REJECT_INSIDE_TRACK"": 1024, ""REJECT_QUOTA"": 382}",0.14224392185292808,0.1289868478156543,980007,0.014974801360092169,0.014692051907072476,True,True,f35f095ed1a1efc0eaeccb2b7b206fac0a43305eb809869afe79cba62e32e69a,e210f89e05626657a75475346678d79e218227cc1298069adc9132082425a497,T256_VALID_TRACK,0.0,163.8665357932022,163.2230123974091,2.2090482066886743,2.6472804886133043,4.483807739646831
24,167.31018390822302,3.219646771412954e-15,215,D2_REDESIGNED_Q005,-y,0.0,2.564143233987103,1.062489563770239,True,0.0,0.00017518626914750113,0.0001751862691475012,0.05,3.3779293670292536,True,REDESIGNED_P2PRIME,,NONE,0.0,0.02138684735802201,0.020364695478985083,0.020567572829874557,0.019357905744401504,2,3.434107063500034,0.8226422206078566,0.8307145632831313,0.8554107841470472,0.8739193864559283,0.17735777939214334,0.16928543671686874,0.9616925994545825,0.9505620039532379,0.020567572829874557,0.019357905744401504,COUPLED,8.365509195411152,0.1045688649426394,8.365509195411159,8.365509195411159,"{""ACCEPTED"": 60, ""ACCEPTED_SUBTHRESHOLD_ADJACENT"": 614, ""REJECT_INSIDE_TRACK"": 111, ""REJECT_OCCUPIED"": 13, ""REJECT_QUOTA"": 1442}",0.1567902065622688,0.14992753097246725,980007,0.020567572829874557,0.019357905744401504,True,True,f35f095ed1a1efc0eaeccb2b7b206fac0a43305eb809869afe79cba62e32e69a,e210f89e05626657a75475346678d79e218227cc1298069adc9132082425a497,T256_VALID_TRACK,2.842170943040401e-14,160.90096567792327,159.03870369758525,2.909545971630997,4.620831259309939,7.011869164605592
24,167.31018390822302,2.9976021664879227e-15,215,D2_REDESIGNED_Q020,-y,0.9763267655320989,8.879526082570528,0.9839361561711805,True,0.0,4.5148601912519246e-05,4.514860191251964e-05,0.2,7.76856649821306,True,REDESIGNED_P2PRIME,,NONE,16.906719285745407,0.04832051155557245,0.04960098292498576,0.04583811126013794,0.046586469023060524,2,7.929439060078615,0.7787434813785921,0.7798973065595606,0.8209169696637222,0.8303628456313044,0.22125651862140794,0.22010269344043945,0.9486263655843221,0.9392247144278522,0.04583811126013794,0.046586469023060524,COUPLED,33.462036781644606,0.4182754597705576,16.555317495899196,16.555317495899207,"{""ACCEPTED"": 30, ""ACCEPTED_SUBTHRESHOLD_ADJACENT"": 1355, ""REJECT_INSIDE_TRACK"": 447, ""REJECT_OCCUPIED"": 19, ""REJECT_QUOTA"": 389}",0.17541840736127,0.17351622441737893,980007,0.04583811126013794,0.046586469023060524,True,True,f35f095ed1a1efc0eaeccb2b7b206fac0a43305eb809869afe79cba62e32e69a,e210f89e05626657a75475346678d79e218227cc1298069adc9132082425a497,T256_VALID_TRACK,2.842170943040401e-14,158.71485168610215,157.1418597020722,5.777204110019472,9.243941030632017,15.232378865096386
24,167.31018390822302,2.55351295663786e-15,215,D2_REDESIGNED_Q050,-y,1.29755218565075,11.00297839402178,0.981718764568385,True,0.0,4.4169707137085477e-05,4.416970713710544e-05,0.5,8.627102769151035,True,REDESIGNED_P2PRIME,,NONE,66.02029359602663,0.05336043474599177,0.05499375887515166,0.051809668177844874,0.05277445032908495,2,9.413580423677706,0.7856772996265085,0.7871016438993528,0.8091941861935168,0.8202013994446283,0.21432270037349155,0.2128983561006472,0.9709378947992289,0.9596443561694873,0.051809668177844874,0.05277445032908495,COUPLED,83.65509195411151,1.045688649426394,17.6347983580849,17.6347983580849,"{""ACCEPTED"": 25, ""ACCEPTED_SUBTHRESHOLD_ADJACENT"": 1105, ""REJECT_INSIDE_TRACK"": 927, ""REJECT_OCCUPIED"": 11, ""REJECT_QUOTA"": 172}",0.1625130321956467,0.16012390577156224,980007,0.051809668177844874,0.05277445032908495,True,True,f35f095ed1a1efc0eaeccb2b7b206fac0a43305eb809869afe79cba62e32e69a,e210f89e05626657a75475346678d79e218227cc1298069adc9132082425a497,T256_VALID_TRACK,5.684341886080802e-14,162.44779774232188,160.5582737172052,6.339664517548142,8.952585491664765,16.726897665417205
24,167.31018390822302,3.1086244689504383e-15,215,D2_REDESIGNED_Q100,-y,3.2074363752198756,13.759618457439867,0.9697112031760782,True,0.0,3.445647907498767e-05,3.445647907693609e-05,1.0,12.664516972980223,True,REDESIGNED_P2PRIME,,NONE,147.83364442376146,0.06351624819666864,0.06564892171820216,0.06223900800187478,0.06418303490567547,2,13.940082837906301,0.7785337002211565,0.7859339628781971,0.794510409472276,0.8038840369654248,0.22146629977884344,0.21406603712180297,0.9798911265848217,0.9776708166080927,0.06223900800187478,0.06418303490567547,COUPLED,167.31018390822302,2.091377298852788,19.476539484461572,19.476539484461572,"{""ACCEPTED"": 25, ""ACCEPTED_SUBTHRESHOLD_ADJACENT"": 372, ""REJECT_INSIDE_TRACK"": 1710, ""REJECT_OCCUPIED"": 11, ""REJECT_QUOTA"": 122}",0.15922729177696865,0.1498830022161275,980007,0.06223900800187478,0.06418303490567547,True,True,f35f095ed1a1efc0eaeccb2b7b206fac0a43305eb809869afe79cba62e32e69a,e210f89e05626657a75475346678d79e218227cc1298069adc9132082425a497,T256_VALID_TRACK,2.842170943040401e-14,163.94576459894236,163.57428412840258,7.346742362886862,7.407628178207227,18.844918988278277
24,167.31018390822302,5.218048215738236e-15,215,DIRECT_INTERFACE_Q100,-y,0.0,3.538955090447604,0.9845762197238338,True,47.29729935960329,0.09555677640054984,0.09555677640054984,1.0,43.80853123207774,True,REDESIGNED_P2PRIME,,NONE,120.01288454861971,0.2602041953172842,0.27833534872973464,0.25867219129275926,0.2627243946287011,2,43.993345444312745,0.6059727270338,0.5782690003370021,0.6095616426104167,0.6126294594602193,0.39402727296620005,0.4217309996629979,0.9941123008310573,0.9439131458786003,0.25867219129275926,0.2627243946287011,DIRECT_INTERFACE,167.31018390822302,2.091377298852788,47.29729935960329,47.29729935960329,{},0.1353550816734408,0.15900660503429676,980007,0.25867219129275926,0.2627243946287011,True,True,f35f095ed1a1efc0eaeccb2b7b206fac0a43305eb809869afe79cba62e32e69a,e210f89e05626657a75475346678d79e218227cc1298069adc9132082425a497,T256_VALID_TRACK,2.842170943040401e-14,166.32511187747093,157.92628203033797,10.5055683378094,5.397410774132525,45.690865264789856
24,167.58088074207672,2.886579864025407e-15,216,SHAM,+x,0.0,0.0,,True,0.0,0.0,0.0,0.0,0.0,True,REDESIGNED_P2PRIME,,NONE,0.0,0.0,0.0,0.0,0.0,2,0.0,0.8646451647124535,0.8863343471344518,0.8762537911935522,0.8928823559333456,0.13535483528754655,0.1136656528655482,0.98675198144902,0.992666437235117,0.0,0.0,SHAM,0.0,0.0,0.0,0.0,{},0.13535483528754655,0.1136656528655482,980008,0.0,0.0,True,True,9bf6ad92109e7c4efbdfd25d50cb9067a60d04b06b933c9a412144a1578a146e,2f94a2caf08b3c72d3382782c6005b7340f3551ce3ce3862f255e794a47815e7,T256_VALID_TRACK,0.0,165.36076612521612,166.35191583496032,0.0,0.0,0.0
24,167.58088074207672,2.886579864025407e-15,216,D1_LEGACY_Q005,+x,0.0,0.0,,True,0.0,0.0,0.0,0.05,0.0,True,LEGACY_P2,,NONE,8.379044037103828,0.0,0.0,0.0,0.0,1,0.0,0.8646451647124535,0.8863343471344518,0.8762537911935522,0.8928823559333456,0.13535483528754655,0.1136656528655482,0.98675198144902,0.992666437235117,0.0,0.0,COUPLED,8.379044037103837,0.10473805046379796,0.0,0.0,{},0.13535483528754655,0.1136656528655482,980008,0.0,0.0,True,True,9bf6ad92109e7c4efbdfd25d50cb9067a60d04b06b933c9a412144a1578a146e,2f94a2caf08b3c72d3382782c6005b7340f3551ce3ce3862f255e794a47815e7,T256_VALID_TRACK,0.0,165.36076612521612,166.35191583496032,0.0,0.0,0.0
24,167.58088074207672,3.1086244689504383e-15,216,D1_REDESIGNED_Q005,+x,0.0,0.7660012633909119,1.010265111823832,True,0.0,8.419063317744172e-05,8.419063317744172e-05,0.05,3.1025940933200786,True,REDESIGNED_P2PRIME,,NONE,1.6725801827628353,0.019299985385838766,0.01913497019669493,0.018687101443647755,0.018497225356928267,1,3.150104085319644,0.8351405073060122,0.8493993547161011,0.8625307479992846,0.8786848310466593,0.16485949269398778,0.15060064528389897,0.9682443312811672,0.9666712394526323,0.018687101443647755,0.018497225356928267,COUPLED,8.379044037103837,0.10473805046379796,6.706463854340998,6.706463854340998,"{""ACCEPTED_SUBTHRESHOLD_ADJACENT"": 797, ""REJECT_INSIDE_TRACK"": 645, ""REJECT_QUOTA"": 558}",0.14617239125034,0.13210341992697072,980008,0.018687101443647755,0.018497225356928267,True,True,9bf6ad92109e7c4efbdfd25d50cb9067a60d04b06b933c9a412144a1578a146e,2f94a2caf08b3c72d3382782c6005b7340f3551ce3ce3862f255e794a47815e7,T256_VALID_TRACK,0.0,162.25923780962108,161.99561769550706,2.917781645205268,3.0828104581023887,5.511791555028678
24,167.58088074207672,3.1086244689504383e-15,216,D2_REDESIGNED_Q005,+x,0.0,2.5910655370323377,1.127828355990165,True,0.0,0.000800793892482201,0.000800793892482201,0.05,3.6222211226921517,True,REDESIGNED_P2PRIME,,NONE,1.3877787807814457e-17,0.02270728223702156,0.02065509580036882,0.02196116896730626,0.019472084427267024,2,3.673822615235786,0.827648837300586,0.8278421726386244,0.8557675490637765,0.878137081179253,0.172351162699414,0.17215782736137564,0.9671421149423663,0.9427254472922525,0.02196116896730626,0.019472084427267024,COUPLED,8.379044037103837,0.10473805046379796,8.379044037103828,8.379044037103828,"{""ACCEPTED"": 72, ""ACCEPTED_SUBTHRESHOLD_ADJACENT"": 405, ""REJECT_INSIDE_TRACK"": 176, ""REJECT_OCCUPIED"": 29, ""REJECT_QUOTA"": 1478}",0.15038999373210774,0.1526857429341086,980008,0.02196116896730626,0.019472084427267024,True,True,9bf6ad92109e7c4efbdfd25d50cb9067a60d04b06b933c9a412144a1578a146e,2f94a2caf08b3c72d3382782c6005b7340f3551ce3ce3862f255e794a47815e7,T256_VALID_TRACK,0.0,162.07452742479654,157.98276075520388,2.5879241122413825,4.800540072742333,6.7530335232541105
24,167.58088074207672,2.6645352591003757e-15,216,D2_REDESIGNED_Q020,+x,1.1198779283903288,9.842850523114686,1.0232163345771443,True,0.0,0.00012125331371712042,0.00012125331371712042,0.2,8.194480109629017,True,REDESIGNED_P2PRIME,,NONE,15.743530676712867,0.05218810600320571,0.051396817642002525,0.04932828631163267,0.048209048902662546,2,8.25789103015794,0.7741696761509672,0.7807768670806333,0.8190523560496433,0.8324048528205052,0.2258303238490328,0.21922313291936668,0.9452016961221514,0.9379773128845458,0.04932828631163267,0.048209048902662546,COUPLED,33.51617614841535,0.41895220185519183,17.77264547170247,17.772645471702475,"{""ACCEPTED"": 33, ""ACCEPTED_SUBTHRESHOLD_ADJACENT"": 1038, ""REJECT_INSIDE_TRACK"": 627, ""REJECT_OCCUPIED"": 33, ""REJECT_QUOTA"": 429}",0.17650203753740012,0.17101408401670415,980008,0.04932828631163267,0.048209048902662546,True,True,9bf6ad92109e7c4efbdfd25d50cb9067a60d04b06b933c9a412144a1578a146e,2f94a2caf08b3c72d3382782c6005b7340f3551ce3ce3862f255e794a47815e7,T256_VALID_TRACK,2.842170943040401e-14,158.3977327150549,157.18706420927865,5.904011100998868,9.607239330013202,16.180269820457813
24,167.58088074207672,2.886579864025407e-15,216,D2_REDESIGNED_Q050,+x,4.850728371863624,10.018328285806952,0.9885415462792898,True,0.0,5.6544318886873626e-05,5.65443188869824e-05,0.5,9.883085419540196,True,REDESIGNED_P2PRIME,,NONE,64.16768910213986,0.0607079946488102,0.06183536815536766,0.05780819598777182,0.05847826649810775,2,11.397575865917975,0.7679994453537413,0.7718210035025217,0.806524151500705,0.816129457311599,0.23200055464625866,0.22817899649747833,0.9522336608577927,0.9457090374423769,0.05780819598777182,0.05847826649810775,COUPLED,83.79044037103836,1.0473805046379794,19.622751268898497,19.622751268898497,"{""ACCEPTED"": 31, ""ACCEPTED_SUBTHRESHOLD_ADJACENT"": 710, ""REJECT_INSIDE_TRACK"": 1170, ""REJECT_OCCUPIED"": 27, ""REJECT_QUOTA"": 222}",0.17419235865848684,0.16970072999937055,980008,0.05780819598777182,0.05847826649810775,True,True,9bf6ad92109e7c4efbdfd25d50cb9067a60d04b06b933c9a412144a1578a146e,2f94a2caf08b3c72d3382782c6005b7340f3551ce3ce3862f255e794a47815e7,T256_VALID_TRACK,2.842170943040401e-14,159.57615555880088,158.48275342033511,7.031344477278531,8.604071414950923,18.652828263039638
24,167.58088074207672,2.9976021664879227e-15,216,D2_REDESIGNED_Q100,+x,1.7328291375291047,16.304741364689,0.9668682788789256,True,0.0,4.7505863470361394e-05,4.7505864164641396e-05,1.0,12.994583776389087,True,REDESIGNED_P2PRIME,,NONE,147.00472401313436,0.06429629131149953,0.06612744476469867,0.06143419905880578,0.06353936766861164,2,14.590541591007721,0.7670597388666934,0.7795168087208657,0.8027954653773001,0.8112679839794439,0.23294026113330654,0.22048319127913432,0.9554858889321062,0.9608622848607536,0.06143419905880578,0.06353936766861164,COUPLED,167.58088074207672,2.0947610092759588,20.57615672894237,20.57615672894237,"{""ACCEPTED"": 26, ""ACCEPTED_SUBTHRESHOLD_ADJACENT"": 566, ""REJECT_INSIDE_TRACK"": 1416, ""REJECT_OCCUPIED"": 12, ""REJECT_QUOTA"": 140}",0.17150606207450073,0.15694382361052267,980008,0.06143419905880578,0.06353936766861164,True,True,9bf6ad92109e7c4efbdfd25d50cb9067a60d04b06b933c9a412144a1578a146e,2f94a2caf08b3c72d3382782c6005b7340f3551ce3ce3862f255e794a47815e7,T256_VALID_TRACK,8.526512829121202e-14,160.12116680386845,161.0221479688093,7.786459187062954,8.877673125702785,19.791850012097953
24,167.58088074207672,4.551914400963142e-15,216,DIRECT_INTERFACE_Q100,+x,0.0,3.939466094526828,0.9810050123039288,True,50.19515981769506,0.08202551762788649,0.08202551762788649,1.0,46.06267631029687,True,REDESIGNED_P2PRIME,,NONE,117.38572092438166,0.2761342136770528,0.2943086764840588,0.2715291319962468,0.2767866918014516,2,46.384157589773004,0.5888379688500045,0.5641775680277117,0.598824547171743,0.5998928354089316,0.4111620311499955,0.4358224319722883,0.9833230311467602,0.9404639207653253,0.2715291319962468,0.2767866918014516,DIRECT_INTERFACE,167.58088074207672,2.0947610092759588,50.19515981769507,50.19515981769506,{},0.13963289915374877,0.1590357401708367,980008,0.2715291319962468,0.2767866918014516,True,True,9bf6ad92109e7c4efbdfd25d50cb9067a60d04b06b933c9a412144a1578a146e,2f94a2caf08b3c72d3382782c6005b7340f3551ce3ce3862f255e794a47815e7,T256_VALID_TRACK,0.0,164.78613961354262,157.60377214799985,11.245874490814968,6.08365479810639,48.638452603140344
32,295.9690202502436,3.774758283725532e-15,376,SHAM,+x,0.0,0.0,,True,0.0,0.0,0.0,0.0,0.0,True,REDESIGNED_P2PRIME,,NONE,0.0,0.0,0.0,0.0,0.0,2,0.0,0.9023553340108204,0.916202735267271,0.9019419882328623,0.916554865377291,0.09764466598917965,0.08379726473272901,1.0004582842171124,0.9996158112041933,0.0,0.0,SHAM,0.0,0.0,0.0,0.0,{},0.09764466598917965,0.08379726473272901,980100,0.0,0.0,True,True,0f2f5d76ac259b4062555c97dd1795c3f87807ef09c8f471aabf7253dc9fc34d,f5b6ef6cb5cb1031f88c04da6d5a1aab8cb41b4b8531b764485e232ad8ed2861,T256_VALID_TRACK,0.0,296.1046581809785,295.8553122687576,0.0,0.0,0.0
32,295.9690202502436,3.774758283725532e-15,376,D1_LEGACY_Q005,+x,0.0,0.0,,True,0.0,0.0,0.0,0.05,0.0,True,LEGACY_P2,,NONE,14.798451012512157,0.0,0.0,0.0,0.0,1,0.0,0.9023553340108204,0.916202735267271,0.9019419882328623,0.916554865377291,0.09764466598917965,0.08379726473272901,1.0004582842171124,0.9996158112041933,0.0,0.0,COUPLED,14.798451012512182,0.18498063765640227,0.0,0.0,{},0.09764466598917965,0.08379726473272901,980100,0.0,0.0,True,True,0f2f5d76ac259b4062555c97dd1795c3f87807ef09c8f471aabf7253dc9fc34d,f5b6ef6cb5cb1031f88c04da6d5a1aab8cb41b4b8531b764485e232ad8ed2861,T256_VALID_TRACK,0.0,296.1046581809785,295.8553122687576,0.0,0.0,0.0
32,295.9690202502436,3.219646771412954e-15,376,D1_REDESIGNED_Q005,+x,0.0,0.865060641788636,1.0502849689578804,True,0.0,8.682031561741423e-07,8.682031561741423e-07,0.05,3.5394158496916415,True,REDESIGNED_P2PRIME,,NONE,7.845060018028136,0.011980910637825023,0.01148127181543415,0.011998169483454372,0.011423727691122975,1,3.5498750377208177,0.8890802565010079,0.8979925237287925,0.8878013531716115,0.9025159327957042,0.11091974349899213,0.10200747627120751,1.0014405287002859,0.9949880008734032,0.011998169483454372,0.011423727691122975,COUPLED,14.798451012512182,0.18498063765640227,6.953390994484042,6.953390994484042,"{""ACCEPTED_SUBTHRESHOLD_ADJACENT"": 933, ""REJECT_INSIDE_TRACK"": 1149, ""REJECT_QUOTA"": 478}",0.09892157401553776,0.09058374858008454,980100,0.011998169483454372,0.011423727691122975,True,True,0f2f5d76ac259b4062555c97dd1795c3f87807ef09c8f471aabf7253dc9fc34d,f5b6ef6cb5cb1031f88c04da6d5a1aab8cb41b4b8531b764485e232ad8ed2861,T256_VALID_TRACK,5.684341886080802e-14,296.3953721183096,294.4856237792497,3.1697315869856357,3.166076306560811,6.138092734539637
32,295.9690202502436,2.886579864025407e-15,376,D2_REDESIGNED_Q005,+x,0.0,5.890728067728847,1.0695059466918375,True,0.0,7.971441188488348e-06,7.971441188488348e-06,0.05,6.545061527854482,True,REDESIGNED_P2PRIME,,NONE,0.0,0.022752915270689237,0.021552326426182298,0.022491098953794957,0.02102942860987704,2,6.644304557545683,0.8647006756092981,0.8653861512877126,0.8747665575196981,0.8869040221326018,0.13529932439070197,0.1346138487122875,0.9884930650081769,0.9757382193474007,0.022491098953794957,0.02102942860987704,COUPLED,14.798451012512182,0.18498063765640227,14.798451012512157,14.798451012512157,"{""ACCEPTED"": 70, ""ACCEPTED_SUBTHRESHOLD_ADJACENT"": 868, ""REJECT_INSIDE_TRACK"": 413, ""REJECT_OCCUPIED"": 39, ""REJECT_QUOTA"": 1330}",0.112808225436907,0.11358442010241043,980100,0.022491098953794957,0.02102942860987704,True,True,0f2f5d76ac259b4062555c97dd1795c3f87807ef09c8f471aabf7253dc9fc34d,f5b6ef6cb5cb1031f88c04da6d5a1aab8cb41b4b8531b764485e232ad8ed2861,T256_VALID_TRACK,0.0,292.56332397463046,288.78828480096746,5.049627223034629,8.333169226060788,12.904409367039396
32,295.9690202502436,3.3306690738754696e-15,376,D2_REDESIGNED_Q020,+x,1.6463311857302074,13.289677177130775,0.988503612584243,True,0.0,7.293914413806111e-07,7.293914413806168e-07,0.2,9.9491534862236,True,REDESIGNED_P2PRIME,,NONE,39.2612838559647,0.03260350842398026,0.03298151444768615,0.03197904858590189,0.03235096784552879,2,10.426291546111615,0.846280405202284,0.8547982298587925,0.8628058538372533,0.8714589406585803,0.15371959479771605,0.14520177014120747,0.9808468515118739,0.9808818178086544,0.03197904858590189,0.03235096784552879,COUPLED,59.193804050048726,0.7399225506256091,19.932520194084027,19.932520194084024,"{""ACCEPTED"": 29, ""ACCEPTED_SUBTHRESHOLD_ADJACENT"": 1058, ""REJECT_INSIDE_TRACK"": 1103, ""REJECT_OCCUPIED"": 14, ""REJECT_QUOTA"": 516}",0.12174054621181414,0.11285080229567868,980100,0.03197904858590189,0.03235096784552879,True,True,0f2f5d76ac259b4062555c97dd1795c3f87807ef09c8f471aabf7253dc9fc34d,f5b6ef6cb5cb1031f88c04da6d5a1aab8cb41b4b8531b764485e232ad8ed2861,T256_VALID_TRACK,0.0,290.3002816575055,290.3106305981054,7.627691582154203,9.48273280475828,18.744639447195514
32,295.9690202502436,3.1086244689504383e-15,376,D2_REDESIGNED_Q050,+x,1.4574010418818193,17.008002266372415,0.9742351147310209,True,0.0,4.863358401633155e-07,4.863358401633329e-07,0.5,13.653763502514112,True,REDESIGNED_P2PRIME,,NONE,126.61047884316575,0.03743172822629214,0.03840711667265999,0.03705654808534764,0.038036555575784885,2,14.728205163782462,0.845394346459843,0.8541011359283448,0.8539535670685188,0.8624219906687612,0.154605653540157,0.14589886407165523,0.989976948467985,0.9903517595441136,0.03705654808534764,0.038036555575784885,COUPLED,147.9845101251218,1.8498063765640225,21.37403128195606,21.37403128195606,"{""ACCEPTED"": 31, ""ACCEPTED_SUBTHRESHOLD_ADJACENT"": 701, ""REJECT_INSIDE_TRACK"": 1811, ""REJECT_OCCUPIED"": 11, ""REJECT_QUOTA"": 166}",0.11754910545480937,0.10786230849587036,980100,0.03705654808534764,0.038036555575784885,True,True,0f2f5d76ac259b4062555c97dd1795c3f87807ef09c8f471aabf7253dc9fc34d,f5b6ef6cb5cb1031f88c04da6d5a1aab8cb41b4b8531b764485e232ad8ed2861,T256_VALID_TRACK,0.0,293.0025075083954,293.11343997537614,8.566988141097603,8.47634475602165,20.532717570867167
32,295.9690202502436,2.6645352591003757e-15,376,D2_REDESIGNED_Q100,+x,1.8538050369780987,20.80584173418463,0.9828616994671663,True,0.0,2.9882687567632847e-07,2.9882687567635086e-07,1.0,18.10371360894899,True,REDESIGNED_P2PRIME,,NONE,272.0656870794652,0.04520515244776544,0.046010340347994484,0.04530068429107399,0.0460905988254834,2,19.243850334328776,0.8413926194420855,0.8512592530713344,0.8396182579917144,0.8497769383837221,0.15860738055791446,0.1487407469286656,1.0021132954571703,1.0017443573962264,0.04530068429107399,0.0460905988254834,COUPLED,295.9690202502436,3.699612753128045,23.90333317077835,23.903333170778353,"{""ACCEPTED"": 33, ""ACCEPTED_SUBTHRESHOLD_ADJACENT"": 253, ""REJECT_INSIDE_TRACK"": 2333, ""REJECT_OCCUPIED"": 9, ""REJECT_QUOTA"": 92}",0.11330669626684045,0.10265014810318221,980100,0.04530068429107399,0.0460905988254834,True,True,0f2f5d76ac259b4062555c97dd1795c3f87807ef09c8f471aabf7253dc9fc34d,f5b6ef6cb5cb1031f88c04da6d5a1aab8cb41b4b8531b764485e232ad8ed2861,T256_VALID_TRACK,0.0,296.5944902362016,296.485295999771,10.116123135036382,7.667202280030975,23.36081632902382
32,295.9690202502436,5.662137425588298e-15,376,DIRECT_INTERFACE_Q100,+x,0.0,4.294885995119368,0.9842035031831595,True,72.03131563729461,0.0014167479038894807,0.0014167479038894807,1.0,68.23206196301629,True,REDESIGNED_P2PRIME,,NONE,223.93770461294895,0.22789021286820446,0.2389824376422926,0.2277353393317549,0.23139049860643865,2,68.41722295601515,0.665411833264166,0.645219930801302,0.6658643527726242,0.6663896435114723,0.334588166735834,0.354780069198698,0.9993204028619732,0.9682322303230604,0.2277353393317549,0.23139049860643865,DIRECT_INTERFACE,295.9690202502436,3.699612753128045,72.03131563731502,72.03131563729461,{},0.10685282740407913,0.12338957059225934,980100,0.2277353393317549,0.23139049860643865,True,True,0f2f5d76ac259b4062555c97dd1795c3f87807ef09c8f471aabf7253dc9fc34d,f5b6ef6cb5cb1031f88c04da6d5a1aab8cb41b4b8531b764485e232ad8ed2861,T256_VALID_TRACK,1.1368683772161603e-13,295.76788055113695,286.5667445834244,14.81705068706691,6.311788082742939,70.41229737010072
32,297.53963760333596,3.4416913763379853e-15,373,SHAM,-x,0.0,0.0,,True,0.0,0.0,0.0,0.0,0.0,True,REDESIGNED_P2PRIME,,NONE,0.0,0.0,0.0,0.0,0.0,2,0.0,0.9100501285406202,0.9219607899968282,0.8993155924650431,0.9142766614036991,0.08994987145937987,0.0780392100031718,1.0119363393290597,1.0084045988676247,0.0,0.0,SHAM,0.0,0.0,0.0,0.0,{},0.08994987145937987,0.0780392100031718,980101,0.0,0.0,True,True,9fa9532fec7c84060c0a60d3bb4840f1ce54a612a80660a3f79d8b91d97e1ec1,71c88d324bcb489dbab42fb43c17b11eef7ffa37bfeb4d6c64c1eb2555bb0399,T256_VALID_TRACK,5.684341886080802e-14,301.0911716816148,300.0403389046104,0.0,0.0,0.0
32,297.53963760333596,3.4416913763379853e-15,373,D1_LEGACY_Q005,-x,0.0,0.0,,True,0.0,0.0,0.0,0.05,0.0,True,LEGACY_P2,,NONE,14.876981880166797,0.0,0.0,0.0,0.0,1,0.0,0.9100501285406202,0.9219607899968282,0.8993155924650431,0.9142766614036991,0.08994987145937987,0.0780392100031718,1.0119363393290597,1.0084045988676247,0.0,0.0,COUPLED,14.876981880166799,0.185962273502085,0.0,0.0,{},0.08994987145937987,0.0780392100031718,980101,0.0,0.0,True,True,9fa9532fec7c84060c0a60d3bb4840f1ce54a612a80660a3f79d8b91d97e1ec1,71c88d324bcb489dbab42fb43c17b11eef7ffa37bfeb4d6c64c1eb2555bb0399,T256_VALID_TRACK,5.684341886080802e-14,301.0911716816148,300.0403389046104,0.0,0.0,0.0
32,297.53963760333596,3.1086244689504383e-15,373,D1_REDESIGNED_Q005,-x,0.0,0.9178390031481097,1.051753828466858,True,0.0,3.5183051477250745e-07,3.5183051477250745e-07,0.05,3.6059122918948185,True,REDESIGNED_P2PRIME,,NONE,7.508248169805336,0.012221363163369995,0.011761630008611699,0.012194981715476776,0.011594901188287952,1,3.626057883804102,0.8896993405255086,0.8950505627512907,0.8916240303151552,0.9079209375853916,0.11030065947449143,0.10494943724870925,0.9978413661765415,0.985824344057612,0.012194981715476776,0.011594901188287952,COUPLED,14.876981880166799,0.185962273502085,7.368733710361463,7.368733710361463,"{""ACCEPTED_SUBTHRESHOLD_ADJACENT"": 910, ""REJECT_INSIDE_TRACK"": 1357, ""REJECT_QUOTA"": 293}",0.09810567775901466,0.09335453606042131,980101,0.012194981715476776,0.011594901188287952,True,True,9fa9532fec7c84060c0a60d3bb4840f1ce54a612a80660a3f79d8b91d97e1ec1,71c88d324bcb489dbab42fb43c17b11eef7ffa37bfeb4d6c64c1eb2555bb0399,T256_VALID_TRACK,0.0,296.8973584777858,293.32181807144826,3.316701110190529,3.503246214666706,6.2115607981120995
32,297.53963760333596,3.552713678800501e-15,373,D2_REDESIGNED_Q005,-x,0.0,6.064917943830952,1.1015045711234737,True,0.0,2.3768778030731922e-06,2.3768778030731922e-06,0.05,6.338671527878784,True,REDESIGNED_P2PRIME,,NONE,0.0,0.022142316301778448,0.02041991813654954,0.02171008465871787,0.01970948212822647,2,6.446142067044534,0.8636579371766904,0.8633238383306098,0.8808527245345688,0.8944426844577426,0.1363420628233096,0.1366761616693902,0.9804793844885206,0.9652086750019108,0.02171008465871787,0.01970948212822647,COUPLED,14.876981880166799,0.185962273502085,14.876981880166797,14.876981880166797,"{""ACCEPTED"": 70, ""ACCEPTED_SUBTHRESHOLD_ADJACENT"": 1111, ""REJECT_INSIDE_TRACK"": 243, ""REJECT_OCCUPIED"": 18, ""REJECT_QUOTA"": 1278}",0.11463197816459174,0.11696667954116372,980101,0.02171008465871787,0.01970948212822647,True,True,9fa9532fec7c84060c0a60d3bb4840f1ce54a612a80660a3f79d8b91d97e1ec1,71c88d324bcb489dbab42fb43c17b11eef7ffa37bfeb4d6c64c1eb2555bb0399,T256_VALID_TRACK,0.0,291.7314807382563,287.1878393716646,5.229961268836872,8.280115783399825,12.92919467216659
32,297.53963760333596,3.1086244689504383e-15,373,D2_REDESIGNED_Q020,-x,1.2963754324706633,15.3426488284021,0.9938362168325923,True,0.0,3.49080662344279e-07,3.49080662344279e-07,0.2,10.670521612899178,True,REDESIGNED_P2PRIME,,NONE,38.001360034527266,0.03646440376912111,0.03701758634885611,0.03576854809120956,0.03599038502058798,2,11.379723995133212,0.844904714623142,0.847556019560552,0.8613418297519285,0.8717461100132167,0.15509528537685807,0.15244398043944793,0.9809168502433921,0.9722509912292034,0.03576854809120956,0.03599038502058798,COUPLED,59.507927520667195,0.74384909400834,21.506567486139932,21.506567486139932,"{""ACCEPTED"": 29, ""ACCEPTED_SUBTHRESHOLD_ADJACENT"": 924, ""REJECT_INSIDE_TRACK"": 1310, ""REJECT_OCCUPIED"": 15, ""REJECT_QUOTA"": 442}",0.11932673728564851,0.11645359541885994,980101,0.03576854809120956,0.03599038502058798,True,True,9fa9532fec7c84060c0a60d3bb4840f1ce54a612a80660a3f79d8b91d97e1ec1,71c88d324bcb489dbab42fb43c17b11eef7ffa37bfeb4d6c64c1eb2555bb0399,T256_VALID_TRACK,0.0,291.8616441404247,289.28320758982136,7.964292418633438,9.923615529928588,20.14118710534648
32,297.53963760333596,3.1086244689504383e-15,373,D2_REDESIGNED_Q050,-x,3.006863900458814,16.348513006174986,1.0102341267537682,True,0.0,3.2732656376970274e-07,3.2732656376970274e-07,0.5,13.817390674281356,True,REDESIGNED_P2PRIME,,NONE,125.56210363473294,0.04099394849319879,0.04086113243932042,0.04032815436587818,0.03991961199674227,2,14.673427866832247,0.8400112385045628,0.8461069889774687,0.853879330369259,0.8660627697800362,0.15998876149543723,0.1538930110225313,0.983758721670076,0.9769580433440918,0.04032815436587818,0.03991961199674227,COUPLED,148.76981880166798,1.8596227350208498,23.207715166935042,23.207715166935042,"{""ACCEPTED"": 32, ""ACCEPTED_SUBTHRESHOLD_ADJACENT"": 665, ""REJECT_INSIDE_TRACK"": 1794, ""REJECT_OCCUPIED"": 18, ""REJECT_QUOTA"": 211}",0.11966060712955903,0.11397339902578904,980101,0.04032815436587818,0.03991961199674227,True,True,9fa9532fec7c84060c0a60d3bb4840f1ce54a612a80660a3f79d8b91d97e1ec1,71c88d324bcb489dbab42fb43c17b11eef7ffa37bfeb4d6c64c1eb2555bb0399,T256_VALID_TRACK,5.684341886080802e-14,292.7072135348355,290.68374217026525,8.912904211932016,9.610945152505293,22.262613218055506
32,297.53963760333596,3.219646771412954e-15,373,D2_REDESIGNED_Q100,-x,1.8323351849250726,21.886470506833707,0.9912184700828545,True,0.0,2.1128565507054778e-07,2.1128565507054783e-07,1.0,18.373355856153886,True,REDESIGNED_P2PRIME,,NONE,271.7572338269976,0.048828512207028434,0.049343536318836805,0.048501011165703316,0.04893069755010637,2,19.229016890177668,0.83584050383094,0.8449810247305842,0.8414844817358772,0.8521103105024277,0.16415949616906003,0.15501897526941577,0.9932928318615045,0.9916333769419596,0.048501011165703316,0.04893069755010637,COUPLED,297.53963760333596,3.7192454700416997,25.7824037763384,25.7824037763384,"{""ACCEPTED"": 33, ""ACCEPTED_SUBTHRESHOLD_ADJACENT"": 196, ""REJECT_INSIDE_TRACK"": 1974, ""REJECT_OCCUPIED"": 9, ""REJECT_QUOTA"": 100}",0.11565848500335671,0.1060882777193094,980101,0.048501011165703316,0.04893069755010637,True,True,9fa9532fec7c84060c0a60d3bb4840f1ce54a612a80660a3f79d8b91d97e1ec1,71c88d324bcb489dbab42fb43c17b11eef7ffa37bfeb4d6c64c1eb2555bb0399,T256_VALID_TRACK,0.0,295.5439892260634,295.05023561068293,10.329792553864856,8.392049608342177,25.12713585989444
32,297.53963760333596,5.88418203051333e-15,373,DIRECT_INTERFACE_Q100,-x,0.0,4.340461553526962,0.9803524542931542,True,67.31119189996264,0.002078690120493222,0.002078690120493222,1.0,63.400598001444834,True,REDESIGNED_P2PRIME,,NONE,230.22844570337347,0.212652476022919,0.22238126968619742,0.20997170901760548,0.21417981675681894,2,63.72698505977281,0.6820311782519424,0.6666710511596856,0.6907388593381577,0.6921994661534918,0.31796882174805763,0.33332894884031444,0.9873936713296271,0.9631198574369524,0.20997170901760548,0.21417981675681894,DIRECT_INTERFACE,297.53963760333596,3.7192454700416997,67.31119189996261,67.31119189996264,{},0.10799711273045215,0.1191491320834955,980101,0.20997170901760548,0.21417981675681894,True,True,9fa9532fec7c84060c0a60d3bb4840f1ce54a612a80660a3f79d8b91d97e1ec1,71c88d324bcb489dbab42fb43c17b11eef7ffa37bfeb4d6c64c1eb2555bb0399,T256_VALID_TRACK,1.1368683772161603e-13,293.78875513924464,286.5663333503674,14.09800002944322,6.484746196462603,65.45786533436684
32,297.0518029287348,2.7755575615628914e-15,372,SHAM,+y,0.0,0.0,,True,0.0,0.0,0.0,0.0,0.0,True,REDESIGNED_P2PRIME,,NONE,0.0,0.0,0.0,0.0,0.0,2,0.0,0.9083684120244631,0.9237200298733309,0.8984926374859684,0.9114490549183126,0.09163158797553689,0.07627997012666907,1.0109914918903817,1.0134631495735305,0.0,0.0,SHAM,0.0,0.0,0.0,0.0,{},0.09163158797553689,0.07627997012666907,980102,0.0,0.0,True,True,6de078545a8d697c54828856cfbb47efdec2d79b91df0276b81dcc60901c4b30,edf98211e10699e49d970c7174c6fb3d4dd35ba792c8b8a32e20087d0984dd0a,T256_VALID_TRACK,5.684341886080802e-14,300.31684541164924,301.05105578265125,0.0,0.0,0.0
32,297.0518029287348,2.7755575615628914e-15,372,D1_LEGACY_Q005,+y,0.0,0.0,,True,0.0,0.0,0.0,0.05,0.0,True,LEGACY_P2,,NONE,14.85259014643674,0.0,0.0,0.0,0.0,1,0.0,0.9083684120244631,0.9237200298733309,0.8984926374859684,0.9114490549183126,0.09163158797553689,0.07627997012666907,1.0109914918903817,1.0134631495735305,0.0,0.0,COUPLED,14.85259014643674,0.18565737683045924,0.0,0.0,{},0.09163158797553689,0.07627997012666907,980102,0.0,0.0,True,True,6de078545a8d697c54828856cfbb47efdec2d79b91df0276b81dcc60901c4b30,edf98211e10699e49d970c7174c6fb3d4dd35ba792c8b8a32e20087d0984dd0a,T256_VALID_TRACK,5.684341886080802e-14,300.31684541164924,301.05105578265125,0.0,0.0,0.0
32,297.0518029287348,3.1086244689504383e-15,372,D1_REDESIGNED_Q005,+y,0.0,1.0594921669207835,1.0385406070289662,True,0.0,1.946112841208978e-07,1.946112841208978e-07,0.05,4.0419396238013094,True,REDESIGNED_P2PRIME,,NONE,6.927373265730397,0.013592712824645197,0.013151093090909486,0.013662646411430668,0.013155620799957416,1,4.056781534078972,0.8901292111685336,0.8997913069591614,0.885572998077382,0.8994816299546537,0.10987078883146636,0.10020869304083857,1.0051449322653732,1.0003442838566066,0.013662646411430668,0.013155620799957416,COUPLED,14.85259014643674,0.18565737683045924,7.925216880706345,7.925216880706345,"{""ACCEPTED_SUBTHRESHOLD_ADJACENT"": 919, ""REJECT_INSIDE_TRACK"": 1400, ""REJECT_QUOTA"": 481}",0.0962081424200357,0.08705307224088114,980102,0.013662646411430668,0.013155620799957416,True,True,6de078545a8d697c54828856cfbb47efdec2d79b91df0276b81dcc60901c4b30,edf98211e10699e49d970c7174c6fb3d4dd35ba792c8b8a32e20087d0984dd0a,T256_VALID_TRACK,5.684341886080802e-14,298.58011433411014,297.15407306905905,3.6662398925566473,3.654954571806306,6.795877441303275
32,297.0518029287348,3.1086244689504383e-15,372,D2_REDESIGNED_Q005,+y,0.0,7.640667214276759,1.0444120805225168,True,0.0,2.6142428558726735e-06,2.6142428558726735e-06,0.05,6.477919814435222,True,REDESIGNED_P2PRIME,,NONE,2.7755575615628914e-17,0.022346744213588423,0.02166879903671185,0.02214807479695383,0.02120626064175091,2,6.566072479034389,0.8675092310424207,0.8680760029395198,0.8752908352873199,0.8870099624850912,0.13249076895757927,0.13192399706048025,0.9911096929943921,0.9786541748724837,0.02214807479695383,0.02120626064175091,COUPLED,14.85259014643674,0.18565737683045924,14.85259014643674,14.85259014643674,"{""ACCEPTED"": 72, ""ACCEPTED_SUBTHRESHOLD_ADJACENT"": 1037, ""REJECT_INSIDE_TRACK"": 268, ""REJECT_OCCUPIED"": 18, ""REJECT_QUOTA"": 1485}",0.11034269416062545,0.11071773641872934,980102,0.02214807479695383,0.02120626064175091,True,True,6de078545a8d697c54828856cfbb47efdec2d79b91df0276b81dcc60901c4b30,edf98211e10699e49d970c7174c6fb3d4dd35ba792c8b8a32e20087d0984dd0a,T256_VALID_TRACK,1.1368683772161603e-13,294.410921204129,290.7109870896046,5.060721942226751,8.91004919068373,12.887917159335016
32,297.0518029287348,3.1086244689504383e-15,372,D2_REDESIGNED_Q020,+y,0.0,19.50925704273231,0.996065237282135,True,0.0,3.3789384221042064e-07,3.3789384221042064e-07,0.2,12.342687367359176,True,REDESIGNED_P2PRIME,,NONE,36.99602854722333,0.03789778932736177,0.038213424802071926,0.03749347919833099,0.03764158992300117,2,13.741488050710961,0.8457099262313661,0.8525291704239633,0.8548296210878635,0.8654804276920784,0.15429007376863396,0.14747082957603674,0.9893315642889261,0.9850357594998982,0.03749347919833099,0.03764158992300117,COUPLED,59.41036058574696,0.742629507321837,22.414332038523632,22.414332038523632,"{""ACCEPTED"": 35, ""ACCEPTED_SUBTHRESHOLD_ADJACENT"": 789, ""REJECT_INSIDE_TRACK"": 1565, ""REJECT_OCCUPIED"": 10, ""REJECT_QUOTA"": 481}",0.11679659457030298,0.10982923965303557,980102,0.03749347919833099,0.03764158992300117,True,True,6de078545a8d697c54828856cfbb47efdec2d79b91df0276b81dcc60901c4b30,edf98211e10699e49d970c7174c6fb3d4dd35ba792c8b8a32e20087d0984dd0a,T256_VALID_TRACK,5.684341886080802e-14,293.882724866331,292.60664830872037,8.624712667861724,10.345790373772886,20.943640728318865
32,297.0518029287348,2.9976021664879227e-15,372,D2_REDESIGNED_Q050,+y,1.5998209929962655,20.13493913624465,0.9880999668338776,True,0.0,2.733067012785713e-07,2.733067012785713e-07,0.5,15.6620766873087,True,REDESIGNED_P2PRIME,,NONE,124.13959402950044,0.0441366438913146,0.04464664692616514,0.044016567309245226,0.04454667420978208,2,16.66977087901543,0.8410207201097895,0.8506864612440378,0.8433150129111979,0.8525955922359579,0.1589792798902105,0.14931353875596218,0.9972794356008341,0.9977608012411683,0.044016567309245226,0.04454667420978208,COUPLED,148.5259014643674,1.8565737683045924,24.38630743486699,24.38630743486699,"{""ACCEPTED"": 37, ""ACCEPTED_SUBTHRESHOLD_ADJACENT"": 537, ""REJECT_INSIDE_TRACK"": 1994, ""REJECT_OCCUPIED"": 16, ""REJECT_QUOTA"": 296}",0.11496271258096527,0.1047668645461801,980102,0.044016567309245226,0.04454667420978208,True,True,6de078545a8d697c54828856cfbb47efdec2d79b91df0276b81dcc60901c4b30,edf98211e10699e49d970c7174c6fb3d4dd35ba792c8b8a32e20087d0984dd0a,T256_VALID_TRACK,0.0,296.2436543689788,296.38664490030806,9.546902648365121,9.69304175884275,23.424440505347796
32,297.0518029287348,2.886579864025407e-15,372,D2_REDESIGNED_Q100,+y,0.0,25.561660898779248,0.9532796893430175,True,0.0,1.7758490176895588e-07,1.775849017689559e-07,1.0,19.93884104846969,True,REDESIGNED_P2PRIME,,NONE,270.3888242973886,0.04904910122675051,0.05140321562337548,0.04901156371796097,0.051413624213203175,2,21.731227718334324,0.8370467266777483,0.8438088325064772,0.8376878131168739,0.8436380050231992,0.16295327332225168,0.15619116749352277,0.9992346952777788,1.0002024890797485,0.04901156371796097,0.051413624213203175,COUPLED,297.0518029287348,3.713147536609185,26.662978631346103,26.662978631346103,"{""ACCEPTED"": 35, ""ACCEPTED_SUBTHRESHOLD_ADJACENT"": 229, ""REJECT_INSIDE_TRACK"": 1832, ""REJECT_OCCUPIED"": 10, ""REJECT_QUOTA"": 162}",0.11394170960429073,0.10477754328031959,980102,0.04901156371796097,0.051413624213203175,True,True,6de078545a8d697c54828856cfbb47efdec2d79b91df0276b81dcc60901c4b30,edf98211e10699e49d970c7174c6fb3d4dd35ba792c8b8a32e20087d0984dd0a,T256_VALID_TRACK,1.1368683772161603e-13,296.8244677812091,297.1119526749475,10.810410100083663,9.192303180831733,26.071438596881542
32,297.0518029287348,5.10702591327572e-15,372,DIRECT_INTERFACE_Q100,+y,0.0,4.463095715149399,0.9802311518752584,True,73.38413031010222,0.010567606418421763,0.010567606418421763,1.0,69.33348106626853,True,REDESIGNED_P2PRIME,,NONE,223.66767261863262,0.23218069307222644,0.23978731858417016,0.22988847429701806,0.23452475863190383,2,69.66600238303339,0.659383972931548,0.6553853993681482,0.6659586928145135,0.6700917569234639,0.34061602706845195,0.3446146006318518,0.9901274358996968,0.978053218229641,0.22988847429701806,0.23452475863190383,DIRECT_INTERFACE,297.0518029287348,3.713147536609185,73.3841303102415,73.38413031010222,{},0.1107275527714339,0.11008984199994797,980102,0.22988847429701806,0.23452475863190383,True,True,6de078545a8d697c54828856cfbb47efdec2d79b91df0276b81dcc60901c4b30,edf98211e10699e49d970c7174c6fb3d4dd35ba792c8b8a32e20087d0984dd0a,T256_VALID_TRACK,1.1368683772161603e-13,294.1191399632102,290.53247183536615,14.20720571146136,6.799673656887974,71.48878801754762
32,295.8582386298139,3.219646771412954e-15,369,SHAM,-y,0.0,0.0,,True,0.0,0.0,0.0,0.0,0.0,True,REDESIGNED_P2PRIME,,NONE,0.0,0.0,0.0,0.0,0.0,2,0.0,0.8969753220002333,0.9124966844862946,0.9109896173864357,0.9235944900647407,0.10302467799976663,0.0875033155137054,0.9846164049307079,0.9879841145677816,0.0,0.0,SHAM,0.0,0.0,0.0,0.0,{},0.10302467799976663,0.0875033155137054,980103,0.0,0.0,True,True,1c2d195bb1b627c065b0786d3184cd798035fa6f7bb4ec35b7c3fdf0eae703c6,36c0e59a0f489233a818e7fe9cd2ee645099eb6b31484960acbe4c4ae7018ead,T256_VALID_TRACK,0.0,291.30687528881884,292.30323993026013,0.0,0.0,0.0
32,295.8582386298139,3.219646771412954e-15,369,D1_LEGACY_Q005,-y,0.0,0.0,,True,0.0,0.0,0.0,0.05,0.0,True,LEGACY_P2,,NONE,14.792911931490673,0.0,0.0,0.0,0.0,1,0.0,0.8969753220002333,0.9124966844862946,0.9109896173864357,0.9235944900647407,0.10302467799976663,0.0875033155137054,0.9846164049307079,0.9879841145677816,0.0,0.0,COUPLED,14.792911931490696,0.1849113991436337,0.0,0.0,{},0.10302467799976663,0.0875033155137054,980103,0.0,0.0,True,True,1c2d195bb1b627c065b0786d3184cd798035fa6f7bb4ec35b7c3fdf0eae703c6,36c0e59a0f489233a818e7fe9cd2ee645099eb6b31484960acbe4c4ae7018ead,T256_VALID_TRACK,0.0,291.30687528881884,292.30323993026013,0.0,0.0,0.0
32,295.8582386298139,2.9976021664879227e-15,369,D1_REDESIGNED_Q005,-y,0.0,1.1760796100890902,1.0286940087961252,True,0.0,4.6220802942937646e-07,4.6220802942937646e-07,0.05,3.9633115289240606,True,REDESIGNED_P2PRIME,,NONE,7.314588319578153,0.013535470155403663,0.013229418479356546,0.01342737089220569,0.01305283279322261,1,3.9716883887314016,0.8866599507398903,0.8957448336094781,0.8937981528608856,0.9078629476273016,0.11334004926010961,0.10425516639052194,0.9920136307082901,0.9866520447282333,0.01342737089220569,0.01305283279322261,COUPLED,14.792911931490696,0.1849113991436337,7.4783236119125425,7.4783236119125425,"{""ACCEPTED_SUBTHRESHOLD_ADJACENT"": 823, ""REJECT_INSIDE_TRACK"": 1094, ""REJECT_QUOTA"": 723}",0.09991267836790392,0.09120233359729933,980103,0.01342737089220569,0.01305283279322261,True,True,1c2d195bb1b627c065b0786d3184cd798035fa6f7bb4ec35b7c3fdf0eae703c6,36c0e59a0f489233a818e7fe9cd2ee645099eb6b31484960acbe4c4ae7018ead,T256_VALID_TRACK,5.684341886080802e-14,293.49540547812137,291.9091360937995,3.4743373394723123,3.5825497255478567,6.435765005398098
32,295.8582386298139,2.886579864025407e-15,369,D2_REDESIGNED_Q005,-y,0.9159038514374966,5.45291240086151,1.100678883515264,True,0.0,3.3609224414724515e-06,3.3609224414724515e-06,0.05,6.339169509024296,True,REDESIGNED_P2PRIME,,NONE,0.0,0.022596502839049324,0.02076245809174537,0.02185178768106189,0.019853008909622504,2,6.451011106645976,0.8572547287294426,0.8603706455120372,0.8864702144397724,0.8997834812915142,0.1427452712705574,0.13962935448796276,0.9670429020237378,0.9561974223810985,0.02185178768106189,0.019853008909622504,COUPLED,14.792911931490696,0.1849113991436337,14.792911931490673,14.792911931490673,"{""ACCEPTED"": 73, ""ACCEPTED_SUBTHRESHOLD_ADJACENT"": 904, ""REJECT_INSIDE_TRACK"": 203, ""REJECT_OCCUPIED"": 23, ""REJECT_QUOTA"": 1597}",0.1208934835894955,0.11977634557834026,980103,0.02185178768106189,0.019853008909622504,True,True,1c2d195bb1b627c065b0786d3184cd798035fa6f7bb4ec35b7c3fdf0eae703c6,36c0e59a0f489233a818e7fe9cd2ee645099eb6b31484960acbe4c4ae7018ead,T256_VALID_TRACK,0.0,286.10760967220676,282.89888516804,5.0444624545613275,8.800597168002163,12.95726642512721
32,295.8582386298139,3.3306690738754696e-15,369,D2_REDESIGNED_Q020,-y,0.0,16.163721796307637,0.9367654773702762,True,0.0,6.599280201280477e-07,6.599280201280478e-07,0.2,11.85805953769001,True,REDESIGNED_P2PRIME,,NONE,36.32025922590644,0.038859053775595585,0.04146542604835011,0.03771364198130205,0.04025942767145223,2,11.970926876404032,0.8394400331685146,0.8435150980852585,0.8649349062192284,0.8687831631824934,0.16055996683148546,0.15648490191474157,0.9705239401631318,0.9709155676950806,0.03771364198130205,0.04025942767145223,COUPLED,59.171647725962785,0.7396455965745348,22.85138850005634,22.85138850005634,"{""ACCEPTED"": 26, ""ACCEPTED_SUBTHRESHOLD_ADJACENT"": 1092, ""REJECT_INSIDE_TRACK"": 1212, ""REJECT_OCCUPIED"": 24, ""REJECT_QUOTA"": 446}",0.1228463248501834,0.11622547424328933,980103,0.03771364198130205,0.04025942767145223,True,True,1c2d195bb1b627c065b0786d3184cd798035fa6f7bb4ec35b7c3fdf0eae703c6,36c0e59a0f489233a818e7fe9cd2ee645099eb6b31484960acbe4c4ae7018ead,T256_VALID_TRACK,0.0,287.1375034847311,287.2533697165324,8.594278924355269,11.422122746084138,21.44949077706419
32,295.8582386298139,3.9968028886505635e-15,369,D2_REDESIGNED_Q050,-y,0.0,23.12046133033183,0.9760437001340392,True,0.0,4.402745947772079e-07,4.4027459477720794e-07,0.5,16.909315329219492,True,REDESIGNED_P2PRIME,,NONE,122.5494209931298,0.04698153480726294,0.048224945362699514,0.04597548311692065,0.047103918718605406,2,18.637798062140348,0.8332839554751769,0.8392569909913622,0.8515181680403598,0.859230476716913,0.1667160445248231,0.16074300900863775,0.9785862319213385,0.9767542163985282,0.04597548311692065,0.047103918718605406,COUPLED,147.92911931490696,1.849113991436337,25.37969832177714,25.37969832177714,"{""ACCEPTED"": 38, ""ACCEPTED_SUBTHRESHOLD_ADJACENT"": 550, ""REJECT_INSIDE_TRACK"": 1890, ""REJECT_OCCUPIED"": 10, ""REJECT_QUOTA"": 277}",0.12074056140790246,0.11363909029003234,980103,0.04597548311692065,0.047103918718605406,True,True,1c2d195bb1b627c065b0786d3184cd798035fa6f7bb4ec35b7c3fdf0eae703c6,36c0e59a0f489233a818e7fe9cd2ee645099eb6b31484960acbe4c4ae7018ead,T256_VALID_TRACK,5.684341886080802e-14,289.5227989236338,288.98078203791266,10.128416699288218,9.597120608066213,24.522666273979603
32,295.8582386298139,3.1086244689504383e-15,369,D2_REDESIGNED_Q100,-y,0.0,24.22328464845988,0.9950078162909607,True,0.0,3.3269187344521186e-07,3.3269187344521197e-07,1.0,18.4203360665535,True,REDESIGNED_P2PRIME,,NONE,269.68037761084423,0.04897714402428411,0.04937700623027176,0.04813392341569596,0.04837542241137593,2,20.70606890792313,0.833388811926176,0.8411832390927101,0.8479882995913305,0.8585994285336424,0.16661118807382405,0.15881676090728986,0.9827833854875233,0.9797155823051542,0.04813392341569596,0.04837542241137593,COUPLED,295.8582386298139,3.698227982872674,26.177861018969608,26.177861018969608,"{""ACCEPTED"": 34, ""ACCEPTED_SUBTHRESHOLD_ADJACENT"": 554, ""REJECT_INSIDE_TRACK"": 1368, ""REJECT_OCCUPIED"": 12, ""REJECT_QUOTA"": 832}",0.11847726465812809,0.11044133849591395,980103,0.04813392341569596,0.04837542241137593,True,True,1c2d195bb1b627c065b0786d3184cd798035fa6f7bb4ec35b7c3fdf0eae703c6,36c0e59a0f489233a818e7fe9cd2ee645099eb6b31484960acbe4c4ae7018ead,T256_VALID_TRACK,5.684341886080802e-14,290.76456138498406,289.8569265389854,10.58239651258488,10.073597935549515,25.624043351025847
32,295.8582386298139,5.773159728050814e-15,369,DIRECT_INTERFACE_Q100,-y,0.0,4.651531491682329,0.9921673660174196,True,69.28882943892425,0.007582597351556734,0.007582597351556734,1.0,65.05930324460307,True,REDESIGNED_P2PRIME,,NONE,226.56940919088967,0.22073021589566316,0.23225942244953715,0.21807442457665535,0.21979600624440068,2,65.16215132708503,0.6774599110074924,0.6559942878693236,0.6857102693616288,0.6931920967722583,0.3225400889925077,0.3440057121306765,0.9879681569275355,0.9463383828578822,0.21807442457665535,0.21979600624440068,DIRECT_INTERFACE,295.8582386298139,3.698227982872674,69.28882943905265,69.28882943892425,{},0.10446566441585234,0.12420970588627578,980103,0.21807442457665535,0.21979600624440068,True,True,1c2d195bb1b627c065b0786d3184cd798035fa6f7bb4ec35b7c3fdf0eae703c6,36c0e59a0f489233a818e7fe9cd2ee645099eb6b31484960acbe4c4ae7018ead,T256_VALID_TRACK,0.0,292.29851873092423,279.9820071001195,13.175928463982991,6.8306646466698515,67.4961877562782
32,295.7090648269241,2.9976021664879227e-15,369,SHAM,+x,0.0,0.0,,True,0.0,0.0,0.0,0.0,0.0,True,REDESIGNED_P2PRIME,,NONE,0.0,0.0,0.0,0.0,0.0,2,0.0,0.9056701703806197,0.9204487119908841,0.9003608700844067,0.9138866506043903,0.09432982961938029,0.07955128800911591,1.0058968581072556,1.0071803887081117,0.0,0.0,SHAM,0.0,0.0,0.0,0.0,{},0.09432982961938029,0.07955128800911591,980104,0.0,0.0,True,True,310dbe788d43e5caf5eae144a96bb870a48465507220a08bf8b9bb809e089cc0,ec1138222b899eb1bf83da379e1e4dd020c795e6dc6d39b2c6aa3e6c1408f2c9,T256_VALID_TRACK,0.0,297.4528192232377,297.8323708568936,0.0,0.0,0.0
32,295.7090648269241,2.9976021664879227e-15,369,D1_LEGACY_Q005,+x,0.0,0.0,,True,0.0,0.0,0.0,0.05,0.0,True,LEGACY_P2,,NONE,14.785453241346183,0.0,0.0,0.0,0.0,1,0.0,0.9056701703806197,0.9204487119908841,0.9003608700844067,0.9138866506043903,0.09432982961938029,0.07955128800911591,1.0058968581072556,1.0071803887081117,0.0,0.0,COUPLED,14.785453241346204,0.18481816551682756,0.0,0.0,{},0.09432982961938029,0.07955128800911591,980104,0.0,0.0,True,True,310dbe788d43e5caf5eae144a96bb870a48465507220a08bf8b9bb809e089cc0,ec1138222b899eb1bf83da379e1e4dd020c795e6dc6d39b2c6aa3e6c1408f2c9,T256_VALID_TRACK,0.0,297.4528192232377,297.8323708568936,0.0,0.0,0.0
32,295.7090648269241,3.219646771412954e-15,369,D1_REDESIGNED_Q005,+x,0.0,1.0334048685964197,1.0365278192434715,True,0.0,6.845483061179293e-07,6.845483061179293e-07,0.05,3.3647739686209617,True,REDESIGNED_P2PRIME,,NONE,8.213582445499538,0.011354487824821503,0.011017665401715369,0.011418379805423103,0.011015989723997,1,3.375316903600817,0.8932657132392299,0.9021095431592866,0.888267410800976,0.9022467659507809,0.10673428676077017,0.09789045684071344,1.0056270244494805,0.9998479099103783,0.011418379805423103,0.011015989723997,COUPLED,14.785453241346204,0.18481816551682756,6.57187079584667,6.57187079584667,"{""ACCEPTED_SUBTHRESHOLD_ADJACENT"": 836, ""REJECT_INSIDE_TRACK"": 1425, ""REJECT_QUOTA"": 299}",0.09531590695534706,0.08687446711671644,980104,0.011418379805423103,0.011015989723997,True,True,310dbe788d43e5caf5eae144a96bb870a48465507220a08bf8b9bb809e089cc0,ec1138222b899eb1bf83da379e1e4dd020c795e6dc6d39b2c6aa3e6c1408f2c9,T256_VALID_TRACK,0.0,297.3730269646382,295.6640904087526,2.883984446218858,3.27645228595145,5.695624435154978
32,295.7090648269241,3.552713678800501e-15,369,D2_REDESIGNED_Q005,+x,0.5694502807634394,5.278391350029777,1.027753428910226,True,0.0,3.5407679753830033e-06,3.5407679753830033e-06,0.05,6.460562967601051,True,REDESIGNED_P2PRIME,,NONE,0.0,0.023132799245513737,0.02275238974426219,0.022848944975873354,0.02223193261451936,2,6.745534848953879,0.8653730557693284,0.8671953966344091,0.8761236544062128,0.887496736823061,0.13462694423067162,0.13280460336559086,0.9877293592259297,0.9771251663850351,0.022848944975873354,0.02223193261451936,COUPLED,14.785453241346204,0.18481816551682756,14.785453241346183,14.785453241346183,"{""ACCEPTED"": 68, ""ACCEPTED_SUBTHRESHOLD_ADJACENT"": 952, ""REJECT_INSIDE_TRACK"": 311, ""REJECT_OCCUPIED"": 35, ""REJECT_QUOTA"": 1354}",0.11177799925479825,0.11057267075107151,980104,0.022848944975873354,0.02223193261451936,True,True,310dbe788d43e5caf5eae144a96bb870a48465507220a08bf8b9bb809e089cc0,ec1138222b899eb1bf83da379e1e4dd020c795e6dc6d39b2c6aa3e6c1408f2c9,T256_VALID_TRACK,0.0,292.08052511879663,288.9447691705713,5.101103381734906,8.72705591047727,12.690560018263835
32,295.7090648269241,3.219646771412954e-15,369,D2_REDESIGNED_Q020,+x,1.7280558651462912,12.172540874380173,0.9972868004068991,True,0.0,1.067984215101273e-06,1.067984215101273e-06,0.2,10.638841013336016,True,REDESIGNED_P2PRIME,,NONE,38.363071173160144,0.036254364128219294,0.036679285623630466,0.03598468697680088,0.03608258623509196,2,10.698136523334828,0.8504937080823198,0.852839981137562,0.856867494816738,0.8669434351402869,0.14950629191768022,0.14716001886243804,0.9925615258217009,0.9837319790068625,0.03598468697680088,0.03608258623509196,COUPLED,59.141812965384815,0.7392726620673102,20.778741792224682,20.778741792224682,"{""ACCEPTED"": 25, ""ACCEPTED_SUBTHRESHOLD_ADJACENT"": 1118, ""REJECT_INSIDE_TRACK"": 1180, ""REJECT_OCCUPIED"": 20, ""REJECT_QUOTA"": 377}",0.11352160494087933,0.11107743262734607,980104,0.03598468697680088,0.03608258623509196,True,True,310dbe788d43e5caf5eae144a96bb870a48465507220a08bf8b9bb809e089cc0,ec1138222b899eb1bf83da379e1e4dd020c795e6dc6d39b2c6aa3e6c1408f2c9,T256_VALID_TRACK,5.684341886080802e-14,293.50944058392,290.8984635524586,7.875619628635608,9.590878906874165,19.457716276600845
32,295.7090648269241,3.219646771412954e-15,369,D2_REDESIGNED_Q050,+x,4.227913785626619,14.035135851535438,1.0095893428223663,True,0.0,7.677581240496445e-07,7.677581240496454e-07,0.5,13.079146251462879,True,REDESIGNED_P2PRIME,,NONE,125.18707630752033,0.041875011204588294,0.041887379448609895,0.041927300830678846,0.04152906439510208,2,14.927002403971201,0.8482446274095043,0.8515453300619622,0.847186739266891,0.8588925100418094,0.15175537259049562,0.14845466993803783,1.0012487071546101,0.9914457514835127,0.041927300830678846,0.04152906439510208,COUPLED,147.85453241346204,1.8481816551682755,22.66745610594174,22.66745610594174,"{""ACCEPTED"": 31, ""ACCEPTED_SUBTHRESHOLD_ADJACENT"": 738, ""REJECT_INSIDE_TRACK"": 1607, ""REJECT_OCCUPIED"": 23, ""REJECT_QUOTA"": 321}",0.10982807175981678,0.10692560554293574,980104,0.041927300830678846,0.04152906439510208,True,True,310dbe788d43e5caf5eae144a96bb870a48465507220a08bf8b9bb809e089cc0,ec1138222b899eb1bf83da379e1e4dd020c795e6dc6d39b2c6aa3e6c1408f2c9,T256_VALID_TRACK,1.1368683772161603e-13,296.0783188518565,293.1794959978165,8.726825107168683,9.06770154812517,21.86664333651503
32,295.7090648269241,3.3306690738754696e-15,369,D2_REDESIGNED_Q100,+x,2.5609426662504715,18.75027875024761,0.9866023337459439,True,0.0,4.163306634346408e-07,4.163306634346416e-07,1.0,16.46384345477786,True,REDESIGNED_P2PRIME,,NONE,271.2354657519763,0.046354503322017786,0.047136925551445615,0.04626728883885996,0.04689558017077838,2,18.28734737665905,0.8404987508324949,0.8469512086949779,0.8420831026713061,0.8513099939179068,0.15950124916750505,0.15304879130502216,0.998118532679512,0.9948799083129884,0.04626728883885996,0.04689558017077838,COUPLED,295.7090648269241,3.696363310336551,24.47359907494779,24.47359907494779,"{""ACCEPTED"": 30, ""ACCEPTED_SUBTHRESHOLD_ADJACENT"": 409, ""REJECT_INSIDE_TRACK"": 2182, ""REJECT_OCCUPIED"": 9, ""REJECT_QUOTA"": 90}",0.1132339603286451,0.10615321113424377,980104,0.04626728883885996,0.04689558017077838,True,True,310dbe788d43e5caf5eae144a96bb870a48465507220a08bf8b9bb809e089cc0,ec1138222b899eb1bf83da379e1e4dd020c795e6dc6d39b2c6aa3e6c1408f2c9,T256_VALID_TRACK,0.0,295.15269788508016,294.19500730232977,9.950316565439277,7.884075914464774,23.950639501557315
32,295.7090648269241,5.329070518200751e-15,369,DIRECT_INTERFACE_Q100,+x,0.0,4.109899027049698,0.9883563268387902,True,66.25409090391788,0.0010495719145244215,0.0010495719145244215,1.0,62.24350185121379,True,REDESIGNED_P2PRIME,,NONE,229.45497392300624,0.21148145193017098,0.2200168112679619,0.20868856933764285,0.21114709712551052,2,62.43811063190442,0.6796444802208471,0.6685531534403919,0.6887401735975435,0.6966372495079115,0.3203555197791529,0.3314468465596081,0.986793723198712,0.9596861981076126,0.20868856933764285,0.21114709712551052,DIRECT_INTERFACE,295.7090648269241,3.696363310336551,66.25409090391788,66.25409090391788,{},0.11166695044151004,0.12029974943409759,980104,0.20868856933764285,0.21114709712551052,True,True,310dbe788d43e5caf5eae144a96bb870a48465507220a08bf8b9bb809e089cc0,ec1138222b899eb1bf83da379e1e4dd020c795e6dc6d39b2c6aa3e6c1408f2c9,T256_VALID_TRACK,5.684341886080802e-14,291.8038490641697,283.7879081697083,13.566002957526335,6.180015463536405,64.35752016941551
32,299.45267650477336,3.6637359812630166e-15,378,SHAM,-x,0.0,0.0,,True,0.0,0.0,0.0,0.0,0.0,True,REDESIGNED_P2PRIME,,NONE,0.0,0.0,0.0,0.0,0.0,2,0.0,0.9021029010545689,0.9158057844266585,0.9074532280222045,0.9214416069642499,0.0978970989454311,0.08419421557334147,0.9941040190255351,0.993883689975582,0.0,0.0,SHAM,0.0,0.0,0.0,0.0,{},0.0978970989454311,0.08419421557334147,980105,0.0,0.0,True,True,69f3cc4fa6a7791c919ff8fd35b96c8246aae461c8ec81ebbbb72d391050fc0f,931d66588b21248af3ed668ec3e9974d22f4d81d3e66ba2038f4f549d2815679,T256_VALID_TRACK,1.1368683772161603e-13,297.68710922134863,297.6211310976284,0.0,0.0,0.0
32,299.45267650477336,3.6637359812630166e-15,378,D1_LEGACY_Q005,-x,0.0,0.0,,True,0.0,0.0,0.0,0.05,0.0,True,LEGACY_P2,,NONE,14.972633825238681,0.0,0.0,0.0,0.0,1,0.0,0.9021029010545689,0.9158057844266585,0.9074532280222045,0.9214416069642499,0.0978970989454311,0.08419421557334147,0.9941040190255351,0.993883689975582,0.0,0.0,COUPLED,14.972633825238669,0.18715792281548335,0.0,0.0,{},0.0978970989454311,0.08419421557334147,980105,0.0,0.0,True,True,69f3cc4fa6a7791c919ff8fd35b96c8246aae461c8ec81ebbbb72d391050fc0f,931d66588b21248af3ed668ec3e9974d22f4d81d3e66ba2038f4f549d2815679,T256_VALID_TRACK,1.1368683772161603e-13,297.68710922134863,297.6211310976284,0.0,0.0,0.0
32,299.45267650477336,3.219646771412954e-15,378,D1_REDESIGNED_Q005,-x,0.0,1.4660980907297347,1.0337395562619303,True,0.0,6.039807465504444e-07,6.039807465504444e-07,0.05,4.161641139135696,True,REDESIGNED_P2PRIME,,NONE,7.097515276063622,0.014144689716008772,0.01374354669572021,0.014069728593682282,0.013610515829112062,1,4.212947749222111,0.8867524290127382,0.8964177951828961,0.8914768952213034,0.9051794936837768,0.11324757098726179,0.10358220481710395,0.9947004053230203,0.9903204849844492,0.014069728593682282,0.013610515829112062,COUPLED,14.972633825238669,0.18715792281548335,7.875118549175048,7.875118549175048,"{""ACCEPTED_SUBTHRESHOLD_ADJACENT"": 924, ""REJECT_INSIDE_TRACK"": 991, ""REJECT_QUOTA"": 805}",0.0991778423935795,0.08997168898799189,980105,0.014069728593682282,0.013610515829112062,True,True,69f3cc4fa6a7791c919ff8fd35b96c8246aae461c8ec81ebbbb72d391050fc0f,931d66588b21248af3ed668ec3e9974d22f4d81d3e66ba2038f4f549d2815679,T256_VALID_TRACK,5.684341886080802e-14,297.86569869436136,296.55411982609854,3.513162623234732,4.181355325244175,6.805870051723177
32,299.45267650477336,3.1086244689504383e-15,378,D2_REDESIGNED_Q005,-x,0.8925508985408767,5.186494489883879,1.1224148182287985,True,0.0,0.05646307907469354,0.056464677034163885,0.05,5.011450808302396,True,REDESIGNED_P2PRIME,,NONE,0.0,0.017873047328510656,0.0161762731926507,0.01714729282209982,0.015277144014508574,2,5.120682270631047,0.8547546227209799,0.85447634490641,0.8909318797230726,0.9047661512346055,0.14524537727902004,0.14552365509358997,0.9593939134680671,0.9444167907258996,0.01714729282209982,0.015277144014508574,COUPLED,14.972633825238669,0.18715792281548335,14.972633825238681,14.972633825238681,"{""ACCEPTED"": 76, ""ACCEPTED_SUBTHRESHOLD_ADJACENT"": 519, ""REJECT_INSIDE_TRACK"": 142, ""REJECT_OCCUPIED"": 230, ""REJECT_QUOTA"": 2073}",0.12809808445692022,0.1302465110790814,980105,0.01714729282209982,0.015277144014508574,True,True,69f3cc4fa6a7791c919ff8fd35b96c8246aae461c8ec81ebbbb72d391050fc0f,931d66588b21248af3ed668ec3e9974d22f4d81d3e66ba2038f4f549d2815679,T256_VALID_TRACK,0.0,287.29307521040164,282.80813571891906,3.757526777036033,7.459285955054398,13.17572030165437
32,299.45267650477336,3.6637359812630166e-15,378,D2_REDESIGNED_Q020,-x,2.8261685087860893,15.67710858452813,0.9459982427548522,True,0.0,0.0067310173891605984,0.00673101739471735,0.2,12.099817125067066,True,REDESIGNED_P2PRIME,,NONE,33.24658046440996,0.040347695539552524,0.042361837825873654,0.03813716247267141,0.04031420012114584,2,13.027489061836048,0.8142183054008709,0.8228777276974041,0.8614126001793113,0.8646733098136458,0.1857816945991291,0.17712227230259592,0.9452129040501422,0.9516631522658546,0.03813716247267141,0.04031420012114584,COUPLED,59.890535300954674,0.7486316912619334,26.64395483654471,26.64395483654471,"{""ACCEPTED"": 43, ""ACCEPTED_SUBTHRESHOLD_ADJACENT"": 725, ""REJECT_INSIDE_TRACK"": 1399, ""REJECT_OCCUPIED"": 257, ""REJECT_QUOTA"": 616}",0.1476445321264577,0.13680807218145008,980105,0.03813716247267141,0.04031420012114584,True,True,69f3cc4fa6a7791c919ff8fd35b96c8246aae461c8ec81ebbbb72d391050fc0f,931d66588b21248af3ed668ec3e9974d22f4d81d3e66ba2038f4f549d2815679,T256_VALID_TRACK,5.684341886080802e-14,283.0465339846646,284.97807807697984,8.542962195301618,10.545373337607105,25.493075226756318
32,299.45267650477336,2.9976021664879227e-15,378,D2_REDESIGNED_Q050,-x,5.785900087140204,14.485641211721333,1.0212450414372598,True,0.0,0.0032178160918825585,0.0032214888127741165,0.5,14.995832031627476,True,REDESIGNED_P2PRIME,,NONE,120.99105079665992,0.04658579537606219,0.04606863670608133,0.0451458181174159,0.04420664608944339,2,16.62939447587562,0.8219863830208893,0.8257108826161162,0.8482045743800217,0.860489949826424,0.17801361697911072,0.17428911738388378,0.9690897783965665,0.9595822505337531,0.0451458181174159,0.04420664608944339,COUPLED,149.72633825238668,1.8715792281548336,28.73528745572676,28.73528745572676,"{""ACCEPTED"": 42, ""ACCEPTED_SUBTHRESHOLD_ADJACENT"": 690, ""REJECT_INSIDE_TRACK"": 1796, ""REJECT_OCCUPIED"": 270, ""REJECT_QUOTA"": 242}",0.13286779886169484,0.1300824712944404,980105,0.0451458181174159,0.04420664608944339,True,True,69f3cc4fa6a7791c919ff8fd35b96c8246aae461c8ec81ebbbb72d391050fc0f,931d66588b21248af3ed668ec3e9974d22f4d81d3e66ba2038f4f549d2815679,T256_VALID_TRACK,0.0,290.19652791426955,287.34947324880636,9.408163665648381,9.996383023212026,27.833582387656673
32,299.45267650477336,3.4416913763379853e-15,378,D2_REDESIGNED_Q100,-x,4.732437098880887,17.629062095724766,0.9971478494500183,True,0.0,0.00479649604123723,0.00480222869635678,1.0,17.60743909301603,True,REDESIGNED_P2PRIME,,NONE,269.44820113273204,0.049820980378062193,0.04982168224599049,0.047732174676928175,0.04786870342573078,2,19.62589044550642,0.810077311341108,0.8216244262344099,0.8455270707065977,0.8551455995232045,0.18992268865889192,0.17837557376559007,0.9580737736334514,0.9608006247035772,0.047732174676928175,0.04786870342573078,COUPLED,299.45267650477336,3.743158456309667,30.0044753720414,30.004475372041398,"{""ACCEPTED"": 39, ""ACCEPTED_SUBTHRESHOLD_ADJACENT"": 664, ""REJECT_INSIDE_TRACK"": 1956, ""REJECT_OCCUPIED"": 260, ""REJECT_QUOTA"": 121}",0.14219051398196375,0.1305068703398593,980105,0.047732174676928175,0.04786870342573078,True,True,69f3cc4fa6a7791c919ff8fd35b96c8246aae461c8ec81ebbbb72d391050fc0f,931d66588b21248af3ed668ec3e9974d22f4d81d3e66ba2038f4f549d2815679,T256_VALID_TRACK,0.0,286.89775580356536,287.71431865494446,10.047934862050408,9.91007091144943,29.481208210592577
32,299.45267650477336,5.662137425588298e-15,378,DIRECT_INTERFACE_Q100,-x,0.0,4.8969074232004965,0.982599439995375,True,70.30368898394507,0.00887702860552052,0.00887702860552052,1.0,66.23291599970554,True,REDESIGNED_P2PRIME,,NONE,229.14898752082826,0.2210503718936844,0.23227262510347502,0.21801412283484112,0.22187486982067411,2,66.36963930208087,0.6735677605929267,0.6537625506559235,0.6829484348931726,0.6843999230644081,0.3264322394070734,0.34623744934407646,0.9862644471808282,0.9552346933773672,0.21801412283484112,0.22187486982067411,DIRECT_INTERFACE,299.45267650477336,3.743158456309667,70.30368898405973,70.30368898394507,{},0.10841811657223227,0.12436257952340236,980105,0.21801412283484112,0.22187486982067411,True,True,69f3cc4fa6a7791c919ff8fd35b96c8246aae461c8ec81ebbbb72d391050fc0f,931d66588b21248af3ed668ec3e9974d22f4d81d3e66ba2038f4f549d2815679,T256_VALID_TRACK,5.684341886080802e-14,295.3395284497997,286.0475856220691,13.917703872986644,7.044305676799356,68.67242713093077
32,292.9229465394046,3.1086244689504383e-15,371,SHAM,+y,0.0,0.0,,True,0.0,0.0,0.0,0.0,0.0,True,REDESIGNED_P2PRIME,,NONE,0.0,0.0,0.0,0.0,0.0,2,0.0,0.8968115716839916,0.9124406088095687,0.9080371174582166,0.9213437525084167,0.10318842831600843,0.08755939119043128,0.9876375694799265,0.9903367839911992,0.0,0.0,SHAM,0.0,0.0,0.0,0.0,{},0.10318842831600843,0.08755939119043128,980106,0.0,0.0,True,True,6e1a8b1681fb2f191b5f682b3bbfe9672f952c368ab0b3811e3613ec1a84e756,116720bbbf9e1e25d3e0cdcefdfa27e5a2528df85405cdf72ad9f7e18c5d51c2,T256_VALID_TRACK,0.0,289.30170696507605,290.09236883305994,0.0,0.0,0.0
32,292.9229465394046,3.1086244689504383e-15,371,D1_LEGACY_Q005,+y,0.0,0.0,,True,0.0,0.0,0.0,0.05,0.0,True,LEGACY_P2,,NONE,14.646147326970256,0.0,0.0,0.0,0.0,1,0.0,0.8968115716839916,0.9124406088095687,0.9080371174582166,0.9213437525084167,0.10318842831600843,0.08755939119043128,0.9876375694799265,0.9903367839911992,0.0,0.0,COUPLED,14.646147326970231,0.1830768415871279,0.0,0.0,{},0.10318842831600843,0.08755939119043128,980106,0.0,0.0,True,True,6e1a8b1681fb2f191b5f682b3bbfe9672f952c368ab0b3811e3613ec1a84e756,116720bbbf9e1e25d3e0cdcefdfa27e5a2528df85405cdf72ad9f7e18c5d51c2,T256_VALID_TRACK,0.0,289.30170696507605,290.09236883305994,0.0,0.0,0.0
32,292.9229465394046,3.1086244689504383e-15,371,D1_REDESIGNED_Q005,+y,0.0,0.9876193152859497,1.034844499854003,True,0.0,6.564560490746698e-07,6.564560490746698e-07,0.05,3.5418360470613077,True,REDESIGNED_P2PRIME,,NONE,7.739333454318917,0.012241171877860585,0.011919454213470345,0.012127970633695376,0.011719606796389606,1,3.551472112012079,0.8842703626488491,0.8915277948891935,0.8925240522605439,0.9067304830134385,0.11572963735115098,0.10847220511080645,0.9907524177182786,0.983233509395515,0.012127970633695376,0.011719606796389606,COUPLED,14.646147326970231,0.1830768415871279,6.90681387265131,6.90681387265131,"{""ACCEPTED_SUBTHRESHOLD_ADJACENT"": 946, ""REJECT_INSIDE_TRACK"": 1117, ""REJECT_QUOTA"": 577}",0.10360166671745559,0.09675259831441685,980106,0.012127970633695376,0.011719606796389606,True,True,6e1a8b1681fb2f191b5f682b3bbfe9672f952c368ab0b3811e3613ec1a84e756,116720bbbf9e1e25d3e0cdcefdfa27e5a2528df85405cdf72ad9f7e18c5d51c2,T256_VALID_TRACK,1.1368683772161603e-13,290.2141174890772,288.0116567084136,3.088148999967481,3.269065557864443,6.03706120981799
32,292.9229465394046,3.1086244689504383e-15,371,D2_REDESIGNED_Q005,+y,0.0,5.69799713804534,1.1095569622725572,True,0.0,4.699507412463883e-06,4.699507412463883e-06,0.05,6.3908406974679375,True,REDESIGNED_P2PRIME,,NONE,2.7755575615628914e-17,0.022747793808755624,0.020960107787754572,0.022266490567466317,0.02006791117948631,2,6.5095099446216995,0.8592874941262829,0.8558933772941815,0.8778614968353864,0.8939454277259038,0.14071250587371706,0.14410662270581853,0.9788417617402504,0.9574335868258508,0.022266490567466317,0.02006791117948631,COUPLED,14.646147326970231,0.1830768415871279,14.646147326970256,14.646147326970256,"{""ACCEPTED"": 72, ""ACCEPTED_SUBTHRESHOLD_ADJACENT"": 978, ""REJECT_INSIDE_TRACK"": 305, ""REJECT_OCCUPIED"": 20, ""REJECT_QUOTA"": 1425}",0.11844601530625075,0.12403871152633222,980106,0.022266490567466317,0.02006791117948631,True,True,6e1a8b1681fb2f191b5f682b3bbfe9672f952c368ab0b3811e3613ec1a84e756,116720bbbf9e1e25d3e0cdcefdfa27e5a2528df85405cdf72ad9f7e18c5d51c2,T256_VALID_TRACK,1.1368683772161603e-13,286.725213044776,280.4542673688191,4.9687488718064765,8.288655825929252,13.03866894174413
32,292.9229465394046,3.1086244689504383e-15,371,D2_REDESIGNED_Q020,+y,0.0,16.550517958570712,0.9811511395897622,True,0.0,1.0378922072406849e-06,1.0378922072406853e-06,0.2,10.664619923569102,True,REDESIGNED_P2PRIME,,NONE,37.59536515042163,0.03610751786576562,0.037082621565515395,0.03562248369469662,0.03630682598971557,2,11.207647456342858,0.8463435610777461,0.846887987655022,0.857867337777461,0.8649840876613099,0.1536564389222539,0.153112012344978,0.9865669478341832,0.9790792683190104,0.03562248369469662,0.03630682598971557,COUPLED,58.584589307880925,0.7323073663485116,20.989224157459294,20.989224157459294,"{""ACCEPTED"": 26, ""ACCEPTED_SUBTHRESHOLD_ADJACENT"": 975, ""REJECT_INSIDE_TRACK"": 1362, ""REJECT_OCCUPIED"": 7, ""REJECT_QUOTA"": 430}",0.11803395522755727,0.11680518635526242,980106,0.03562248369469662,0.03630682598971557,True,True,6e1a8b1681fb2f191b5f682b3bbfe9672f952c368ab0b3811e3613ec1a84e756,116720bbbf9e1e25d3e0cdcefdfa27e5a2528df85405cdf72ad9f7e18c5d51c2,T256_VALID_TRACK,5.684341886080802e-14,288.98809731797604,286.79478417164887,7.95679568621672,9.311901421371429,20.011790988921817
32,292.9229465394046,3.4416913763379853e-15,371,D2_REDESIGNED_Q050,+y,3.3780217187596993,17.863246452742366,0.9648680876321496,True,0.0,7.052228907653572e-07,7.052228907653701e-07,0.5,15.18627303028754,True,REDESIGNED_P2PRIME,,NONE,123.25782132817203,0.042534246435386835,0.04397942897627429,0.04196951536989253,0.04349767176245668,2,16.567864234395785,0.8370215608811872,0.8453510729857399,0.8482843089437305,0.8547137345057259,0.16297843911881282,0.15464892701426014,0.9867229088834998,0.9890458510937579,0.04196951536989253,0.04349767176245668,COUPLED,146.4614732697023,1.830768415871279,23.20365194153029,23.20365194153029,"{""ACCEPTED"": 35, ""ACCEPTED_SUBTHRESHOLD_ADJACENT"": 613, ""REJECT_INSIDE_TRACK"": 1740, ""REJECT_OCCUPIED"": 11, ""REJECT_QUOTA"": 401}",0.12100892374892029,0.11115125525180346,980106,0.04196951536989253,0.04349767176245668,True,True,6e1a8b1681fb2f191b5f682b3bbfe9672f952c368ab0b3811e3613ec1a84e756,116720bbbf9e1e25d3e0cdcefdfa27e5a2528df85405cdf72ad9f7e18c5d51c2,T256_VALID_TRACK,5.684341886080802e-14,289.0337818880872,289.71422496495677,9.327184924094865,9.344262079511685,22.4948027473722
32,292.9229465394046,3.1086244689504383e-15,371,D2_REDESIGNED_Q100,+y,0.0,23.21676727811007,0.987678655590135,True,0.0,1.4285531464270423e-06,1.4285531464270529e-06,1.0,17.644105079064307,True,REDESIGNED_P2PRIME,,NONE,267.8085880594924,0.0487461625845033,0.04936260468591273,0.04849779977589219,0.04910281243945168,2,18.9773427943624,0.8339619994192654,0.8432960162056852,0.8382328147017694,0.8477577110780895,0.16603800058073465,0.15670398379431483,0.9949049772239905,0.9947370636514407,0.04849779977589219,0.04910281243945168,COUPLED,292.9229465394046,3.661536831742558,25.114358479912205,25.114358479912205,"{""ACCEPTED"": 32, ""ACCEPTED_SUBTHRESHOLD_ADJACENT"": 337, ""REJECT_INSIDE_TRACK"": 2260, ""REJECT_OCCUPIED"": 2, ""REJECT_QUOTA"": 169}",0.11754020080484243,0.10760117135486313,980106,0.04849779977589219,0.04910281243945168,True,True,6e1a8b1681fb2f191b5f682b3bbfe9672f952c368ab0b3811e3613ec1a84e756,116720bbbf9e1e25d3e0cdcefdfa27e5a2528df85405cdf72ad9f7e18c5d51c2,T256_VALID_TRACK,1.1368683772161603e-13,291.43049745517055,291.3813117167353,10.36455406014518,7.660251062949459,24.514512246035927
32,292.9229465394046,5.88418203051333e-15,371,DIRECT_INTERFACE_Q100,+y,0.0,4.128470031553392,0.986354225854432,True,71.328717073782,0.007490684015536187,0.007490684015536187,1.0,67.54205789962379,True,REDESIGNED_P2PRIME,,NONE,221.59422946562265,0.231289320741408,0.23943209482291744,0.22791368499031908,0.23106676994554187,2,67.71449746621686,0.656851200636122,0.6497221087178687,0.6665798415297444,0.6732440392867665,0.34314879936387793,0.35027789128213127,0.9854051378582107,0.9650618064233932,0.22791368499031908,0.23106676994554187,DIRECT_INTERFACE,292.9229465394046,3.661536831742558,71.32871707386708,71.328717073782,{},0.11523511437355888,0.1192111213365894,980106,0.22791368499031908,0.23106676994554187,True,True,6e1a8b1681fb2f191b5f682b3bbfe9672f952c368ab0b3811e3613ec1a84e756,116720bbbf9e1e25d3e0cdcefdfa27e5a2528df85405cdf72ad9f7e18c5d51c2,T256_VALID_TRACK,5.684341886080802e-14,288.6477765164953,282.68874793018085,13.93124831652338,6.154670784016114,69.60218039271643
32,298.8204642512476,3.6637359812630166e-15,378,SHAM,-y,0.0,0.0,,True,0.0,0.0,0.0,0.0,0.0,True,REDESIGNED_P2PRIME,,NONE,0.0,0.0,0.0,0.0,0.0,2,0.0,0.9022683214755322,0.9167345001943145,0.9064285081516759,0.9197491942171305,0.09773167852446785,0.08326549980568554,0.9954103532283789,0.9967222651112164,0.0,0.0,SHAM,0.0,0.0,0.0,0.0,{},0.09773167852446785,0.08326549980568554,980107,0.0,0.0,True,True,e9b5550482f28c1bc363764f4abae4c9d6b7f81ae2b01223f387d8965ff6fe2d,284d2ae99b248a83d7c6cff585ef45505a6048909b0d95b3a5782f5abeb041f2,T256_VALID_TRACK,5.684341886080802e-14,297.4489838722025,297.84100999008876,0.0,0.0,0.0
32,298.8204642512476,3.6637359812630166e-15,378,D1_LEGACY_Q005,-y,0.0,0.0,,True,0.0,0.0,0.0,0.05,0.0,True,LEGACY_P2,,NONE,14.941023212562364,0.0,0.0,0.0,0.0,1,0.0,0.9022683214755322,0.9167345001943145,0.9064285081516759,0.9197491942171305,0.09773167852446785,0.08326549980568554,0.9954103532283789,0.9967222651112164,0.0,0.0,COUPLED,14.94102321256238,0.18676279015702973,0.0,0.0,{},0.09773167852446785,0.08326549980568554,980107,0.0,0.0,True,True,e9b5550482f28c1bc363764f4abae4c9d6b7f81ae2b01223f387d8965ff6fe2d,284d2ae99b248a83d7c6cff585ef45505a6048909b0d95b3a5782f5abeb041f2,T256_VALID_TRACK,5.684341886080802e-14,297.4489838722025,297.84100999008876,0.0,0.0,0.0
32,298.8204642512476,3.219646771412954e-15,378,D1_REDESIGNED_Q005,-y,0.0,1.2431744151958626,1.0039449750592921,True,0.0,1.5509481185688602e-06,1.5509481185688602e-06,0.05,4.331248400659026,True,REDESIGNED_P2PRIME,,NONE,6.446398142658327,0.01430505301198357,0.01431226979688225,0.014193479866335573,0.014137706964963212,1,4.359051867391647,0.8857066081106614,0.8942865570030892,0.8926690354589054,0.905328601821564,0.11429339188933858,0.10571344299691075,0.9922004381560466,0.9878032740860527,0.014193479866335573,0.014137706964963212,COUPLED,14.94102321256238,0.18676279015702973,8.494625069904052,8.494625069904052,"{""ACCEPTED_SUBTHRESHOLD_ADJACENT"": 983, ""REJECT_INSIDE_TRACK"": 905, ""REJECT_QUOTA"": 752}",0.100099912023003,0.09157573603194753,980107,0.014193479866335573,0.014137706964963212,True,True,e9b5550482f28c1bc363764f4abae4c9d6b7f81ae2b01223f387d8965ff6fe2d,284d2ae99b248a83d7c6cff585ef45505a6048909b0d95b3a5782f5abeb041f2,T256_VALID_TRACK,0.0,296.4897955600811,295.1758329512966,3.7536441927986344,4.077533844671378,7.22881520942779
32,298.8204642512476,2.9976021664879227e-15,378,D2_REDESIGNED_Q005,-y,1.6708772234490181,5.3977664060809945,1.0638859532370213,True,0.0,1.081532708009222e-05,1.0815327080092222e-05,0.05,6.483921038173397,True,REDESIGNED_P2PRIME,,NONE,2.7755575615628914e-17,0.02245512421190731,0.021462215373529745,0.02201354435209324,0.02069163925429597,2,6.563984671934478,0.8651227241371744,0.8638714570479668,0.8824766206808783,0.8960428431188235,0.13487727586282564,0.13612854295203325,0.9803350070279319,0.9640961519664852,0.02201354435209324,0.02069163925429597,COUPLED,14.94102321256238,0.18676279015702973,14.941023212562364,14.941023212562364,"{""ACCEPTED"": 74, ""ACCEPTED_SUBTHRESHOLD_ADJACENT"": 810, ""REJECT_INSIDE_TRACK"": 319, ""REJECT_OCCUPIED"": 51, ""REJECT_QUOTA"": 1546}",0.1128637315107324,0.11543690369773726,980107,0.02201354435209324,0.02069163925429597,True,True,e9b5550482f28c1bc363764f4abae4c9d6b7f81ae2b01223f387d8965ff6fe2d,284d2ae99b248a83d7c6cff585ef45505a6048909b0d95b3a5782f5abeb041f2,T256_VALID_TRACK,0.0,292.94416192183667,288.09165971346647,4.728984386661686,8.891854014014179,12.891040556468415
32,298.8204642512476,2.7755575615628914e-15,378,D2_REDESIGNED_Q020,-y,2.730726186056459,16.294980012747345,1.009890696522253,True,0.0,1.9698802035743775e-06,1.9698802035744034e-06,0.2,12.31170424510545,True,REDESIGNED_P2PRIME,,NONE,36.41062613454061,0.040590082356645,0.04074106847699924,0.0400135978478016,0.03962171152343109,2,14.009961437017708,0.8439767466257483,0.8429853922083883,0.8561361011058037,0.8668006572296082,0.15602325337425166,0.15701460779161167,0.9857974048000662,0.9725250957961474,0.0400135978478016,0.03962171152343109,COUPLED,59.76409285024952,0.7470511606281189,23.353466715708905,23.353466715708905,"{""ACCEPTED"": 37, ""ACCEPTED_SUBTHRESHOLD_ADJACENT"": 857, ""REJECT_INSIDE_TRACK"": 1382, ""REJECT_OCCUPIED"": 25, ""REJECT_QUOTA"": 499}",0.11600965552645007,0.11739289626818059,980107,0.0400135978478016,0.03962171152343109,True,True,e9b5550482f28c1bc363764f4abae4c9d6b7f81ae2b01223f387d8965ff6fe2d,284d2ae99b248a83d7c6cff585ef45505a6048909b0d95b3a5782f5abeb041f2,T256_VALID_TRACK,5.684341886080802e-14,294.5764381600308,290.6104006217938,8.811021200741159,10.523539820660224,22.067443650914015
32,298.8204642512476,3.1086244689504383e-15,378,D2_REDESIGNED_Q050,-y,5.640963406634474,15.41964580260379,0.9725022143542342,True,0.0,1.6968387683115809e-06,1.696838768311603e-06,0.5,15.376365167198381,True,REDESIGNED_P2PRIME,,NONE,124.68014196826071,0.043126824066727805,0.044187268836450674,0.04203972455124764,0.043228410106153914,2,17.192920229283345,0.8335822911856309,0.8438084164944435,0.855137782201184,0.8625251137975998,0.1664177088143691,0.15619158350555645,0.9747929614803502,0.9783001132329369,0.04203972455124764,0.043228410106153914,COUPLED,149.4102321256238,1.8676279015702975,24.7300901573631,24.7300901573631,"{""ACCEPTED"": 35, ""ACCEPTED_SUBTHRESHOLD_ADJACENT"": 820, ""REJECT_INSIDE_TRACK"": 1657, ""REJECT_OCCUPIED"": 30, ""REJECT_QUOTA"": 258}",0.12437798426312148,0.11296317339940255,980107,0.04203972455124764,0.043228410106153914,True,True,e9b5550482f28c1bc363764f4abae4c9d6b7f81ae2b01223f387d8965ff6fe2d,284d2ae99b248a83d7c6cff585ef45505a6048909b0d95b3a5782f5abeb041f2,T256_VALID_TRACK,5.684341886080802e-14,291.28808529840677,292.33609401331427,9.571882817678421,10.666161463192598,23.97482663529354
32,298.8204642512476,3.219646771412954e-15,378,D2_REDESIGNED_Q100,-y,7.487613510629663,15.057630737264253,0.9881091801898989,True,0.0,1.2584137956293076e-06,1.2584137956293352e-06,1.0,17.96022458871399,True,REDESIGNED_P2PRIME,,NONE,272.9700468055349,0.0476710079885011,0.04818753667013057,0.0467876167312662,0.047350654835809095,2,19.654695042011028,0.8311759051350998,0.8409327138610847,0.8468692355314306,0.855795471610842,0.16882409486490024,0.15906728613891527,0.98146900402341,0.9826328156168185,0.0467876167312662,0.047350654835809095,COUPLED,298.8204642512476,3.735255803140595,25.850417445712782,25.850417445712782,"{""ACCEPTED"": 32, ""ACCEPTED_SUBTHRESHOLD_ADJACENT"": 523, ""REJECT_INSIDE_TRACK"": 2051, ""REJECT_OCCUPIED"": 31, ""REJECT_QUOTA"": 163}",0.12203647813363405,0.11171663130310616,980107,0.0467876167312662,0.047350654835809095,True,True,e9b5550482f28c1bc363764f4abae4c9d6b7f81ae2b01223f387d8965ff6fe2d,284d2ae99b248a83d7c6cff585ef45505a6048909b0d95b3a5782f5abeb041f2,T256_VALID_TRACK,5.684341886080802e-14,293.28302343048495,293.63079415112827,10.344320863032332,9.822306972070756,25.348496053829557
32,298.8204642512476,4.9960036108132044e-15,378,DIRECT_INTERFACE_Q100,-y,0.0,4.9160200204317,0.9873951044218798,True,73.30697553157198,0.0014098391766079338,0.0014098391766079338,1.0,68.89143047806769,True,REDESIGNED_P2PRIME,,NONE,225.5134887196756,0.23164158087683215,0.2424999989215852,0.2285715516997596,0.23148945207054508,2,69.17378553698721,0.6638033447098196,0.6457699270306791,0.6727191333149316,0.6764852791686125,0.33619665529018034,0.35423007296932085,0.9867466403680567,0.9545956828865781,0.2285715516997596,0.23148945207054508,DIRECT_INTERFACE,298.8204642512476,3.735255803140595,73.30697553163233,73.30697553157198,{},0.10762510359042074,0.12274062089877578,980107,0.2285715516997596,0.23148945207054508,True,True,e9b5550482f28c1bc363764f4abae4c9d6b7f81ae2b01223f387d8965ff6fe2d,284d2ae99b248a83d7c6cff585ef45505a6048909b0d95b3a5782f5abeb041f2,T256_VALID_TRACK,5.684341886080802e-14,294.86008917314155,285.252725132404,13.772973656216406,7.136019670898352,71.56744165934737
32,294.618468012109,2.9976021664879227e-15,370,SHAM,+x,0.0,0.0,,True,0.0,0.0,0.0,0.0,0.0,True,REDESIGNED_P2PRIME,,NONE,0.0,0.0,0.0,0.0,0.0,2,0.0,0.904961170345064,0.9204967236658083,0.9015517183936322,0.9146725687531566,0.0950388296549361,0.07950327633419178,1.0037817596948366,1.0063674752163945,0.0,0.0,SHAM,0.0,0.0,0.0,0.0,{},0.0950388296549361,0.07950327633419178,980108,0.0,0.0,True,True,1e778a882577f860d42ba8e8ba629d2be78aac03b6b3379792f1c34a48da6e89,921a547367738eac8c7ee975bbfdbb47ccb311f0e9cf40c2d3558696caae955b,T256_VALID_TRACK,0.0,295.7326442597917,296.4944438054682,0.0,0.0,0.0
32,294.618468012109,2.9976021664879227e-15,370,D1_LEGACY_Q005,+x,0.0,0.0,,True,0.0,0.0,0.0,0.05,0.0,True,LEGACY_P2,,NONE,14.73092340060546,0.0,0.0,0.0,0.0,1,0.0,0.904961170345064,0.9204967236658083,0.9015517183936322,0.9146725687531566,0.0950388296549361,0.07950327633419178,1.0037817596948366,1.0063674752163945,0.0,0.0,COUPLED,14.730923400605452,0.18413654250756814,0.0,0.0,{},0.0950388296549361,0.07950327633419178,980108,0.0,0.0,True,True,1e778a882577f860d42ba8e8ba629d2be78aac03b6b3379792f1c34a48da6e89,921a547367738eac8c7ee975bbfdbb47ccb311f0e9cf40c2d3558696caae955b,T256_VALID_TRACK,0.0,295.7326442597917,296.4944438054682,0.0,0.0,0.0
32,294.618468012109,3.4416913763379853e-15,370,D1_REDESIGNED_Q005,+x,0.0,1.6961166823815854,1.0871590513552674,True,0.0,0.07408580320961723,0.07408581349694374,0.05,3.652135878676975,True,REDESIGNED_P2PRIME,,NONE,6.005063642812875,0.012610477946955741,0.011708929324494253,0.012538743133738546,0.011533494678729462,1,3.689293808574312,0.8842017617405141,0.8905011947807344,0.889260326825407,0.9040465048546703,0.11579823825948592,0.10949880521926564,0.9943114913234107,0.9850170206939592,0.012538743133738546,0.011533494678729462,COUPLED,14.730923400605452,0.18413654250756814,8.725859757792577,8.725859757792577,"{""ACCEPTED"": 10, ""ACCEPTED_SUBTHRESHOLD_ADJACENT"": 674, ""REJECT_INSIDE_TRACK"": 1174, ""REJECT_OCCUPIED"": 68, ""REJECT_QUOTA"": 714}",0.10325949512574736,0.09796531054053617,980108,0.012538743133738546,0.011533494678729462,True,True,1e778a882577f860d42ba8e8ba629d2be78aac03b6b3379792f1c34a48da6e89,921a547367738eac8c7ee975bbfdbb47ccb311f0e9cf40c2d3558696caae955b,T256_VALID_TRACK,0.0,292.9425283005387,290.20420560270617,3.1436959433865774,4.105375406997326,7.553038573925651
32,294.618468012109,2.9976021664879227e-15,370,D2_REDESIGNED_Q005,+x,0.0,4.04109642354429,1.342983678340917,True,0.0,0.16098296838400683,0.16102019001772083,0.05,3.4369199310541823,True,REDESIGNED_P2PRIME,,NONE,0.0,0.012748168732413493,0.009674253346446752,0.012159835203612588,0.009054343250570621,2,3.5670735136508522,0.8531569370467658,0.8523771217241445,0.8944355253655099,0.9107355436027644,0.14684306295323427,0.1476228782758555,0.9538495652865804,0.9359216599280173,0.012159835203612588,0.009054343250570621,COUPLED,14.730923400605452,0.18413654250756814,14.73092340060546,14.73092340060546,"{""ACCEPTED"": 76, ""ACCEPTED_SUBTHRESHOLD_ADJACENT"": 312, ""REJECT_INSIDE_TRACK"": 70, ""REJECT_OCCUPIED"": 486, ""REJECT_QUOTA"": 2336}",0.1346832277496217,0.13856853502528485,980108,0.012159835203612588,0.009054343250570621,True,True,1e778a882577f860d42ba8e8ba629d2be78aac03b6b3379792f1c34a48da6e89,921a547367738eac8c7ee975bbfdbb47ccb311f0e9cf40c2d3558696caae955b,T256_VALID_TRACK,0.0,281.0216976387485,275.73980562734255,2.861067053841192,6.33557346868869,12.811179436365562
32,294.618468012109,3.1086244689504383e-15,370,D2_REDESIGNED_Q020,+x,0.0,16.14814045895217,1.0070504262947044,True,0.0,0.02604662927502856,0.02605654131653741,0.2,9.593309293635853,True,REDESIGNED_P2PRIME,,NONE,31.79538420210624,0.03481610113969333,0.03484350214187252,0.03314625595170796,0.032914196832888286,2,9.83929507492671,0.8191143430168704,0.8221210738879539,0.8603797621365835,0.8703106912902225,0.1808856569831297,0.17787892611204614,0.9520381336989625,0.9446294089173738,0.03314625595170796,0.032914196832888286,COUPLED,58.92369360242181,0.7365461700302726,27.128309400315572,27.128309400315572,"{""ACCEPTED"": 41, ""ACCEPTED_SUBTHRESHOLD_ADJACENT"": 991, ""REJECT_INSIDE_TRACK"": 993, ""REJECT_OCCUPIED"": 613, ""REJECT_QUOTA"": 642}",0.14773940103142175,0.14496472927915788,980108,0.03314625595170796,0.032914196832888286,True,True,1e778a882577f860d42ba8e8ba629d2be78aac03b6b3379792f1c34a48da6e89,921a547367738eac8c7ee975bbfdbb47ccb311f0e9cf40c2d3558696caae955b,T256_VALID_TRACK,0.0,280.48801643949577,278.3052692944207,7.230798086231938,10.574912767313231,25.413723900872103
32,294.618468012109,3.6637359812630166e-15,370,D2_REDESIGNED_Q050,+x,3.5983694694549198,15.109227327134443,0.9975351380263363,True,0.0,0.009727270867628687,0.009902501809311905,0.5,12.918577111730267,True,REDESIGNED_P2PRIME,,NONE,116.45171527673294,0.04206427042037689,0.0423870491533856,0.04010943531176114,0.04020854382244547,2,14.535275569756871,0.8079367167663759,0.8136342930218877,0.8473135628176476,0.8577171290631777,0.19206328323362404,0.18636570697811233,0.9535274215128479,0.94860445880399,0.04010943531176114,0.04020854382244547,COUPLED,147.3092340060545,1.8413654250756815,30.857518729321562,30.85751872932156,"{""ACCEPTED"": 46, ""ACCEPTED_SUBTHRESHOLD_ADJACENT"": 682, ""REJECT_INSIDE_TRACK"": 1623, ""REJECT_OCCUPIED"": 626, ""REJECT_QUOTA"": 303}",0.15195384792186292,0.14615716315566685,980108,0.04010943531176114,0.04020854382244547,True,True,1e778a882577f860d42ba8e8ba629d2be78aac03b6b3379792f1c34a48da6e89,921a547367738eac8c7ee975bbfdbb47ccb311f0e9cf40c2d3558696caae955b,T256_VALID_TRACK,0.0,280.92678813365177,279.47639240228733,8.565496214084568,9.910931784018606,29.582555491477656
32,294.618468012109,3.774758283725532e-15,370,D2_REDESIGNED_Q100,+x,3.2188625459437565,20.750289783114834,0.970172485772189,True,0.0,0.007167870226879403,0.007465340950124195,1.0,16.955981756493177,True,REDESIGNED_P2PRIME,,NONE,261.80415502807267,0.04761794121824398,0.04883440000171868,0.04535741232477644,0.046751905449756326,2,18.14440226635227,0.8016860218684647,0.8131428262964701,0.8416405590220929,0.8493630720691159,0.19831397813153523,0.18685717370352994,0.9525277902480703,0.957355991844088,0.04535741232477644,0.046751905449756326,COUPLED,294.618468012109,3.682730850151363,32.814312984036384,32.81431298403639,"{""ACCEPTED"": 45, ""ACCEPTED_SUBTHRESHOLD_ADJACENT"": 468, ""REJECT_INSIDE_TRACK"": 1850, ""REJECT_OCCUPIED"": 634, ""REJECT_QUOTA"": 283}",0.1529565658067588,0.14010526825377362,980108,0.04535741232477644,0.046751905449756326,True,True,1e778a882577f860d42ba8e8ba629d2be78aac03b6b3379792f1c34a48da6e89,921a547367738eac8c7ee975bbfdbb47ccb311f0e9cf40c2d3558696caae955b,T256_VALID_TRACK,1.1368683772161603e-13,280.632278301846,282.05475565931835,9.600701552720848,9.562597814434584,31.7625890298709
32,294.618468012109,5.329070518200751e-15,370,DIRECT_INTERFACE_Q100,+x,0.0,4.675134738398213,0.988407032868253,True,67.32751600041428,0.0015756679381083967,0.0015756679381083967,1.0,63.49066594327792,True,REDESIGNED_P2PRIME,,NONE,227.29095201169486,0.21448853582569935,0.2244767948032957,0.2136826615706908,0.21618893276245338,2,63.706946880634156,0.678279449015246,0.6609871247631482,0.6808374850376583,0.6863268589984309,0.32172055098475405,0.3390128752368518,0.9962428096592377,0.9630792035849195,0.2136826615706908,0.21618893276245338,DIRECT_INTERFACE,294.618468012109,3.682730850151363,67.32751600041428,67.32751600041428,{},0.10803788941406327,0.1228239424743984,980108,0.2136826615706908,0.21618893276245338,True,True,1e778a882577f860d42ba8e8ba629d2be78aac03b6b3379792f1c34a48da6e89,921a547367738eac8c7ee975bbfdbb47ccb311f0e9cf40c2d3558696caae955b,T256_VALID_TRACK,1.7053025658242404e-13,293.51153034988374,283.740919534511,13.746612677745738,6.604744546688128,65.57330939252194
