{
 "d_copy_reset_history": 0.0,
 "d_component_replacement": 1.51759504057607,
 "d_same_arch_diff_program_same_output": 1.4168844118648785,
 "d_same_arch_diff_program_other": 1.21311360243482,
 "d_same_arch_diff_output": 1.218930937305056,
 "d_diff_arch_same_program": 0.6840057705308813,
 "reps": {
  "A0|1111": [
   0.0,
   0.0,
   0.0,
   0.0,
   0.37499999998828126,
   0.0,
   0.0,
   0.09374999999707032,
   0.6562499999794922,
   0.0,
   0.0,
   0.37499999998828126,
   0.37499999998828126,
   0.0,
   0.0,
   0.6562499999794922,
   0.09374999999707032,
   0.0,
   0.0,
   0.37499999998828126,
   0.0,
   0.0,
   0.0,
   0.0,
   0.12706784718944517,
   0.15246334382500293,
   0.21615839206385426,
   0.4642557892745232,
   0.8067124076342344,
   0.1240974255862535,
   0.052757229578581415,
   0.17141294493592357,
   0.9999999999999998,
   0.9999999999999998,
   1.0
  ],
  "A0|1010": [
   0.0,
   0.0,
   0.0,
   0.0,
   0.0,
   0.2608695652117202,
   0.3260869565146503,
   0.1304347826058601,
   0.4565217391205104,
   0.06521739130293006,
   0.0,
   0.0,
   0.5217391304234404,
   0.0,
   0.4565217391205104,
   0.0,
   0.5217391304234404,
   0.0,
   0.0,
   0.19565217390879017,
   0.06521739130293006,
   0.0,
   0.0,
   0.0,
   0.058516848074053544,
   0.09154523700046825,
   0.15734542133959895,
   0.3824141390184776,
   0.7570297522283054,
   0.19635063311775197,
   0.21524173376659966,
   0.3990244000556517,
   1.0,
   1.0,
   0.9999999999999998
  ],
  "A0|0101": [
   0.0,
   0.0,
   0.0,
   0.06521739130293006,
   0.19565217390879017,
   0.0,
   0.0,
   0.5217391304234404,
   0.0,
   0.4565217391205104,
   0.0,
   0.5217391304234404,
   0.0,
   0.0,
   0.06521739130293006,
   0.4565217391205104,
   0.1304347826058601,
   0.3260869565146503,
   0.2608695652117202,
   0.0,
   0.0,
   0.0,
   0.0,
   0.0,
   0.058516848074053544,
   0.09154523700046825,
   0.15734542133959895,
   0.3824141390184776,
   0.7570297522283054,
   0.19635063311775197,
   0.21524173376659966,
   0.3990244000556517,
   1.0,
   1.0,
   0.9999999999999998
  ],
  "A0|1100": [
   0.0,
   0.0,
   0.0,
   0.0,
   0.0,
   0.2608695652117202,
   0.0,
   0.4565217391205104,
   0.0,
   0.5217391304234404,
   0.0,
   0.4565217391205104,
   0.19565217390879017,
   0.3260869565146503,
   0.0,
   0.0,
   0.2608695652117202,
   0.2608695652117202,
   0.0,
   0.0,
   0.2608695652117202,
   0.0,
   0.0,
   0.0,
   0.058516848074053544,
   0.09154523700046825,
   0.15734542133959895,
   0.3824141390184776,
   0.7570297522283054,
   0.19635063311775197,
   0.21524173376659966,
   0.3990244000556517,
   1.0,
   1.0,
   0.9999999999999998
  ],
  "A0|0011": [
   0.0,
   0.0,
   0.0,
   0.2608695652117202,
   0.0,
   0.0,
   0.2608695652117202,
   0.2608695652117202,
   0.0,
   0.0,
   0.3260869565146503,
   0.19565217390879017,
   0.4565217391205104,
   0.0,
   0.5217391304234404,
   0.0,
   0.4565217391205104,
   0.0,
   0.2608695652117202,
   0.0,
   0.0,
   0.0,
   0.0,
   0.0,
   0.058516848074053544,
   0.09154523700046825,
   0.15734542133959895,
   0.3824141390184776,
   0.7570297522283054,
   0.19635063311775197,
   0.21524173376659966,
   0.3990244000556517,
   1.0,
   1.0,
   0.9999999999999998
  ],
  "A0|1001": [
   0.0,
   0.0,
   0.0,
   0.0,
   0.2608695652117202,
   0.0,
   0.0,
   0.06521739130293006,
   0.4565217391205104,
   0.0,
   0.4565217391205104,
   0.2608695652117202,
   0.2608695652117202,
   0.4565217391205104,
   0.0,
   0.4565217391205104,
   0.06521739130293006,
   0.0,
   0.0,
   0.2608695652117202,
   0.0,
   0.0,
   0.0,
   0.0,
   0.058516848074053544,
   0.09154523700046825,
   0.15734542133959895,
   0.3824141390184776,
   0.7570297522283054,
   0.19635063311775197,
   0.21524173376659966,
   0.3990244000556517,
   1.0,
   1.0,
   0.9999999999999998
  ],
  "A0|0110": [
   0.0,
   0.0,
   0.0,
   0.0,
   0.2608695652117202,
   0.0,
   0.4565217391205104,
   0.06521739130293006,
   0.4565217391205104,
   0.0,
   0.0,
   0.2608695652117202,
   0.2608695652117202,
   0.0,
   0.0,
   0.4565217391205104,
   0.06521739130293006,
   0.4565217391205104,
   0.0,
   0.2608695652117202,
   0.0,
   0.0,
   0.0,
   0.0,
   0.058516848074053544,
   0.09154523700046825,
   0.15734542133959895,
   0.3824141390184776,
   0.7570297522283054,
   0.19635063311775197,
   0.21524173376659966,
   0.3990244000556517,
   1.0,
   1.0,
   0.9999999999999998
  ],
  "H50|1111": [
   0.0,
   0.0,
   0.0,
   0.281249999991211,
   0.09374999999707032,
   0.0,
   0.0,
   0.37499999998828126,
   0.37499999998828126,
   0.0,
   0.0,
   0.37499999998828126,
   0.37499999998828126,
   0.0,
   0.0,
   0.37499999998828126,
   0.37499999998828126,
   0.0,
   0.0,
   0.09374999999707032,
   0.281249999991211,
   0.0,
   0.0,
   0.0,
   0.12706784718944517,
   0.15246334382500293,
   0.21615839206385426,
   0.4642557892745232,
   0.8067124076342344,
   0.1240974255862535,
   0.052757229578581415,
   0.17141294493592357,
   0.9999999999999998,
   0.9999999999999998,
   1.0
  ],
  "H50|1010": [
   0.0,
   0.0,
   0.0,
   0.0,
   0.2608695652117202,
   0.0,
   0.4565217391205104,
   0.19565217390879017,
   0.3260869565146503,
   0.0,
   0.0,
   0.0,
   0.3260869565146503,
   0.19565217390879017,
   0.4565217391205104,
   0.0,
   0.2608695652117202,
   0.2608695652117202,
   0.0,
   0.0,
   0.2608695652117202,
   0.0,
   0.0,
   0.0,
   0.058516848074053544,
   0.09154523700046825,
   0.15734542133959895,
   0.3824141390184776,
   0.7570297522283054,
   0.19635063311775197,
   0.21524173376659966,
   0.3990244000556517,
   1.0,
   1.0,
   0.9999999999999998
  ],
  "H50|0101": [
   0.0,
   0.0,
   0.0,
   0.2608695652117202,
   0.0,
   0.0,
   0.2608695652117202,
   0.2608695652117202,
   0.0,
   0.4565217391205104,
   0.19565217390879017,
   0.3260869565146503,
   0.0,
   0.0,
   0.0,
   0.3260869565146503,
   0.19565217390879017,
   0.4565217391205104,
   0.0,
   0.2608695652117202,
   0.0,
   0.0,
   0.0,
   0.0,
   0.058516848074053544,
   0.09154523700046825,
   0.15734542133959895,
   0.3824141390184776,
   0.7570297522283054,
   0.19635063311775197,
   0.21524173376659966,
   0.3990244000556517,
   1.0,
   1.0,
   0.9999999999999998
  ],
  "H50|1100": [
   0.0,
   0.0,
   0.0,
   0.0,
   0.0,
   0.2608695652117202,
   0.3260869565146503,
   0.1304347826058601,
   0.2608695652117202,
   0.2608695652117202,
   0.0,
   0.4565217391205104,
   0.2608695652117202,
   0.2608695652117202,
   0.0,
   0.0,
   0.0,
   0.4565217391205104,
   0.06521739130293006,
   0.0,
   0.0,
   0.2608695652117202,
   0.0,
   0.0,
   0.058516848074053544,
   0.09154523700046825,
   0.15734542133959895,
   0.3824141390184776,
   0.7570297522283054,
   0.19635063311775197,
   0.21524173376659966,
   0.3990244000556517,
   1.0,
   1.0,
   0.9999999999999998
  ],
  "H50|0011": [
   0.0,
   0.0,
   0.2608695652117202,
   0.0,
   0.0,
   0.06521739130293006,
   0.4565217391205104,
   0.0,
   0.0,
   0.0,
   0.2608695652117202,
   0.2608695652117202,
   0.4565217391205104,
   0.0,
   0.2608695652117202,
   0.2608695652117202,
   0.1304347826058601,
   0.3260869565146503,
   0.2608695652117202,
   0.0,
   0.0,
   0.0,
   0.0,
   0.0,
   0.058516848074053544,
   0.09154523700046825,
   0.15734542133959895,
   0.3824141390184776,
   0.7570297522283054,
   0.19635063311775197,
   0.21524173376659966,
   0.3990244000556517,
   1.0,
   1.0,
   0.9999999999999998
  ],