law,size,block,seed,donor,arm,floor,SURVIVAL_ITT,SPLIT,DISSOLUTION,first_failure_type,first_failure_time,attempted_over_M256,delivered_over_M256,source_realized_over_M256,UCR,incumbent_removed_over_M256,fresh_over_M256,futile_fraction,UCR_per_1000_steps,UCR_per_attempted,UCR_per_delivered,incumbent_displacement,terminal_I_over_I0,terminal_T_over_M256,terminal_mass_in_frozen_C256,terminal_jaccard_C256_Ct,terminal_boundary_site_turnover,CUM_ABS_SWEEP,CUM_TRACKER_SWEEP,terminal_shadow_40_alive,terminal_shadow_45_alive,terminal_shadow_50_alive,terminal_shadow_55_alive,terminal_shadow_60_alive,terminal_margin_min,terminal_margin_median,n_events,n_rejected,M256
LAW_16,24,LAW_16_L24_S890000,890000,L24_S990001,FLOOR_FULL,0.5,False,True,False,SPLIT,848,3.99999999999999,0.3024815018919515,0.3024815018919515,0.21708102100581597,0.2814083863824904,0.21708102100581597,0.040556664828577026,5.085412417715612,0.05427025525145413,0.7176670958323885,0.5341543242920005,0.4658456757079995,0.8747539660787399,132.31370240688972,0.4804270462633452,0.6886792452830188,77.75127884376815,-5.706907045895848,True,True,True,True,True,0.0011463266239755687,0.31796466505418447,320,0,167.91995929118505
LAW_16,24,LAW_16_L24_S890000,890000,L24_S990001,FLOOR_Q_REPLAY,0.5,False,True,False,SPLIT,1008,0.3304530533105878,0.2969128670771297,0.2969128670771297,0.2155930602049042,0.27800772244819083,0.2155930602049042,0.03391459541762792,5.050554951600101,0.6524166081838911,0.7261155851117059,0.5324239093139169,0.4675760906860831,0.874984796456385,132.28297559325623,0.4804270462633452,0.6886792452830188,77.51940749164896,-5.473605144361409,True,True,True,True,True,0.002111611986005957,0.3185544092173695,320,0,167.91995929118505
LAW_16,24,LAW_16_L24_S890000,890000,L24_S990001,PARENT_FULL,0.0,True,False,False,NONE,,3.99999999999999,0.6083323422867027,0.6083323422867027,0.37885535482158894,0.4499732279850873,0.37885535482158894,0.1901231853322368,8.875191930648533,0.09471383870539747,0.6227769403110859,0.567342971467947,0.432657028532053,1.0105335174553263,123.18441650841795,0.40716612377850164,0.8584905660377359,302.2432975637651,-18.532263443892276,False,True,True,True,True,0.003395262956117806,0.3749657683882787,248,72,167.91995929118505
LAW_16,24,LAW_16_L24_S890000,890000,L24_S990001,PARENT_LOW_CONSTANT,0.0,True,False,False,NONE,,0.33045305331058644,0.306701740103888,0.306701740103888,0.25769041661020176,0.27086338085824463,0.25769041661020176,0.00036347805110757513,6.036741666701116,0.7798094586464708,0.8401987433227968,0.5172354093458672,0.4827645906541328,0.9338279686051223,128.85286392058248,0.42955326460481097,0.7830188679245284,246.41886365687864,-13.217154736822724,True,True,True,True,True,0.0001718444867403468,0.3673702619804969,297,23,167.91995929118505
LAW_16,24,LAW_16_L24_S890000,890000,L24_S990001,PARENT_Q_REPLAY,0.0,True,False,False,NONE,,0.3304530533105878,0.31885656948930435,0.3188565694893043,0.24629826166562338,0.2999858307996675,0.24629826166562338,0.00969903865171491,5.769865244472813,0.7453351064489376,0.7724421737965326,0.466665713706943,0.533334286293057,0.9939434703707842,132.33517837894973,0.5,0.6839622641509434,311.2604552205145,-11.431258402138884,True,True,True,True,True,0.0006165509089140486,0.34342637103966994,320,0,167.91995929118505
LAW_16,24,LAW_16_L24_S890000,890000,L24_S990001,SHAM,0.0,True,False,False,NONE,,0.0,0.0,0.0,0.0,0.0,0.0,0.0,0.0,,,0.24862619146137033,0.7513738085386297,0.9743410219615039,155.43904091348756,0.925764192139738,0.08018867924528301,8.550540942207256,7.650540183119141,True,True,True,True,True,0.000998770187421505,0.3119810854432293,0,0,167.91995929118505
LAW_16,24,LAW_16_L24_S890001,890001,L24_S990002,FLOOR_FULL,0.5,False,True,False,SPLIT,784,3.999999999999977,0.2925523617596527,0.2925523617596527,0.2096805969724086,0.27483750183976596,0.2096805969724086,0.03249037826598327,4.878753571042637,0.05242014924310245,0.7167284369581413,0.5364262329551885,0.4635737670448115,0.8614079531392711,132.2001697811936,0.4856115107913669,0.6713615023474179,78.28030706299428,-8.049040773750624,True,True,True,True,True,0.0010673514356021596,0.3106798670702143,320,0,166.7817914589177
LAW_16,24,LAW_16_L24_S890001,890001,L24_S990002,FLOOR_Q_REPLAY,0.5,False,True,False,SPLIT,912,0.3186467252046631,0.2919545510510255,0.2919545510510255,0.20965740761148527,0.2746355906376364,0.20965740761148527,0.03195654015597963,4.87821401145034,0.6579619089975733,0.7181165933421021,0.5361782092911187,0.46382179070888135,0.8617251803563992,132.13705103037267,0.4856115107913669,0.6713615023474179,78.04876972759774,-7.817827971699387,True,True,True,True,True,0.0017218522681441417,0.31052323564633183,320,0,166.7817914589177
LAW_16,24,LAW_16_L24_S890001,890001,L24_S990002,PARENT_FULL,0.0,True,False,False,NONE,,3.999999999999977,0.6103819182137245,0.6103819182137245,0.38546417633225744,0.4550092163826662,0.38546417633225744,0.18447961969229199,8.968806622758096,0.09636604408306491,0.6315130983242653,0.5720087057369789,0.427991294263021,1.0161626649017428,121.88974385203466,0.4045307443365696,0.863849765258216,291.6922758789872,-17.91886251483994,False,True,True,True,True,0.017637182337760016,0.3646665996725526,233,87,166.7817914589177
LAW_16,24,LAW_16_L24_S890001,890001,L24_S990002,PARENT_LOW_CONSTANT,0.0,True,False,False,NONE,,0.31864672520466325,0.30072284691190093,0.30072284691190093,0.2502971572869831,0.26416900397612075,0.2502971572869831,0.0002446795524353358,5.823801379659254,0.7855004852983192,0.8323183950180865,0.5160598433259562,0.48394015667404383,0.9250260512947698,128.6086522542938,0.43252595155709345,0.7699530516431925,252.03719595502577,-14.344779241385734,True,True,True,True,True,0.000582306944280131,0.36531279056409544,302,18,166.7817914589177
LAW_16,24,LAW_16_L24_S890001,890001,L24_S990002,PARENT_Q_REPLAY,0.0,True,False,False,NONE,,0.3186467252046631,0.3119694718874851,0.3119694718874851,0.24060932737721502,0.2927487202311182,0.24060932737721502,0.007879096045208986,5.598389322223372,0.7550974428583079,0.7712592066187591,0.46261590926089835,0.5373840907391016,0.9918965937903109,132.7543474984151,0.5017301038062284,0.676056338028169,298.8834895248905,-10.778127714991788,True,True,True,True,True,0.0002962566426857327,0.3377454295944024,320,0,166.7817914589177
LAW_16,24,LAW_16_L24_S890001,890001,L24_S990002,SHAM,0.0,True,False,False,NONE,,0.0,0.0,0.0,0.0,0.0,0.0,0.0,0.0,,,0.25440787411277066,0.7455921258872293,0.9666438746030932,154.85742630544814,0.9424778761061947,0.06103286384976526,7.650431828891432,5.850419983485762,True,True,True,True,True,0.0011151859756796112,0.3090648050059632,0,0,166.7817914589177
LAW_16,24,LAW_16_L24_S890002,890002,L24_S990003,FLOOR_FULL,0.5,False,True,False,SPLIT,976,3.999999999999995,0.33036079973572924,0.3303607997357293,0.23057226857445398,0.3040409754203687,0.23057226857445398,0.05086777899259122,5.317247200111117,0.057643067143613565,0.6979407628232506,0.5667568798983893,0.4332431201016107,0.8470339896343914,128.10361755622446,0.4568345323741007,0.719047619047619,80.87945108207862,-8.8280200217014,True,True,True,True,True,0.0021772066469858964,0.30221344922831245,320,0,165.30187331738512
LAW_16,24,LAW_16_L24_S890002,890002,L24_S990003,FLOOR_Q_REPLAY,0.5,False,True,False,SPLIT,2624,0.3061426656200532,0.3000896200477023,0.3000896200477023,0.21583742533606895,0.2821069587718205,0.21583742533606895,0.032097820911713225,4.9774456947619194,0.7050223623646759,0.7192432224138888,0.5415949116076175,0.4584050883923824,0.8610218855417416,129.56256797460034,0.48727272727272725,0.6714285714285714,77.84616870649533,-5.795234106200828,True,True,True,True,True,0.00023933555603727896,0.29425793428757213,320,0,165.30187331738512
LAW_16,24,LAW_16_L24_S890002,890002,L24_S990003,PARENT_FULL,0.0,True,False,False,NONE,,3.999999999999995,0.6410888027417102,0.6410888027417102,0.3996006784928312,0.4733749126111737,0.3996006784928312,0.19179097205936432,9.215226106830794,0.09990016962320793,0.6233156417393041,0.5965138448008822,0.4034861551991178,0.9967982355135595,119.1510766969285,0.38688524590163936,0.8904761904761904,328.63173804076837,-22.39845884984653,False,True,True,True,True,0.0014911955298821389,0.3645524313282535,284,36,165.30187331738512
LAW_16,24,LAW_16_L24_S890002,890002,L24_S990003,PARENT_LOW_CONSTANT,0.0,True,False,False,NONE,,0.30614266562005404,0.30614266562005404,0.30614266562005404,0.256964529451687,0.26762151448976385,0.256964529451687,0.0003653541471040604,5.925881430592111,0.8393620305462396,0.8393620305462396,0.5264710622920077,0.47352893770799237,0.9163248244620071,127.0102645314847,0.4295774647887324,0.7714285714285715,257.72280889247935,-15.518739571618239,True,True,True,True,True,0.0008909769308810822,0.36169413569802206,320,0,165.30187331738512
LAW_16,24,LAW_16_L24_S890002,890002,L24_S990003,PARENT_Q_REPLAY,0.0,True,False,False,NONE,,0.3061426656200532,0.2948559862881051,0.2948559862881051,0.2264733663570988,0.27845377772254565,0.2264733663570988,0.004350624742032303,5.222722058499287,0.7397641419839527,0.7680812901516291,0.4578937931802053,0.5421062068197947,0.9731655925614731,131.87913864477426,0.5287769784172662,0.6238095238095238,298.57467490139777,-12.254950145896682,True,True,True,True,True,0.003033584975688508,0.34367456094815313,320,0,165.30187331738512
LAW_16,24,LAW_16_L24_S890002,890002,L24_S990003,SHAM,0.0,True,False,False,NONE,,0.0,0.0,0.0,0.0,0.0,0.0,0.0,0.0,,,0.25560752819531085,0.7443924718046891,0.9621218846001819,152.90026018082443,0.9417040358744395,0.06190476190476191,5.8501459544613645,5.8501459544613645,True,True,True,True,True,0.0006163735695038919,0.30907259839158335,0,0,165.30187331738512
LAW_16,24,LAW_16_L24_S890003,890003,L24_S990004,FLOOR_FULL,0.5,False,True,False,SPLIT,976,4.0000000000000036,0.3275419878135359,0.3275419878135359,0.22878042717627733,0.2991219491206545,0.22878042717627733,0.05469299132047637,5.3005494451450605,0.057195106794069285,0.6984766402117525,0.5668246628904716,0.4331753371095283,0.8520279274478781,129.43156406313642,0.4471830985915493,0.7370892018779343,84.74225814124851,-9.099285903608736,True,True,True,True,True,0.005977956519479688,0.29526552353210883,320,0,166.07337826817164
LAW_16,24,LAW_16_L24_S890003,890003,L24_S990004,FLOOR_Q_REPLAY,0.5,False,True,False,SPLIT,3776,0.26973240309061863,0.26428769684482034,0.26428769684482034,0.19691489008678156,0.2507462311952038,0.19691489008678156,0.016926212538971395,4.562265768417622,0.7300379480941581,0.7450777786390961,0.5134195842841494,0.4865804157158506,0.8772042698834661,133.18022113962994,0.5018050541516246,0.647887323943662,78.82610060037408,-4.984882390026022,True,True,True,True,True,0.00282495596726301,0.30365534648179476,320,0,166.07337826817164
LAW_16,24,LAW_16_L24_S890003,890003,L24_S990004,PARENT_FULL,0.0,True,False,False,NONE,,4.0000000000000036,0.6379235504623973,0.6379235504623973,0.4015563370395366,0.47225103696844445,0.4015563370395366,0.18670194453675737,9.30354596221378,0.10038908425988406,0.6294740753001977,0.5971445676739896,0.4028554323260104,1.0055377047623901,120.20056289896807,0.3717948717948718,0.92018779342723,338.4720565845188,-22.343882582898132,False,True,True,True,True,0.0005156554789055301,0.37419394110761867,306,14,166.07337826817164
LAW_16,24,LAW_16_L24_S890003,890003,L24_S990004,PARENT_LOW_CONSTANT,0.0,True,False,False,NONE,,0.26973240309061713,0.26973240309061713,0.26973240309061713,0.2270725736532818,0.23272126805014612,0.2270725736532818,0.000221193592949685,5.260980666664165,0.8418438832393315,0.8418438832393315,0.4934047074483926,0.5065952925516074,0.9248561785064006,130.9553544122007,0.45936395759717313,0.7183098591549296,258.07016444729544,-14.06897108930991,True,True,True,True,True,0.006929765822460021,0.3652514301889325,320,0,166.07337826817164
LAW_16,24,LAW_16_L24_S890003,890003,L24_S990004,PARENT_Q_REPLAY,0.0,True,False,False,NONE,,0.26973240309061863,0.2640470387616057,0.2640470387616057,0.20699536029956,0.24827998390769657,0.20699536029956,0.0026993637878711383,4.795817350835003,0.767410062446292,0.783933655421318,0.43637601843567375,0.5636239815643262,0.9870627925546124,135.49221156396487,0.5300353356890459,0.6244131455399061,272.5291430683618,-8.72703027137609,True,True,True,True,True,0.000696148241690453,0.3402537224450823,320,0,166.07337826817164
LAW_16,24,LAW_16_L24_S890003,890003,L24_S990004,SHAM,0.0,True,False,False,NONE,,0.0,0.0,0.0,0.0,0.0,0.0,0.0,0.0,,,0.2517378835204478,0.7482621164795522,0.9740022668734465,154.13593073306924,0.9301310043668122,0.07511737089201878,8.100514939822222,7.200511948780086,True,True,True,True,True,0.0008587856948001349,0.29665010143198384,0,0,166.07337826817164
LAW_16,24,LAW_16_L24_S890004,890004,L24_S990005,FLOOR_FULL,0.5,False,True,False,SPLIT,1024,4.000000000000025,0.28182738757504006,0.28182738757504006,0.20395356410482232,0.26718432704398926,0.20395356410482232,0.024199994978988296,4.761018180754711,0.05098839102620526,0.7236825556938363,0.5297495864788602,0.4702504135211399,0.8505971646216539,132.23821388147076,0.49454545454545457,0.6495327102803738,75.91346098033848,-9.276170346114657,True,True,True,True,True,0.0035131949922554417,0.3134568611439385,320,0,167.32719758753586
LAW_16,24,LAW_16_L24_S890004,890004,L24_S990005,FLOOR_Q_REPLAY,0.5,False,True,False,SPLIT,1056,0.3253468124147986,0.2733145630372521,0.27331456303725216,0.20088810321801331,0.26173728566140264,0.20088810321801331,0.01400311174105785,4.689459171337306,0.6174583415370686,0.7350069494490594,0.5273924919009365,0.4726075080990635,0.8500010057633153,132.3556371893689,0.49454545454545457,0.6495327102803738,76.01704924330151,-9.383160699395573,True,True,True,True,True,0.006089197751499853,0.3126988096394994,320,0,167.32719758753586
LAW_16,24,LAW_16_L24_S890004,890004,L24_S990005,PARENT_FULL,0.0,True,False,False,NONE,,4.000000000000025,0.5711645902147134,0.5711645902147134,0.36661616824414517,0.4465991951463532,0.36661616824414517,0.15721994851089008,8.558155137077758,0.09165404206103571,0.6418748194917441,0.5640010957447461,0.43599890425525395,0.9993707387490862,122.31129759746418,0.4201954397394137,0.8317757009345794,247.64457118992613,-18.885684999733492,False,True,True,True,True,0.003118432873641108,0.3621226076567959,191,129,167.32719758753586
LAW_16,24,LAW_16_L24_S890004,890004,L24_S990005,PARENT_LOW_CONSTANT,0.0,True,False,False,NONE,,0.32534681241479657,0.2917954223845208,0.2917954223845208,0.24166813519004965,0.2587961699472041,0.24166813519004965,0.00019564690454807834,5.641413477616736,0.7428016072951042,0.8282108513394888,0.5155627158247045,0.48443728417529547,0.9040218286497537,128.99520541109268,0.4421052631578947,0.7429906542056075,244.94552639635074,-18.036271541312008,True,True,True,True,True,0.0019566458393631136,0.36619208931306074,287,33,167.32719758753586
LAW_16,24,LAW_16_L24_S890004,890004,L24_S990005,PARENT_Q_REPLAY,0.0,True,False,False,NONE,,0.3253468124147986,0.3253468124147986,0.32534681241479874,0.24926455625857466,0.3070931432885706,0.24926455625857466,0.007311862997180295,5.8187415815636125,0.7661502948452944,0.7661502948452944,0.47556157081579375,0.5244384291842062,0.9743937837121319,130.89404915583978,0.4982698961937716,0.677570093457944,312.4485553523923,-13.549425165552794,True,True,True,True,True,0.000698599844724368,0.3451600135550023,320,0,167.32719758753586
LAW_16,24,LAW_16_L24_S890004,890004,L24_S990005,SHAM,0.0,True,False,False,NONE,,0.0,0.0,0.0,0.0,0.0,0.0,0.0,0.0,,,0.2510860551836601,0.7489139448163399,0.9614855390973381,154.36302865104642,0.9385964912280702,0.06542056074766354,7.200527919295533,6.3005170102062955,True,True,True,True,True,0.0006415083689501611,0.30432740428027266,0,0,167.32719758753586
LAW_16,24,LAW_16_L24_S890005,890005,L24_S990006,FLOOR_FULL,0.5,False,True,False,SPLIT,880,4.000000000000011,0.31040923369386747,0.31040923369386747,0.21861233763919696,0.28788100439533104,0.21861233763919696,0.042008860243368244,5.008913312740467,0.05465308440979909,0.7042713743973137,0.5523100726441782,0.4476899273558218,0.8559847081038198,128.70798055545347,0.4673913043478261,0.7033492822966507,81.92670429877957,-8.08099140802863,True,True,True,True,True,0.0036533565322663386,0.3006016508222598,320,0,164.23542702782086
LAW_16,24,LAW_16_L24_S890005,890005,L24_S990006,FLOOR_Q_REPLAY,0.5,False,True,False,SPLIT,2080,0.2660777409461513,0.26202178724502007,0.26202178724502007,0.19341232019670518,0.24918247610965255,0.19341232019670518,0.016784707938545723,4.431522739948032,0.7269015420416093,0.7381535796328369,0.5036010363684703,0.4963989636315297,0.8836683882626272,131.8860193042252,0.5335820895522388,0.5980861244019139,80.6336945700743,-4.054324055326375,True,True,True,True,True,0.004550637448339501,0.30361516792403437,320,0,164.23542702782086
LAW_16,24,LAW_16_L24_S890005,890005,L24_S990006,PARENT_FULL,0.0,True,False,False,NONE,,4.000000000000011,0.6339736983537232,0.6339736983537232,0.39322720824711493,0.4664649579186977,0.39322720824711493,0.19341580626642804,9.009743089484202,0.09830680206177846,0.6202579212169703,0.5850018473268463,0.41499815267315365,1.0097397445999916,119.1641290013078,0.39473684210526316,0.8803827751196173,325.75821877707443,-18.631251705008737,False,True,True,True,True,0.0015256009995703312,0.3694625635436846,267,53,164.23542702782086
LAW_16,24,LAW_16_L24_S890005,890005,L24_S990006,PARENT_LOW_CONSTANT,0.0,True,False,False,NONE,,0.26607774094615205,0.26607774094615205,0.26607774094615205,0.221943974868186,0.22891884415105437,0.221943974868186,0.0001902658203233565,5.085248812601628,0.8341320626030959,0.8341320626030959,0.48835918433684256,0.5116408156631574,0.9222013085642795,129.59547866019204,0.4763636363636364,0.6889952153110048,244.81525149228332,-12.522134772027455,True,True,True,True,True,0.0025185838875571576,0.35676064035380367,320,0,164.23542702782086
LAW_16,24,LAW_16_L24_S890005,890005,L24_S990006,PARENT_Q_REPLAY,0.0,True,False,False,NONE,,0.2660777409461513,0.2615693692029397,0.2615693692029397,0.20312639752376235,0.24791972428528736,0.20312639752376235,0.0023703935106110597,4.65409467605162,0.7634099598164846,0.7765679832571141,0.4337195085050466,0.5662804914949534,0.9852152129257662,134.17967218538652,0.5434782608695652,0.6028708133971292,273.90700962581167,-6.500322819730415,True,True,True,True,True,0.0014778455683795988,0.34374043246007063,320,0,164.23542702782086
LAW_16,24,LAW_16_L24_S890005,890005,L24_S990006,SHAM,0.0,True,False,False,NONE,,0.0,0.0,0.0,0.0,0.0,0.0,0.0,0.0,,,0.2496200403096056,0.7503799596903944,0.9786051336907813,152.06332640257872,0.9039301310043668,0.10526315789473684,9.900844842530011,8.100731691588683,True,True,True,True,True,0.0022147755931047897,0.3001599751482735,0,0,164.23542702782086
LAW_16,24,LAW_16_L24_S890006,890006,L24_S990007,FLOOR_FULL,0.5,False,True,False,SPLIT,864,3.99999999999999,0.3101819386408123,0.3101819386408123,0.21844257923893398,0.28841287816480704,0.21844257923893398,0.04355397377317283,5.037626693127358,0.054610644809733634,0.7042401636798343,0.557482984515967,0.44251701548403294,0.8456306905935687,129.14475569616954,0.4607142857142857,0.7122641509433962,80.26761530048165,-9.125442351720146,True,True,True,True,True,0.0003916973833735793,0.28581223550131724,320,0,165.30526357153042
LAW_16,24,LAW_16_L24_S890006,890006,L24_S990007,FLOOR_Q_REPLAY,0.5,False,True,False,SPLIT,2896,0.2894935756058689,0.28320776774223705,0.283207767742237,0.20432974919782168,0.2682980733284956,0.20432974919782168,0.026608459622780162,4.712162813427821,0.7058179055275703,0.7214835624981636,0.5402147392122097,0.45978526078779025,0.8490083427234038,130.390431524256,0.48188405797101447,0.6745283018867925,77.82771091031019,-7.586650682483384,True,True,True,True,True,0.0022754736558415756,0.2837722495837505,320,0,165.30526357153042
LAW_16,24,LAW_16_L24_S890006,890006,L24_S990007,PARENT_FULL,0.0,True,False,False,NONE,,3.99999999999999,0.6352646520535812,0.6352646520535813,0.3955349124049083,0.46932743584911574,0.3955349124049083,0.19295531329099597,9.121652196824158,0.09888372810122734,0.622630129232418,0.5923889943279037,0.40761100567209624,0.997679512581299,118.8376621549147,0.38311688311688313,0.8962264150943396,313.3026761429041,-20.592667640785095,False,True,True,True,True,0.015019694462384936,0.37361175067967284,277,43,165.30526357153042
LAW_16,24,LAW_16_L24_S890006,890006,L24_S990007,PARENT_LOW_CONSTANT,0.0,True,False,False,NONE,,0.28949357560586875,0.28949357560586875,0.28949357560586875,0.24377169566379545,0.25374112344099603,0.24377169566379545,0.0002729175942303435,5.621755636576815,0.8420625402605777,0.8420625402605777,0.5177223550176893,0.4822776449823107,0.9157566220504026,127.73559174429623,0.4270833333333333,0.7783018867924528,255.53320782078026,-14.247075559797446,True,True,True,True,True,0.002395323115093495,0.3572910485982706,320,0,165.30526357153042
LAW_16,24,LAW_16_L24_S890006,890006,L24_S990007,PARENT_Q_REPLAY,0.0,True,False,False,NONE,,0.2894935756058689,0.2814541081652991,0.2814541081652991,0.2165073999764549,0.266417758474411,0.2165073999764549,0.0033641502450661807,4.992998440052266,0.7478832631202115,0.7692458333182306,0.4500445063344496,0.5499554936655504,0.9727376537039116,132.68010068666763,0.5231316725978647,0.6320754716981132,289.4396044763953,-10.343087433066067,True,True,True,True,True,0.008614125634455627,0.34132050305844125,320,0,165.30526357153042
LAW_16,24,LAW_16_L24_S890006,890006,L24_S990007,SHAM,0.0,True,False,False,NONE,,0.0,0.0,0.0,0.0,0.0,0.0,0.0,0.0,,,0.25858450994035476,0.7414154900596452,0.9583484506583553,153.243605620134,0.9419642857142857,0.06132075471698113,5.850276069082177,4.950275193937523,True,True,True,True,True,0.00037994751120140613,0.30269983931105754,0,0,165.30526357153042
LAW_16,24,LAW_16_L24_S890007,890007,L24_S990008,FLOOR_FULL,0.5,False,True,False,SPLIT,768,4.000000000000031,0.28249184779248293,0.28249184779248293,0.2047995666811074,0.26575911623204157,0.2047995666811074,0.0315458771073011,4.744431052053585,0.051199891670276464,0.7249751392172993,0.5244627746445797,0.4755372253554203,0.8775704161397591,131.91220278740573,0.4856115107913669,0.6777251184834123,77.33531200716105,-6.192914373898166,True,True,True,True,True,0.010657722199343633,0.30997653530093644,320,0,166.05543816444663
LAW_16,24,LAW_16_L24_S890007,890007,L24_S990008,FLOOR_Q_REPLAY,0.5,False,True,False,SPLIT,2304,0.2743562386792465,0.2736869575219772,0.27368695752197725,0.2015008382034794,0.2591017379965513,0.2015008382034794,0.02703655450455768,4.668011994751958,0.7344496307920909,0.7362456728954604,0.5149767196026884,0.48502328039731163,0.8871739525587267,132.2904948312248,0.49640287769784175,0.6635071090047393,75.59569068959802,-3.5530242298121495,True,True,True,True,True,0.004342094183888201,0.3043112392195592,320,0,166.05543816444663
LAW_16,24,LAW_16_L24_S890007,890007,L24_S990008,PARENT_FULL,0.0,True,False,False,NONE,,4.000000000000031,0.5766235523671573,0.5766235523671573,0.36694076324625,0.4370984501218199,0.36694076324625,0.1755036997021183,8.50062907662563,0.0917351908115618,0.6363610396070076,0.5565889674998656,0.4434110325001343,1.0249340631386838,122.35125479109637,0.41233766233766234,0.8578199052132701,277.3001489062571,-16.106347965425453,True,True,True,True,True,0.0021799356423699567,0.3638156460478353,214,106,166.05543816444663
LAW_16,24,LAW_16_L24_S890007,890007,L24_S990008,PARENT_LOW_CONSTANT,0.0,True,False,False,NONE,,0.27435623867924813,0.27435623867924813,0.27435623867924813,0.23244217291585395,0.2396380349125436,0.23244217291585395,0.00014277394255809582,5.38480564612698,0.8472275827764347,0.8472275827764347,0.49906833516227156,0.5009316648377284,0.930668517663773,129.92907278592162,0.4421052631578947,0.7535545023696683,251.46946250391287,-12.872013731496564,True,True,True,True,True,0.0034350073254124647,0.370968813713584,320,0,166.05543816444663
LAW_16,24,LAW_16_L24_S890007,890007,L24_S990008,PARENT_Q_REPLAY,0.0,True,False,False,NONE,,0.2743562386792465,0.272865619356879,0.27286561935687903,0.21260448945584,0.25693480714317884,0.21260448945584,0.005836477211868924,4.925241580959541,0.7749212865700448,0.7791545521818788,0.43593157859300513,0.5640684214069949,0.9954493991479503,134.74243279242393,0.5319148936170213,0.6255924170616114,296.31954223743145,-7.304391008383207,True,True,True,True,True,0.0019563088360577408,0.3393224566107766,320,0,166.05543816444663
LAW_16,24,LAW_16_L24_S890007,890007,L24_S990008,SHAM,0.0,True,False,False,NONE,,0.0,0.0,0.0,0.0,0.0,0.0,0.0,0.0,,,0.2474908957602302,0.7525091042397698,0.9817800744602285,153.87740745713313,0.9090909090909091,0.0995260663507109,9.450450827951617,8.550356313694023,True,True,True,True,True,0.0019501785073054445,0.2999174079587667,0,0,166.05543816444663
LAW_16,24,LAW_16_L24_S890008,890008,L24_S990000,FLOOR_FULL,0.5,False,True,False,SPLIT,944,3.999999999999989,0.2728608238143532,0.2728608238143531,0.1991381307954124,0.25910537072913353,0.1991381307954124,0.02493772573525216,4.575101905736587,0.04978453269885324,0.7298157647244383,0.5201159040349458,0.4798840959650542,0.8726563986225175,131.36335144912084,0.5073529411764706,0.638095238095238,74.671921688418,-6.235375784567139,True,True,True,True,True,0.002449266589707011,0.30416174306174076,320,0,164.68132109772392
LAW_16,24,LAW_16_L24_S890008,890008,L24_S990000,FLOOR_Q_REPLAY,0.5,False,True,False,SPLIT,1312,0.3589034456845847,0.26088443794726857,0.2608844379472685,0.19477830058824194,0.25118569657794104,0.19477830058824194,0.010958412611024964,4.474936922717809,0.5427039024847341,0.7466075865652501,0.5162244328316459,0.4837755671683541,0.8723072899202904,131.3953555003335,0.5073529411764706,0.638095238095238,74.35064293493015,-5.914138613461502,True,True,True,True,True,0.000863752426044806,0.30374824677453244,320,0,164.68132109772392
LAW_16,24,LAW_16_L24_S890008,890008,L24_S990000,PARENT_FULL,0.0,True,False,False,NONE,,3.999999999999989,0.5596185570266908,0.5596185570266907,0.35881530820393925,0.4346234114167137,0.35881530820393925,0.15865985922671952,8.243607559306877,0.08970382705098506,0.6411783592566349,0.5573357202761617,0.44266427972383826,1.0093453953296376,121.59075163567707,0.4205298013245033,0.8333333333333334,243.01816143326633,-16.9670837509719,True,True,True,True,True,0.0009673802004203091,0.359095020194727,197,123,164.68132109772392
LAW_16,24,LAW_16_L24_S890008,890008,L24_S990000,PARENT_LOW_CONSTANT,0.0,True,False,False,NONE,,0.35890344568458304,0.30170320902860276,0.30170320902860276,0.24971516693224782,0.2668930751386126,0.24971516693224782,0.00029068375360135197,5.7370847640264,0.6957725536904048,0.8276848222339385,0.5083230531601715,0.49167694683982854,0.9387242669694355,126.95220047016079,0.44405594405594406,0.7571428571428571,245.48953969274336,-14.978154658083046,True,True,True,True,True,0.0027259147704026265,0.3590349635086811,269,51,164.68132109772392
LAW_16,24,LAW_16_L24_S890008,890008,L24_S990000,PARENT_Q_REPLAY,0.0,True,False,False,NONE,,0.3589034456845847,0.35426375167354135,0.35426375167354135,0.2693113440255478,0.3273794941328223,0.2693113440255478,0.018132232819563658,6.187297421976957,0.7503726901029165,0.7602001129196015,0.4944601275149574,0.5055398724850426,0.9876815884397301,127.71559657280814,0.46735395189003437,0.7380952380952381,320.42879928056254,-14.30711959710648,True,True,True,True,True,0.001568302793431342,0.3441819312473425,320,0,164.68132109772392
LAW_16,24,LAW_16_L24_S890008,890008,L24_S990000,SHAM,0.0,True,False,False,NONE,,0.0,0.0,0.0,0.0,0.0,0.0,0.0,0.0,,,0.24905208148528235,0.7509479185147176,0.9818400022730164,152.6444128832959,0.908695652173913,0.1,9.450423107820011,8.550362318401202,True,True,True,True,True,0.0010287272051207053,0.2954867742380371,0,0,164.68132109772392
LAW_16,32,LAW_16_L32_S890000,890000,L32_S990101,FLOOR_FULL,0.5,False,True,False,SPLIT,1168,4.0000000000000115,0.3066729472059617,0.3066729472059617,0.22439977472773737,0.2824177964339349,0.22439977472773737,0.058180344975219116,9.379645632525534,0.05609994368193418,0.7317234101416529,0.5392932386114369,0.4607067613885631,0.82806404716137,244.63506863660993,0.4592901878914405,0.6888297872340425,131.69184332745385,-28.12292311186995,True,True,True,True,True,0.00010383447205836172,0.36649671036752357,320,0,299.61393666957423
LAW_16,32,LAW_16_L32_S890000,890000,L32_S990101,FLOOR_Q_REPLAY,0.5,False,True,False,SPLIT,1776,0.28017792797372554,0.27565191597468436,0.27565191597468436,0.209119976097164,0.2613549707565162,0.209119976097164,0.032982833933705324,8.74096809078105,0.7463827633016645,0.7586378471476666,0.5165004538583066,0.48349954614169344,0.8358405000801619,246.99024931043672,0.48625792811839325,0.6462765957446809,126.27851519224339,-25.412517082451807,True,True,True,True,True,0.000633097634739066,0.3632574750511734,320,0,299.61393666957423
LAW_16,32,LAW_16_L32_S890000,890000,L32_S990101,PARENT_FULL,0.0,True,False,False,NONE,,4.0000000000000115,0.4390679117290673,0.4390679117290674,0.34268213902394845,0.39092659314072986,0.34268213902394845,0.05688727745804266,14.323708802917901,0.08567053475598686,0.780476390712435,0.5156994939017849,0.48430050609821507,0.9829095842664839,234.83699716007334,0.4448818897637795,0.75,394.62262213408286,-45.18502873080496,True,True,True,True,True,0.0033809411390177124,0.4281677991039646,320,0,299.61393666957423
LAW_16,32,LAW_16_L32_S890000,890000,L32_S990101,PARENT_LOW_CONSTANT,0.0,True,False,False,NONE,,0.2801779279737236,0.2801779279737236,0.2801779279737236,0.24346781663065895,0.2534574151371144,0.24346781663065895,0.00026051597235347346,10.176667270236852,0.8689757197915052,0.8689757197915052,0.4705688812222919,0.5294311187777081,0.9191693909624608,244.9168969930304,0.4781704781704782,0.6675531914893617,321.9733635563254,-48.204977978136505,True,True,True,True,True,0.010605278061199819,0.41951012769617696,320,0,299.61393666957423
LAW_16,32,LAW_16_L32_S890000,890000,L32_S990101,PARENT_Q_REPLAY,0.0,True,False,False,NONE,,0.28017792797372554,0.27068901976395104,0.2706890197639511,0.22181172553654155,0.2598529019311119,0.22181172553654155,0.002004915922914469,9.271468232069523,0.7916816543712271,0.8194337758139139,0.3994053725034107,0.6005946274965893,0.9841098664500645,250.38995644673633,0.5550935550935551,0.5691489361702128,345.9662643551584,-26.336041463755123,True,True,True,True,True,0.000969202659027113,0.39753805852236795,320,0,299.61393666957423
LAW_16,32,LAW_16_L32_S890000,890000,L32_S990101,SHAM,0.0,True,False,False,NONE,,0.0,0.0,0.0,0.0,0.0,0.0,0.0,0.0,,,0.19280336640900808,0.8071966335909919,0.9781060478979188,283.2849817983369,0.9494949494949495,0.05319148936170213,9.900421510411755,9.00041672197894,True,True,True,True,True,0.0026817230162700656,0.34147839140177666,0,0,299.61393666957423
LAW_16,32,LAW_16_L32_S890001,890001,L32_S990102,FLOOR_FULL,0.5,False,True,False,SPLIT,1168,3.999999999999976,0.3046959803301306,0.3046959803301306,0.222128544242615,0.2788404205230222,0.222128544242615,0.06166855049324595,9.193211550213181,0.05553213606065408,0.7290169827706429,0.5293679726942742,0.47063202730572584,0.8429633591618542,242.57400698349878,0.46218487394957986,0.6900269541778976,131.79500558798497,-24.632758219668563,True,True,True,True,True,0.00041633407438307346,0.36540798917687195,320,0,296.6612895997446
LAW_16,32,LAW_16_L32_S890001,890001,L32_S990102,FLOOR_Q_REPLAY,0.5,False,True,False,SPLIT,1440,0.34551863322800397,0.2792505110225603,0.2792505110225603,0.2165236107536325,0.266224176576812,0.2165236107536325,0.02238505025583254,8.961240735904818,0.6266626165158246,0.7753740895970637,0.5223579482657452,0.4776420517342548,0.8445775956003316,242.59128711938394,0.4642857142857143,0.6873315363881402,130.89787893814238,-23.73618351728182,True,True,True,True,True,0.002575027623363757,0.36514980930715585,320,0,296.6612895997446
LAW_16,32,LAW_16_L32_S890001,890001,L32_S990102,PARENT_FULL,0.0,True,False,False,NONE,,3.999999999999976,0.43844071829864284,0.4384407182986428,0.339495015650256,0.38512094820863324,0.339495015650256,0.06351276442702869,14.05064580852266,0.08487375391256452,0.7743236462335367,0.5070692540125638,0.49293074598743625,0.9956468513449377,233.53233412437407,0.44642857142857145,0.7520215633423181,398.4569370554907,-41.815465395608086,True,True,True,True,True,0.0058369897887529665,0.4312183388794281,320,0,296.6612895997446
LAW_16,32,LAW_16_L32_S890001,890001,L32_S990102,PARENT_LOW_CONSTANT,0.0,True,False,False,NONE,,0.34551863322800636,0.34551863322800636,0.34551863322800636,0.286212071097988,0.305656995354674,0.286212071097988,0.02597908319443796,11.845429981995384,0.8283549527388812,0.8283549527388812,0.49834268157136385,0.5016573184286361,0.944648150748165,238.60078753200182,0.4560327198364008,0.7169811320754716,340.18049268548106,-46.62251007380573,True,True,True,True,True,0.0042078650379955285,0.4246696079661219,320,0,296.6612895997446
LAW_16,32,LAW_16_L32_S890001,890001,L32_S990102,PARENT_Q_REPLAY,0.0,True,False,False,NONE,,0.34551863322800397,0.3219227819804257,0.3219227819804257,0.2663666510064769,0.3045277960295669,0.2663666510064769,0.007267396400696226,11.024089591789417,0.7709183395348304,0.8274240467475618,0.4385973604620237,0.5614026395379763,0.9978216124465921,240.02186346865716,0.5,0.6657681940700808,378.2983365913269,-29.85367168420704,True,True,True,True,True,0.000755701681170895,0.4055889904574898,320,0,296.6612895997446
LAW_16,32,LAW_16_L32_S890001,890001,L32_S990102,SHAM,0.0,True,False,False,NONE,,0.0,0.0,0.0,0.0,0.0,0.0,0.0,0.0,,,0.1869313089465372,0.8130686910534628,0.995499316402617,280.6865044105318,0.9251870324189526,0.08086253369272237,13.501249442279985,13.501249442279985,True,True,True,True,True,0.0013829884342934085,0.34054971105117976,0,0,296.6612895997446
LAW_16,32,LAW_16_L32_S890002,890002,L32_S990103,FLOOR_FULL,0.5,False,True,False,SPLIT,928,3.999999999999996,0.2755210875531193,0.2755210875531192,0.20480262655038622,0.25803750820080656,0.20480262655038622,0.04450134219009806,8.369887746683172,0.05120065663759661,0.7433283178765805,0.517069445096319,0.482930554903681,0.8318089135240242,241.79893578674185,0.4827586206896552,0.6504065040650406,124.27249686797447,-27.01320351381976,True,True,True,True,True,0.0012423701366638396,0.35748958043217566,320,0,292.9423141624833
LAW_16,32,LAW_16_L32_S890002,890002,L32_S990103,FLOOR_Q_REPLAY,0.5,False,True,False,SPLIT,1152,0.32188459716858014,0.2600387512615067,0.2600387512615067,0.20050730010075393,0.24948822191665526,0.20050730010075393,0.020714142946988978,8.194346051616403,0.622916728120863,0.7710670010836759,0.5127422322790636,0.4872577677209364,0.8318530418207228,241.74512709272489,0.4827586206896552,0.6504065040650406,122.94478792959121,-26.582264321937036,True,True,True,True,True,0.0028326892291430372,0.3568869700457375,320,0,292.9423141624833
LAW_16,32,LAW_16_L32_S890002,890002,L32_S990103,PARENT_FULL,0.0,True,False,False,NONE,,3.999999999999996,0.4721651846630582,0.4721651846630582,0.3457155661139003,0.39949171003095985,0.3457155661139003,0.10292099540556181,14.12872739667954,0.08642889152847516,0.7321919898871968,0.5156545745217458,0.48434542547825427,0.9888660074655152,228.6105872864967,0.43912175648702595,0.7615176151761518,395.1429603871952,-44.79783100263031,True,True,True,True,True,0.0027394893628258643,0.4327539278617098,320,0,292.9423141624833
LAW_16,32,LAW_16_L32_S890002,890002,L32_S990103,PARENT_LOW_CONSTANT,0.0,True,False,False,NONE,,0.3218845971685808,0.3218845971685808,0.3218845971685808,0.2744201555496755,0.2910738851891549,0.2744201555496755,0.006487318432296579,11.215021682414982,0.8525420537782158,0.8525420537782158,0.5063297713670207,0.4936702286329792,0.9176214735305328,234.89796660684624,0.4409937888198758,0.7317073170731707,332.2134157685062,-50.38129443590185,True,True,True,True,True,0.0044846659178599535,0.43010434014216686,320,0,292.9423141624833
LAW_16,32,LAW_16_L32_S890002,890002,L32_S990103,PARENT_Q_REPLAY,0.0,True,False,False,NONE,,0.32188459716858014,0.3070302862949783,0.3070302862949783,0.25029564199479376,0.2923236456342637,0.25029564199479376,0.006421962330996328,10.229099412770552,0.7775943434277061,0.8152148278763713,0.430035649197533,0.569964350802467,0.9829576402354356,238.88496921547124,0.5145228215767634,0.6341463414634146,359.53732860639684,-30.921186489434387,True,True,True,True,True,0.008124406669431428,0.40003336630691605,320,0,292.9423141624833
LAW_16,32,LAW_16_L32_S890002,890002,L32_S990103,SHAM,0.0,True,False,False,NONE,,0.0,0.0,0.0,0.0,0.0,0.0,0.0,0.0,,,0.19648546664726052,0.8035145333527395,0.9788496208887218,276.65202144126965,0.9461538461538461,0.056910569105691054,9.450507420485689,9.450507420485689,True,True,True,True,True,0.0019282658487320692,0.3358791587777003,0,0,292.9423141624833
LAW_16,32,LAW_16_L32_S890003,890003,L32_S990104,FLOOR_FULL,0.5,False,True,False,SPLIT,1120,4.0000000000000275,0.30135212773732684,0.30135212773732684,0.2236687120937463,0.27825285057218946,0.2236687120937463,0.05551165302690627,9.139339523932211,0.05591717802343619,0.7422171324063351,0.5397018791884003,0.46029812081159965,0.839948669137766,239.90205034462662,0.45168067226890757,0.7054054054054054,134.41116391022015,-26.357265941714875,True,True,True,True,True,0.0006856489342005889,0.3646685972946265,320,0,292.89204151221895
LAW_16,32,LAW_16_L32_S890003,890003,L32_S990104,FLOOR_Q_REPLAY,0.5,False,True,False,SPLIT,1648,0.2999217755579512,0.2986027593507417,0.2986027593507417,0.22387684669253125,0.27716063370149036,0.22387684669253125,0.04995016174165791,9.147844123199434,0.7464507912973245,0.7497480839738768,0.5371362997095978,0.46286370029040225,0.8427156172153522,239.72771704035958,0.453781512605042,0.7027027027027027,131.33909714683875,-25.086055481041335,True,True,True,True,True,0.002010311089797101,0.36573639496587546,320,0,292.89204151221895
LAW_16,32,LAW_16_L32_S890003,890003,L32_S990104,PARENT_FULL,0.0,True,False,False,NONE,,4.0000000000000275,0.43936442675323367,0.43936442675323367,0.3453413474780937,0.3898933440000992,0.3453413474780937,0.058526191392785115,14.111011758013317,0.08633533686952281,0.7860020667354859,0.5169007542778575,0.48309924572214247,0.9983256455600003,230.00821133021316,0.43564356435643564,0.7702702702702703,394.75419557523435,-44.44586451469137,True,True,True,True,True,0.004575663712963862,0.42942922646765175,320,0,292.89204151221895
LAW_16,32,LAW_16_L32_S890003,890003,L32_S990104,PARENT_LOW_CONSTANT,0.0,True,False,False,NONE,,0.2999217755579502,0.2999217755579502,0.2999217755579502,0.26077279860724073,0.27175748141530176,0.26077279860724073,0.0022265287752050336,10.655451639917613,0.8694693745464801,0.8694693745464801,0.48639737014095785,0.5136026298590421,0.9361265437210429,237.54637459301236,0.45661157024793386,0.7108108108108108,338.3468744642031,-46.5948896843845,True,True,True,True,True,0.0004243563744959489,0.4155254989675648,320,0,292.89204151221895
LAW_16,32,LAW_16_L32_S890003,890003,L32_S990104,PARENT_Q_REPLAY,0.0,True,False,False,NONE,,0.2999217755579512,0.2876648757564962,0.2876648757564962,0.23852955510572535,0.27626017537867614,0.23852955510572535,0.002572169409803908,9.746569246082203,0.7953058915511669,0.8291924917091265,0.41654343225184853,0.5834565677481515,0.9984925850980969,242.5863555543114,0.5247933884297521,0.6216216216216216,342.52363487957126,-27.399964033148525,True,True,True,True,True,0.0012681182060247376,0.3969023627975811,320,0,292.89204151221895
LAW_16,32,LAW_16_L32_S890003,890003,L32_S990104,SHAM,0.0,True,False,False,NONE,,0.0,0.0,0.0,0.0,0.0,0.0,0.0,0.0,,,0.1917558236696021,0.8082441763303979,0.9893903732612532,277.8427366566779,0.9318181818181818,0.07297297297297298,13.050599192772086,11.2505482876329,True,True,True,True,True,0.0002247671773463189,0.3355684914936177,0,0,292.89204151221895
LAW_16,32,LAW_16_L32_S890004,890004,L32_S990105,FLOOR_FULL,0.5,False,True,False,SPLIT,1376,4.000000000000019,0.31043002301949807,0.31043002301949807,0.22542839930400033,0.28185389069539996,0.22542839930400033,0.06884990149047021,9.372690641871358,0.05635709982599982,0.7261810475394682,0.5389832867096014,0.4610167132903986,0.8356559484830033,241.98529406177764,0.446985446985447,0.7112299465240641,138.88927214584152,-27.2198069531091,True,True,True,True,True,0.0005098035267923628,0.37192074389676283,320,0,298.0256557219927
LAW_16,32,LAW_16_L32_S890004,890004,L32_S990105,FLOOR_Q_REPLAY,0.5,False,True,False,SPLIT,1584,0.30522627141244785,0.29314713331070885,0.29314713331070885,0.2178077045277734,0.2718939104860142,0.2178077045277734,0.05340215752481547,9.055843186829199,0.7135942247692466,0.7429979002964268,0.530137435894271,0.469862564105729,0.8389638235180139,242.8903725873041,0.45625,0.6978609625668449,136.3666238501562,-25.597954932794806,True,True,True,True,True,0.0006563005216769224,0.36727466869237874,320,0,298.0256557219927
LAW_16,32,LAW_16_L32_S890004,890004,L32_S990105,PARENT_FULL,0.0,True,False,False,NONE,,4.000000000000019,0.4043295219145943,0.4043295219145943,0.3291578871621733,0.3691917259910173,0.3291578871621733,0.03442130153742828,13.685476444973826,0.08228947179054294,0.8140832398374825,0.4999264815219724,0.5000735184780276,0.9929549779965383,234.38808270389794,0.4457593688362919,0.7513368983957219,382.52596494103403,-40.28646644147196,True,True,True,True,True,0.010465725351622157,0.4309350340232005,320,0,298.0256557219927
LAW_16,32,LAW_16_L32_S890004,890004,L32_S990105,PARENT_LOW_CONSTANT,0.0,True,False,False,NONE,,0.30522627141244757,0.30522627141244757,0.30522627141244757,0.2624163341257937,0.27660470880809374,0.2624163341257937,0.007026288480521764,10.91054688197561,0.8597436023820982,0.8597436023820982,0.4854485377336243,0.5145514622663757,0.9318010805143725,240.75419892894854,0.4569672131147541,0.7085561497326203,333.34350784511275,-46.98914279943753,True,True,True,True,True,0.0015548296507333914,0.4274525915218435,320,0,298.0256557219927
LAW_16,32,LAW_16_L32_S890004,890004,L32_S990105,PARENT_Q_REPLAY,0.0,True,False,False,NONE,,0.30522627141244785,0.28004582462737015,0.28004582462737015,0.23188379631239953,0.2687674235983216,0.23188379631239953,0.002462413479668424,9.641088232046299,0.7597111324636218,0.8280209020111077,0.4056904460476606,0.5943095539523394,0.9968175981837715,245.9033344432094,0.5276073619631901,0.6176470588235294,348.78915910943533,-25.54609486743862,True,True,True,True,True,0.0018237778879006683,0.40274291369976195,320,0,298.0256557219927
LAW_16,32,LAW_16_L32_S890004,890004,L32_S990105,SHAM,0.0,True,False,False,NONE,,0.0,0.0,0.0,0.0,0.0,0.0,0.0,0.0,,,0.19245978618133208,0.8075402138186679,0.981348842291827,281.79352948011586,0.9395465994962217,0.06417112299465241,10.80053835963192,9.900518519855412,True,True,True,True,True,0.006189550900027652,0.3391078201753435,0,0,298.0256557219927
LAW_16,32,LAW_16_L32_S890005,890005,L32_S990106,FLOOR_FULL,0.5,False,True,False,SPLIT,1072,3.9999999999999947,0.28550488401234175,0.28550488401234175,0.21151026359835337,0.2667266624079438,0.21151026359835337,0.04758232516581132,8.917405596750395,0.05287756589958841,0.740828880493723,0.5173599657686846,0.4826400342313154,0.8364618794959414,247.8753927463673,0.4789915966386555,0.6578249336870027,129.3000112540086,-26.641183090842453,True,True,True,True,True,0.0020050743466809573,0.36615494218568095,320,0,302.2073833678701
LAW_16,32,LAW_16_L32_S890005,890005,L32_S990106,FLOOR_Q_REPLAY,0.5,False,True,False,SPLIT,1424,0.3432033665671573,0.26130274806218745,0.26130274806218745,0.20597307707379237,0.2535902814833406,0.20597307707379237,0.011486755235211456,8.68395433408195,0.6001487664121966,0.7882545384665178,0.5105541157834836,0.4894458842165164,0.8386273032434669,247.76490982399145,0.4779874213836478,0.6604774535809018,126.40907903413732,-25.554936291735324,True,True,True,True,True,0.003025942110123525,0.3679389800096485,320,0,302.2073833678701
LAW_16,32,LAW_16_L32_S890005,890005,L32_S990106,PARENT_FULL,0.0,True,False,False,NONE,,3.9999999999999947,0.4437816463811104,0.4437816463811104,0.3354245664570365,0.3876055561401462,0.3354245664570365,0.07738871345583281,14.141710455675677,0.08385614161425924,0.7558324441587674,0.506042579074216,0.493957420925784,0.9831517493661919,236.57170514683037,0.44970414201183434,0.7400530503978779,388.89979546644764,-45.750997315940694,True,True,True,True,True,0.009632962400184075,0.43571034826219585,320,0,302.2073833678701
LAW_16,32,LAW_16_L32_S890005,890005,L32_S990106,PARENT_LOW_CONSTANT,0.0,True,False,False,NONE,,0.3432033665671556,0.3432033665671556,0.3432033665671556,0.28060134881871024,0.3072828683832924,0.28060134881871024,0.025894778719770365,11.830329156807673,0.8175949776524238,0.8175949776524238,0.5008768048171193,0.49912319518288073,0.9253567554359298,241.8312451602735,0.4610655737704918,0.6976127320954907,326.09847895793166,-51.442241761089434,True,True,True,True,True,6.26651749409124e-05,0.4370251198003035,320,0,302.2073833678701
LAW_16,32,LAW_16_L32_S890005,890005,L32_S990106,PARENT_Q_REPLAY,0.0,True,False,False,NONE,,0.3432033665671573,0.3191992458578981,0.3191992458578981,0.26167941855128524,0.3045231262688897,0.26167941855128524,0.005807364120596226,11.032568688840623,0.7624616890233225,0.8197996140247159,0.44031502897553676,0.5596849710244632,0.9790108047866578,243.23186151120294,0.5040485829959515,0.649867374005305,358.201246911291,-34.964314591924825,True,True,True,True,True,0.0010101330701763889,0.41209538448827027,320,0,302.2073833678701
LAW_16,32,LAW_16_L32_S890005,890005,L32_S990106,SHAM,0.0,True,False,False,NONE,,0.0,0.0,0.0,0.0,0.0,0.0,0.0,0.0,,,0.19009294961418177,0.8099070503858182,0.9789114500013151,285.2992299979797,0.9351620947630923,0.06896551724137931,12.600407592383519,9.900335726405757,True,True,True,True,True,0.002426750417369561,0.3424977782454344,0,0,302.2073833678701
LAW_16,32,LAW_16_L32_S890006,890006,L32_S990107,FLOOR_FULL,0.5,False,True,False,SPLIT,1312,4.00000000000001,0.31392108477242303,0.31392108477242303,0.22972480893100652,0.28687639696397904,0.22972480893100652,0.06341551409775419,9.444628937607183,0.057431202232751485,0.7317915873587958,0.552538076668764,0.44746192333123597,0.8322036659994164,240.12061420449547,0.4384133611691023,0.7250673854447439,136.9845725249144,-28.027376693723784,True,True,True,True,True,8.944263216992265e-05,0.3678692319277527,320,0,294.69651336221347
LAW_16,32,LAW_16_L32_S890006,890006,L32_S990107,FLOOR_Q_REPLAY,0.5,False,True,False,SPLIT,1568,0.3509418148663548,0.29079893160840875,0.29079893160840875,0.22589749278621846,0.2763450896172635,0.22589749278621846,0.026031504218224213,9.287277274185874,0.6436893046565125,0.7768167906834442,0.5469560185881512,0.4530439814118488,0.8343623815083433,240.07760413680458,0.4405010438413361,0.7223719676549866,137.89146211183368,-27.13447942714348,True,True,True,True,True,0.0006258278074326995,0.3660885763917983,320,0,294.69651336221347
LAW_16,32,LAW_16_L32_S890006,890006,L32_S990107,PARENT_FULL,0.0,True,False,False,NONE,,4.00000000000001,0.4178212088254927,0.4178212088254928,0.34042926599790996,0.3798077128792318,0.34042926599790996,0.036171181807013085,13.995998568086161,0.08510731649947727,0.8147725840793633,0.5127529630806191,0.48724703691938087,1.0003793785388382,231.64195075676244,0.43700787401574803,0.77088948787062,373.60637671979487,-40.39906894246581,True,True,True,True,True,0.001117414604960787,0.42984751166992213,320,0,294.69651336221347
LAW_16,32,LAW_16_L32_S890006,890006,L32_S990107,PARENT_LOW_CONSTANT,0.0,True,False,False,NONE,,0.35094181486635245,0.3427359188840805,0.3427359188840805,0.29036147524732847,0.3072653533990549,0.29036147524732847,0.014853250222104143,11.937571759221031,0.8273778243208364,0.8471871760413123,0.5074525364166362,0.4925474635833637,0.9456406587888764,236.70066914505077,0.44308943089430897,0.738544474393531,337.5625526264601,-46.71589984161339,True,True,True,True,True,0.00045335262381623886,0.42786297836597414,320,0,294.69651336221347
LAW_16,32,LAW_16_L32_S890006,890006,L32_S990107,PARENT_Q_REPLAY,0.0,True,False,False,NONE,,0.3509418148663548,0.3236979049091802,0.32369790490918027,0.2720934036112871,0.307805487068035,0.2720934036112871,0.004174434406063592,11.186520278055777,0.7753234071434473,0.8405782041982267,0.44956495172974253,0.5504350482702575,1.0003618756491175,237.5674709283521,0.4859437751004016,0.6900269541778976,379.54947033393927,-31.10887064384874,True,True,True,True,True,0.002876033824470381,0.4012170074670092,320,0,294.69651336221347
LAW_16,32,LAW_16_L32_S890006,890006,L32_S990107,SHAM,0.0,True,False,False,NONE,,0.0,0.0,0.0,0.0,0.0,0.0,0.0,0.0,,,0.18845779493629,0.81154220506371,0.9984829895085918,279.6119919083654,0.9251870324189526,0.08086253369272237,13.501147961592162,13.501147961592162,True,True,True,True,True,0.004268596469734098,0.3363481697043326,0,0,294.69651336221347
LAW_16,32,LAW_16_L32_S890007,890007,L32_S990108,FLOOR_FULL,0.5,False,True,False,SPLIT,896,4.000000000000013,0.2813934347612713,0.2813934347612713,0.210761589307296,0.2633773963953989,0.210761589307296,0.04338862884144269,8.750931802804931,0.052690397326823825,0.7489925608467092,0.5219338903185247,0.4780661096814753,0.8355252156392131,245.36602170109617,0.47478991596638653,0.6666666666666666,128.16266737179794,-26.40547548085612,True,True,True,True,True,0.0005087513222799545,0.36019552632133883,320,0,297.6191220073245
LAW_16,32,LAW_16_L32_S890007,890007,L32_S990108,FLOOR_Q_REPLAY,0.5,False,True,False,SPLIT,1088,0.30827186510969645,0.27012605635276643,0.27012605635276643,0.20749621620431102,0.25718532526408927,0.20749621620431102,0.027438936061521514,8.615351797791439,0.6730948869773599,0.7681458760621558,0.5196416658133827,0.4803583341866173,0.8340588670804734,245.3348432329163,0.4726890756302521,0.6693333333333333,128.2370776336095,-26.481164982584932,True,True,True,True,True,0.0012897477314269823,0.3607336769708624,320,0,297.6191220073245
LAW_16,32,LAW_16_L32_S890007,890007,L32_S990108,PARENT_FULL,0.0,True,False,False,NONE,,4.000000000000013,0.4812159844738133,0.4812159844738133,0.3516536979011164,0.4077638027578897,0.3516536979011164,0.10253303718501951,14.600846096534486,0.0879134244752788,0.7307606339918923,0.5229866753323145,0.4770133246676855,0.9897464196885414,231.21881112981552,0.431640625,0.776,400.79468797505,-46.83796976033331,True,True,True,True,True,0.003483782897382104,0.43418579909030325,320,0,297.6191220073245
LAW_16,32,LAW_16_L32_S890007,890007,L32_S990108,PARENT_LOW_CONSTANT,0.0,True,False,False,NONE,,0.3082718651096966,0.3082718651096966,0.3082718651096966,0.26731847218660937,0.28101823020908107,0.26731847218660937,0.0014316308340941674,11.099203262907098,0.8671517009555372,0.8671517009555372,0.4949853776293168,0.5050146223706832,0.9265616079884752,239.81157476483799,0.45213849287169044,0.7173333333333334,342.56732802218505,-48.11969235199396,True,True,True,True,True,0.004652679688260497,0.42860200138942844,320,0,297.6191220073245
LAW_16,32,LAW_16_L32_S890007,890007,L32_S990108,PARENT_Q_REPLAY,0.0,True,False,False,NONE,,0.30827186510969645,0.2981914634445445,0.29819146344454456,0.24556873514642696,0.28690808718145133,0.24556873514642696,0.003307737881196815,10.196142766005693,0.7965979479153669,0.8235270463807092,0.41997782070713696,0.580022179292863,0.9958186418634244,243.78871000331372,0.520242914979757,0.632,371.4185965211403,-26.593387290243317,True,True,True,True,True,0.0006934543762992518,0.39062230294634864,320,0,297.6191220073245
LAW_16,32,LAW_16_L32_S890007,890007,L32_S990108,SHAM,0.0,True,False,False,NONE,,0.0,0.0,0.0,0.0,0.0,0.0,0.0,0.0,,,0.19257190016018555,0.8074280998398145,0.9814823630704055,281.4871582469957,0.9396984924623115,0.064,10.80065879724758,9.900654530479903,True,True,True,True,True,0.0019327904162370069,0.3396992893549992,0,0,297.6191220073245
LAW_16,32,LAW_16_L32_S890008,890008,L32_S990100,FLOOR_FULL,0.5,False,True,False,SPLIT,1264,4.000000000000008,0.31077745135184975,0.31077745135184975,0.22759840157117267,0.2851007222718851,0.22759840157117267,0.06089526565854624,9.279252517064634,0.05689960039279306,0.7323517217260879,0.5522342787178428,0.4477657212821572,0.8244863497361543,238.32899432350635,0.4470338983050847,0.7054054054054054,135.10076427477725,-29.748899876395253,True,True,True,True,True,0.0004583669591509132,0.3631493344857029,320,0,292.24142868824015
LAW_16,32,LAW_16_L32_S890008,890008,L32_S990100,FLOOR_Q_REPLAY,0.5,False,True,False,SPLIT,1584,0.30473972608575833,0.3044570122745255,0.3044570122745254,0.22643828815309652,0.2818424181542246,0.22643828815309652,0.053017963898926324,9.231954358200381,0.7430547079030102,0.7437446963741458,0.5469329783054477,0.4530670216945522,0.8295841783711869,238.5862726182357,0.4533898305084746,0.6972972972972973,133.348948026556,-27.99644902755707,True,True,True,True,True,5.522972393257053e-05,0.3619810086850795,320,0,292.24142868824015
LAW_16,32,LAW_16_L32_S890008,890008,L32_S990100,PARENT_FULL,0.0,True,False,False,NONE,,4.000000000000008,0.42535380727572863,0.4253538072757287,0.34119509633771006,0.38461898054891236,0.34119509633771006,0.04303003798200469,13.910622546756994,0.08529877408442735,0.8021442161831549,0.5190385713155531,0.4809614286844469,0.9864783474293416,229.41926499941331,0.437125748502994,0.7621621621621621,374.0287345569069,-43.54333522843537,True,True,True,True,True,0.0005151279327057501,0.43068293881858183,320,0,292.24142868824015
LAW_16,32,LAW_16_L32_S890008,890008,L32_S990100,PARENT_LOW_CONSTANT,0.0,True,False,False,NONE,,0.30473972608575656,0.30473972608575656,0.30473972608575656,0.26304870131123576,0.2758811016036368,0.26304870131123576,0.003931741335449913,10.724571468440525,0.863191368877228,0.863191368877228,0.4925063118697064,0.5074936881302936,0.9262750544439435,236.5410150735698,0.46041666666666664,0.7,334.5657362337029,-49.11300169477669,True,True,True,True,True,0.008460053168378723,0.41623419108548537,320,0,292.24142868824015
LAW_16,32,LAW_16_L32_S890008,890008,L32_S990100,PARENT_Q_REPLAY,0.0,True,False,False,NONE,,0.30473972608575833,0.2913726078580865,0.2913726078580865,0.24022765913130206,0.280338364009249,0.24022765913130206,0.002502778895731136,9.794150992600903,0.788304374414573,0.8244689193580796,0.4244887205185979,0.5755112794814021,0.9850772610496625,240.93243682973795,0.5229166666666667,0.6189189189189189,350.01206214333297,-30.39111426405289,True,True,True,True,True,0.012119298131278045,0.39885567578902453,320,0,292.24142868824015
LAW_16,32,LAW_16_L32_S890008,890008,L32_S990100,SHAM,0.0,True,False,False,NONE,,0.0,0.0,0.0,0.0,0.0,0.0,0.0,0.0,,,0.19474458182868815,0.8052554181713119,0.9839529340846926,276.72734251642527,0.9414758269720102,0.062162162162162166,11.25047338132142,10.350459687780074,True,True,True,True,True,0.0014880364877663532,0.33229517002365344,0,0,292.24142868824015
LAW_29,24,LAW_29_L24_S890000,890000,L24_S990001,FLOOR_FULL,0.5,True,False,False,NONE,,3.99999999999997,0.23113311230858333,0.23113311230858333,0.12260654522448285,0.22711189280313887,0.12260654522448285,0.003901981500512628,2.787711274964795,0.03065163630612094,0.530458591587657,0.6464586005484374,0.35354139945156265,0.6633205079592387,104.82349651805225,0.46959459459459457,0.7168949771689498,72.47821825940413,-1.327858512364029,False,True,True,True,False,0.0004607431062023104,0.04654907795209923,320,0,162.9791817587032
LAW_29,24,LAW_29_L24_S890000,890000,L24_S990001,FLOOR_Q_REPLAY,0.5,True,False,False,NONE,,0.3304530533105878,0.23089262223006463,0.23089262223006454,0.12250570986233891,0.22690570039484342,0.12250570986233891,0.0038177568824100594,2.7854185761904424,0.370720465842383,0.5305743798962641,0.6463549766402625,0.35364502335973746,0.6633228831865691,104.82150254879387,0.46959459459459457,0.7168949771689498,72.475947585793,-1.3302062007824502,False,True,True,True,False,0.0003913919144465927,0.04653838975904118,320,0,162.9791817587032
LAW_29,24,LAW_29_L24_S890000,890000,L24_S990001,PARENT_FULL,0.0,False,False,True,TRACK_LOST_OR_DISSOLVED,2800,3.99999999999997,0.4647340290882495,0.4647340290882495,0.0,0.4058150498156796,0.0,0.08808151097810446,0.0,0.0,0.0,1.0,,,,,,159.21516606214752,-20.50029347871758,,,,,,,,64,256,162.9791817587032
LAW_29,24,LAW_29_L24_S890000,890000,L24_S990001,PARENT_LOW_CONSTANT,0.0,True,False,False,NONE,,0.33045305331058655,0.21582715044347794,0.21582715044347794,0.13789361140030826,0.19265895066909536,0.13789361140030826,0.00126751270797004,3.135294078651622,0.41728654045966607,0.6389076217564232,0.6661198073583023,0.33388019264169766,0.6465848064437832,103.89208974129798,0.37012987012987014,0.8858447488584474,232.59222998102396,-13.814277258794565,False,True,True,True,True,8.103595546149478e-05,0.06097936147456878,209,111,162.9791817587032
LAW_29,24,LAW_29_L24_S890000,890000,L24_S990001,PARENT_Q_REPLAY,0.0,False,False,True,TRACK_LOST_OR_DISSOLVED,6976,0.3304530533105878,0.32566207778812484,0.32566207778812484,0.0,0.31011056582858826,0.0,0.0062020858985719325,0.0,0.0,0.0,1.0,,,,,,353.5381461140891,-6.025502738819181,,,,,,,,290,30,162.9791817587032
LAW_29,24,LAW_29_L24_S890000,890000,L24_S990001,SHAM,0.0,True,False,False,NONE,,0.0,0.0,0.0,0.0,0.0,0.0,0.0,0.0,,,0.49589321733686464,0.5041067826631354,0.6951544833369483,109.64688692675865,0.9391304347826087,0.0639269406392694,7.200041865355634,3.6000384821993334,False,True,True,True,False,0.00012364301632450392,0.045283957680821274,0,0,162.9791817587032
LAW_29,24,LAW_29_L24_S890001,890001,L24_S990002,FLOOR_FULL,0.5,True,False,False,NONE,,3.999999999999999,0.22728921433402158,0.22728921433402158,0.11512871942872446,0.2232726189793559,0.11512871942872446,0.0033651751550431057,2.584919110232612,0.02878217985718112,0.5065296202728417,0.6534853707187417,0.3465146292812583,0.6436917220142878,103.55827026737428,0.47750865051903113,0.6926605504587156,73.3716128388842,-4.033936547015217,False,True,True,True,False,0.0003132125315347678,0.04044761197478247,320,0,160.93899310344
LAW_29,24,LAW_29_L24_S890001,890001,L24_S990002,FLOOR_Q_REPLAY,0.5,True,False,False,NONE,,0.3186467252046629,0.2272892143340215,0.2272892143340215,0.11512871942872446,0.22327261897935602,0.11512871942872446,0.0033651751550431027,2.584919110232612,0.3613052020377071,0.5065296202728418,0.6534853707187417,0.3465146292812583,0.6436917220142877,103.55827026737427,0.47750865051903113,0.6926605504587156,73.37161283888419,-4.033936547015215,False,True,True,True,False,0.0003132125315347123,0.04044761197478253,320,0,160.93899310344
LAW_29,24,LAW_29_L24_S890001,890001,L24_S990002,PARENT_FULL,0.0,False,False,True,TRACK_LOST_OR_DISSOLVED,2816,3.999999999999999,0.4652660852515504,0.4652660852515504,0.0,0.40870387258877233,0.0,0.07723884305539885,0.0,0.0,0.0,1.0,,,,,,154.62262439776745,-18.609522677568002,,,,,,,,62,258,160.93899310344
LAW_29,24,LAW_29_L24_S890001,890001,L24_S990002,PARENT_LOW_CONSTANT,0.0,True,False,False,NONE,,0.3186467252046615,0.21110345544808962,0.21110345544808962,0.12824041180259854,0.18668846156340926,0.12824041180259854,0.0013077374234372733,2.879308419458805,0.4024532551534364,0.6074766115523528,0.6741171414530811,0.32588285854691895,0.6205083487581705,102.67687105072406,0.3779264214046823,0.8532110091743119,229.21621172310785,-17.653218159107844,False,True,True,True,True,9.626007770063838e-05,0.05769357521058155,212,108,160.93899310344
LAW_29,24,LAW_29_L24_S890001,890001,L24_S990002,PARENT_Q_REPLAY,0.0,False,False,True,TRACK_LOST_OR_DISSOLVED,6864,0.3186467252046629,0.3163540487872855,0.3163540487872855,0.0,0.29858537659887924,0.0,0.007050390556598957,0.0,0.0,0.0,1.0,,,,,,350.8341616343295,-7.815532480037085,,,,,,,,305,15,160.93899310344
LAW_29,24,LAW_29_L24_S890001,890001,L24_S990002,SHAM,0.0,True,False,False,NONE,,0.0,0.0,0.0,0.0,0.0,0.0,0.0,0.0,,,0.5264089972664387,0.47359100273356125,0.6509332769565997,108.29665831274913,0.9454545454545454,0.05504587155963303,12.600150308450749,-3.5999503250064575,False,True,True,True,False,0.00017796189417390584,0.046066666617570196,0,0,160.93899310344
LAW_29,24,LAW_29_L24_S890002,890002,L24_S990003,FLOOR_FULL,0.5,True,False,False,NONE,,4.000000000000003,0.2531301094635043,0.2531301094635043,0.1265686940532325,0.24746468510721173,0.1265686940532325,0.00713558251919069,2.7827909761610954,0.03164217351330811,0.5000143772761292,0.6845896879223343,0.31541031207766573,0.6191781000600531,99.79776524231603,0.45357142857142857,0.7251184834123223,72.47995824426422,-6.727853488714389,False,True,True,True,False,0.00018332340254423318,0.04256523110640481,320,0,157.59857416821703
LAW_29,24,LAW_29_L24_S890002,890002,L24_S990003,FLOOR_Q_REPLAY,0.5,True,False,False,NONE,,0.3061426656200536,0.25190990906043875,0.25190990906043886,0.12568208598543143,0.24642386644413267,0.12568208598543143,0.006687802298537482,2.7632976492454304,0.41053436877502236,0.4989168010666763,0.6856353299479305,0.3143646700520695,0.6162789619667932,99.7855108496203,0.45,0.7298578199052133,72.93146233378168,-7.176392960580607,False,True,True,True,False,0.0006065954373122295,0.042488940847651424,320,0,157.59857416821703
LAW_29,24,LAW_29_L24_S890002,890002,L24_S990003,PARENT_FULL,0.0,False,False,True,TRACK_LOST_OR_DISSOLVED,3376,4.000000000000003,0.5221532786882875,0.5221532786882875,0.0,0.4409333319891059,0.0,0.11239585536056626,0.0,0.0,0.0,1.0,,,,,,177.2663210803476,-17.838808714721452,,,,,,,,76,244,157.59857416821703
LAW_29,24,LAW_29_L24_S890002,890002,L24_S990003,PARENT_LOW_CONSTANT,0.0,True,False,False,NONE,,0.3061426656200545,0.21716995342422607,0.21716995342422607,0.13560513693908904,0.1912243604716365,0.13560513693908904,0.001572547950204845,2.9814698983658277,0.4429475279586968,0.624419422673053,0.6840714674771193,0.3159285325228806,0.6195299350470772,99.22037777502307,0.3793103448275862,0.8530805687203792,235.201542994756,-16.422702780252926,False,True,True,True,True,3.800260939901268e-05,0.05469048726229325,227,93,157.59857416821703
LAW_29,24,LAW_29_L24_S890002,890002,L24_S990003,PARENT_Q_REPLAY,0.0,True,False,False,NONE,,0.3061426656200536,0.3061426656200536,0.3061426656200536,0.16440513191367456,0.28905555636238367,0.16440513191367456,0.006619120004914644,3.6146783448008852,0.5370212988140434,0.5370212988140434,0.6843072479549577,0.3156927520450424,0.6638698144477415,99.59825556148168,0.3926174496644295,0.8578199052132701,353.69397775038186,-13.359191629046645,False,True,True,True,True,0.00035974553437223555,0.0567573826859456,320,0,157.59857416821703
LAW_29,24,LAW_29_L24_S890002,890002,L24_S990003,SHAM,0.0,True,False,False,NONE,,0.0,0.0,0.0,0.0,0.0,0.0,0.0,0.0,,,0.5352180205149666,0.4647819794850334,0.6442314223360535,104.61785907930607,0.9302325581395349,0.07109004739336493,13.950123976713966,-3.149953086855084,False,True,True,True,False,0.00022911155826682572,0.04682667776371002,0,0,157.59857416821703
LAW_29,24,LAW_29_L24_S890003,890003,L24_S990004,FLOOR_FULL,0.5,True,False,False,NONE,,3.9999999999999885,0.24642155834824864,0.24642155834824864,0.12771101972782947,0.2407032858490913,0.12771101972782947,0.00749484917890052,2.845922391462321,0.03192775493195746,0.5182623654515865,0.6712346993990082,0.3287653006009919,0.6401075504477235,102.9980251596495,0.45017182130584193,0.7373271889400922,80.12510773203584,-5.381569506772943,False,True,True,True,False,2.6581313794682426e-05,0.04531085148177855,320,0,159.73227483013085
LAW_29,24,LAW_29_L24_S890003,890003,L24_S990004,FLOOR_Q_REPLAY,0.5,True,False,False,NONE,,0.26973240309061824,0.24617276019523773,0.24617276019523773,0.12702580028102953,0.24048778677401159,0.12702580028102953,0.007497855016566301,2.830652907506518,0.47093266817614954,0.5160026648776507,0.672288554873413,0.327711445126587,0.6372536300546382,102.9997502429774,0.4517241379310345,0.7327188940092166,80.57520438621842,-5.831478210332388,False,True,True,True,False,0.0005416533813935032,0.046320098267422116,320,0,159.73227483013085
LAW_29,24,LAW_29_L24_S890003,890003,L24_S990004,PARENT_FULL,0.0,False,False,True,TRACK_LOST_OR_DISSOLVED,2896,3.9999999999999885,0.5244721379187866,0.5244721379187866,0.0,0.43840487507799464,0.0,0.11941842484761618,0.0,0.0,0.0,1.0,,,,,,179.65937359606295,-21.115106568639384,,,,,,,,79,241,159.73227483013085
LAW_29,24,LAW_29_L24_S890003,890003,L24_S990004,PARENT_LOW_CONSTANT,0.0,True,False,False,NONE,,0.2697324030906197,0.2039851298372809,0.2039851298372809,0.13263064893896892,0.17962499160016523,0.13263064893896892,0.0015544864375446757,2.9555517950917953,0.49171196125965677,0.6501976347235139,0.6749271535345659,0.3250728464654341,0.6309245839302781,102.26396465734865,0.35973597359735976,0.8940092165898618,262.140132563199,-16.36205662779777,False,True,True,True,True,0.0005833376348256536,0.059625306669221,242,78,159.73227483013085
LAW_29,24,LAW_29_L24_S890003,890003,L24_S990004,PARENT_Q_REPLAY,0.0,True,False,False,NONE,,0.26973240309061824,0.26973240309061824,0.26973240309061824,0.14710525301012567,0.2536743707994627,0.14710525301012567,0.0052059980265055485,3.2781050087568815,0.5453747911803714,0.5453747911803714,0.661544159850334,0.338455840149666,0.6717607474871703,103.57236564861857,0.40594059405940597,0.8294930875576036,348.8875949190291,-13.06359948233111,False,True,True,True,True,0.0003086250311131744,0.05499202197245606,320,0,159.73227483013085
LAW_29,24,LAW_29_L24_S890003,890003,L24_S990004,SHAM,0.0,True,False,False,NONE,,0.0,0.0,0.0,0.0,0.0,0.0,0.0,0.0,,,0.5175632765234867,0.48243672347651334,0.6697454080582442,107.83013388288471,0.9285714285714286,0.07373271889400922,11.700201117731975,-0.8998461735020538,False,True,True,True,False,2.881661704312588e-06,0.04274254108720238,0,0,159.73227483013085
LAW_29,24,LAW_29_L24_S890004,890004,L24_S990005,FLOOR_FULL,0.5,True,False,False,NONE,,4.000000000000007,0.21591963443516304,0.21591963443516304,0.09968507579486298,0.21251461014290515,0.09968507579486298,0.0019701035621182616,2.2384455907764864,0.024921268948715703,0.46167675327737134,0.6790466585485694,0.3209533414514306,0.5731887281983903,102.92697266366505,0.4907749077490775,0.6330275229357798,70.22844999128185,-14.378816868389618,False,True,True,True,False,0.00015159053687380242,0.04293606535510708,320,0,160.95867778346718
LAW_29,24,LAW_29_L24_S890004,890004,L24_S990005,FLOOR_Q_REPLAY,0.5,True,False,False,NONE,,0.3253468124147986,0.21591963443516315,0.21591963443516315,0.09968507579486297,0.21251461014290507,0.09968507579486297,0.0019701035621182577,2.238445590776486,0.3063963499595323,0.461676753277371,0.6790466585485695,0.32095334145143056,0.5731887281983903,102.92697266366505,0.4907749077490775,0.6330275229357798,70.22844999128185,-14.378816868389618,False,True,True,True,False,0.0001515905368736914,0.04293606535510708,320,0,160.95867778346718
LAW_29,24,LAW_29_L24_S890004,890004,L24_S990005,PARENT_FULL,0.0,True,False,False,NONE,,4.000000000000007,0.4429095931637248,0.4429095931637249,0.2078447954539792,0.3975834791038871,0.2078447954539792,0.059036193454095824,4.66719077294192,0.0519611988634947,0.4692713787690478,0.7150336438065474,0.28496635619345256,0.6691673700789849,101.29955912313868,0.3738019169329074,0.8990825688073395,154.80112622419574,-16.116979235926014,False,True,True,True,False,6.336115646321527e-06,0.05240872872736585,58,262,160.95867778346718
LAW_29,24,LAW_29_L24_S890004,890004,L24_S990005,PARENT_LOW_CONSTANT,0.0,True,False,False,NONE,,0.3253468124147977,0.20130834018165739,0.20130834018165739,0.11643140207626193,0.17944962980101273,0.11643140207626193,0.0008373562602993972,2.6144872392118246,0.3578685809523742,0.5783734641654494,0.6872881093173651,0.31271189068263494,0.5778671581037517,102.02196015482386,0.3888888888888889,0.8073394495412844,217.31615603741986,-22.842609931284457,False,True,True,True,False,0.0016355161946357555,0.05576291359148727,198,122,160.95867778346718
LAW_29,24,LAW_29_L24_S890004,890004,L24_S990005,PARENT_Q_REPLAY,0.0,True,False,False,NONE,,0.3253468124147986,0.31223920054659626,0.3122392005465962,0.15683014726283945,0.2976856526976335,0.15683014726283945,0.004048938879285309,3.5216480385062896,0.48203990719567874,0.5022756495286225,0.6985009870843506,0.3014990129156494,0.6182395605538041,101.90240611708478,0.3952702702702703,0.8211009174311926,306.1983560643894,-20.78786427897915,False,True,True,True,False,0.00014956016229222824,0.05581399129482095,247,73,160.95867778346718
LAW_29,24,LAW_29_L24_S890004,890004,L24_S990005,SHAM,0.0,True,False,False,NONE,,0.0,0.0,0.0,0.0,0.0,0.0,0.0,0.0,,,0.5612215917620813,0.43877840823791864,0.592940531859132,106.99261121902678,0.8807339449541285,0.11926605504587157,16.200126711532643,-11.700050209044875,False,True,True,True,False,0.00022995833757694095,0.04418777177873562,0,0,160.95867778346718
LAW_29,24,LAW_29_L24_S890005,890005,L24_S990006,FLOOR_FULL,0.5,True,False,False,NONE,,4.000000000000003,0.23513371336212638,0.23513371336212638,0.11730178629946995,0.23095374617648345,0.11730178629946995,0.00480911003011287,2.606428208917179,0.029325446574867468,0.4988726823652676,0.6730072105230278,0.3269927894769722,0.6200690707000968,102.07562121982507,0.4612676056338028,0.7083333333333334,74.27719636648436,-7.630461954927865,False,True,True,True,False,0.00028330254416208955,0.042237070793856746,320,0,159.2718916813525
LAW_29,24,LAW_29_L24_S890005,890005,L24_S990006,FLOOR_Q_REPLAY,0.5,True,False,False,NONE,,0.26607774094615116,0.23486864366808466,0.23486864366808466,0.11719334965424859,0.23068381659261455,0.11719334965424859,0.004812065843221485,2.604018762821757,0.44044777754621045,0.49897401298006266,0.67293259754331,0.32706740245668997,0.6200441404600419,102.07736410076444,0.4612676056338028,0.7083333333333334,74.27719673132006,-7.629946308298372,False,True,True,True,False,0.0003606567158209173,0.04227025991996425,320,0,159.2718916813525
LAW_29,24,LAW_29_L24_S890005,890005,L24_S990006,PARENT_FULL,0.0,False,False,True,TRACK_LOST_OR_DISSOLVED,3776,4.000000000000003,0.49879829916010493,0.49879829916010493,0.0,0.4292398823121225,0.0,0.09803207249541472,0.0,0.0,0.0,1.0,,,,,,167.4118353341395,-16.981911018253804,,,,,,,,74,246,159.2718916813525
LAW_29,24,LAW_29_L24_S890005,890005,L24_S990006,PARENT_LOW_CONSTANT,0.0,True,False,False,NONE,,0.2660777409461534,0.198726812769158,0.198726812769158,0.12503033128718097,0.17395229235328244,0.12503033128718097,0.001448622270890269,2.778155326681851,0.4699015063890053,0.6291568286379997,0.6783648948369936,0.3216351051630064,0.6113513439903473,101.45984252335629,0.37755102040816324,0.8472222222222222,247.98676260538824,-18.41658789105728,False,True,True,True,True,0.00045927350074270734,0.05598072012559413,239,81,159.2718916813525
LAW_29,24,LAW_29_L24_S890005,890005,L24_S990006,PARENT_Q_REPLAY,0.0,True,False,False,NONE,,0.26607774094615116,0.26607774094615116,0.26607774094615116,0.13897129008775985,0.2512884257006306,0.13897129008775985,0.005349782784036113,3.0879213534703553,0.5222958132220646,0.5222958132220646,0.6671175557029768,0.3328824442970232,0.6479645637823029,102.57508414483294,0.42662116040955633,0.7777777777777778,351.73523927423963,-15.911363915307977,False,True,True,True,False,0.001064654517313357,0.055468052095783926,320,0,159.2718916813525
LAW_29,24,LAW_29_L24_S890005,890005,L24_S990006,SHAM,0.0,True,False,False,NONE,,0.0,0.0,0.0,0.0,0.0,0.0,0.0,0.0,,,0.5351895599751717,0.4648104400248283,0.6399291822441587,106.78844749274954,0.9311926605504587,0.06944444444444445,13.050228868343195,-4.9498769843118415,False,True,True,True,False,0.00039768593254652096,0.04465459978179126,0,0,159.2718916813525
LAW_29,24,LAW_29_L24_S890006,890006,L24_S990007,FLOOR_FULL,0.5,True,False,False,NONE,,3.9999999999999742,0.2401815880276051,0.2401815880276051,0.11856065462881644,0.2352671981725452,0.11856065462881644,0.005805520944505016,2.6214121943570645,0.029640163657204302,0.4936292394535661,0.6788203928278091,0.3211796071721909,0.6126043770967439,101.30263981400846,0.46785714285714286,0.6930232558139535,72.4727704600165,-8.533615136790473,False,True,True,True,False,1.4494852879853859e-05,0.041859915733966246,320,0,158.48666379229334
LAW_29,24,LAW_29_L24_S890006,890006,L24_S990007,FLOOR_Q_REPLAY,0.5,True,False,False,NONE,,0.289493575605869,0.240181588027605,0.24018158802760492,0.11856065462881644,0.23526719817254516,0.11856065462881644,0.005805520944505017,2.6214121943570645,0.40954502835058015,0.4936292394535663,0.678820392827809,0.32117960717219096,0.6126043770967439,101.30263981400847,0.46785714285714286,0.6930232558139535,72.4727704600165,-8.53361513679047,False,True,True,True,False,1.4494852879853859e-05,0.0418599157339663,320,0,158.48666379229334
LAW_29,24,LAW_29_L24_S890006,890006,L24_S990007,PARENT_FULL,0.0,False,False,True,TRACK_LOST_OR_DISSOLVED,3216,3.9999999999999742,0.4939701626846953,0.4939701626846953,0.0,0.42517800235383607,0.0,0.0960045157669579,0.0,0.0,0.0,1.0,,,,,,164.1780263454361,-19.161581830252505,,,,,,,,74,246,158.48666379229334
LAW_29,24,LAW_29_L24_S890006,890006,L24_S990007,PARENT_LOW_CONSTANT,0.0,True,False,False,NONE,,0.2894935756058683,0.20807350746671896,0.20807350746671896,0.12680935505892726,0.18295871111333287,0.12680935505892726,0.0015520560163635546,2.8037934739037054,0.43803858097207715,0.609444982222017,0.6898148420858501,0.3101851579141499,0.597603804832553,100.52200860477487,0.3711340206185567,0.8511627906976744,247.1261567552541,-20.25472445765164,False,True,True,True,True,0.00019387941993093127,0.059087183139425126,230,90,158.48666379229334
LAW_29,24,LAW_29_L24_S890006,890006,L24_S990007,PARENT_Q_REPLAY,0.0,True,False,False,NONE,,0.289493575605869,0.289493575605869,0.289493575605869,0.15244941068646004,0.272886964830809,0.15244941068646004,0.006397573463206323,3.3707029152899333,0.5266072325349709,0.5266072325349709,0.6803614307669577,0.3196385692330423,0.6484779435052014,101.26383186901795,0.40540540540540543,0.8186046511627907,350.513414538129,-16.48204037567989,False,True,True,True,False,6.678864149950448e-05,0.05353292200279064,320,0,158.48666379229334
LAW_29,24,LAW_29_L24_S890006,890006,L24_S990007,SHAM,0.0,True,False,False,NONE,,0.0,0.0,0.0,0.0,0.0,0.0,0.0,0.0,,,0.5465969948288485,0.45340300517115145,0.6242327222897986,106.02217693380642,0.8990825688073395,0.10232558139534884,13.50012407296588,-7.199946778206303,False,True,True,True,False,0.00044144387704225796,0.04411585411007801,0,0,158.48666379229334
LAW_29,24,LAW_29_L24_S890007,890007,L24_S990008,FLOOR_FULL,0.5,True,False,False,NONE,,4.000000000000009,0.21847420032730758,0.21847420032730758,0.11483217503078078,0.21459915833743098,0.11483217503078078,0.0029230606376468137,2.5590693825328583,0.028708043757695124,0.5256097738714444,0.64483158024049,0.35516841975950997,0.6605965391706838,103.20460676677273,0.4843205574912892,0.6883720930232559,69.32228174330774,-1.7827200580859768,False,True,True,True,False,0.00013045658345611777,0.04523753548892129,320,0,159.7410249268428
LAW_29,24,LAW_29_L24_S890007,890007,L24_S990008,FLOOR_Q_REPLAY,0.5,True,False,False,NONE,,0.2743562386792464,0.21847420032730758,0.21847420032730758,0.11483217503078078,0.214599158337431,0.11483217503078078,0.0029230606376468155,2.5590693825328583,0.41855135346505684,0.5256097738714444,0.64483158024049,0.3551684197595099,0.6605965391706838,103.20460676677274,0.4843205574912892,0.6883720930232559,69.32228174330774,-1.7827200580859768,False,True,True,True,False,0.00013045658345611777,0.0452375354889214,320,0,159.7410249268428
LAW_29,24,LAW_29_L24_S890007,890007,L24_S990008,PARENT_FULL,0.0,False,False,True,TRACK_LOST_OR_DISSOLVED,3248,4.000000000000009,0.43160520955476905,0.43160520955476916,0.0,0.3886608607893735,0.0,0.057609612397739665,0.0,0.0,0.0,1.0,,,,,,144.22898086181434,-13.634146775732114,,,,,,,,57,263,159.7410249268428
LAW_29,24,LAW_29_L24_S890007,890007,L24_S990008,PARENT_LOW_CONSTANT,0.0,True,False,False,NONE,,0.27435623867924785,0.19376409356721852,0.19376409356721852,0.12368216321009722,0.16998174389377965,0.12368216321009722,0.0011923889024023236,2.7562940173479324,0.45080864136898685,0.6383131205224603,0.65542694471247,0.34457305528753,0.6491143929822493,102.37840343444302,0.38666666666666666,0.8558139534883721,247.28996193273247,-12.3150510741854,False,True,True,True,True,0.0003709000148771069,0.05860892065986606,226,94,159.7410249268428
LAW_29,24,LAW_29_L24_S890007,890007,L24_S990008,PARENT_Q_REPLAY,0.0,True,False,False,NONE,,0.2743562386792464,0.2743562386792464,0.27435623867924647,0.1519049497490034,0.2585461223487177,0.1519049497490034,0.005225917107656701,3.385247260653789,0.5536777675633523,0.5536777675633523,0.6520946570745273,0.3479053429254727,0.6941227487591338,102.92206242235565,0.41776315789473684,0.8232558139534883,350.6736059977361,-9.446999106994006,False,True,True,True,True,0.00030391466068513395,0.05445051917613891,320,0,159.7410249268428
LAW_29,24,LAW_29_L24_S890007,890007,L24_S990008,SHAM,0.0,True,False,False,NONE,,0.0,0.0,0.0,0.0,0.0,0.0,0.0,0.0,,,0.5071930741800912,0.49280692581990887,0.6863586778521423,107.33716901288713,0.9594594594594594,0.04186046511627907,7.65022508516324,2.2501865057438692,False,True,True,True,False,0.00013816232186292243,0.04446172283284311,0,0,159.7410249268428
LAW_29,24,LAW_29_L24_S890008,890008,L24_S990000,FLOOR_FULL,0.5,True,False,False,NONE,,4.000000000000014,0.21731200174560603,0.21731200174560603,0.11286616511632076,0.21341197764908987,0.11286616511632076,0.0027613190642858695,2.4774338296629757,0.028216541279080087,0.5193738229352207,0.6445836229449555,0.35541637705504453,0.6656046768694326,101.29118764172384,0.479020979020979,0.7028301886792453,70.67598381282323,-0.43019686619430464,False,True,True,True,False,0.00019283787552387688,0.04301426327512825,320,0,157.33896578059884
LAW_29,24,LAW_29_L24_S890008,890008,L24_S990000,FLOOR_Q_REPLAY,0.5,True,False,False,NONE,,0.35890344568458465,0.21582964631525298,0.21582964631525298,0.1108067806341999,0.21211573392905944,0.1108067806341999,0.0021517862411206358,2.4322299478882115,0.3087370209635164,0.5133992596751479,0.6446463212362703,0.35535367876372964,0.6623145683034762,101.25248706296027,0.4807017543859649,0.6981132075471698,70.2266702076457,-0.879127742281226,False,True,True,True,False,0.00017926529579426198,0.0429957361844977,320,0,157.33896578059884
LAW_29,24,LAW_29_L24_S890008,890008,L24_S990000,PARENT_FULL,0.0,False,False,True,TRACK_LOST_OR_DISSOLVED,3488,4.000000000000014,0.45102689093194726,0.45102689093194714,0.0,0.3984366966228927,0.0,0.07226851205038448,0.0,0.0,0.0,1.0,,,,,,149.91664772731073,-12.1060397892757,,,,,,,,58,262,157.33896578059884
LAW_29,24,LAW_29_L24_S890008,890008,L24_S990000,PARENT_LOW_CONSTANT,0.0,True,False,False,NONE,,0.3589034456845829,0.21646364067851537,0.21646364067851537,0.13366337606211062,0.1915811523399624,0.13366337606211062,0.001193461843361622,2.933936572594271,0.37242154587609827,0.6174865009344597,0.6655273102663712,0.3344726897336287,0.6530470950488337,100.4511911625452,0.3825503355704698,0.8679245283018868,220.50168588935279,-11.635056264239061,False,True,True,True,True,0.0002772598258516945,0.05696901401252802,193,127,157.33896578059884
LAW_29,24,LAW_29_L24_S890008,890008,L24_S990000,PARENT_Q_REPLAY,0.0,False,False,True,TRACK_LOST_OR_DISSOLVED,6272,0.35890344568458465,0.323105517134625,0.323105517134625,0.0,0.3057271827435394,0.0,0.0035150652679708802,0.0,0.0,0.0,1.0,,,,,,281.24110479682867,-3.0630272866864923,,,,,,,,210,110,157.33896578059884
LAW_29,24,LAW_29_L24_S890008,890008,L24_S990000,SHAM,0.0,True,False,False,NONE,,0.0,0.0,0.0,0.0,0.0,0.0,0.0,0.0,,,0.5190826309035481,0.48091736909645194,0.6743169986256146,105.55918289861062,0.9144144144144144,0.08962264150943396,10.350223155274062,0.45017540733545697,False,True,True,True,False,0.0002449225253617904,0.04345478783507217,0,0,157.33896578059884
LAW_29,32,LAW_29_L32_S890000,890000,L32_S990101,FLOOR_FULL,0.5,True,False,False,NONE,,4.000000000000009,0.25721142147079884,0.25721142147079884,0.15887995034592325,0.25168456008085976,0.15887995034592325,0.011147595505143632,6.466549151711199,0.03971998758648072,0.6177017701523835,0.6104199535457855,0.38958004645421457,0.6925435719205242,196.73484880785205,0.4870259481037924,0.6727748691099477,121.09627453805156,-8.514715018091655,True,True,True,True,True,0.00059505439359675,0.09378036554248165,320,0,291.7436984247852
LAW_29,32,LAW_29_L32_S890000,890000,L32_S990101,FLOOR_Q_REPLAY,0.5,True,False,False,NONE,,0.28017792797372565,0.24869849074510889,0.24869849074510889,0.15420337407826878,0.24488205182256306,0.15420337407826878,0.005124916620589973,6.276208518858089,0.5503765953067138,0.6200414550818961,0.606561828467759,0.3934381715322411,0.6916798293726464,196.56949780746817,0.4870259481037924,0.6727748691099477,120.1978002116424,-8.513028675064879,True,True,True,True,True,0.0010231290063124066,0.09425725142436153,320,0,291.7436984247852
LAW_29,32,LAW_29_L32_S890000,890000,L32_S990101,PARENT_FULL,0.0,False,False,True,TRACK_LOST_OR_DISSOLVED,5504,4.000000000000009,0.529990932873703,0.529990932873703,0.0,0.4354848144520214,0.0,0.14267976158722265,0.0,0.0,0.0,1.0,,,,,,336.1513424905813,-35.30025162534253,,,,,,,,128,192,291.7436984247852
LAW_29,32,LAW_29_L32_S890000,890000,L32_S990101,PARENT_LOW_CONSTANT,0.0,True,False,False,NONE,,0.28017792797372393,0.23289790262815824,0.23289790262815824,0.17319553908584348,0.21285262633218757,0.17319553908584348,0.0001103200660664273,7.049205792909936,0.6181626809021386,0.7436543529649781,0.6223001393563209,0.3776998606436791,0.6892811453187326,195.16134771145,0.4093567251461988,0.7931937172774869,281.7333652215258,-28.78175095560216,True,True,True,True,True,0.000598887486854105,0.12405523455850026,266,54,291.7436984247852
LAW_29,32,LAW_29_L32_S890000,890000,L32_S990101,PARENT_Q_REPLAY,0.0,True,False,False,NONE,,0.28017792797372565,0.28017792797372565,0.2801779279737256,0.17835807146923774,0.27030968283753665,0.17835807146923774,0.0019509112596089722,7.259325253117686,0.6365885876847647,0.6365885876847647,0.5831349260103933,0.41686507398960676,0.7465144832869809,199.2794089352543,0.4596153846153846,0.7356020942408377,438.4415485029534,-19.76682807914459,False,True,True,True,True,0.00022137543525319048,0.11435274465154538,320,0,291.7436984247852
LAW_29,32,LAW_29_L32_S890000,890000,L32_S990101,SHAM,0.0,True,False,False,NONE,,0.0,0.0,0.0,0.0,0.0,0.0,0.0,0.0,,,0.41565065127610645,0.5843493487238935,0.7280280497263061,211.4423527050659,0.9641025641025641,0.03664921465968586,11.700348728843537,0.9003101652500538,True,True,True,True,True,0.00015345828543189555,0.09714936425449766,0,0,291.7436984247852
LAW_29,32,LAW_29_L32_S890001,890001,L32_S990102,FLOOR_FULL,0.5,True,False,False,NONE,,4.0000000000000036,0.2519656977930514,0.2519656977930514,0.15645862327111507,0.24657969722300932,0.15645862327111507,0.010332774076024176,6.335769348329369,0.03911465581777873,0.6209520765783771,0.5988133814861996,0.40118661851380044,0.7079518317349082,196.3995125273829,0.4940239043824701,0.6684210526315789,121.54601165713125,-4.464458559646474,False,True,True,True,True,0.00021280581726029757,0.09105458981721165,320,0,290.267124555539
LAW_29,32,LAW_29_L32_S890001,890001,L32_S990102,FLOOR_Q_REPLAY,0.5,True,False,False,NONE,,0.3455186332280046,0.2385006105334883,0.2385006105334883,0.15002866050879754,0.23499327126259545,0.15002866050879754,0.004170402546833465,6.075388935101536,0.4342129369613331,0.6290493771617902,0.5940098551411308,0.4059901448588692,0.7051664199546773,196.29887916714475,0.4930139720558882,0.6684210526315789,117.94439998221536,-5.366908902803616,False,True,True,True,True,0.00010426996001006161,0.09300248604031208,320,0,290.267124555539
LAW_29,32,LAW_29_L32_S890001,890001,L32_S990102,PARENT_FULL,0.0,False,False,True,TRACK_LOST_OR_DISSOLVED,4656,4.0000000000000036,0.514491274421345,0.514491274421345,0.0,0.4247326874159812,0.0,0.13797080743895412,0.0,0.0,0.0,1.0,,,,,,315.2657500201865,-35.147444988430166,,,,,,,,126,194,290.267124555539
LAW_29,32,LAW_29_L32_S890001,890001,L32_S990102,PARENT_LOW_CONSTANT,0.0,True,False,False,NONE,,0.34551863322800236,0.25050100909030204,0.25050100909030204,0.18323760597138655,0.23106952610498113,0.18323760597138655,0.000128460693069482,7.42018038445246,0.5303262642002607,0.7314845023451862,0.6181570505466396,0.3818429494533604,0.7117978014867534,193.97194261959856,0.40229885057471265,0.8210526315789474,253.2733566592499,-22.828378061966337,True,True,True,True,True,8.177960526367656e-05,0.1223716150994873,232,88,290.267124555539
LAW_29,32,LAW_29_L32_S890001,890001,L32_S990102,PARENT_Q_REPLAY,0.0,True,False,False,NONE,,0.3455186332280046,0.338340093913555,0.338340093913555,0.2259981088587601,0.3244168673904257,0.2259981088587601,0.004552326586380395,9.151760771961772,0.6540837081559824,0.6679613587755934,0.6228096299060887,0.3771903700939113,0.7632769391283344,192.92184775623855,0.39194139194139194,0.8736842105263158,416.39494500123465,-17.573510951940072,False,True,True,True,True,0.0002844155275241178,0.12039957757564673,292,28,290.267124555539
LAW_29,32,LAW_29_L32_S890001,890001,L32_S990102,SHAM,0.0,True,False,False,NONE,,0.0,0.0,0.0,0.0,0.0,0.0,0.0,0.0,,,0.4085803909069238,0.5914196090930762,0.742084415472855,210.82764262167242,0.9592875318066157,0.042105263157894736,9.900580249706335,4.5005686519802826,False,True,True,True,True,0.0005307448197388043,0.09680377119139189,0,0,290.267124555539
LAW_29,32,LAW_29_L32_S890002,890002,L32_S990103,FLOOR_FULL,0.5,True,False,False,NONE,,4.000000000000027,0.23615244988117287,0.23615244988117287,0.14295981273648847,0.23180396212263774,0.14295981273648847,0.006790234597956542,5.661466882466906,0.03573995318412188,0.6053708644920811,0.6017949578431852,0.3982050421568149,0.6849690579256202,191.68863941282837,0.5135699373695198,0.6246648793565683,112.0896929578591,-9.419335537006548,True,True,True,True,True,0.0006432773820998494,0.08949790310994749,320,0,283.86575105777933
LAW_29,32,LAW_29_L32_S890002,890002,L32_S990103,FLOOR_Q_REPLAY,0.5,True,False,False,NONE,,0.32188459716858014,0.23007320060130818,0.23007320060130818,0.13945215193780158,0.22655586929081864,0.13945215193780158,0.003950812264286095,5.522557177238784,0.4332364865062696,0.6061207979605456,0.5985378525854597,0.4014621474145403,0.6846091291152857,191.53091480044137,0.5135699373695198,0.6246648793565683,108.49000337880199,-9.41898763005498,True,True,True,True,True,0.0006702658109238313,0.08913819622746538,320,0,283.86575105777933
LAW_29,32,LAW_29_L32_S890002,890002,L32_S990103,PARENT_FULL,0.0,True,False,False,NONE,,4.000000000000027,0.4891960975177078,0.4891960975177077,0.2613748205742289,0.41241785788342844,0.2613748205742289,0.12080722448000931,10.35091514367966,0.0653437051435568,0.5342945740992296,0.6497367516697299,0.35026324833027006,0.7777909061453816,186.64996412711523,0.3777372262773723,0.9142091152815014,304.9795571018631,-22.196401449004373,False,True,True,True,True,0.00035388106473177583,0.11499005905025322,111,209,283.86575105777933
LAW_29,32,LAW_29_L32_S890002,890002,L32_S990103,PARENT_LOW_CONSTANT,0.0,True,False,False,NONE,,0.3218845971685808,0.2343722223133715,0.2343722223133715,0.16650600170653657,0.21503190630987581,0.16650600170653657,8.965888027574524e-05,6.5939385086570725,0.5172847758829922,0.7104340269637704,0.6194180094464585,0.38058199055354147,0.6876070638006835,189.28668809804597,0.42084168336673344,0.774798927613941,257.29576747422016,-26.849898369579005,True,True,True,True,True,5.9335373256308444e-05,0.1169307372001292,233,87,283.86575105777933
LAW_29,32,LAW_29_L32_S890002,890002,L32_S990103,PARENT_Q_REPLAY,0.0,True,False,False,NONE,,0.32188459716858014,0.32188459716858014,0.32188459716858014,0.2047902059448711,0.30897213162942955,0.2047902059448711,0.003981349767387261,8.11006216794338,0.6362224466354836,0.6362224466354836,0.6224619988242359,0.377538001175764,0.7327467848549373,189.01572326624424,0.4158607350096712,0.8096514745308311,406.6280124785639,-23.991808669364126,False,True,True,True,True,0.00034582911553782125,0.11614863265492209,320,0,283.86575105777933
LAW_29,32,LAW_29_L32_S890002,890002,L32_S990103,SHAM,0.0,True,False,False,NONE,,0.0,0.0,0.0,0.0,0.0,0.0,0.0,0.0,,,0.425103953827065,0.574896046172935,0.7215198477775486,204.67859310479218,0.9477806788511749,0.05361930294906166,13.500362398162626,0.00029292299506666897,True,True,True,True,True,0.00034208622912651476,0.09285186248647342,0,0,283.86575105777933
LAW_29,32,LAW_29_L32_S890003,890003,L32_S990104,FLOOR_FULL,0.5,True,False,False,NONE,,4.000000000000004,0.25108984942233425,0.25108984942233425,0.1584720978547386,0.24618910875179445,0.1584720978547386,0.008570153313672516,6.310486882413295,0.039618024463684606,0.6311370141776931,0.6053430261319079,0.39465697386809206,0.7091398081551945,193.6105023871259,0.48897795591182364,0.6763925729442971,118.39500317172816,-4.914748901026224,False,True,True,True,True,0.0004140825966456041,0.08892497122485249,320,0,285.4355472381092
LAW_29,32,LAW_29_L32_S890003,890003,L32_S990104,FLOOR_Q_REPLAY,0.5,True,False,False,NONE,,0.29992177555795124,0.24361239460965142,0.24361239460965142,0.15419957409409285,0.23998353678169565,0.15419957409409285,0.004277448833742029,6.140351536750943,0.5141326394431746,0.6329709715352216,0.6026457005015717,0.39735429949842827,0.7070190295459154,193.45170033835754,0.48697394789579157,0.6790450928381963,117.94629055641762,-5.362914200596849,False,True,True,True,True,0.0006378401214794938,0.0890138232524828,320,0,285.4355472381092
LAW_29,32,LAW_29_L32_S890003,890003,L32_S990104,PARENT_FULL,0.0,False,False,True,TRACK_LOST_OR_DISSOLVED,5408,4.000000000000004,0.5214162668856358,0.5214162668856358,0.0,0.4313206383028816,0.0,0.13798937189692392,0.0,0.0,0.0,1.0,,,,,,325.26264665747624,-32.325950410574585,,,,,,,,121,199,285.4355472381092
LAW_29,32,LAW_29_L32_S890003,890003,L32_S990104,PARENT_LOW_CONSTANT,0.0,True,False,False,NONE,,0.29992177555795335,0.23806290934912516,0.23806290934912516,0.17640756283326778,0.21857919192112674,0.17640756283326778,0.00012532556540653482,7.024691578439582,0.5881785759139748,0.7410123791042212,0.6235573799333736,0.37644262006662643,0.7017122665169195,191.57547663616302,0.4070450097847358,0.8037135278514589,272.005348692582,-26.24318647449659,True,True,True,True,True,0.0005609379486256061,0.12203613343962932,254,66,285.4355472381092
LAW_29,32,LAW_29_L32_S890003,890003,L32_S990104,PARENT_Q_REPLAY,0.0,True,False,False,NONE,,0.29992177555795124,0.29992177555795124,0.2999217755579513,0.19585333408104502,0.289777654657728,0.19585333408104502,0.0020478166469830475,7.799037889485396,0.6530147193103757,0.6530147193103757,0.5989258560118997,0.4010741439881002,0.7612487853197519,193.87036226606563,0.42803030303030304,0.8010610079575596,432.2422325518838,-18.751672086286437,False,True,True,True,True,2.2394895527133585e-05,0.11301368282884056,320,0,285.4355472381092
LAW_29,32,LAW_29_L32_S890003,890003,L32_S990104,SHAM,0.0,True,False,False,NONE,,0.0,0.0,0.0,0.0,0.0,0.0,0.0,0.0,,,0.4150965646198571,0.5849034353801429,0.73659508992788,207.92745045448626,0.9561855670103093,0.04509283819628647,15.750214317405407,2.2501685732680063,True,True,True,True,True,0.0002010017959531707,0.09462058508157506,0,0,285.4355472381092
LAW_29,32,LAW_29_L32_S890004,890004,L32_S990105,FLOOR_FULL,0.5,True,False,False,NONE,,4.000000000000001,0.2550881775292071,0.2550881775292071,0.15531641816505104,0.24866135789230615,0.15531641816505104,0.013719834505843506,6.262900321041385,0.03882910454126275,0.6088734478777152,0.6090677208363898,0.3909322791636102,0.6912571109879561,194.31072303824936,0.49190283400809715,0.6640211640211641,121.99026086829345,-8.519047053112466,True,True,True,True,True,0.0011149628104430431,0.0953270287970917,320,0,289.03878953426863
LAW_29,32,LAW_29_L32_S890004,890004,L32_S990105,FLOOR_Q_REPLAY,0.5,True,False,False,NONE,,0.3052262714124477,0.2469782857934549,0.2469782857934549,0.15246497660912658,0.24230611891676626,0.15246497660912658,0.007825637590040117,6.147920240718824,0.49951459257942765,0.6173213815915433,0.6046990902210425,0.39530090977895754,0.6941112072851311,194.23246637029513,0.4899193548387097,0.6693121693121693,122.88968870912701,-7.619609079080228,True,True,True,True,True,0.0003448757915567313,0.09451877355437183,320,0,289.03878953426863
LAW_29,32,LAW_29_L32_S890004,890004,L32_S990105,PARENT_FULL,0.0,False,False,True,TRACK_LOST_OR_DISSOLVED,6256,4.000000000000001,0.52701773910228,0.52701773910228,0.0,0.4302799787369267,0.0,0.1483744333774978,0.0,0.0,0.0,1.0,,,,,,327.5118608185556,-24.907052737109776,,,,,,,,131,189,289.03878953426863
LAW_29,32,LAW_29_L32_S890004,890004,L32_S990105,PARENT_LOW_CONSTANT,0.0,True,False,False,NONE,,0.3052262714124499,0.23750419244281223,0.23750419244281223,0.17433033634549389,0.21890243296641967,0.17433033634549389,8.979727099318196e-05,7.0296078957036086,0.5711511513696758,0.7340095118003874,0.6222756233693678,0.37772437663063224,0.6939747763261002,192.4583302809277,0.4070450097847358,0.8015873015873016,272.0987445418401,-27.243742135799913,True,True,True,True,True,0.0013266836006997629,0.12505509869636317,249,71,289.03878953426863
LAW_29,32,LAW_29_L32_S890004,890004,L32_S990105,PARENT_Q_REPLAY,0.0,True,False,False,NONE,,0.3052262714124477,0.3052262714124477,0.3052262714124477,0.19293363777743675,0.2948625205459328,0.19293363777743675,0.00364021115846512,7.779757969256886,0.6321003656881437,0.6321003656881437,0.6035493412955022,0.39645065870449786,0.740878963800101,194.56693321028087,0.43186180422264875,0.783068783068783,424.21257690302275,-23.563606115750037,False,True,True,True,True,0.00025936286975447587,0.12194500876257458,320,0,289.03878953426863
LAW_29,32,LAW_29_L32_S890004,890004,L32_S990105,SHAM,0.0,True,False,False,NONE,,0.0,0.0,0.0,0.0,0.0,0.0,0.0,0.0,,,0.41943357345813914,0.5805664265418609,0.7248925766752957,208.988897039153,0.9510309278350515,0.05026455026455026,19.350266658879207,0.45020429857869404,True,True,True,True,True,0.00013909772743536664,0.0978376329826473,0,0,289.03878953426863
LAW_29,32,LAW_29_L32_S890005,890005,L32_S990106,FLOOR_FULL,0.5,True,False,False,NONE,,3.999999999999999,0.24819491566978344,0.24819491566978344,0.15308990678640053,0.24327123160450326,0.15308990678640053,0.008234205549344889,6.209921748637538,0.03827247669660014,0.6168132267063943,0.5963472576261533,0.40365274237384674,0.7043669688598811,195.04806022207256,0.5040485829959515,0.651595744680851,115.69704844016803,-4.009722097401053,True,True,True,True,True,0.0002659967552826603,0.09342160191089705,320,0,290.76194524267675
LAW_29,32,LAW_29_L32_S890005,890005,L32_S990106,FLOOR_Q_REPLAY,0.5,True,False,False,NONE,,0.3432033665671571,0.23408821012830858,0.23408821012830858,0.1445818215076085,0.23090172772490436,0.1445818215076085,0.002070156749119737,5.86480073497234,0.421271571295374,0.6176382032583367,0.5904861283905737,0.4095138716094263,0.7006055534083571,194.74389592275782,0.5,0.6569148936170213,114.79460526284181,-4.912557671756747,True,True,True,True,True,0.00044752815836662796,0.09567157577205804,320,0,290.76194524267675
LAW_29,32,LAW_29_L32_S890005,890005,L32_S990106,PARENT_FULL,0.0,False,False,True,TRACK_LOST_OR_DISSOLVED,6224,3.999999999999999,0.49898880252318534,0.49898880252318534,0.0,0.4162757290448973,0.0,0.1302913645292898,0.0,0.0,0.0,1.0,,,,,,318.092392260073,-23.583118032547592,,,,,,,,117,203,290.76194524267675
LAW_29,32,LAW_29_L32_S890005,890005,L32_S990106,PARENT_LOW_CONSTANT,0.0,True,False,False,NONE,,0.34320336656715844,0.24560490919962266,0.24560490919962266,0.17674974617068212,0.2267015454737044,0.17674974617068212,8.918648337187194e-05,7.169656810510169,0.5150000360969522,0.7196507054629903,0.6153629412723669,0.3846370587276331,0.7036076188134435,192.88889942950263,0.4204322200392927,0.7845744680851063,249.6946781154752,-23.739450852913283,True,True,True,True,True,0.00018104533026852554,0.1243967716123317,229,91,290.76194524267675
LAW_29,32,LAW_29_L32_S890005,890005,L32_S990106,PARENT_Q_REPLAY,0.0,True,False,False,NONE,,0.3432033665671571,0.32797574215858516,0.3279757421585851,0.21657956759222616,0.3152767727025107,0.21657956759222616,0.0026021101927934547,8.785309203813263,0.6310531559131616,0.6603523973047496,0.6175961158296897,0.3824038841703103,0.7546888852821115,191.9189905829866,0.40298507462686567,0.851063829787234,400.8408339213744,-18.21614614022933,False,True,True,True,True,0.0001317732823796769,0.12248748812257432,271,49,290.76194524267675
LAW_29,32,LAW_29_L32_S890005,890005,L32_S990106,SHAM,0.0,True,False,False,NONE,,0.0,0.0,0.0,0.0,0.0,0.0,0.0,0.0,,,0.4092158598354111,0.5907841401645889,0.7387106135258344,209.23847661384238,0.9341772151898734,0.06914893617021277,14.400485489688908,5.400449828070271,True,True,True,True,True,8.6081149539452e-05,0.09411562303089177,0,0,290.76194524267675
LAW_29,32,LAW_29_L32_S890006,890006,L32_S990107,FLOOR_FULL,0.5,True,False,False,NONE,,3.999999999999986,0.2628006564408114,0.2628006564408113,0.1663055202636364,0.25605346724892125,0.1663055202636364,0.013442158732485521,6.665344127816522,0.04157638006590925,0.6328200336938357,0.6050867200967333,0.39491327990326675,0.723322697888548,194.41613384123943,0.484251968503937,0.6931216931216931,128.7395506862932,-0.8683629311805942,False,True,True,True,True,0.0004831569356712473,0.08906863282961103,320,0,287.28563328775783
LAW_29,32,LAW_29_L32_S890006,890006,L32_S990107,FLOOR_Q_REPLAY,0.5,True,False,False,NONE,,0.3509418148663544,0.24384450011516914,0.24384450011516925,0.1561673604219781,0.24011884414251264,0.1561673604219781,0.0032588135190198975,6.259017722894184,0.4449950214153014,0.640438313549083,0.5961805301356362,0.40381946986436384,0.7212655061450183,194.17008543912877,0.48520710059171596,0.6904761904761905,124.68452631263851,-1.3228140150171352,False,True,True,True,True,0.000236674945062465,0.08915204816272021,320,0,287.28563328775783
LAW_29,32,LAW_29_L32_S890006,890006,L32_S990107,PARENT_FULL,0.0,False,False,True,TRACK_LOST_OR_DISSOLVED,5024,3.999999999999986,0.534402356412972,0.534402356412972,0.0,0.4376523136827277,0.0,0.14445516063111866,0.0,0.0,0.0,1.0,,,,,,340.86766577156885,-33.761023808282694,,,,,,,,127,193,287.28563328775783
LAW_29,32,LAW_29_L32_S890006,890006,L32_S990107,PARENT_LOW_CONSTANT,0.0,True,False,False,NONE,,0.35094181486635323,0.25881958846393677,0.25881958846393677,0.1912755792630387,0.23794788235415185,0.1912755792630387,0.00015914118415263548,7.666116897469977,0.5450350205086871,0.739030536282962,0.6241876880593282,0.3758123119406718,0.7251706425872257,191.82613488689594,0.3927893738140417,0.8465608465608465,267.0409146532551,-20.394626346438308,True,True,True,True,True,0.00010091057638278444,0.12371897861873099,236,84,287.28563328775783
LAW_29,32,LAW_29_L32_S890006,890006,L32_S990107,PARENT_Q_REPLAY,0.0,True,False,False,NONE,,0.3509418148663544,0.3472728994964895,0.3472728994964895,0.23919251370411962,0.3322890614213919,0.23919251370411962,0.004004148786488961,9.586575443244797,0.6815731371173562,0.68877391253658,0.6328319603587869,0.3671680396412131,0.7782488679991189,190.52249083115657,0.3804347826086957,0.9047619047619048,420.778587902914,-16.560255478531445,False,True,True,True,True,0.00048672263252097503,0.12067503459282664,305,15,287.28563328775783
LAW_29,32,LAW_29_L32_S890006,890006,L32_S990107,SHAM,0.0,True,False,False,NONE,,0.0,0.0,0.0,0.0,0.0,0.0,0.0,0.0,,,0.40155595254255305,0.598444047457447,0.7588862915497345,209.6910659403103,0.9205955334987593,0.08465608465608465,18.000602076218943,8.100560454981164,True,True,True,True,True,0.0005251234581353237,0.09362879861282675,0,0,287.28563328775783
LAW_29,32,LAW_29_L32_S890007,890007,L32_S990108,FLOOR_FULL,0.5,True,False,False,NONE,,3.9999999999999836,0.2412340729830578,0.2412340729830578,0.15063650995627675,0.23720036994479826,0.15063650995627675,0.006864301229805932,6.104431035396753,0.03765912748906934,0.6244412660845642,0.6001620020437484,0.3998379979562517,0.6959977129125744,197.0097014222013,0.49899799599198397,0.6527415143603134,115.24233869826514,-8.066927256037449,True,True,True,True,True,4.293536908139828e-05,0.09270264364510478,320,0,290.4777976761713
LAW_29,32,LAW_29_L32_S890007,890007,L32_S990108,FLOOR_Q_REPLAY,0.5,True,False,False,NONE,,0.308271865109697,0.23658934036843726,0.23658934036843726,0.14746076496495739,0.23333070266205944,0.14746076496495739,0.004053049913071955,5.975736363094913,0.4783464910509566,0.6232772986953631,0.599507335630276,0.4004926643697239,0.692458827298301,196.87074442843996,0.4979919678714859,0.6527415143603134,116.14112758866351,-8.967784228497912,True,True,True,True,True,0.00021745670498035663,0.09305388261520281,320,0,290.4777976761713
LAW_29,32,LAW_29_L32_S890007,890007,L32_S990108,PARENT_FULL,0.0,False,False,True,TRACK_LOST_OR_DISSOLVED,5600,3.9999999999999836,0.5120844603940495,0.5120844603940495,0.0,0.426630317585908,0.0,0.13144562704960558,0.0,0.0,0.0,1.0,,,,,,309.8542528141397,-33.362248849433804,,,,,,,,114,206,290.4777976761713
LAW_29,32,LAW_29_L32_S890007,890007,L32_S990108,PARENT_LOW_CONSTANT,0.0,True,False,False,NONE,,0.308271865109698,0.23505729714614362,0.23505729714614362,0.17168533026425944,0.21586077658821892,0.17168533026425944,9.959829106224747e-05,6.95741861446264,0.55692831456794,0.7303977895973016,0.6169533700894851,0.38304662991051486,0.6959724746026135,194.79168499568462,0.41005802707930367,0.7963446475195822,252.55200384071597,-26.604499422941835,True,True,True,True,True,0.00013841934119757093,0.11864601298792915,244,76,290.4777976761713
LAW_29,32,LAW_29_L32_S890007,890007,L32_S990108,PARENT_Q_REPLAY,0.0,True,False,False,NONE,,0.308271865109697,0.30827186510969695,0.30827186510969695,0.1996159382129068,0.29679319664669973,0.1996159382129068,0.00291339469394345,8.089285451052993,0.6475321325281321,0.6475321325281322,0.6080012885483609,0.3919987114516391,0.7435146065537027,196.4667361565035,0.4218455743879473,0.8015665796344648,416.39290846355703,-22.053357613078973,False,True,True,True,True,0.0002157085558007199,0.1162890100354454,320,0,290.4777976761713
LAW_29,32,LAW_29_L32_S890007,890007,L32_S990108,SHAM,0.0,True,False,False,NONE,,0.0,0.0,0.0,0.0,0.0,0.0,0.0,0.0,,,0.41833266013845005,0.58166733986155,0.725393685897067,211.10324957858666,0.9615384615384616,0.0391644908616188,13.050360588578105,-0.4497437145052706,True,True,True,True,True,0.0003269517117743259,0.0953008170272786,0,0,290.4777976761713
LAW_29,32,LAW_29_L32_S890008,890008,L32_S990100,FLOOR_FULL,0.5,True,False,False,NONE,,3.9999999999999982,0.2570625326260025,0.2570625326260025,0.1590282697918132,0.2515505402450998,0.1590282697918132,0.010640304053696849,6.316252395374377,0.03975706744795331,0.618636516832197,0.617961184703898,0.38203881529610195,0.6918551118968262,191.81293298240155,0.48185483870967744,0.6816976127320955,120.19287273137897,-8.516995170824927,False,True,True,True,True,0.0002605320020991897,0.08750413824993314,320,0,284.6971625190523
LAW_29,32,LAW_29_L32_S890008,890008,L32_S990100,FLOOR_Q_REPLAY,0.5,True,False,False,NONE,,0.3047397260857579,0.2459951096092978,0.2459951096092978,0.15283388934000833,0.2423040769818917,0.15283388934000833,0.004619038049793194,6.0702252555596,0.5015226970998812,0.6212883239132153,0.6143283961855072,0.38567160381449284,0.6881006557405006,191.62333188833213,0.4808080808080808,0.6816976127320955,120.1874039983982,-9.421167811336222,False,True,True,True,True,0.0011142802772015625,0.08684927872666198,320,0,284.6971625190523
LAW_29,32,LAW_29_L32_S890008,890008,L32_S990100,PARENT_FULL,0.0,False,False,True,TRACK_LOST_OR_DISSOLVED,4832,3.9999999999999982,0.5429942892107925,0.5429942892107924,0.0,0.44234292103590417,0.0,0.14848419086615813,0.0,0.0,0.0,1.0,,,,,,333.37199520751733,-37.02348199077871,,,,,,,,131,189,284.6971625190523
LAW_29,32,LAW_29_L32_S890008,890008,L32_S990100,PARENT_LOW_CONSTANT,0.0,True,False,False,NONE,,0.30473972608575794,0.23998253429253538,0.23998253429253538,0.17529640301640145,0.22116881322010157,0.17529640301640145,0.00016565628314864976,6.962386793884728,0.5752331842914062,0.7304548371954335,0.6343790857481744,0.3656209142518257,0.684409549330012,189.82867273726853,0.4051383399209486,0.7984084880636605,274.1494497858335,-30.190271108422902,True,True,True,True,True,0.0002630196204547741,0.12198530906332544,252,68,284.6971625190523
LAW_29,32,LAW_29_L32_S890008,890008,L32_S990100,PARENT_Q_REPLAY,0.0,True,False,False,NONE,,0.3047397260857579,0.3047397260857579,0.30473972608575783,0.19716076566171029,0.29366884842085084,0.19716076566171029,0.002017390850776189,7.830791091514052,0.6469808455699227,0.6469808455699227,0.6053805559838048,0.39461944401619525,0.7503108062446867,192.3257382624121,0.43021032504780116,0.7904509283819628,413.950059300252,-20.504611340562594,False,True,True,True,True,0.00011974756211591275,0.11343761588990425,320,0,284.6971625190523
LAW_29,32,LAW_29_L32_S890008,890008,L32_S990100,SHAM,0.0,True,False,False,NONE,,0.0,0.0,0.0,0.0,0.0,0.0,0.0,0.0,,,0.4269900460979458,0.5730099539020542,0.71792465347318,206.49573722913766,0.9354005167958657,0.06631299734748011,19.35021672605894,-2.249914788098081,True,True,True,True,True,0.0004669777864009794,0.08994042997815005,0,0,284.6971625190523
