CUM_ABS_SWEEP,CUM_MASK_ENTRY,CUM_MASK_EXIT,CUM_MATERIAL_CHANGE_ON_RETAINED_SITES,CUM_TRACKER_SWEEP,DELIVERED_FRACTION,DISSOLUTION,I0,M256,SPLIT,SURVIVAL_ITT,UCR,UCR_per_1000_steps,UCR_per_attempted,UCR_per_delivered,arm,attempted_mass,attempted_over_M256,axis,block,bound_by,ceil,delivered_over_M256,donor,first_failure_time,first_failure_type,floor,fresh_over_M256,fresh_retained_at_T,futile_fraction,incumbent_displacement,incumbent_removed_once,incumbent_removed_over_M256,law,max_global_balance_residual,max_identity_residual,merger,n_events,n_gap_steps,n_rejected,n_requests,reacquisition,realized_sink,realized_source,reject_causes,seed,size,source_realized_over_M256,terminal_F_over_T,terminal_I_over_I0,terminal_T,terminal_T_over_M256,terminal_area,terminal_boundary_site_turnover,terminal_fresh_in_frozen_C256,terminal_incumbent_in_frozen_C256,terminal_jaccard_C256_Ct,terminal_margin_frac_below_0.05,terminal_margin_frac_below_0.10,terminal_margin_median,terminal_margin_min,terminal_margin_q10,terminal_mass_in_C256_cap_Ct,terminal_mass_in_frozen_C256,terminal_n_C256_cap_Ct,terminal_perimeter,terminal_shadow_40_alive,terminal_shadow_40_area,terminal_shadow_40_jaccard_C256,terminal_shadow_40_jaccard_official,terminal_shadow_45_alive,terminal_shadow_45_area,terminal_shadow_45_jaccard_C256,terminal_shadow_45_jaccard_official,terminal_shadow_50_alive,terminal_shadow_50_area,terminal_shadow_50_jaccard_C256,terminal_shadow_50_jaccard_official,terminal_shadow_55_alive,terminal_shadow_55_area,terminal_shadow_55_jaccard_C256,terminal_shadow_55_jaccard_official,terminal_shadow_60_alive,terminal_shadow_60_area,terminal_shadow_60_jaccard_C256,terminal_shadow_60_jaccard_official
8.550540942207256,8.100540562663198,-0.450000379544059,-11.959194730796812,7.650540183119141,0.0,False,167.91995929118505,167.91995929118505,False,True,0.0,0.0,,,SHAM,0.0,0.0,+x,LAW_16_L24_S890000,"{""PLANNED"": 0, ""SOURCE"": 0, ""SINK"": 0, ""OTHER"": 0}",1.0,0.0,L24_S990001,,NONE,0.0,0.0,0.0,0.0,0.24862619146137033,0.0,0.0,LAW_16,0.0,3.6637359812630166e-15,False,0,0,0,0,False,0.0,0.0,{},890000,24,0.0,0.0,0.7513738085386297,163.61130474350736,0.9743410219615039,229,0.08018867924528301,0.0,121.46057153691025,0.925764192139738,0.06550218340611354,0.13973799126637554,0.3119810854432293,0.000998770187421505,0.06327318338497007,155.43904091348756,155.43904091348756,212,70,True,252,0.8412698412698413,0.9087301587301587,True,229,0.925764192139738,1.0,True,214,0.9541284403669725,0.9344978165938864,True,197,0.9292452830188679,0.8602620087336245,True,182,0.8584905660377359,0.7947598253275109
302.2432975637651,141.85551705993646,-160.3877805038286,20.301051266183713,-18.532263443892276,0.15208308557167607,False,167.91995929118505,167.91995929118505,False,True,0.37885535482158894,8.875191930648533,0.09471383870539747,0.6227769403110859,PARENT_FULL,671.6798371647385,3.99999999999999,+x,LAW_16_L24_S890000,"{""PLANNED"": 12, ""SOURCE"": 220, ""SINK"": 16, ""OTHER"": 0}",1.0,0.6083323422867027,L24_S990001,,NONE,0.0,0.37885535482158894,63.617375758888684,0.1901231853322368,0.567342971467947,75.559486125379,0.4499732279850873,LAW_16,1.1368683772161603e-13,8.43769498715119e-15,False,248,0,72,320,False,102.15114215229437,102.15114215229437,"{""NO_SINK_CAPACITY"": 72}",890000,24,0.6083323422867027,0.3749062730503022,0.432657028532053,169.68874711347644,1.0105335174553263,220,0.8584905660377359,41.98964840843173,67.87303930494485,0.40716612377850164,0.05,0.1590909090909091,0.3749657683882787,0.003395262956117806,0.07795915705366147,103.71495433218851,123.18441650841795,125,68,False,0,0.0,0.0,True,220,0.40716612377850164,1.0,True,209,0.412751677852349,0.95,True,185,0.3784722222222222,0.8409090909090909,True,179,0.38652482269503546,0.8136363636363636
77.75127884376815,36.02218589893615,-41.72909294483199,-15.32440187154446,-5.706907045895848,0.07562037547298807,False,167.91995929118505,167.91995929118505,True,False,0.21708102100581597,5.085412417715612,0.05427025525145413,0.7176670958323885,FLOOR_FULL,671.6798371647385,3.99999999999999,+x,LAW_16_L24_S890000,"{""PLANNED"": 12, ""SOURCE"": 12, ""SINK"": 296, ""OTHER"": 0}",1.0,0.3024815018919515,L24_S990001,848,SPLIT,0.5,0.21708102100581597,36.452236210185504,0.040556664828577026,0.5341543242920005,47.25408478554586,0.2814083863824904,LAW_16,8.526512829121202e-14,6.994405055138486e-15,False,320,0,0,320,False,50.79268148403301,50.79268148403301,{},890000,24,0.3024815018919515,0.2481623741346669,0.4658456757079995,146.88865037374467,0.8747539660787399,204,0.6886792452830188,24.49626318673335,83.7656331498016,0.4804270462633452,0.10784313725490197,0.15196078431372548,0.31796466505418447,0.0011463266239755687,0.021848007871536124,101.97318741628165,132.31370240688972,135,64,True,252,0.5836177474402731,0.8095238095238095,True,204,0.4804270462633452,1.0,True,182,0.45387453874538747,0.8921568627450981,True,173,0.4583333333333333,0.8480392156862745,True,147,0.4246031746031746,0.7205882352941176
311.2604552205145,149.91459840918773,-161.34585681132688,10.414246193355163,-11.431258402138884,0.9649073182858926,False,167.91995929118505,167.91995929118505,False,True,0.24629826166562338,5.769865244472813,0.7453351064489376,0.7724421737965326,PARENT_Q_REPLAY,55.4896632595617,0.3304530533105878,+x,LAW_16_L24_S890000,"{""PLANNED"": 300, ""SOURCE"": 20, ""SINK"": 0, ""OTHER"": 0}",1.0,0.31885656948930435,L24_S990001,,NONE,0.0,0.24629826166562338,41.358394072381124,0.00969903865171491,0.466665713706943,50.37360849581249,0.2999858307996675,LAW_16,8.526512829121202e-14,6.772360450213455e-15,False,320,0,0,320,False,53.54238216837091,53.5423821683709,{},890000,24,0.3188565694893043,0.24779906403906796,0.533334286293057,166.90294708240128,0.9939434703707842,223,0.6839622641509434,26.1359385819623,85.59070559449383,0.5,0.08071748878923767,0.13901345291479822,0.34342637103966994,0.0006165509089140486,0.05532292696661528,115.30054815268453,132.33517837894973,145,68,True,240,0.49174917491749176,0.9291666666666667,True,223,0.5,1.0,True,205,0.4946236559139785,0.9192825112107623,True,192,0.4852941176470588,0.8609865470852018,True,179,0.4866920152091255,0.8026905829596412
77.51940749164896,36.02290117364379,-41.4965063180052,-15.518942745461604,-5.473605144361409,0.8985024169168921,False,167.91995929118505,167.91995929118505,True,False,0.2155930602049042,5.050554951600101,0.6524166081838911,0.7261155851117059,FLOOR_Q_REPLAY,55.4896632595617,0.3304530533105878,+x,LAW_16_L24_S890000,"{""PLANNED"": 28, ""SOURCE"": 0, ""SINK"": 292, ""OTHER"": 0}",1.0,0.2969128670771297,L24_S990001,1008,SPLIT,0.5,0.2155930602049042,36.202377893069524,0.03391459541762792,0.5324239093139169,46.68304543613528,0.27800772244819083,LAW_16,8.526512829121202e-14,4.9960036108132044e-15,False,320,0,0,320,False,49.85759655262066,49.85759655262066,{},890000,24,0.2969128670771297,0.24639635006006735,0.4675760906860831,146.927411401362,0.874984796456385,204,0.6886792452830188,24.108833517046534,84.13995340041635,0.4804270462633452,0.10784313725490197,0.15196078431372548,0.3185544092173695,0.002111611986005957,0.021906729239809686,101.98440791034324,132.28297559325623,135,64,True,251,0.5802047781569966,0.8127490039840638,True,204,0.4804270462633452,1.0,True,182,0.45387453874538747,0.8921568627450981,True,173,0.4583333333333333,0.8480392156862745,True,147,0.4246031746031746,0.7205882352941176
246.41886365687864,116.60085446002769,-129.8180091968505,2.1055499187799063,-13.217154736822724,0.9281250000000001,False,167.91995929118505,167.91995929118505,False,True,0.25769041661020176,6.036741666701116,0.7798094586464708,0.8401987433227968,PARENT_LOW_CONSTANT,55.489663259561475,0.33045305331058644,+x,LAW_16_L24_S890000,"{""PLANNED"": 297, ""SOURCE"": 0, ""SINK"": 0, ""OTHER"": 0}",1.0,0.306701740103888,L24_S990001,,NONE,0.0,0.25769041661020176,43.271364266913594,0.00036347805110757513,0.5172354093458672,45.48336788718919,0.27086338085824463,LAW_16,8.526512829121202e-14,8.659739592076221e-15,False,297,0,23,320,False,51.501343712780496,51.501343712780496,"{""NO_SINK_CAPACITY"": 23}",890000,24,0.306701740103888,0.27595063038764955,0.4827645906541328,156.80835447314217,0.9338279686051223,204,0.7830188679245284,24.245249392434463,85.2228228507515,0.42955326460481097,0.05392156862745098,0.10784313725490197,0.3673702619804969,0.0001718444867403468,0.08393230850791383,102.75857185558785,128.85286392058248,125,64,True,214,0.4152823920265781,0.9532710280373832,True,204,0.42955326460481097,1.0,True,193,0.43617021276595747,0.946078431372549,True,182,0.4432234432234432,0.8921568627450981,True,164,0.40823970037453183,0.803921568627451
7.650431828891432,6.750425906188597,-0.9000059227028352,-11.413614333310223,5.850419983485762,0.0,False,166.78179145891772,166.7817914589177,False,True,0.0,0.0,,,SHAM,0.0,0.0,-x,LAW_16_L24_S890001,"{""PLANNED"": 0, ""SOURCE"": 0, ""SINK"": 0, ""OTHER"": 0}",1.0,0.0,L24_S990002,,NONE,0.0,0.0,0.0,0.0,0.25440787411277066,0.0,0.0,LAW_16,0.0,3.885780586188048e-15,False,0,0,0,0,False,0.0,0.0,{},890001,24,0.0,0.0,0.7455921258872293,161.21859710909328,0.9666438746030932,226,0.06103286384976526,0.0,120.71992054058396,0.9424778761061947,0.05752212389380531,0.11946902654867257,0.3090648050059632,0.0011151859756796112,0.0711164348493562,154.85742630544814,154.85742630544814,213,66,True,249,0.8554216867469879,0.9076305220883534,True,226,0.9424778761061947,1.0,True,213,0.9541284403669725,0.9424778761061947,True,199,0.9342723004694836,0.8805309734513275,True,176,0.8262910798122066,0.7787610619469026
291.6922758789872,136.88670668207357,-154.80556919691344,20.61450072190274,-17.91886251483994,0.152595479553432,False,166.78179145891772,166.7817914589177,False,True,0.38546417633225744,8.968806622758096,0.09636604408306491,0.6315130983242653,PARENT_FULL,667.1271658356669,3.999999999999977,-x,LAW_16_L24_S890001,"{""PLANNED"": 13, ""SOURCE"": 201, ""SINK"": 19, ""OTHER"": 0}",1.0,0.6103819182137245,L24_S990002,,NONE,0.0,0.38546417633225744,64.28840587193004,0.18447961969229199,0.5720087057369789,75.8872522386194,0.4550092163826662,LAW_16,8.526512829121202e-14,7.105427357601002e-15,False,233,0,87,320,False,101.80058979381555,101.80058979381555,"{""NO_SINK_CAPACITY"": 87}",890001,24,0.6103819182137245,0.37933314187402234,0.427991294263021,169.47742966598054,1.0161626649017428,221,0.863849765258216,41.700994227912815,66.60210022907877,0.4045307443365696,0.07239819004524888,0.1493212669683258,0.3646665996725526,0.017637182337760016,0.05825151192734418,102.93268966809697,121.88974385203466,125,68,False,0,0.0,0.0,True,221,0.4045307443365696,1.0,True,205,0.3933333333333333,0.9276018099547512,True,188,0.3732876712328767,0.8506787330316742,True,177,0.3879003558718861,0.8009049773755657
78.28030706299428,35.11563314462183,-43.16467391837246,-15.065589083640118,-8.049040773750624,0.0731380904399136,False,166.78179145891772,166.7817914589177,True,False,0.2096805969724086,4.878753571042637,0.05242014924310245,0.7167284369581413,FLOOR_FULL,667.1271658356669,3.999999999999977,-x,LAW_16_L24_S890001,"{""PLANNED"": 13, ""SOURCE"": 5, ""SINK"": 302, ""OTHER"": 0}",1.0,0.2925523617596527,L24_S990002,784,SPLIT,0.5,0.2096805969724086,34.97090559723362,0.03249037826598327,0.5364262329551885,45.83789091692975,0.27483750183976596,LAW_16,1.1368683772161603e-13,5.773159728050814e-15,False,320,0,0,320,False,48.79240698981224,48.79240698981224,{},890001,24,0.2925523617596527,0.24341613774084547,0.4635737670448115,143.66716160152706,0.8614079531392711,200,0.6713615023474179,23.831054362410665,83.51319635872314,0.4856115107913669,0.1,0.16,0.3106798670702143,0.0010673514356021596,0.04797013185441057,101.45197984239621,132.2001697811936,135,64,True,251,0.5945017182130584,0.796812749003984,True,200,0.4856115107913669,1.0,True,180,0.45555555555555555,0.9,True,168,0.45977011494252873,0.84,True,146,0.4246031746031746,0.73
298.8834895248905,144.05268090494937,-154.83080861994114,9.426627110420517,-10.778127714991788,0.9790449648811257,False,166.78179145891772,166.7817914589177,False,True,0.24060932737721502,5.598389322223372,0.7550974428583079,0.7712592066187591,PARENT_Q_REPLAY,53.14447167215117,0.3186467252046631,-x,LAW_16_L24_S890001,"{""PLANNED"": 308, ""SOURCE"": 12, ""SINK"": 0, ""OTHER"": 0}",1.0,0.3119694718874851,L24_S990002,,NONE,0.0,0.24060932737721502,40.12925466169713,0.007879096045208986,0.46261590926089835,48.8251560074514,0.2927487202311182,LAW_16,1.4210854715202004e-13,5.662137425588298e-15,False,320,0,0,320,False,52.03082740188722,52.03082740188722,{},890001,24,0.3119694718874851,0.2425750112295278,0.5373840907391016,165.43029085434642,0.9918965937903109,221,0.676056338028169,25.660899511376194,85.770736105158,0.5017301038062284,0.07239819004524888,0.14027149321266968,0.3377454295944024,0.0002962566426857327,0.06747374638532316,115.57956839711997,132.7543474984151,145,68,True,235,0.4983277591973244,0.9404255319148936,True,221,0.5017301038062284,1.0,True,205,0.4875444839857651,0.9276018099547512,True,190,0.4925925925925926,0.8597285067873304,True,178,0.49808429118773945,0.8054298642533937
78.04876972759774,35.11547087794921,-42.933298849648594,-15.243894162119144,-7.817827971699387,0.9162327052427937,False,166.78179145891772,166.7817914589177,True,False,0.20965740761148527,4.87821401145034,0.6579619089975733,0.7181165933421021,FLOOR_Q_REPLAY,53.14447167215117,0.3186467252046631,-x,LAW_16_L24_S890001,"{""PLANNED"": 20, ""SOURCE"": 0, ""SINK"": 300, ""OTHER"": 0}",1.0,0.2919545510510255,L24_S990002,912,SPLIT,0.5,0.20965740761148527,34.96703803407604,0.03195654015597963,0.5361782092911187,45.80421580492296,0.2746355906376364,LAW_16,1.4210854715202004e-13,6.217248937900877e-15,False,320,0,0,320,False,48.69270304887408,48.69270304887408,{},890001,24,0.2919545510510255,0.24329961847554862,0.46382179070888135,143.72006932509922,0.8617251803563992,200,0.6713615023474179,23.78738470386289,83.49859353079336,0.4856115107913669,0.1,0.16,0.31052323564633183,0.0017218522681441417,0.04933760820431482,101.47047283993318,132.13705103037267,135,64,True,252,0.5979381443298969,0.7936507936507936,True,200,0.4856115107913669,1.0,True,180,0.45555555555555555,0.9,True,168,0.45977011494252873,0.84,True,146,0.4246031746031746,0.73
252.03719595502577,118.84620835682003,-133.19098759820568,1.8404897635783795,-14.344779241385734,0.94375,False,166.78179145891772,166.7817914589177,False,True,0.2502971572869831,5.823801379659254,0.7855004852983192,0.8323183950180865,PARENT_LOW_CONSTANT,53.1444716721512,0.31864672520466325,-x,LAW_16_L24_S890001,"{""PLANNED"": 302, ""SOURCE"": 0, ""SINK"": 0, ""OTHER"": 0}",1.0,0.30072284691190093,L24_S990002,,NONE,0.0,0.2502971572869831,41.74500828939754,0.0002446795524353358,0.5160598433259562,44.058579731055374,0.26416900397612075,LAW_16,1.4210854715202004e-13,7.438494264988549e-15,False,302,0,18,320,False,50.15509514059269,50.15509514059269,"{""NO_SINK_CAPACITY"": 18}",890001,24,0.30072284691190093,0.27058390078489064,0.48394015667404383,154.2775019811104,0.9250260512947698,201,0.7699530516431925,23.283009332112808,85.26760061373267,0.43252595155709345,0.04975124378109453,0.0945273631840796,0.36531279056409544,0.000582306944280131,0.10189577024067203,102.28006675310698,128.6086522542938,125,62,True,216,0.42524916943521596,0.9305555555555556,True,201,0.43252595155709345,1.0,True,191,0.4377224199288256,0.9502487562189055,True,182,0.4416058394160584,0.9054726368159204,True,164,0.40148698884758366,0.8159203980099502
5.8501459544613645,5.8501459544613645,0.0,-12.11146938778333,5.8501459544613645,0.0,False,165.3018733173851,165.30187331738512,False,True,0.0,0.0,,,SHAM,0.0,0.0,+y,LAW_16_L24_S890002,"{""PLANNED"": 0, ""SOURCE"": 0, ""SINK"": 0, ""OTHER"": 0}",1.0,0.0,L24_S990003,,NONE,0.0,0.0,0.0,0.0,0.25560752819531085,0.0,0.0,LAW_16,0.0,3.1086244689504383e-15,False,0,0,0,0,False,0.0,0.0,{},890002,24,0.0,0.0,0.7443924718046891,159.0405498840631,0.9621218846001819,223,0.06190476190476191,0.0,119.49885785929308,0.9417040358744395,0.07174887892376682,0.13452914798206278,0.30907259839158335,0.0006163735695038919,0.06833404884346189,152.90026018082443,152.90026018082443,210,68,True,242,0.8677685950413223,0.9214876033057852,True,223,0.9417040358744395,1.0,True,207,0.9669811320754716,0.9282511210762332,True,193,0.919047619047619,0.8654708520179372,True,175,0.8333333333333334,0.7847533632286996
328.63173804076837,153.1166395954608,-175.51509844530716,21.86920118231689,-22.39845884984653,0.16027220068542775,False,165.3018733173851,165.30187331738512,False,True,0.3996006784928312,9.215226106830794,0.09990016962320793,0.6233156417393041,PARENT_FULL,661.2074932695397,3.999999999999995,+y,LAW_16_L24_S890002,"{""PLANNED"": 12, ""SOURCE"": 256, ""SINK"": 16, ""OTHER"": 0}",1.0,0.6410888027417102,L24_S990003,,NONE,0.0,0.3996006784928312,66.05474073376313,0.19179097205936432,0.5965138448008822,78.24975983608049,0.4733749126111737,LAW_16,1.7053025658242404e-13,8.659739592076221e-15,False,284,0,36,320,False,105.97318005600428,105.97318005600428,"{""NO_SINK_CAPACITY"": 36}",890002,24,0.6410888027417102,0.40088421533667074,0.4034861551991178,164.77261564985542,0.9967982355135595,213,0.8904761904761904,43.71581340119999,62.95994888815098,0.38688524590163936,0.046948356807511735,0.11737089201877934,0.3645524313282535,0.0014911955298821389,0.08612960310436452,98.64731656373662,119.1510766969285,118,68,False,0,0.0,0.0,True,213,0.38688524590163936,1.0,True,203,0.3952702702702703,0.9530516431924883,True,188,0.3916083916083916,0.8826291079812206,True,168,0.36462093862815886,0.7887323943661971
80.87945108207862,36.025715530188606,-44.85373555189001,-16.457548045620257,-8.8280200217014,0.0825901999339324,False,165.3018733173851,165.30187331738512,True,False,0.23057226857445398,5.317247200111117,0.057643067143613565,0.6979407628232506,FLOOR_FULL,661.2074932695397,3.999999999999995,+y,LAW_16_L24_S890002,"{""PLANNED"": 12, ""SOURCE"": 23, ""SINK"": 285, ""OTHER"": 0}",1.0,0.33036079973572924,L24_S990003,976,SPLIT,0.5,0.23057226857445398,38.11402793039649,0.05086777899259122,0.5667568798983893,50.258542802231986,0.3040409754203687,LAW_16,1.1368683772161603e-13,5.329070518200751e-15,False,320,0,0,320,False,54.60925906694555,54.60925906694556,{},890002,24,0.3303607997357293,0.27221135325865353,0.4332431201016107,140.01630525006345,0.8470339896343914,195,0.719047619047619,25.499869008763014,79.31141106288099,0.4568345323741007,0.1076923076923077,0.14871794871794872,0.30221344922831245,0.0021772066469858964,0.04540470346881903,95.44905800668838,128.10361755622446,127,62,True,248,0.5738831615120275,0.7862903225806451,True,195,0.4568345323741007,1.0,True,174,0.4275092936802974,0.8923076923076924,True,166,0.4296577946768061,0.8512820512820513,True,138,0.39759036144578314,0.7076923076923077
298.57467490139777,143.1598623777505,-155.4148125236472,7.819172326946105,-12.254950145896682,0.9631326156088424,False,165.3018733173851,165.30187331738512,False,True,0.2264733663570988,5.222722058499287,0.7397641419839527,0.7680812901516291,PARENT_Q_REPLAY,50.60595612937263,0.3061426656200532,+y,LAW_16_L24_S890002,"{""PLANNED"": 306, ""SOURCE"": 14, ""SINK"": 0, ""OTHER"": 0}",1.0,0.2948559862881051,L24_S990003,,NONE,0.0,0.2264733663570988,37.436471715322895,0.004350624742032303,0.4578937931802053,46.02893108983955,0.27845377772254565,LAW_16,1.1368683772161603e-13,5.88418203051333e-15,False,320,0,0,320,False,48.74024689226899,48.74024689226899,{},890002,24,0.2948559862881051,0.2327182219430892,0.5421062068197947,160.86609549843465,0.9731655925614731,215,0.6238095238095238,23.838483754999082,86.60515254382676,0.5287769784172662,0.09302325581395349,0.13488372093023257,0.34367456094815313,0.003033584975688508,0.050455635147522326,115.84858352203992,131.87913864477426,147,66,True,232,0.5085324232081911,0.9267241379310345,True,215,0.5287769784172662,1.0,True,195,0.4889705882352941,0.9069767441860465,True,186,0.49433962264150944,0.8651162790697674,True,174,0.5118110236220472,0.8093023255813954
77.84616870649533,36.02546730014726,-41.82070140634809,-17.17810856386724,-5.795234106200828,0.9802280235585875,False,165.3018733173851,165.30187331738512,True,False,0.21583742533606895,4.9774456947619194,0.7050223623646759,0.7192432224138888,FLOOR_Q_REPLAY,50.60595612937263,0.3061426656200532,+y,LAW_16_L24_S890002,"{""PLANNED"": 307, ""SOURCE"": 13, ""SINK"": 0, ""OTHER"": 0}",1.0,0.3000896200477023,L24_S990003,2624,SPLIT,0.5,0.21583742533606895,35.67833074005344,0.032097820911713225,0.5415949116076175,46.63280876085226,0.2821069587718205,LAW_16,1.4210854715202004e-13,5.88418203051333e-15,False,320,0,0,320,False,49.60537635698752,49.60537635698751,{},890002,24,0.3000896200477023,0.25067588752435416,0.4584050883923824,142.32853064731705,0.8610218855417416,199,0.6714285714285714,23.707388591051664,81.90111934197643,0.48727272727272725,0.08542713567839195,0.16080402010050251,0.29425793428757213,0.00023933555603727896,0.05627958383562032,99.88894295099084,129.56256797460034,134,64,True,251,0.6006944444444444,0.7928286852589641,True,199,0.48727272727272725,1.0,True,182,0.45185185185185184,0.914572864321608,True,167,0.45,0.8391959798994975,True,146,0.42971887550200805,0.7336683417085427
257.72280889247935,121.10203466043033,-136.62077423204857,1.687076305026978,-15.518739571618239,1.0,False,165.3018733173851,165.30187331738512,False,True,0.256964529451687,5.925881430592111,0.8393620305462396,0.8393620305462396,PARENT_LOW_CONSTANT,50.605956129372764,0.30614266562005404,+y,LAW_16_L24_S890002,"{""PLANNED"": 320, ""SOURCE"": 0, ""SINK"": 0, ""OTHER"": 0}",1.0,0.30614266562005404,L24_S990003,,NONE,0.0,0.256964529451687,42.47671809448424,0.0003653541471040604,0.5264710622920077,44.238337685193684,0.26762151448976385,LAW_16,1.4210854715202004e-13,5.995204332975845e-15,False,320,0,0,320,False,50.605956129372764,50.605956129372764,{},890002,24,0.30614266562005404,0.28042951865083005,0.47352893770799237,151.47021005079387,0.9163248244620071,196,0.7714285714285715,23.783139839624255,83.89636122171034,0.4295774647887324,0.04591836734693878,0.10714285714285714,0.36169413569802206,0.0008909769308810822,0.07987632575654441,100.53064592023577,127.0102645314847,122,64,True,215,0.4554794520547945,0.9116279069767442,True,196,0.4295774647887324,1.0,True,187,0.4229390681003584,0.9540816326530612,True,175,0.42592592592592593,0.8928571428571429,True,165,0.4367816091954023,0.8418367346938775
8.100514939822222,7.650513444301154,-0.4500014955210677,-11.51804331642117,7.200511948780086,0.0,False,166.07337826817152,166.07337826817164,False,True,0.0,0.0,,,SHAM,0.0,0.0,-y,LAW_16_L24_S890003,"{""PLANNED"": 0, ""SOURCE"": 0, ""SINK"": 0, ""OTHER"": 0}",1.0,0.0,L24_S990004,,NONE,0.0,0.0,0.0,0.0,0.2517378835204478,0.0,0.0,LAW_16,0.0,3.552713678800501e-15,False,0,0,0,0,False,0.0,0.0,{},890003,24,0.0,0.0,0.7482621164795522,161.75584690053054,0.9740022668734465,229,0.07511737089201878,0.0,119.87830588031412,0.9301310043668122,0.07860262008733625,0.14847161572052403,0.29665010143198384,0.0008587856948001349,0.0579947214331496,154.13593073306924,154.13593073306924,213,70,True,248,0.8588709677419355,0.9233870967741935,True,229,0.9301310043668122,1.0,True,211,0.9720930232558139,0.9213973799126638,True,195,0.9154929577464789,0.851528384279476,True,180,0.8450704225352113,0.7860262008733624
338.4720565845188,158.06408700081025,-180.40796958370842,23.263547920640153,-22.343882582898132,0.1594808876155992,False,166.07337826817152,166.07337826817164,False,True,0.4015563370395366,9.30354596221378,0.10038908425988406,0.6294740753001977,PARENT_FULL,664.2935130726871,4.0000000000000036,-y,LAW_16_L24_S890003,"{""PLANNED"": 12, ""SOURCE"": 283, ""SINK"": 11, ""OTHER"": 0}",1.0,0.6379235504623973,L24_S990004,,NONE,0.0,0.4015563370395366,66.68781745714838,0.18670194453675737,0.5971445676739896,78.42832509999678,0.47225103696844445,LAW_16,8.526512829121202e-14,9.658940314238862e-15,False,306,0,14,320,False,105.94211910211679,105.94211910211679,"{""NO_SINK_CAPACITY"": 14}",890003,24,0.6379235504623973,0.39934488297922643,0.4028554323260104,166.9930436059135,1.0055377047623901,215,0.92018779342723,44.17336228560298,63.449379519876445,0.3717948717948718,0.05116279069767442,0.10232558139534884,0.37419394110761867,0.0005156554789055301,0.09834455817868998,98.19470299761645,120.20056289896807,116,68,False,0,0.0,0.0,True,215,0.3717948717948718,1.0,True,204,0.3853820598006645,0.9488372093023256,True,193,0.3951890034364261,0.8976744186046511,True,174,0.3674911660777385,0.8093023255813954
84.74225814124851,37.82148611881989,-46.92077202242862,-15.47493607446501,-9.099285903608736,0.0818854969533839,False,166.07337826817152,166.07337826817164,True,False,0.22878042717627733,5.3005494451450605,0.057195106794069285,0.6984766402117525,FLOOR_FULL,664.2935130726871,4.0000000000000036,-y,LAW_16_L24_S890003,"{""PLANNED"": 12, ""SOURCE"": 22, ""SINK"": 286, ""OTHER"": 0}",1.0,0.3275419878135359,L24_S990004,976,SPLIT,0.5,0.22878042717627733,37.9943384227998,0.05469299132047637,0.5668246628904716,49.676192604627246,0.2991219491206545,LAW_16,8.526512829121202e-14,6.106226635438361e-15,False,320,0,0,320,False,54.396004440866214,54.396004440866214,{},890003,24,0.3275419878135359,0.268512826641205,0.4331753371095283,141.49915629009777,0.8520279274478781,198,0.7370892018779343,25.238713684436657,80.30848826136327,0.4471830985915493,0.11616161616161616,0.16666666666666666,0.29526552353210883,0.005977956519479688,0.03222145947913252,94.97674545924218,129.43156406313642,127,64,True,254,0.5884353741496599,0.7795275590551181,True,198,0.4471830985915493,1.0,True,175,0.41605839416058393,0.8838383838383839,True,165,0.42105263157894735,0.8333333333333334,True,140,0.3843137254901961,0.7070707070707071
272.5291430683618,131.90105639849293,-140.62808666986902,6.57850452556451,-8.72703027137609,0.9789222048820628,False,166.07337826817152,166.07337826817164,False,True,0.20699536029956,4.795817350835003,0.767410062446292,0.783933655421318,PARENT_Q_REPLAY,44.79537140965125,0.26973240309061863,-y,LAW_16_L24_S890003,"{""PLANNED"": 318, ""SOURCE"": 2, ""SINK"": 0, ""OTHER"": 0}",1.0,0.2640470387616057,L24_S990004,,NONE,0.0,0.20699536029956,34.37641877078531,0.0026993637878711383,0.43637601843567375,41.23269568391846,0.24827998390769657,LAW_16,1.4210854715202004e-13,5.218048215738236e-15,False,320,0,0,320,False,43.85118374884672,43.85118374884672,{},890003,24,0.2640470387616057,0.20970840139140118,0.5636239815643262,163.92485252235997,0.9870627925546124,220,0.6244131455399061,21.905105798519052,90.59556910429869,0.5300353356890459,0.07727272727272727,0.12727272727272726,0.3402537224450823,0.000696148241690453,0.06495237373730339,118.77449581132736,135.49221156396487,150,66,True,235,0.5238095238095238,0.9361702127659575,True,220,0.5300353356890459,1.0,True,203,0.5294117647058824,0.9227272727272727,True,192,0.5225563909774437,0.8727272727272727,True,176,0.531496062992126,0.8
78.82610060037408,36.92060910517404,-41.90549149520006,-15.40821934733332,-4.984882390026022,0.9798144153857218,False,166.07337826817152,166.07337826817164,True,False,0.19691489008678156,4.562265768417622,0.7300379480941581,0.7450777786390961,FLOOR_Q_REPLAY,44.79537140965125,0.26973240309061863,-y,LAW_16_L24_S890003,"{""PLANNED"": 318, ""SOURCE"": 2, ""SINK"": 0, ""OTHER"": 0}",1.0,0.26428769684482034,L24_S990004,3776,SPLIT,0.5,0.19691489008678156,32.702321028017515,0.016926212538971395,0.5134195842841494,41.642273702599496,0.2507462311952038,LAW_16,8.526512829121202e-14,5.218048215738236e-15,False,320,0,0,320,False,43.89115064973372,43.89115064973372,{},890003,24,0.26428769684482034,0.2244800861639001,0.4865804157158506,145.6802765308122,0.8772042698834661,203,0.647887323943662,21.577458887888767,86.41755803350027,0.5018050541516246,0.10837438423645321,0.15763546798029557,0.30365534648179476,0.00282495596726301,0.040864556487656245,104.25724187747211,133.18022113962994,139,64,True,246,0.5993031358885017,0.8252032520325203,True,203,0.5018050541516246,1.0,True,181,0.4756554307116105,0.8916256157635468,True,171,0.47126436781609193,0.8423645320197044,True,146,0.44176706827309237,0.7192118226600985
258.07016444729544,122.00059667899266,-136.06956776830256,1.589582797887459,-14.06897108930991,1.0,False,166.07337826817152,166.07337826817164,False,True,0.2270725736532818,5.260980666664165,0.8418438832393315,0.8418438832393315,PARENT_LOW_CONSTANT,44.79537140965101,0.26973240309061713,-y,LAW_16_L24_S890003,"{""PLANNED"": 320, ""SOURCE"": 0, ""SINK"": 0, ""OTHER"": 0}",1.0,0.26973240309061713,L24_S990004,,NONE,0.0,0.2270725736532818,37.71070941864873,0.000221193592949685,0.4934047074483926,38.64880717994048,0.23272126805014612,LAW_16,1.1368683772161603e-13,5.440092820663267e-15,False,320,0,0,320,False,44.79537140965101,44.79537140965101,{},890003,24,0.26973240309061713,0.24552203783727042,0.5065952925516074,153.59398997674913,0.9248561785064006,200,0.7183098591549296,20.952692456090293,89.06750761454008,0.45936395759717313,0.04,0.105,0.3652514301889325,0.006929765822460021,0.09251566920632454,105.54901744056022,130.9553544122007,130,62,True,214,0.46735395189003437,0.9345794392523364,True,200,0.45936395759717313,1.0,True,192,0.4568345323741007,0.96,True,179,0.45724907063197023,0.895,True,159,0.4362934362934363,0.795
7.200527919295533,6.750522464750914,-0.4500054545446192,-12.74503381964346,6.3005170102062955,0.0,False,167.3271975875359,167.32719758753586,False,True,0.0,0.0,,,SHAM,0.0,0.0,+x,LAW_16_L24_S890004,"{""PLANNED"": 0, ""SOURCE"": 0, ""SINK"": 0, ""OTHER"": 0}",1.0,0.0,L24_S990005,,NONE,0.0,0.0,0.0,0.0,0.2510860551836601,0.0,0.0,LAW_16,0.0,3.1086244689504383e-15,False,0,0,0,0,False,0.0,0.0,{},890004,24,0.0,0.0,0.7489139448163399,160.88268077809875,0.9614855390973381,228,0.06542056074766354,0.0,121.45907349981184,0.9385964912280702,0.10087719298245613,0.14473684210526316,0.30432740428027266,0.0006415083689501611,0.043979929023605424,154.36302865104642,154.36302865104642,214,70,True,244,0.8770491803278688,0.9344262295081968,True,228,0.9385964912280702,1.0,True,205,0.9579439252336449,0.8991228070175439,True,195,0.9112149532710281,0.8552631578947368,True,177,0.8271028037383178,0.7763157894736842
247.64457118992613,114.37944309509618,-133.26512809482963,18.78039247806762,-18.885684999733492,0.14279114755367744,False,167.3271975875359,167.32719758753586,False,True,0.36661616824414517,8.558155137077758,0.09165404206103571,0.6418748194917441,PARENT_FULL,669.3087903501477,4.000000000000025,+x,LAW_16_L24_S890004,"{""PLANNED"": 14, ""SOURCE"": 149, ""SINK"": 28, ""OTHER"": 0}",1.0,0.5711645902147134,L24_S990005,,NONE,0.0,0.36661616824414517,61.344856022573374,0.15721994851089008,0.5640010957447461,74.72819176868833,0.4465991951463532,LAW_16,1.1368683772161603e-13,8.43769498715119e-15,False,191,0,129,320,False,95.5713702418613,95.5713702418613,"{""NO_SINK_CAPACITY"": 129}",890004,24,0.5711645902147134,0.3668470108530886,0.43599890425525395,167.22190506587003,0.9993707387490862,222,0.8317757009345794,39.989591413714315,68.01889392592268,0.4201954397394137,0.13963963963963963,0.17117117117117117,0.3621226076567959,0.003118432873641108,0.038342728162048756,104.23488789038385,122.31129759746418,129,70,False,0,0.0,0.0,True,222,0.4201954397394137,1.0,True,191,0.386986301369863,0.8603603603603603,True,184,0.39649122807017545,0.8288288288288288,True,177,0.4064748201438849,0.7972972972972973
75.91346098033848,33.31864531711192,-42.59481566322658,-15.722987409375957,-9.276170346114657,0.07045684689375957,False,167.3271975875359,167.32719758753586,True,False,0.20395356410482232,4.761018180754711,0.05098839102620526,0.7236825556938363,FLOOR_FULL,669.3087903501477,4.000000000000025,+x,LAW_16_L24_S890004,"{""PLANNED"": 14, ""SOURCE"": 0, ""SINK"": 306, ""OTHER"": 0}",1.0,0.28182738757504006,L24_S990005,1024,SPLIT,0.5,0.20395356410482232,34.126978319649766,0.024199994978988296,0.5297495864788602,44.70720468358239,0.26718432704398926,LAW_16,8.526512829121202e-14,6.5503158452884236e-15,False,320,0,0,320,False,47.15738696634778,47.15738696634778,{},890004,24,0.28182738757504006,0.23977691507535295,0.4702504135211399,142.32803983204525,0.8505971646216539,197,0.6495327102803738,23.4128708449314,84.93511082534025,0.49454545454545457,0.07106598984771574,0.16243654822335024,0.3134568611439385,0.0035131949922554417,0.06234940339307887,102.54717495950064,132.23821388147076,136,64,True,240,0.5874125874125874,0.8208333333333333,True,197,0.49454545454545457,1.0,True,183,0.46494464944649444,0.9289340101522843,True,165,0.47470817120622566,0.8375634517766497,True,147,0.43824701195219123,0.7461928934010152
312.4485553523923,149.4495650934196,-162.99899025897227,9.264808753283521,-13.549425165552794,1.0,False,167.3271975875359,167.32719758753586,False,True,0.24926455625857466,5.8187415815636125,0.7661502948452944,0.7661502948452944,PARENT_Q_REPLAY,54.43937036540598,0.3253468124147986,+x,LAW_16_L24_S890004,"{""PLANNED"": 320, ""SOURCE"": 0, ""SINK"": 0, ""OTHER"": 0}",1.0,0.3253468124147986,L24_S990005,,NONE,0.0,0.24926455625857466,41.70873965664797,0.007311862997180295,0.47556157081579375,51.38503506482412,0.3070931432885706,LAW_16,5.684341886080802e-14,5.773159728050814e-15,False,320,0,0,320,False,54.43937036540598,54.43937036540599,{},890004,24,0.32534681241479874,0.255815010753615,0.5244384291842062,163.04258117526658,0.9743937837121319,219,0.677570093457944,26.777335806014914,84.05315320070237,0.4982698961937716,0.091324200913242,0.1643835616438356,0.3451600135550023,0.000698599844724368,0.050300332900307276,113.92268453109732,130.89404915583978,144,68,True,231,0.48333333333333334,0.948051948051948,True,219,0.4982698961937716,1.0,True,199,0.4856115107913669,0.908675799086758,True,183,0.48134328358208955,0.8356164383561644,True,174,0.48091603053435117,0.7945205479452054
76.01704924330151,33.31694427195297,-42.70010497134854,-15.71575064717787,-9.383160699395573,0.8400714333380085,False,167.3271975875359,167.32719758753586,True,False,0.20088810321801331,4.689459171337306,0.6174583415370686,0.7350069494490594,FLOOR_Q_REPLAY,54.43937036540598,0.3253468124147986,+x,LAW_16_L24_S890004,"{""PLANNED"": 20, ""SOURCE"": 0, ""SINK"": 300, ""OTHER"": 0}",1.0,0.2733145630372521,L24_S990005,1056,SPLIT,0.5,0.20088810321801331,33.61404334014581,0.01400311174105785,0.5273924919009365,43.79576651389084,0.26173728566140264,LAW_16,8.526512829121202e-14,6.328271240363392e-15,False,320,0,0,320,False,45.732959892885304,45.73295989288532,{},890004,24,0.27331456303725216,0.2363386653144162,0.4726075080990635,142.22828624096246,0.8500010057633153,197,0.6495327102803738,22.790766599694038,85.61437540946481,0.49454545454545457,0.07614213197969544,0.16243654822335024,0.3126988096394994,0.006089197751499853,0.06110436190510454,102.51492878472052,132.3556371893689,136,64,True,239,0.5894736842105263,0.8242677824267782,True,197,0.49454545454545457,1.0,True,182,0.4666666666666667,0.9238578680203046,True,165,0.47470817120622566,0.8375634517766497,True,147,0.43824701195219123,0.7461928934010152
244.94552639635074,113.45462742751934,-131.49089896883135,1.9765130996989413,-18.036271541312008,0.8968750000000003,False,167.3271975875359,167.32719758753586,False,True,0.24166813519004965,5.641413477616736,0.7428016072951042,0.8282108513394888,PARENT_LOW_CONSTANT,54.43937036540563,0.32534681241479657,+x,LAW_16_L24_S890004,"{""PLANNED"": 287, ""SOURCE"": 0, ""SINK"": 0, ""OTHER"": 0}",1.0,0.2917954223845208,L24_S990005,,NONE,0.0,0.24166813519004965,40.43765180755677,0.00019564690454807834,0.5155627158247045,43.303637863653336,0.2587961699472041,LAW_16,8.526512829121202e-14,6.328271240363392e-15,False,287,0,33,320,False,48.82531029647319,48.82531029647319,"{""NO_SINK_CAPACITY"": 33}",890004,24,0.2917954223845208,0.26732555291392135,0.48443728417529547,151.26743914592282,0.9040218286497537,197,0.7429906542056075,22.836380290991155,86.51145793138829,0.4421052631578947,0.030456852791878174,0.09137055837563451,0.36619208931306074,0.0019566458393631136,0.10287921931847405,102.71864861054044,128.99520541109268,126,62,True,208,0.4452054794520548,0.9471153846153846,True,197,0.4421052631578947,1.0,True,191,0.44642857142857145,0.9695431472081218,True,179,0.44485294117647056,0.9086294416243654,True,156,0.4230769230769231,0.7918781725888325
9.900844842530011,9.000788267059347,-0.9000565754706644,-11.614526696086337,8.100731691588683,0.0,False,164.23542702782086,164.23542702782086,False,True,0.0,0.0,,,SHAM,0.0,0.0,-x,LAW_16_L24_S890005,"{""PLANNED"": 0, ""SOURCE"": 0, ""SINK"": 0, ""OTHER"": 0}",1.0,0.0,L24_S990006,,NONE,0.0,0.0,0.0,0.0,0.2496200403096056,0.0,0.0,LAW_16,0.0,3.4416913763379853e-15,False,0,0,0,0,False,0.0,0.0,{},890005,24,0.0,0.0,0.7503799596903944,160.7216320233232,0.9786051336907813,227,0.10526315789473684,0.0,118.22633570141502,0.9039301310043668,0.09251101321585903,0.14537444933920704,0.3001599751482735,0.0022147755931047897,0.05708542718705595,151.17047194847686,152.06332640257872,207,68,True,244,0.8565573770491803,0.930327868852459,True,227,0.9039301310043668,1.0,True,206,0.966824644549763,0.9074889867841409,True,194,0.9282296650717703,0.8546255506607929,True,178,0.8516746411483254,0.7841409691629956
325.75821877707443,153.56348353603303,-172.19473524104157,20.23086281853026,-18.631251705008737,0.15849342458843035,False,164.23542702782086,164.23542702782086,False,True,0.39322720824711493,9.009743089484202,0.09830680206177846,0.6202579212169703,PARENT_FULL,656.9417081112853,4.000000000000011,-x,LAW_16_L24_S890005,"{""PLANNED"": 13, ""SOURCE"": 233, ""SINK"": 21, ""OTHER"": 0}",1.0,0.6339736983537232,L24_S990006,,NONE,0.0,0.39322720824711493,64.58183846542276,0.19341580626642804,0.5850018473268463,76.6100715572918,0.4664649579186977,LAW_16,8.526512829121202e-14,9.769962616701378e-15,False,267,0,53,320,False,104.12094107353062,104.12094107353062,"{""NO_SINK_CAPACITY"": 53}",890005,24,0.6339736983537232,0.3894342184211952,0.41499815267315365,165.83503814134238,1.0097397445999916,215,0.8803827751196173,42.34870723138494,63.99121493959328,0.39473684210526316,0.05581395348837209,0.13023255813953488,0.3694625635436846,0.0015256009995703312,0.08213432391679637,99.88018115947486,119.1641290013078,120,68,False,0,0.0,0.0,True,215,0.39473684210526316,1.0,True,203,0.4061433447098976,0.9441860465116279,True,187,0.3797909407665505,0.8697674418604651,True,175,0.37142857142857144,0.813953488372093
81.92670429877957,36.92285644537546,-45.0038478534041,-15.571421555076771,-8.08099140802863,0.07760230842346666,False,164.23542702782086,164.23542702782086,True,False,0.21861233763919696,5.008913312740467,0.05465308440979909,0.7042713743973137,FLOOR_FULL,656.9417081112853,4.000000000000011,-x,LAW_16_L24_S890005,"{""PLANNED"": 13, ""SOURCE"": 13, ""SINK"": 294, ""OTHER"": 0}",1.0,0.31040923369386747,L24_S990006,880,SPLIT,0.5,0.21861233763919696,35.90389062572367,0.042008860243368244,0.5523100726441782,47.28025969006517,0.28788100439533104,LAW_16,5.684341886080802e-14,5.440092820663267e-15,False,320,0,0,320,False,50.980193049090964,50.980193049090964,{},890005,24,0.31040923369386747,0.25539280733585507,0.4476899273558218,140.58301406471543,0.8559847081038198,196,0.7033492822966507,24.22825947484451,80.51883930605248,0.4673913043478261,0.10714285714285714,0.16326530612244897,0.3006016508222598,0.0036533565322663386,0.04756533201888574,96.90952019315282,128.70798055545347,129,64,True,245,0.5929824561403508,0.8,True,196,0.4673913043478261,1.0,True,175,0.43820224719101125,0.8928571428571429,True,164,0.44015444015444016,0.8367346938775511,True,146,0.4031620553359684,0.7448979591836735
273.90700962581167,133.70334340304092,-140.2036662227712,4.072137001078213,-6.500322819730415,0.9830561860335247,False,164.23542702782086,164.23542702782086,False,True,0.20312639752376235,4.65409467605162,0.7634099598164846,0.7765679832571141,PARENT_Q_REPLAY,43.69939140688905,0.2660777409461513,-x,LAW_16_L24_S890005,"{""PLANNED"": 319, ""SOURCE"": 1, ""SINK"": 0, ""OTHER"": 0}",1.0,0.2615693692029397,L24_S990006,,NONE,0.0,0.20312639752376235,33.360550637938005,0.0023703935106110597,0.4337195085050466,40.71720178661378,0.24791972428528736,LAW_16,8.526512829121202e-14,5.440092820663267e-15,False,320,0,0,320,False,42.958957048442535,42.95895704844254,{},890005,24,0.2615693692029397,0.206174645761451,0.5662804914949534,161.80724120916867,0.9852152129257662,217,0.6028708133971292,21.80470313196826,89.35480729320022,0.5434782608695652,0.08294930875576037,0.12903225806451613,0.34374043246007063,0.0014778455683795988,0.06100820726284645,118.68159287322014,134.17967218538652,150,68,True,232,0.5365853658536586,0.9353448275862069,True,217,0.5434782608695652,1.0,True,199,0.539622641509434,0.9170506912442397,True,189,0.5426356589147286,0.8709677419354839,True,176,0.54,0.8110599078341014
80.6336945700743,38.28968525737395,-42.34400931270032,-15.051447875195636,-4.054324055326375,0.9847565088056275,False,164.23542702782086,164.23542702782086,True,False,0.19341232019670518,4.431522739948032,0.7269015420416093,0.7381535796328369,FLOOR_Q_REPLAY,43.69939140688905,0.2660777409461513,-x,LAW_16_L24_S890005,"{""PLANNED"": 319, ""SOURCE"": 1, ""SINK"": 0, ""OTHER"": 0}",1.0,0.26202178724502007,L24_S990006,2080,SPLIT,0.5,0.19341232019670518,31.765154999947494,0.016784707938545723,0.5036010363684703,40.92459037171856,0.24918247610965255,LAW_16,1.4210854715202004e-13,5.662137425588298e-15,True,320,0,0,320,False,43.0332601187787,43.0332601187787,{},890005,24,0.26202178724502007,0.21887432295385315,0.4963989636315297,145.12965509729878,0.8836683882626272,202,0.5980861244019139,21.503570717258647,85.37801138014389,0.5335820895522388,0.10891089108910891,0.15841584158415842,0.30361516792403437,0.004550637448339501,0.04705851119584098,106.5915655493619,131.8860193042252,143,64,True,244,0.6007067137809188,0.8278688524590164,True,202,0.5335820895522388,1.0,True,180,0.4904214559386973,0.8910891089108911,True,170,0.48627450980392156,0.8415841584158416,True,148,0.45121951219512196,0.7326732673267327
244.81525149228332,116.14655836012787,-128.6686931321553,-0.2551665381237467,-12.522134772027455,1.0,False,164.23542702782086,164.23542702782086,False,True,0.221943974868186,5.085248812601628,0.8341320626030959,0.8341320626030959,PARENT_LOW_CONSTANT,43.69939140688918,0.26607774094615205,-x,LAW_16_L24_S890005,"{""PLANNED"": 320, ""SOURCE"": 0, ""SINK"": 0, ""OTHER"": 0}",1.0,0.26607774094615205,L24_S990006,,NONE,0.0,0.221943974868186,36.45106348872847,0.0001902658203233565,0.48835918433684256,37.596584123863586,0.22891884415105437,LAW_16,5.684341886080802e-14,7.993605777301127e-15,False,320,0,0,320,False,43.69939140688918,43.69939140688918,{},890005,24,0.26607774094615205,0.24066759915328836,0.5116408156631574,151.45812571766965,0.9222013085642795,197,0.6889952153110048,20.407885459011943,88.42396262312396,0.4763636363636364,0.04568527918781726,0.1319796954314721,0.35676064035380367,0.0025185838875571576,0.08921264562722314,105.86827465420384,129.59547866019204,131,62,True,215,0.4722222222222222,0.9162790697674419,True,197,0.4763636363636364,1.0,True,188,0.4703703703703704,0.9543147208121827,True,171,0.4448669201520912,0.868020304568528,True,160,0.452755905511811,0.8121827411167513
5.850276069082177,5.40027563150985,-0.4500004375723271,-11.835495536020712,4.950275193937523,0.0,False,165.30526357153033,165.30526357153042,False,True,0.0,0.0,,,SHAM,0.0,0.0,+y,LAW_16_L24_S890006,"{""PLANNED"": 0, ""SOURCE"": 0, ""SINK"": 0, ""OTHER"": 0}",1.0,0.0,L24_S990007,,NONE,0.0,0.0,0.0,0.0,0.25858450994035476,0.0,0.0,LAW_16,0.0,3.3306690738754696e-15,False,0,0,0,0,False,0.0,0.0,{},890006,24,0.0,0.0,0.7414154900596452,158.42004322944723,0.9583484506583553,223,0.06132075471698113,0.0,119.5474413614777,0.9419642857142857,0.06726457399103139,0.13004484304932734,0.30269983931105754,0.00037994751120140613,0.06294050764735132,152.79467647290858,153.243605620134,211,66,True,244,0.8688524590163934,0.9139344262295082,True,223,0.9419642857142857,1.0,True,208,0.971830985915493,0.9327354260089686,True,194,0.9150943396226415,0.8699551569506726,True,175,0.8254716981132075,0.7847533632286996
313.3026761429041,146.35500425105937,-166.9476718918444,20.209078856422444,-20.592667640785095,0.15881616301339568,False,165.30526357153033,165.30526357153042,False,True,0.3955349124049083,9.121652196824158,0.09888372810122734,0.622630129232418,PARENT_FULL,661.22105428612,3.99999999999999,+y,LAW_16_L24_S890006,"{""PLANNED"": 12, ""SOURCE"": 244, ""SINK"": 21, ""OTHER"": 0}",1.0,0.6352646520535812,L24_S990007,,NONE,0.0,0.3955349124049083,65.38400294683557,0.19295531329099597,0.5923889943279037,77.58229548438861,0.46932743584911574,LAW_16,8.526512829121202e-14,7.882583474838611e-15,False,277,0,43,320,False,105.0125907453938,105.01259074539381,"{""NO_SINK_CAPACITY"": 43}",890006,24,0.6352646520535813,0.3964548809682778,0.40761100567209624,164.92167478716763,0.997679512581299,214,0.8962264150943396,42.47241879433587,63.590714325435506,0.38311688311688313,0.037383177570093455,0.14953271028037382,0.37361175067967284,0.015019694462384936,0.07706256100491798,98.26393444943342,118.8376621549147,118,68,False,0,0.0,0.0,True,214,0.38311688311688313,1.0,True,206,0.3933333333333333,0.9626168224299065,True,182,0.37282229965156793,0.8504672897196262,True,169,0.3655913978494624,0.7897196261682243
80.26761530048165,35.57108647438077,-44.69652882610091,-16.39261702706502,-9.125442351720146,0.07754548466020328,False,165.30526357153033,165.30526357153042,True,False,0.21844257923893398,5.037626693127358,0.054610644809733634,0.7042401636798343,FLOOR_FULL,661.22105428612,3.99999999999999,+y,LAW_16_L24_S890006,"{""PLANNED"": 12, ""SOURCE"": 15, ""SINK"": 293, ""OTHER"": 0}",1.0,0.3101819386408123,L24_S990007,864,SPLIT,0.5,0.21844257923893398,36.1097081363369,0.04355397377317283,0.557482984515967,47.67616684245712,0.28841287816480704,LAW_16,8.526512829121202e-14,5.218048215738236e-15,False,320,0,0,320,False,51.27470712214775,51.27470712214775,{},890006,24,0.3101819386408123,0.25831912402044427,0.44251701548403294,139.78720419274515,0.8456306905935687,197,0.7122641509433962,23.97378250294154,80.9228825478345,0.4607142857142857,0.116751269035533,0.17766497461928935,0.28581223550131724,0.0003916973833735793,0.025115739397936876,96.10189253324128,129.14475569616954,129,64,True,246,0.6013986013986014,0.8008130081300813,True,197,0.4607142857142857,1.0,True,174,0.42962962962962964,0.883248730964467,True,162,0.43846153846153846,0.8223350253807107,True,142,0.3937007874015748,0.7208121827411168
289.4396044763953,139.5482585216647,-149.8913459547307,5.836478093012868,-10.343087433066067,0.9722292025868126,False,165.30526357153033,165.30526357153042,False,True,0.2165073999764549,4.992998440052266,0.7478832631202115,0.7692458333182306,PARENT_Q_REPLAY,47.85481181779293,0.2894935756058689,+y,LAW_16_L24_S890006,"{""PLANNED"": 315, ""SOURCE"": 5, ""SINK"": 0, ""OTHER"": 0}",1.0,0.2814541081652991,L24_S990007,,NONE,0.0,0.2165073999764549,35.789812818294635,0.0033641502450661807,0.4500445063344496,44.040257784748846,0.266417758474411,LAW_16,1.1368683772161603e-13,6.8833827526759706e-15,False,320,0,0,320,False,46.525845533554794,46.5258455335548,{},890006,24,0.2814541081652991,0.22257532557936413,0.5499554936655504,160.7986542314772,0.9727376537039116,216,0.6320754716981132,22.698197059338757,87.77693002104347,0.5231316725978647,0.09259259259259259,0.1527777777777778,0.34132050305844125,0.008614125634455627,0.05012922298700068,115.97798004275278,132.68010068666763,147,66,True,230,0.5085324232081911,0.9391304347826087,True,216,0.5231316725978647,1.0,True,196,0.5055350553505535,0.9074074074074074,True,183,0.5019011406844106,0.8472222222222222,True,175,0.51171875,0.8101851851851852
77.82771091031019,35.12053011391342,-42.7071807963968,-17.37306502072647,-7.586650682483384,0.9782868830492125,False,165.30526357153033,165.30526357153042,True,False,0.20432974919782168,4.712162813427821,0.7058179055275703,0.7214835624981636,FLOOR_Q_REPLAY,47.85481181779293,0.2894935756058689,+y,LAW_16_L24_S890006,"{""PLANNED"": 315, ""SOURCE"": 5, ""SINK"": 0, ""OTHER"": 0}",1.0,0.28320776774223705,L24_S990007,2896,SPLIT,0.5,0.20432974919782168,33.77678304665062,0.026608459622780162,0.5402147392122097,44.35108372730076,0.2682980733284956,LAW_16,5.684341886080802e-14,5.88418203051333e-15,False,320,0,0,320,False,46.815734692135266,46.81573469213526,{},890006,24,0.283207767742237,0.24066871774473217,0.45978526078779025,140.3455478683205,0.8490083427234038,197,0.6745283018867925,22.27996585159992,83.32334495146588,0.48188405797101447,0.1065989847715736,0.17766497461928935,0.2837722495837505,0.0022754736558415756,0.04130450949512332,99.07588908397622,130.390431524256,133,64,True,250,0.6153846153846154,0.788,True,197,0.48188405797101447,1.0,True,176,0.45864661654135336,0.8934010152284264,True,162,0.4496124031007752,0.8223350253807107,True,145,0.428,0.7360406091370558
255.53320782078026,120.64306613049156,-134.89014169028889,0.32120176368326214,-14.247075559797446,1.0,False,165.30526357153033,165.30526357153042,False,True,0.24377169566379545,5.621755636576815,0.8420625402605777,0.8420625402605777,PARENT_LOW_CONSTANT,47.8548118177929,0.28949357560586875,+y,LAW_16_L24_S890006,"{""PLANNED"": 320, ""SOURCE"": 0, ""SINK"": 0, ""OTHER"": 0}",1.0,0.28949357560586875,L24_S990007,,NONE,0.0,0.24377169566379545,40.296744402982604,0.0002729175942303435,0.5177223550176893,41.944743289350086,0.25374112344099603,LAW_16,1.7053025658242404e-13,5.995204332975845e-15,False,320,0,0,320,False,47.8548118177929,47.8548118177929,{},890006,24,0.28949357560586875,0.26619703291687297,0.4822776449823107,151.37938977541617,0.9157566220504026,199,0.7783018867924528,21.910845985603117,85.36873795565998,0.4270833333333333,0.07537688442211055,0.1407035175879397,0.3572910485982706,0.002395323115093495,0.06679606471990057,100.33932499459719,127.73559174429623,123,64,True,214,0.4539249146757679,0.9299065420560748,True,199,0.4270833333333333,1.0,True,184,0.41935483870967744,0.9246231155778895,True,171,0.4344569288389513,0.8592964824120602,True,160,0.4418604651162791,0.8040201005025126
9.450450827951617,9.000403570822819,-0.45004725712879706,-11.575874032524455,8.550356313694023,0.0,False,166.0554381644467,166.05543816444663,False,True,0.0,0.0,,,SHAM,0.0,0.0,-y,LAW_16_L24_S890007,"{""PLANNED"": 0, ""SOURCE"": 0, ""SINK"": 0, ""OTHER"": 0}",1.0,0.0,L24_S990008,,NONE,0.0,0.0,0.0,0.0,0.2474908957602302,0.0,0.0,LAW_16,0.0,4.218847493575595e-15,False,0,0,0,0,False,0.0,0.0,{},890007,24,0.0,0.0,0.7525091042397698,163.02992044561628,0.9817800744602285,230,0.0995260663507109,0.0,119.74461932676489,0.9090909090909091,0.0782608695652174,0.14782608695652175,0.2999174079587667,0.0019501785073054445,0.056100378384915495,153.4416394361768,153.87740745713313,210,68,True,246,0.8577235772357723,0.9349593495934959,True,230,0.9090909090909091,1.0,True,212,0.9766355140186916,0.9217391304347826,True,196,0.9289099526066351,0.8521739130434782,True,180,0.8530805687203792,0.782608695652174
277.3001489062571,130.59690047041582,-146.70324843584118,20.246784745139504,-16.106347965425453,0.14415588809178823,False,166.0554381644467,166.05543816444663,False,True,0.36694076324625,8.50062907662563,0.0917351908115618,0.6363610396070076,PARENT_FULL,664.2217526577916,4.000000000000031,-y,LAW_16_L24_S890007,"{""PLANNED"": 13, ""SOURCE"": 178, ""SINK"": 23, ""OTHER"": 0}",1.0,0.5766235523671573,L24_S990008,,NONE,0.0,0.36694076324625,60.93250922125252,0.1755036997021183,0.5565889674998656,72.58257465597933,0.4370984501218199,LAW_16,1.1368683772161603e-13,9.2148511043888e-15,False,214,0,106,320,False,95.75147664426805,95.75147664426805,"{""NO_SINK_CAPACITY"": 106}",890007,24,0.5766235523671573,0.3580140190897327,0.4434110325001343,170.19587494416075,1.0249340631386838,224,0.8578199052132701,39.8004750209878,68.35714239880873,0.41233766233766234,0.07589285714285714,0.15625,0.3638156460478353,0.0021799356423699567,0.05887443039460766,103.99817496008,122.35125479109637,127,68,True,235,0.3981191222570533,0.9531914893617022,True,224,0.41233766233766234,1.0,True,207,0.4217687074829932,0.9241071428571429,True,189,0.38408304498269896,0.84375,True,179,0.3978494623655914,0.7991071428571429
77.33531200716105,35.571198816631416,-41.76411319052958,-14.137183818305084,-6.192914373898166,0.07062296194812018,False,166.0554381644467,166.05543816444663,True,False,0.2047995666811074,4.744431052053585,0.051199891670276464,0.7249751392172993,FLOOR_FULL,664.2217526577916,4.000000000000031,-y,LAW_16_L24_S890007,"{""PLANNED"": 13, ""SOURCE"": 3, ""SINK"": 304, ""OTHER"": 0}",1.0,0.28249184779248293,L24_S990008,768,SPLIT,0.5,0.2047995666811074,34.0080817811201,0.0315458771073011,0.5244627746445797,44.13074649210776,0.26575911623204157,LAW_16,8.526512829121202e-14,7.549516567451064e-15,False,320,0,0,320,False,46.909307563064914,46.909307563064914,{},890007,24,0.28249184779248293,0.2333710924098559,0.4755372253554203,145.72533997224346,0.8775704161397591,202,0.6777251184834123,23.305059577490624,84.04509254388459,0.4856115107913669,0.10396039603960396,0.15841584158415842,0.30997653530093644,0.010657722199343633,0.04340954144111697,102.24687321076998,131.91220278740573,135,64,True,248,0.5882352941176471,0.8145161290322581,True,202,0.4856115107913669,1.0,True,181,0.4626865671641791,0.8960396039603961,True,170,0.4653846153846154,0.8415841584158416,True,151,0.4308300395256917,0.7475247524752475
296.31954223743145,144.5075756145242,-151.81196662290742,6.548738989984555,-7.304391008383207,0.994566847360412,False,166.0554381644467,166.05543816444663,False,True,0.21260448945584,4.925241580959541,0.7749212865700448,0.7791545521818788,PARENT_Q_REPLAY,45.55834542703178,0.2743562386792465,-y,LAW_16_L24_S890007,"{""PLANNED"": 319, ""SOURCE"": 1, ""SINK"": 0, ""OTHER"": 0}",1.0,0.272865619356879,L24_S990008,,NONE,0.0,0.21260448945584,35.304131652317984,0.005836477211868924,0.43593157859300513,42.66542197985815,0.25693480714317884,LAW_16,8.526512829121202e-14,5.662137425588298e-15,False,320,0,0,320,False,45.31081998231964,45.31081998231966,{},890007,24,0.27286561935687903,0.21357639035978895,0.5640684214069949,165.299786146048,0.9954493991479503,221,0.6255924170616114,23.31450804618212,89.13435472568212,0.5319148936170213,0.09049773755656108,0.1493212669683258,0.3393224566107766,0.0019563088360577408,0.05293584131314771,119.10494448266519,134.74243279242393,150,66,True,235,0.5221843003412969,0.9404255319148936,True,221,0.5319148936170213,1.0,True,201,0.5091575091575091,0.9095022624434389,True,188,0.5229007633587787,0.8506787330316742,True,179,0.5294117647058824,0.8099547511312217
75.59569068959802,36.02133322989293,-39.57435745970509,-15.182354514411232,-3.5530242298121495,0.9975605396819432,False,166.0554381644467,166.05543816444663,True,False,0.2015008382034794,4.668011994751958,0.7344496307920909,0.7362456728954604,FLOOR_Q_REPLAY,45.55834542703178,0.2743562386792465,-y,LAW_16_L24_S890007,"{""PLANNED"": 319, ""SOURCE"": 1, ""SINK"": 0, ""OTHER"": 0}",1.0,0.2736869575219772,L24_S990008,2304,SPLIT,0.5,0.2015008382034794,33.460309978382035,0.02703655450455768,0.5149767196026884,43.02525263218698,0.2591017379965513,LAW_16,5.684341886080802e-14,5.440092820663267e-15,False,320,0,0,320,False,45.44720765120621,45.44720765120623,{},890007,24,0.27368695752197725,0.22712663916960635,0.48502328039731163,147.32005942022334,0.8871739525587267,205,0.6635071090047393,22.741999342145174,84.7834925682034,0.49640287769784175,0.11707317073170732,0.16585365853658537,0.3043112392195592,0.004342094183888201,0.041517837255212686,104.02381017166034,132.2904948312248,138,64,True,249,0.5916955017301038,0.8232931726907631,True,205,0.49640287769784175,1.0,True,181,0.4681647940074906,0.8829268292682927,True,171,0.46923076923076923,0.8341463414634146,True,153,0.43873517786561267,0.7463414634146341
251.46946250391287,119.29872438620801,-132.17073811770453,1.3591440535637305,-12.872013731496564,1.0,False,166.0554381644467,166.05543816444663,False,True,0.23244217291585395,5.38480564612698,0.8472275827764347,0.8472275827764347,PARENT_LOW_CONSTANT,45.558345427032044,0.27435623867924813,-y,LAW_16_L24_S890007,"{""PLANNED"": 320, ""SOURCE"": 0, ""SINK"": 0, ""OTHER"": 0}",1.0,0.27435623867924813,L24_S990008,,NONE,0.0,0.23244217291585395,38.5982868714382,0.00014277394255809582,0.49906833516227156,39.79319888826939,0.2396380349125436,LAW_16,8.526512829121202e-14,5.218048215738236e-15,False,320,0,0,320,False,45.558345427032044,45.558345427032044,{},890007,24,0.27435623867924813,0.2497582850436867,0.5009316648377284,154.54256848651386,0.930668517663773,200,0.7535545023696683,21.670975911594084,87.93174003613186,0.4421052631578947,0.045,0.09,0.370968813713584,0.0034350073254124647,0.10210569000436381,103.87610497684423,129.92907278592162,126,62,True,223,0.4612794612794613,0.8968609865470852,True,200,0.4421052631578947,1.0,True,191,0.45126353790613716,0.955,True,182,0.45018450184501846,0.91,True,164,0.4312977099236641,0.82
9.450423107820011,9.000392713110607,-0.45003039470940503,-11.54097473521256,8.550362318401202,0.0,False,164.681321097724,164.68132109772392,False,True,0.0,0.0,,,SHAM,0.0,0.0,+x,LAW_16_L24_S890008,"{""PLANNED"": 0, ""SOURCE"": 0, ""SINK"": 0, ""OTHER"": 0}",1.0,0.0,L24_S990000,,NONE,0.0,0.0,0.0,0.0,0.24905208148528235,0.0,0.0,LAW_16,0.0,3.219646771412954e-15,False,0,0,0,0,False,0.0,0.0,{},890008,24,0.0,0.0,0.7509479185147176,161.6907086809126,0.9818400022730164,229,0.1,0.0,118.45173505971728,0.908695652173913,0.09170305676855896,0.1615720524017467,0.2954867742380371,0.0010287272051207053,0.05182306815033416,152.20294062764924,152.6444128832959,209,68,True,245,0.8571428571428571,0.9346938775510204,True,229,0.908695652173913,1.0,True,208,0.9716981132075472,0.9082969432314411,True,192,0.9142857142857143,0.8384279475982532,True,179,0.8523809523809524,0.7816593886462883
243.01816143326633,113.0255388411471,-129.99262259211886,18.506095800037002,-16.9670837509719,0.1399046392566731,False,164.681321097724,164.68132109772392,False,True,0.35881530820393925,8.243607559306877,0.08970382705098506,0.6411783592566349,PARENT_FULL,658.7252843908939,3.999999999999989,+x,LAW_16_L24_S890008,"{""PLANNED"": 13, ""SOURCE"": 153, ""SINK"": 31, ""OTHER"": 0}",1.0,0.5596185570266908,L24_S990000,,NONE,0.0,0.35881530820393925,59.09017898511169,0.15865985922671952,0.5573357202761617,71.57435757210399,0.4346234114167137,LAW_16,1.1368683772161603e-13,7.216449660063518e-15,False,197,0,123,320,False,92.1587232819574,92.15872328195738,"{""NO_SINK_CAPACITY"": 123}",890008,24,0.5596185570266907,0.3554930847896278,0.44266427972383826,166.22033314678913,1.0093453953296376,219,0.8333333333333334,38.602896701101756,68.04486678416326,0.4205298013245033,0.1232876712328767,0.1415525114155251,0.359095020194727,0.0009673802004203091,0.04194450449003939,103.11990433476878,121.59075163567707,127,66,True,234,0.4050632911392405,0.9358974358974359,True,219,0.4205298013245033,1.0,True,192,0.38620689655172413,0.8767123287671232,True,188,0.3916083916083916,0.8584474885844748,True,175,0.41025641025641024,0.7990867579908676
74.671921688418,34.218272951925435,-40.45364873649256,-14.73573672361874,-6.235375784567139,0.06821520595358849,False,164.681321097724,164.68132109772392,True,False,0.1991381307954124,4.575101905736587,0.04978453269885324,0.7298157647244383,FLOOR_FULL,658.7252843908939,3.999999999999989,+x,LAW_16_L24_S890008,"{""PLANNED"": 13, ""SOURCE"": 0, ""SINK"": 307, ""OTHER"": 0}",1.0,0.2728608238143532,L24_S990000,944,SPLIT,0.5,0.1991381307954124,32.794330460319856,0.02493772573525216,0.5201159040349458,42.669814755189236,0.25910537072913353,LAW_16,8.526512829121202e-14,6.772360450213455e-15,False,320,0,0,320,False,44.935080941560976,44.93508094156096,{},890008,24,0.2728608238143531,0.22819764011328014,0.4798840959650542,143.71020858953818,0.8726563986225175,200,0.638095238095238,22.36542238218945,83.85178634972054,0.5073529411764706,0.1,0.16,0.30416174306174076,0.002449266589707011,0.03951599917690596,103.45781949570262,131.36335144912084,138,62,True,243,0.5950704225352113,0.823045267489712,True,200,0.5073529411764706,1.0,True,180,0.4716981132075472,0.9,True,168,0.4765625,0.84,True,146,0.43548387096774194,0.73
320.42879928056254,153.06083984172818,-167.3679594388346,12.278507307535676,-14.30711959710648,0.9870725843765766,False,164.681321097724,164.68132109772392,False,True,0.2693113440255478,6.187297421976957,0.7503726901029165,0.7602001129196015,PARENT_Q_REPLAY,59.10469358186261,0.3589034456845847,+x,LAW_16_L24_S890008,"{""PLANNED"": 310, ""SOURCE"": 10, ""SINK"": 0, ""OTHER"": 0}",1.0,0.35426375167354135,L24_S990000,,NONE,0.0,0.2693113440255478,44.35054792073083,0.018132232819563658,0.4944601275149574,53.91328759409774,0.3273794941328223,LAW_16,1.1368683772161603e-13,7.438494264988549e-15,False,320,0,0,320,False,58.34062264263479,58.34062264263479,{},890008,24,0.35426375167354135,0.2726702078662689,0.5055398724850426,162.6527088081532,0.9876815884397301,217,0.7380952380952381,27.917535099577385,80.23271461168306,0.46735395189003437,0.07834101382488479,0.1336405529953917,0.3441819312473425,0.001568302793431342,0.05627622712677621,108.92163612831814,127.71559657280814,136,66,True,234,0.4557377049180328,0.9273504273504274,True,217,0.46735395189003437,1.0,True,200,0.4642857142857143,0.9216589861751152,True,188,0.45255474452554745,0.8663594470046083,True,175,0.4583333333333333,0.8064516129032258
74.35064293493015,34.218252160734316,-40.132390774195805,-15.114465577013762,-5.914138613461502,0.7268930992001168,False,164.681321097724,164.68132109772392,True,False,0.19477830058824194,4.474936922717809,0.5427039024847341,0.7466075865652501,FLOOR_Q_REPLAY,59.10469358186261,0.3589034456845847,+x,LAW_16_L24_S890008,"{""PLANNED"": 25, ""SOURCE"": 0, ""SINK"": 295, ""OTHER"": 0}",1.0,0.26088443794726857,L24_S990000,1312,SPLIT,0.5,0.19477830058824194,32.07634786204126,0.010958412611024964,0.5162244328316459,41.36559235330736,0.25118569657794104,LAW_16,8.526512829121202e-14,5.551115123125783e-15,False,320,0,0,320,False,42.96279389499337,42.962793894993354,{},890008,24,0.2608844379472685,0.2232909237821919,0.4837755671683541,143.6527169072487,0.8723072899202904,200,0.638095238095238,21.41477243997436,84.79573878441774,0.5073529411764706,0.1,0.16,0.30374824677453244,0.000863752426044806,0.038327329277397515,103.42382418598618,131.3953555003335,138,62,True,244,0.5985915492957746,0.819672131147541,True,200,0.5073529411764706,1.0,True,180,0.4716981132075472,0.9,True,168,0.4765625,0.84,True,146,0.43548387096774194,0.73
245.48953969274336,115.25569251733025,-130.2338471754132,4.887185991378196,-14.978154658083046,0.8406250000000004,False,164.681321097724,164.68132109772392,False,True,0.24971516693224782,5.7370847640264,0.6957725536904048,0.8276848222339385,PARENT_LOW_CONSTANT,59.104693581862335,0.35890344568458304,+x,LAW_16_L24_S890008,"{""PLANNED"": 269, ""SOURCE"": 0, ""SINK"": 0, ""OTHER"": 0}",1.0,0.30170320902860276,L24_S990000,,NONE,0.0,0.24971516693224782,41.123423588541236,0.00029068375360135197,0.5083230531601715,43.952304205660816,0.2668930751386126,LAW_16,8.526512829121202e-14,6.661338147750939e-15,False,269,0,51,320,False,49.68488304225305,49.68488304225305,"{""NO_SINK_CAPACITY"": 51}",890008,24,0.30170320902860276,0.2660154591916803,0.49167694683982854,154.5903524310191,0.9387242669694355,203,0.7571428571428571,23.281551647568197,83.79748752975944,0.44405594405594406,0.04433497536945813,0.1625615763546798,0.3590349635086811,0.0027259147704026265,0.07600284330537271,102.83782549693123,126.95220047016079,127,62,True,215,0.43097643097643096,0.9441860465116279,True,203,0.44405594405594406,1.0,True,194,0.44802867383512546,0.9556650246305419,True,170,0.41263940520446096,0.8374384236453202,True,165,0.42045454545454547,0.812807881773399
9.900421510411755,9.450419116195349,-0.45000239421640786,-15.560149900538958,9.00041672197894,0.0,False,299.6139366695746,299.61393666957423,False,True,0.0,0.0,,,SHAM,0.0,0.0,+x,LAW_16_L32_S890000,"{""PLANNED"": 0, ""SOURCE"": 0, ""SINK"": 0, ""OTHER"": 0}",1.0,0.0,L32_S990101,,NONE,0.0,0.0,0.0,0.0,0.19280336640900808,0.0,0.0,LAW_16,0.0,4.107825191113079e-15,False,0,0,0,0,False,0.0,0.0,{},890000,32,0.0,0.0,0.8071966335909919,293.05420349101456,0.9781060478979188,396,0.05319148936170213,0.0,236.25036574726542,0.9494949494949495,0.047979797979797977,0.10858585858585859,0.34147839140177666,0.0026817230162700656,0.09080178903620068,283.2849817983369,283.2849817983369,376,88,True,423,0.8888888888888888,0.9361702127659575,True,396,0.9494949494949495,1.0,True,377,0.9712041884816754,0.952020202020202,True,353,0.9388297872340425,0.8914141414141414,True,333,0.8856382978723404,0.8409090909090909
394.62262213408286,174.7187967016391,-219.90382543244382,40.06450199356613,-45.18502873080496,0.1097669779322665,False,299.6139366695746,299.61393666957423,False,True,0.34268213902394845,14.323708802917901,0.08567053475598686,0.780476390712435,PARENT_FULL,1198.4557466783003,4.0000000000000115,+x,LAW_16_L32_S890000,"{""PLANNED"": 12, ""SOURCE"": 308, ""SINK"": 0, ""OTHER"": 0}",1.0,0.4390679117290673,L32_S990101,,NONE,0.0,0.34268213902394845,102.67234469931552,0.05688727745804266,0.5156994939017849,117.12705551971905,0.39092659314072986,LAW_16,1.1368683772161603e-13,1.1324274851176597e-14,False,320,0,0,320,False,131.55086549843497,131.550865498435,{},890000,32,0.4390679117290674,0.3486405509817893,0.48430050609821507,294.49340993233585,0.9829095842664839,358,0.75,67.81063110391356,148.37684579500336,0.4448818897637795,0.03910614525139665,0.0782122905027933,0.4281677991039646,0.0033809411390177124,0.11856303955882835,200.4403233558417,234.83699716007334,226,88,True,372,0.441233140655106,0.9623655913978495,True,358,0.4448818897637795,1.0,True,344,0.45454545454545453,0.9608938547486033,True,330,0.45867768595041325,0.9217877094972067,True,311,0.4432773109243697,0.8687150837988827
131.69184332745385,51.784460107791936,-79.90738321966192,-23.391484573146478,-28.12292311186995,0.07666823680149021,False,299.6139366695746,299.61393666957423,True,False,0.22439977472773737,9.379645632525534,0.05609994368193418,0.7317234101416529,FLOOR_FULL,1198.4557466783003,4.0000000000000115,+x,LAW_16_L32_S890000,"{""PLANNED"": 12, ""SOURCE"": 38, ""SINK"": 270, ""OTHER"": 0}",1.0,0.3066729472059617,L32_S990101,1168,SPLIT,0.5,0.22439977472773737,67.23329989394303,0.058180344975219116,0.5392932386114369,84.61630777511768,0.2824177964339349,LAW_16,1.1368683772161603e-13,8.548717289613705e-15,False,320,0,0,320,False,91.88348898243869,91.88348898243869,{},890000,32,0.3066729472059617,0.27099325891153825,0.4607067613885631,248.09952898455805,0.82806404716137,323,0.6888297872340425,46.21587674455607,167.32045713391486,0.4592901878914405,0.06811145510835913,0.11145510835913312,0.36649671036752357,0.00010383447205836172,0.08750328226460397,178.31511671890334,244.63506863660993,220,84,True,343,0.4733606557377049,0.9416909620991254,True,323,0.4592901878914405,1.0,True,301,0.4465811965811966,0.9318885448916409,True,287,0.45394736842105265,0.8885448916408669,True,257,0.4192825112107623,0.7956656346749226
345.9662643551584,159.81511144570138,-186.1511529094567,21.575135996653255,-26.336041463755123,0.966132563409262,False,299.6139366695746,299.61393666957423,False,True,0.22181172553654155,9.271468232069523,0.7916816543712271,0.8194337758139139,PARENT_Q_REPLAY,83.94521196813234,0.28017792797372554,+x,LAW_16_L32_S890000,"{""PLANNED"": 297, ""SOURCE"": 23, ""SINK"": 0, ""OTHER"": 0}",1.0,0.27068901976395104,L32_S990101,,NONE,0.0,0.22181172553654155,66.45788428747434,0.002004915922914469,0.3994053725034107,77.85555090259324,0.2598529019311119,LAW_16,1.7053025658242404e-13,9.547918011776346e-15,False,320,0,0,320,False,81.10220282470556,81.10220282470557,{},890000,32,0.2706890197639511,0.2253932544510229,0.6005946274965893,294.8530312024728,0.9841098664500645,372,0.5691489361702128,43.54047178661452,178.86119136329484,0.5550935550935551,0.07526881720430108,0.11290322580645161,0.39753805852236795,0.000969202659027113,0.08436831953975826,224.10049336702207,250.38995644673633,267,86,True,387,0.5476673427991886,0.9612403100775194,True,372,0.5550935550935551,1.0,True,344,0.5384615384615384,0.9247311827956989,True,330,0.5448577680525164,0.8870967741935484,True,319,0.5513392857142857,0.8575268817204301
126.27851519224339,50.43299905489577,-75.84551613734759,-23.771956930239835,-25.412517082451807,0.9838459366454246,False,299.6139366695746,299.61393666957423,True,False,0.209119976097164,8.74096809078105,0.7463827633016645,0.7586378471476666,FLOOR_Q_REPLAY,83.94521196813234,0.28017792797372554,+x,LAW_16_L32_S890000,"{""PLANNED"": 300, ""SOURCE"": 20, ""SINK"": 0, ""OTHER"": 0}",1.0,0.27565191597468436,L32_S990101,1776,SPLIT,0.5,0.209119976097164,62.655259274718574,0.032982833933705324,0.5165004538583066,78.30559165652127,0.2613549707565162,LAW_16,1.1368683772161603e-13,8.770761894538737e-15,False,320,0,0,320,False,82.58915569568588,82.58915569568588,{},890000,32,0.27565191597468436,0.2501912459100848,0.48349954614169344,250.42946265688286,0.8358405000801619,327,0.6462765957446809,42.80356352262451,171.98056583244343,0.48625792811839325,0.06422018348623854,0.11314984709480122,0.3632574750511734,0.000633097634739066,0.08080234498151578,184.861091104315,246.99024931043672,230,84,True,430,0.6687370600414079,0.7604651162790698,True,327,0.48625792811839325,1.0,True,306,0.4698275862068966,0.9357798165137615,True,290,0.47019867549668876,0.8868501529051988,True,263,0.4489795918367347,0.8042813455657493
321.9733635563254,136.88419278909447,-185.08917076723083,23.98700100099969,-48.204977978136505,1.0,False,299.6139366695746,299.61393666957423,False,True,0.24346781663065895,10.176667270236852,0.8689757197915052,0.8689757197915052,PARENT_LOW_CONSTANT,83.94521196813174,0.2801779279737236,+x,LAW_16_L32_S890000,"{""PLANNED"": 320, ""SOURCE"": 0, ""SINK"": 0, ""OTHER"": 0}",1.0,0.2801779279737236,L32_S990101,,NONE,0.0,0.24346781663065895,72.94635099305776,0.00026051597235347346,0.4705688812222919,75.93937392732538,0.2534574151371144,LAW_16,1.1368683772161603e-13,1.0103029524088925e-14,False,320,0,0,320,False,83.94521196813174,83.94521196813174,{},890000,32,0.2801779279737236,0.26487807255605433,0.5294311187777081,275.3959596924378,0.9191693909624608,335,0.6675531914893617,44.357669891349566,174.25857498736286,0.4781704781704782,0.026865671641791045,0.06567164179104477,0.41951012769617696,0.010605278061199819,0.1259627713969373,201.2218755394673,244.9168969930304,230,82,True,359,0.4969450101832994,0.9331476323119777,True,335,0.4781704781704782,1.0,True,326,0.48414376321353064,0.9731343283582089,True,313,0.4849137931034483,0.9343283582089552,True,286,0.47767857142857145,0.8537313432835821
13.501249442279985,13.501249442279985,0.0,-14.836428042359723,13.501249442279985,0.0,False,296.6612895997443,296.6612895997446,False,True,0.0,0.0,,,SHAM,0.0,0.0,-x,LAW_16_L32_S890001,"{""PLANNED"": 0, ""SOURCE"": 0, ""SINK"": 0, ""OTHER"": 0}",1.0,0.0,L32_S990102,,NONE,0.0,0.0,0.0,0.0,0.1869313089465372,0.0,0.0,LAW_16,0.0,3.6637359812630166e-15,False,0,0,0,0,False,0.0,0.0,{},890001,32,0.0,0.0,0.8130686910534628,295.32611099966454,0.995499316402617,401,0.08086253369272237,0.0,232.95231838024023,0.9251870324189526,0.05486284289276808,0.11471321695760599,0.34054971105117976,0.0013829884342934085,0.0874742043294155,280.6865044105318,280.6865044105318,371,90,True,425,0.8729411764705882,0.9435294117647058,True,401,0.9251870324189526,1.0,True,379,0.968503937007874,0.9451371571072319,True,355,0.9568733153638814,0.885286783042394,True,334,0.9002695417789758,0.8329177057356608
398.4569370554907,178.32073582994104,-220.136201225549,40.52405470177878,-41.815465395608086,0.10961017957466136,False,296.6612895997443,296.6612895997446,False,True,0.339495015650256,14.05064580852266,0.08487375391256452,0.7743236462335367,PARENT_FULL,1186.6451583989713,3.999999999999976,-x,LAW_16_L32_S890001,"{""PLANNED"": 11, ""SOURCE"": 309, ""SINK"": 0, ""OTHER"": 0}",1.0,0.43844071829864284,L32_S990102,,NONE,0.0,0.339495015650256,100.71502915549043,0.06351276442702869,0.5070692540125638,114.25047714744957,0.38512094820863324,LAW_16,2.8421709430404007e-13,9.658940314238862e-15,False,320,0,0,320,False,130.06838890351372,130.0683889035137,{},890001,32,0.4384407182986428,0.340979349446704,0.49293074598743625,295.3698789059144,0.9956468513449377,358,0.7520215633423181,66.61731785912707,148.19961016111105,0.44642857142857145,0.030726256983240222,0.061452513966480445,0.4312183388794281,0.0058369897887529665,0.12498515927442061,199.97072485933526,233.53233412437407,225,88,True,373,0.4418604651162791,0.9597855227882037,True,358,0.44642857142857145,1.0,True,347,0.4534412955465587,0.9692737430167597,True,336,0.4577319587628866,0.9385474860335196,True,310,0.445859872611465,0.8659217877094972
131.79500558798497,53.58112368415821,-78.21388190382675,-21.953934165787476,-24.632758219668563,0.07617399508253311,False,296.6612895997443,296.6612895997446,True,False,0.222128544242615,9.193211550213181,0.05553213606065408,0.7290169827706429,FLOOR_FULL,1186.6451583989713,3.999999999999976,-x,LAW_16_L32_S890001,"{""PLANNED"": 11, ""SOURCE"": 40, ""SINK"": 269, ""OTHER"": 0}",1.0,0.3046959803301306,L32_S990102,1168,SPLIT,0.5,0.222128544242615,65.89694039192808,0.06166855049324595,0.5293679726942742,82.72115874489485,0.2788404205230222,LAW_16,1.7053025658242404e-13,8.104628079763643e-15,False,320,0,0,320,False,90.39150246059496,90.39150246059496,{},890001,32,0.3046959803301306,0.2635091333785541,0.47063202730572584,250.0745972142883,0.8429633591618542,325,0.6900269541778976,45.00040969044504,166.00162388559133,0.46218487394957986,0.06461538461538462,0.1076923076923077,0.36540798917687195,0.00041633407438307346,0.08982722854024744,178.67790482522113,242.57400698349878,220,84,True,350,0.4714285714285714,0.9285714285714286,True,325,0.46218487394957986,1.0,True,304,0.44849785407725323,0.9353846153846154,True,290,0.45594713656387664,0.8923076923076924,True,259,0.4253393665158371,0.796923076923077
378.2983365913269,174.22233245356023,-204.0760041377674,29.207428423365435,-29.85367168420704,0.9317088892511113,False,296.6612895997443,296.6612895997446,False,True,0.2663666510064769,11.024089591789417,0.7709183395348304,0.8274240467475618,PARENT_Q_REPLAY,102.50200331416082,0.34551863322800397,-x,LAW_16_L32_S890001,"{""PLANNED"": 264, ""SOURCE"": 56, ""SINK"": 0, ""OTHER"": 0}",1.0,0.3219227819804257,L32_S990102,,NONE,0.0,0.2663666510064769,79.02067419394653,0.007267396400696226,0.4385973604620237,90.3416086890993,0.3045277960295669,LAW_16,2.2737367544323206e-13,7.216449660063518e-15,False,320,0,0,320,False,95.5020276538505,95.5020276538505,{},890001,32,0.3219227819804257,0.26694816757212103,0.5614026395379763,296.01504633890255,0.9978216124465921,370,0.6657681940700808,48.58980341463922,167.28591846576765,0.5,0.043243243243243246,0.11081081081081082,0.4055889904574898,0.000755701681170895,0.08981392263326476,210.5745265451074,240.02186346865716,247,88,True,386,0.4930966469428008,0.9585492227979274,True,370,0.5,1.0,True,354,0.5010351966873706,0.9567567567567568,True,329,0.4861995753715499,0.8891891891891892,True,316,0.49673202614379086,0.8540540540540541
130.89787893814238,53.58084771043029,-77.3170312277121,-22.3716274046165,-23.73618351728182,0.8082068061385446,False,296.6612895997443,296.6612895997446,True,False,0.2165236107536325,8.961240735904818,0.6266626165158246,0.7753740895970637,FLOOR_Q_REPLAY,102.50200331416082,0.34551863322800397,-x,LAW_16_L32_S890001,"{""PLANNED"": 63, ""SOURCE"": 0, ""SINK"": 257, ""OTHER"": 0}",1.0,0.2792505110225603,L32_S990102,1440,SPLIT,0.5,0.2165236107536325,64.23417359496574,0.02238505025583254,0.5223579482657452,78.97840754590716,0.266224176576812,LAW_16,2.2737367544323206e-13,9.2148511043888e-15,False,320,0,0,320,False,82.84281672134043,82.84281672134043,{},890001,32,0.2792505110225603,0.2563691150245656,0.4776420517342548,250.55347867784596,0.8445775956003316,326,0.6873315363881402,42.00367536292038,168.9789536798048,0.4642857142857143,0.06748466257668712,0.11042944785276074,0.36514980930715585,0.002575027623363757,0.08474638786673633,179.12592025404058,242.59128711938394,221,84,True,351,0.47046843177189407,0.9287749287749287,True,326,0.4642857142857143,1.0,True,304,0.44849785407725323,0.9325153374233128,True,290,0.45594713656387664,0.8895705521472392,True,260,0.42437923250564336,0.7975460122699386
340.18049268548106,146.77899130583762,-193.40150137964335,30.201759093025952,-46.62251007380573,1.0,False,296.6612895997443,296.6612895997446,False,True,0.286212071097988,11.845429981995384,0.8283549527388812,0.8283549527388812,PARENT_LOW_CONSTANT,102.50200331416153,0.34551863322800636,-x,LAW_16_L32_S890001,"{""PLANNED"": 320, ""SOURCE"": 0, ""SINK"": 0, ""OTHER"": 0}",1.0,0.34551863322800636,L32_S990102,,NONE,0.0,0.286212071097988,84.9080421109429,0.02597908319443796,0.49834268157136385,90.67659841710072,0.305656995354674,LAW_16,1.7053025658242404e-13,8.215650382226158e-15,False,320,0,0,320,False,102.50200331416153,102.50200331416153,{},890001,32,0.34551863322800636,0.3029827252308777,0.5016573184286361,280.24053861896454,0.944648150748165,341,0.7169811320754716,55.26222690003803,159.13144972793307,0.4560327198364008,0.03225806451612903,0.07331378299120235,0.4246696079661219,0.0042078650379955285,0.12681271695840296,196.66697356598485,238.60078753200182,223,84,True,362,0.4630738522954092,0.9419889502762431,True,341,0.4560327198364008,1.0,True,330,0.46041666666666664,0.967741935483871,True,316,0.46794871794871795,0.9266862170087976,True,296,0.45951859956236324,0.8680351906158358
9.450507420485689,9.450507420485689,0.0,-15.64634842275738,9.450507420485689,0.0,False,292.9423141624834,292.9423141624833,False,True,0.0,0.0,,,SHAM,0.0,0.0,+y,LAW_16_L32_S890002,"{""PLANNED"": 0, ""SOURCE"": 0, ""SINK"": 0, ""OTHER"": 0}",1.0,0.0,L32_S990103,,NONE,0.0,0.0,0.0,0.0,0.19648546664726052,0.0,0.0,LAW_16,0.0,3.219646771412954e-15,False,0,0,0,0,False,0.0,0.0,{},890002,32,0.0,0.0,0.8035145333527395,286.7464731602116,0.9788496208887218,390,0.056910569105691054,0.0,229.66906993637798,0.9461538461538461,0.05384615384615385,0.10256410256410256,0.3358791587777003,0.0019282658487320692,0.0990024497604049,276.65202144126965,276.65202144126965,369,92,True,420,0.8785714285714286,0.9285714285714286,True,390,0.9461538461538461,1.0,True,369,0.9785522788203753,0.9461538461538461,True,350,0.948509485094851,0.8974358974358975,True,330,0.8943089430894309,0.8461538461538461
395.1429603871952,175.17256469228244,-219.97039569491275,41.53621346371063,-44.79783100263031,0.11804129616576466,False,292.9423141624834,292.9423141624833,False,True,0.3457155661139003,14.12872739667954,0.08642889152847516,0.7321919898871968,PARENT_FULL,1171.769256649932,3.999999999999996,+y,LAW_16_L32_S890002,"{""PLANNED"": 12, ""SOURCE"": 308, ""SINK"": 0, ""OTHER"": 0}",1.0,0.4721651846630582,L32_S990103,,NONE,0.0,0.3457155661139003,101.27471797939894,0.10292099540556181,0.5156545745217458,117.02802602519711,0.39949171003095985,LAW_16,2.8421709430404007e-13,7.549516567451064e-15,False,320,0,0,320,False,138.31716186215252,138.31716186215252,{},890002,32,0.4721651846630582,0.34960810009030113,0.48434542547825427,289.6806966235635,0.9888660074655152,352,0.7615176151761518,68.77047074187846,141.64505124605932,0.43912175648702595,0.036931818181818184,0.07670454545454546,0.4327539278617098,0.0027394893628258643,0.12126456736296082,195.4806134751872,228.6105872864967,220,86,True,364,0.4344422700587084,0.967032967032967,True,352,0.43912175648702595,1.0,True,339,0.4448979591836735,0.9630681818181818,True,325,0.4488517745302714,0.9232954545454546,True,308,0.44349680170575695,0.875
124.27249686797447,48.62964667707736,-75.64285019089712,-22.257082579954997,-27.01320351381976,0.0688802718882799,False,292.9423141624834,292.9423141624833,True,False,0.20480262655038622,8.369887746683172,0.05120065663759661,0.7433283178765805,FLOOR_FULL,1171.769256649932,3.999999999999996,+y,LAW_16_L32_S890002,"{""PLANNED"": 12, ""SOURCE"": 20, ""SINK"": 288, ""OTHER"": 0}",1.0,0.2755210875531193,L32_S990103,928,SPLIT,0.5,0.20480262655038622,59.995355368224985,0.04450134219009806,0.517069445096319,75.59010479306504,0.25803750820080656,LAW_16,1.7053025658242404e-13,9.658940314238862e-15,False,320,0,0,320,False,80.71178498837494,80.71178498837492,{},890002,32,0.2755210875531192,0.24621355123825703,0.482930554903681,243.67202806870858,0.8318089135240242,319,0.6504065040650406,41.97792682858062,167.1748794991432,0.4827586206896552,0.06896551724137931,0.11285266457680251,0.35748958043217566,0.0012423701366638396,0.08360293282087677,180.04344783117082,241.79893578674185,224,82,True,422,0.651356993736952,0.7559241706161137,True,319,0.4827586206896552,1.0,True,297,0.46373626373626375,0.9310344827586207,True,283,0.4717832957110609,0.8871473354231975,True,255,0.44110854503464203,0.799373040752351
359.53732860639684,164.30807105848112,-195.22925754791547,25.928758181213194,-30.921186489434387,0.9538520606320835,False,292.9423141624834,292.9423141624833,False,True,0.25029564199479376,10.229099412770552,0.7775943434277061,0.8152148278763713,PARENT_Q_REPLAY,94.29361878782258,0.32188459716858014,+y,LAW_16_L32_S890002,"{""PLANNED"": 284, ""SOURCE"": 36, ""SINK"": 0, ""OTHER"": 0}",1.0,0.3070302862949783,L32_S990103,,NONE,0.0,0.25029564199479376,73.32218459073933,0.006421962330996328,0.430035649197533,85.63396523651492,0.2923236456342637,LAW_16,1.1368683772161603e-13,8.104628079763643e-15,False,320,0,0,320,False,89.94216258522071,89.94216258522071,{},890002,32,0.3070302862949783,0.2546352271445223,0.569964350802467,287.9498858542622,0.9829576402354356,361,0.6341463414634146,47.09335637663704,166.49824964409046,0.5145228215767634,0.04155124653739612,0.10249307479224377,0.40003336630691605,0.008124406669431428,0.09297613543832323,210.22658097412454,238.88496921547124,248,86,True,381,0.503006012024048,0.94750656167979,True,361,0.5145228215767634,1.0,True,346,0.5148305084745762,0.9584487534626038,True,324,0.5,0.8975069252077562,True,312,0.5066371681415929,0.8642659279778393
122.94478792959121,48.181261803827084,-74.76352612576412,-22.675094726482623,-26.582264321937036,0.8078632949476517,False,292.9423141624834,292.9423141624833,True,False,0.20050730010075393,8.194346051616403,0.622916728120863,0.7710670010836759,FLOOR_Q_REPLAY,94.29361878782258,0.32188459716858014,+y,LAW_16_L32_S890002,"{""PLANNED"": 41, ""SOURCE"": 0, ""SINK"": 279, ""OTHER"": 0}",1.0,0.2600387512615067,L32_S990103,1152,SPLIT,0.5,0.20050730010075393,58.737072497986375,0.020714142946988978,0.5127422322790636,73.08565708454817,0.24948822191665526,LAW_16,1.1368683772161603e-13,7.216449660063518e-15,False,320,0,0,320,False,76.17635356646815,76.17635356646815,{},890002,32,0.2600387512615067,0.24103692601988025,0.4872577677209364,243.68495511406354,0.8318530418207228,319,0.6504065040650406,39.82453082540929,169.29186181748824,0.4827586206896552,0.06896551724137931,0.11285266457680251,0.3568869700457375,0.0028326892291430372,0.08512507817608056,180.0160142556833,241.74512709272489,224,82,True,425,0.6576200417536534,0.7505882352941177,True,319,0.4827586206896552,1.0,True,297,0.46373626373626375,0.9310344827586207,True,283,0.4717832957110609,0.8871473354231975,True,254,0.44212962962962965,0.7962382445141066
332.2134157685062,140.91606066630206,-191.29735510220402,26.249138254640876,-50.38129443590185,1.0,False,292.9423141624834,292.9423141624833,False,True,0.2744201555496755,11.215021682414982,0.8525420537782158,0.8525420537782158,PARENT_LOW_CONSTANT,94.29361878782278,0.3218845971685808,+y,LAW_16_L32_S890002,"{""PLANNED"": 320, ""SOURCE"": 0, ""SINK"": 0, ""OTHER"": 0}",1.0,0.3218845971685808,L32_S990103,,NONE,0.0,0.2744201555496755,80.38927541955059,0.006487318432296579,0.5063297713670207,85.267857519576,0.2910738851891549,LAW_16,1.7053025658242404e-13,8.215650382226158e-15,False,320,0,0,320,False,94.29361878782278,94.29361878782278,{},890002,32,0.3218845971685808,0.2990559435077829,0.4936702286329792,268.8101579812222,0.9176214735305328,327,0.7317073170731707,50.879675247140014,159.4404607119791,0.4409937888198758,0.03363914373088685,0.06422018348623854,0.43010434014216686,0.0044846659178599535,0.1532056782266939,188.68181023933442,234.89796660684624,213,82,True,360,0.4727272727272727,0.9083333333333333,True,327,0.4409937888198758,1.0,True,316,0.451271186440678,0.9663608562691132,True,306,0.461038961038961,0.9357798165137615,True,296,0.4647577092511013,0.9051987767584098
13.050599192772086,12.150573740202493,-0.9000254525695937,-14.358023522827363,11.2505482876329,0.0,False,292.8920415122192,292.89204151221895,False,True,0.0,0.0,,,SHAM,0.0,0.0,-y,LAW_16_L32_S890003,"{""PLANNED"": 0, ""SOURCE"": 0, ""SINK"": 0, ""OTHER"": 0}",1.0,0.0,L32_S990104,,NONE,0.0,0.0,0.0,0.0,0.1917558236696021,0.0,0.0,LAW_16,0.0,3.9968028886505635e-15,False,0,0,0,0,False,0.0,0.0,{},890003,32,0.0,0.0,0.8082441763303979,289.7845662770248,0.9893903732612532,395,0.07297297297297298,0.0,229.98350201568726,0.9318181818181818,0.06329113924050633,0.10886075949367088,0.3355684914936177,0.0002247671773463189,0.08113487241291034,277.41141131914645,277.8427366566779,369,90,True,419,0.883054892601432,0.9427207637231504,True,395,0.9318181818181818,1.0,True,370,0.9786096256684492,0.9367088607594937,True,352,0.9513513513513514,0.8911392405063291,True,328,0.8864864864864865,0.830379746835443
394.75419557523435,175.15416553027154,-219.60003004496286,43.95545942454441,-44.44586451469137,0.10984110668830765,False,292.8920415122192,292.89204151221895,False,True,0.3453413474780937,14.111011758013317,0.08633533686952281,0.7860020667354859,PARENT_FULL,1171.568166048884,4.0000000000000275,-y,LAW_16_L32_S890003,"{""PLANNED"": 12, ""SOURCE"": 308, ""SINK"": 0, ""OTHER"": 0}",1.0,0.43936442675323367,L32_S990104,,NONE,0.0,0.3453413474780937,101.14773228143945,0.058526191392785115,0.5169007542778575,114.19665749621491,0.3898933440000992,LAW_16,1.1368683772161603e-13,1.021405182655144e-14,False,320,0,0,320,False,128.6863439196004,128.6863439196004,{},890003,32,0.43936442675323367,0.34592054107192455,0.48309924572214247,292.4016364220724,0.9983256455600003,355,0.7702702702702703,67.27803501238319,144.1376673010811,0.43564356435643564,0.030985915492957747,0.07042253521126761,0.42942922646765175,0.004575663712963862,0.12382612275084909,195.59549139839189,230.00821133021316,220,86,True,369,0.4321705426356589,0.962059620596206,True,355,0.43564356435643564,1.0,True,344,0.43951612903225806,0.9690140845070423,True,330,0.4492753623188406,0.9295774647887324,True,303,0.43803418803418803,0.8535211267605634
134.41116391022015,54.02694898425267,-80.38421492596754,-20.520495101272754,-26.357265941714875,0.07533803193433118,False,292.8920415122192,292.89204151221895,True,False,0.2236687120937463,9.139339523932211,0.05591717802343619,0.7422171324063351,FLOOR_FULL,1171.568166048884,4.0000000000000275,-y,LAW_16_L32_S890003,"{""PLANNED"": 12, ""SOURCE"": 34, ""SINK"": 274, ""OTHER"": 0}",1.0,0.30135212773732684,L32_S990104,1120,SPLIT,0.5,0.2236687120937463,65.51078570754609,0.05551165302690627,0.5397018791884003,81.49804546068297,0.27825285057218946,LAW_16,1.7053025658242404e-13,1.0547118733938987e-14,False,320,0,0,320,False,88.26363990703663,88.26363990703663,{},890003,32,0.30135212773732684,0.266288548707803,0.46029812081159965,246.0142804692316,0.839948669137766,321,0.7054054054054054,44.834021511777514,163.4328033684069,0.45168067226890757,0.059190031152647975,0.12149532710280374,0.3646685972946265,0.0006856489342005889,0.08277185728817577,174.23774997125795,239.90205034462662,215,84,True,343,0.4610655737704918,0.9358600583090378,True,321,0.45168067226890757,1.0,True,302,0.4358974358974359,0.940809968847352,True,282,0.4488888888888889,0.8785046728971962,True,256,0.41950113378684806,0.7975077881619937
342.52363487957126,157.56183542321153,-184.9617994563602,26.958454205123783,-27.399964033148525,0.9591330113371954,False,292.8920415122192,292.89204151221895,False,True,0.23852955510572535,9.746569246082203,0.7953058915511669,0.8291924917091265,PARENT_Q_REPLAY,87.84470113713786,0.2999217755579512,-y,LAW_16_L32_S890003,"{""PLANNED"": 294, ""SOURCE"": 26, ""SINK"": 0, ""OTHER"": 0}",1.0,0.2876648757564962,L32_S990104,,NONE,0.0,0.23852955510572535,69.86340835591723,0.002572169409803908,0.41654343225184853,80.9144067551841,0.27626017537867614,LAW_16,1.1368683772161603e-13,9.2148511043888e-15,False,320,0,0,320,False,84.25475273167899,84.25475273167899,{},890003,32,0.2876648757564962,0.23888966094053768,0.5834565677481515,292.45053168419463,0.9984925850980969,368,0.6216216216216216,45.044540708585245,170.27195010842502,0.5247933884297521,0.04891304347826087,0.10597826086956522,0.3969023627975811,0.0012681182060247376,0.09058873334379264,214.6125024896157,242.5863555543114,254,86,True,385,0.5221774193548387,0.9558441558441558,True,368,0.5247933884297521,1.0,True,350,0.5157894736842106,0.9510869565217391,True,329,0.5162689804772235,0.8940217391304348,True,311,0.5303370786516854,0.845108695652174
131.33909714683875,53.12652083289869,-78.21257631394003,-20.98128849074399,-25.086055481041335,0.9956021325735497,False,292.8920415122192,292.89204151221895,True,False,0.22387684669253125,9.147844123199434,0.7464507912973245,0.7497480839738768,FLOOR_Q_REPLAY,87.84470113713786,0.2999217755579512,-y,LAW_16_L32_S890003,"{""PLANNED"": 307, ""SOURCE"": 13, ""SINK"": 0, ""OTHER"": 0}",1.0,0.2986027593507417,L32_S990104,1648,SPLIT,0.5,0.22387684669253125,65.57174667509354,0.04995016174165791,0.5371362997095978,81.17814383164982,0.27716063370149036,LAW_16,1.1368683772161603e-13,6.5503158452884236e-15,False,320,0,0,320,False,87.45837178742057,87.45837178742057,{},890003,32,0.2986027593507417,0.265661205416252,0.46286370029040225,246.82469754043413,0.8427156172153522,322,0.7027027027027027,44.565799037972475,163.65472387704514,0.453781512605042,0.062111801242236024,0.12111801242236025,0.36573639496587546,0.002010311089797101,0.08110111832856476,174.92378881393506,239.72771704035958,216,84,True,418,0.6147540983606558,0.7703349282296651,True,322,0.453781512605042,1.0,True,302,0.4358974358974359,0.937888198757764,True,283,0.44789356984478934,0.8788819875776398,True,256,0.41950113378684806,0.7950310559006211
338.3468744642031,145.87599238990927,-192.4708820742937,27.88686267639911,-46.5948896843845,1.0,False,292.8920415122192,292.89204151221895,False,True,0.26077279860724073,10.655451639917613,0.8694693745464801,0.8694693745464801,PARENT_LOW_CONSTANT,87.84470113713756,0.2999217755579502,-y,LAW_16_L32_S890003,"{""PLANNED"": 320, ""SOURCE"": 0, ""SINK"": 0, ""OTHER"": 0}",1.0,0.2999217755579502,L32_S990104,,NONE,0.0,0.26077279860724073,76.37827735492947,0.0022265287752050336,0.48639737014095785,79.59560352794664,0.27175748141530176,LAW_16,1.1368683772161603e-13,9.103828801926284e-15,False,320,0,0,320,False,87.84470113713756,87.84470113713756,{},890003,32,0.2999217755579502,0.2785657562605645,0.5136026298590421,274.18401450423374,0.9361265437210429,335,0.7108108108108108,46.838562036012895,164.73571918378366,0.45661157024793386,0.03880597014925373,0.07164179104477612,0.4155254989675648,0.0004243563744959489,0.12258152707301412,193.69211141736866,237.54637459301236,221,84,True,356,0.4726166328600406,0.9410112359550562,True,335,0.45661157024793386,1.0,True,322,0.459915611814346,0.9611940298507463,True,311,0.4645161290322581,0.9283582089552239,True,288,0.4557522123893805,0.8597014925373134
10.80053835963192,10.350528439743666,-0.4500099198882541,-15.45904202580776,9.900518519855412,0.0,False,298.02565572199245,298.0256557219927,False,True,0.0,0.0,,,SHAM,0.0,0.0,+x,LAW_16_L32_S890004,"{""PLANNED"": 0, ""SOURCE"": 0, ""SINK"": 0, ""OTHER"": 0}",1.0,0.0,L32_S990105,,NONE,0.0,0.0,0.0,0.0,0.19245978618133208,0.0,0.0,LAW_16,0.0,3.774758283725532e-15,False,0,0,0,0,False,0.0,0.0,{},890004,32,0.0,0.0,0.8075402138186679,292.4671322160401,0.981348842291827,396,0.06417112299465241,0.0,234.607741704597,0.9395465994962217,0.05808080808080808,0.09848484848484848,0.3391078201753435,0.006189550900027652,0.09615892394272935,281.3656954134095,281.79352948011586,373,90,True,424,0.8820754716981132,0.9339622641509434,True,396,0.9395465994962217,1.0,True,373,0.9761904761904762,0.9419191919191919,True,357,0.9545454545454546,0.9015151515151515,True,333,0.8903743315508021,0.8409090909090909
382.52596494103403,171.11974924978128,-211.40621569125307,38.18686913931483,-40.28646644147196,0.10108238047864809,False,298.02565572199245,298.0256557219927,False,True,0.3291578871621733,13.685476444973826,0.08228947179054294,0.8140832398374825,PARENT_FULL,1192.1026228879764,4.000000000000019,+x,LAW_16_L32_S890004,"{""PLANNED"": 11, ""SOURCE"": 309, ""SINK"": 0, ""OTHER"": 0}",1.0,0.4043295219145943,L32_S990105,,NONE,0.0,0.3291578871621733,98.09749515757238,0.03442130153742828,0.4999264815219724,110.02860622560718,0.3691917259910173,LAW_16,2.2737367544323206e-13,1.0547118733938987e-14,False,320,0,0,320,False,120.50057089635678,120.50057089635678,{},890004,32,0.4043295219145943,0.33149326450460764,0.5000735184780276,295.92605841983516,0.9929549779965383,359,0.7513368983957219,63.58452402411117,152.301490922498,0.4457593688362919,0.033426183844011144,0.07520891364902507,0.4309350340232005,0.010465725351622157,0.11960691161879816,200.72970891772914,234.38808270389794,226,86,True,369,0.43992248062015504,0.9728997289972899,True,359,0.4457593688362919,1.0,True,347,0.4507042253521127,0.9665738161559888,True,332,0.45867768595041325,0.924791086350975,True,309,0.4470338983050847,0.8607242339832869
138.88927214584152,55.834732596366266,-83.05453954947534,-21.758936764252603,-27.2198069531091,0.07760750575487414,False,298.02565572199245,298.0256557219927,True,False,0.22542839930400033,9.372690641871358,0.05635709982599982,0.7261810475394682,FLOOR_FULL,1192.1026228879764,4.000000000000019,+x,LAW_16_L32_S890004,"{""PLANNED"": 11, ""SOURCE"": 53, ""SINK"": 256, ""OTHER"": 0}",1.0,0.31043002301949807,L32_S990105,1376,SPLIT,0.5,0.22542839930400033,67.1834465209339,0.06884990149047021,0.5389832867096014,83.99969059229142,0.28185389069539996,LAW_16,1.1368683772161603e-13,7.882583474838611e-15,False,320,0,0,320,False,92.51611116617919,92.51611116617919,{},890004,32,0.31043002301949807,0.26976221459708233,0.4610167132903986,249.0469120046308,0.8356559484830033,322,0.7112299465240641,45.97069598212312,166.25215654842907,0.446985446985447,0.055900621118012424,0.10869565217391304,0.37192074389676283,0.0005098035267923628,0.08814969578989423,175.67395624382993,241.98529406177764,215,84,True,343,0.4573170731707317,0.9387755102040817,True,322,0.446985446985447,1.0,True,304,0.4334038054968288,0.9440993788819876,True,287,0.4432314410480349,0.8913043478260869,True,260,0.41202672605790647,0.8074534161490683
348.78915910943533,161.62153212099827,-187.1676269884368,24.597657479386754,-25.54609486743862,0.9175023608926124,False,298.02565572199245,298.0256557219927,False,True,0.23188379631239953,9.641088232046299,0.7597111324636218,0.8280209020111077,PARENT_Q_REPLAY,90.96525968127368,0.30522627141244785,+x,LAW_16_L32_S890004,"{""PLANNED"": 267, ""SOURCE"": 53, ""SINK"": 0, ""OTHER"": 0}",1.0,0.28004582462737015,L32_S990105,,NONE,0.0,0.23188379631239953,69.10732044730786,0.002462413479668424,0.4056904460476606,80.09958765460037,0.2687674235983216,LAW_16,1.1368683772161603e-13,1.0103029524088925e-14,False,320,0,0,320,False,83.46084051677816,83.46084051677815,{},890004,32,0.28004582462737015,0.23262409966968686,0.5943095539523394,297.0772183339403,0.9968175981837715,373,0.6176470588235294,44.12907055694315,175.6875247847722,0.5276073619631901,0.04825737265415549,0.10187667560321716,0.40274291369976195,0.0018237778879006683,0.09687411834667686,218.58001764775773,245.9033344432094,258,86,True,387,0.5250501002004008,0.9638242894056848,True,373,0.5276073619631901,1.0,True,355,0.5251046025104602,0.9517426273458445,True,335,0.5182012847965739,0.8981233243967829,True,315,0.5311111111111111,0.8445040214477212
136.3666238501562,55.38433445868075,-80.98228939147558,-22.39495715821138,-25.597954932794806,0.9604256276963243,False,298.02565572199245,298.0256557219927,True,False,0.2178077045277734,9.055843186829199,0.7135942247692466,0.7429979002964268,FLOOR_Q_REPLAY,90.96525968127368,0.30522627141244785,+x,LAW_16_L32_S890004,"{""PLANNED"": 277, ""SOURCE"": 43, ""SINK"": 0, ""OTHER"": 0}",1.0,0.29314713331070885,L32_S990105,1584,SPLIT,0.5,0.2178077045277734,64.9122839631917,0.05340215752481547,0.530137435894271,81.03136095941116,0.2718939104860142,LAW_16,1.1368683772161603e-13,8.881784197001252e-15,False,320,0,0,320,False,87.36536662794641,87.3653666279464,{},890004,32,0.29314713331070885,0.25961513288432836,0.469862564105729,250.03274363098623,0.8389638235180139,325,0.6978609625668449,44.04536508754104,168.28350489414296,0.45625,0.06461538461538462,0.12307692307692308,0.36727466869237874,0.0006563005216769224,0.07682531924480512,177.80027406186557,242.8903725873041,219,84,True,424,0.6186612576064908,0.7665094339622641,True,325,0.45625,1.0,True,304,0.4425531914893617,0.9353846153846154,True,285,0.44835164835164837,0.8769230769230769,True,262,0.4260089686098655,0.8061538461538461
333.34350784511275,143.1771825228377,-190.16632532227518,26.664115100202235,-46.98914279943753,1.0,False,298.02565572199245,298.0256557219927,False,True,0.2624163341257937,10.91054688197561,0.8597436023820982,0.8597436023820982,PARENT_LOW_CONSTANT,90.9652596812736,0.30522627141244757,+x,LAW_16_L32_S890004,"{""PLANNED"": 320, ""SOURCE"": 0, ""SINK"": 0, ""OTHER"": 0}",1.0,0.30522627141244757,L32_S990105,,NONE,0.0,0.2624163341257937,78.20680005000119,0.007026288480521764,0.4854485377336243,82.43529971832298,0.27660470880809374,LAW_16,1.1368683772161603e-13,9.769962616701378e-15,False,320,0,0,320,False,90.9652596812736,90.9652596812736,{},890004,32,0.30522627141244757,0.28162269781972643,0.5145514622663757,277.70062802275714,0.9318010805143725,337,0.7085561497326203,49.22035992205466,166.87366992285314,0.4569672131147541,0.032640949554896145,0.07418397626112759,0.4274525915218435,0.0015548296507333914,0.13191281055958243,197.00865621941546,240.75419892894854,223,82,True,360,0.4738955823293173,0.9361111111111111,True,337,0.4569672131147541,1.0,True,326,0.46443514644351463,0.9673590504451038,True,312,0.4689507494646681,0.9258160237388724,True,299,0.46943231441048033,0.887240356083086
12.600407592383519,11.25037165939464,-1.3500359329888818,-16.273451240530918,9.900335726405757,0.0,False,302.20738336787025,302.2073833678701,False,True,0.0,0.0,,,SHAM,0.0,0.0,-x,LAW_16_L32_S890005,"{""PLANNED"": 0, ""SOURCE"": 0, ""SINK"": 0, ""OTHER"": 0}",1.0,0.0,L32_S990106,,NONE,0.0,0.0,0.0,0.0,0.19009294961418177,0.0,0.0,LAW_16,0.0,4.107825191113079e-15,False,0,0,0,0,False,0.0,0.0,{},890005,32,0.0,0.0,0.8099070503858182,295.834267853745,0.9789114500013151,399,0.06896551724137931,0.0,238.6603178319657,0.9351620947630923,0.06265664160401002,0.11027568922305764,0.3424977782454344,0.002426750417369561,0.07908909642175738,284.4259062196487,285.2992299979797,375,92,True,425,0.8870588235294118,0.9388235294117647,True,399,0.9351620947630923,1.0,True,374,0.9815303430079155,0.9373433583959899,True,355,0.9416445623342176,0.8897243107769424,True,335,0.8885941644562334,0.8395989974937343
388.89979546644764,171.57439907525338,-217.32539639119412,40.659331577571514,-45.750997315940694,0.11094541159527775,False,302.20738336787025,302.2073833678701,False,True,0.3354245664570365,14.141710455675677,0.08385614161425924,0.7558324441587674,PARENT_FULL,1208.8295334714787,3.9999999999999947,-x,LAW_16_L32_S890005,"{""PLANNED"": 11, ""SOURCE"": 309, ""SINK"": 0, ""OTHER"": 0}",1.0,0.4437816463811104,L32_S990106,,NONE,0.0,0.3354245664570365,101.36778054628324,0.07738871345583281,0.506042579074216,117.13726089996165,0.3876055561401462,LAW_16,1.7053025658242404e-13,1.0436096431476471e-14,False,320,0,0,320,False,134.11409013952078,134.11409013952078,{},890005,32,0.4437816463811104,0.3411727301235791,0.493957420925784,297.11571762950086,0.9831517493661919,358,0.7400530503978779,67.71080748549848,151.0196942846037,0.44970414201183434,0.025139664804469275,0.06424581005586592,0.43571034826219585,0.009632962400184075,0.12761162831633516,203.2979620898088,236.57170514683037,228,86,True,378,0.4380952380952381,0.9470899470899471,True,358,0.44970414201183434,1.0,True,349,0.45490981963927857,0.9748603351955307,True,335,0.45901639344262296,0.9357541899441341,True,315,0.453781512605042,0.8798882681564246
129.3000112540086,51.3294140815831,-77.97059717242554,-22.781244387588668,-26.641183090842453,0.07137622100308554,False,302.20738336787025,302.2073833678701,True,False,0.21151026359835337,8.917405596750395,0.05287756589958841,0.740828880493723,FLOOR_FULL,1208.8295334714787,3.9999999999999947,-x,LAW_16_L32_S890005,"{""PLANNED"": 11, ""SOURCE"": 31, ""SINK"": 278, ""OTHER"": 0}",1.0,0.28550488401234175,L32_S990106,1072,SPLIT,0.5,0.21151026359835337,63.919963317506834,0.04758232516581132,0.5173599657686846,80.60676672074993,0.2667266624079438,LAW_16,1.7053025658242404e-13,7.105427357601002e-15,False,320,0,0,320,False,86.28168393611705,86.28168393611705,{},890005,32,0.28550488401234175,0.2528630040209497,0.4826400342313154,252.78495588943912,0.8364618794959414,327,0.6578249336870027,43.954582190386816,172.94235213054975,0.4789915966386555,0.06422018348623854,0.11009174311926606,0.36615494218568095,0.0020050743466809573,0.0778587312844013,185.3364375503812,247.8753927463673,228,84,True,421,0.6252545824847251,0.7767220902612827,True,327,0.4789915966386555,1.0,True,306,0.4625267665952891,0.9357798165137615,True,291,0.4713656387665198,0.8899082568807339,True,268,0.4365256124721604,0.8195718654434251
358.201246911291,161.618466159683,-196.58278075160774,28.621224827503465,-34.964314591924825,0.9300586094205398,False,302.20738336787025,302.2073833678701,False,True,0.26167941855128524,11.032568688840623,0.7624616890233225,0.8197996140247159,PARENT_Q_REPLAY,103.71859137330455,0.3432033665671573,-x,LAW_16_L32_S890005,"{""PLANNED"": 264, ""SOURCE"": 56, ""SINK"": 0, ""OTHER"": 0}",1.0,0.3191992458578981,L32_S990106,,NONE,0.0,0.26167941855128524,79.08145236160959,0.005807364120596226,0.44031502897553676,92.02913716472466,0.3045231262688897,LAW_16,1.7053025658242404e-13,9.43689570931383e-15,False,320,0,0,320,False,96.46436886371282,96.46436886371283,{},890005,32,0.3191992458578981,0.26728961240454274,0.5596849710244632,295.8642936034485,0.9790108047866578,366,0.649867374005305,49.003644434608184,171.1899299683058,0.5040485829959515,0.03551912568306011,0.09016393442622951,0.41209538448827027,0.0010101330701763889,0.1083721310665145,213.27320550126018,243.23186151120294,249,88,True,391,0.48549323017408125,0.9360613810741688,True,366,0.5040485829959515,1.0,True,353,0.5020576131687243,0.9644808743169399,True,333,0.48535564853556484,0.9098360655737705,True,320,0.4893162393162393,0.8743169398907104
126.40907903413732,50.427071371201,-75.98200766293635,-23.213084142073427,-25.554936291735324,0.7613641750540822,False,302.20738336787025,302.2073833678701,True,False,0.20597307707379237,8.68395433408195,0.6001487664121966,0.7882545384665178,FLOOR_Q_REPLAY,103.71859137330455,0.3432033665671573,-x,LAW_16_L32_S890005,"{""PLANNED"": 57, ""SOURCE"": 0, ""SINK"": 263, ""OTHER"": 0}",1.0,0.26130274806218745,L32_S990106,1424,SPLIT,0.5,0.20597307707379237,62.24658466669942,0.011486755235211456,0.5105541157834836,76.63685541460201,0.2535902814833406,LAW_16,1.1368683772161603e-13,9.43689570931383e-15,False,320,0,0,320,False,78.96761975870746,78.96761975870746,{},890005,32,0.26130274806218745,0.24560740662410213,0.4894458842165164,253.43936293406142,0.8386273032434669,328,0.6604774535809018,40.71349022185357,176.05390591934514,0.4779874213836478,0.06707317073170732,0.11280487804878049,0.3679389800096485,0.003025942110123525,0.08189177778824713,185.41291028719561,247.76490982399145,228,84,True,424,0.6280487804878049,0.7735849056603774,True,328,0.4779874213836478,1.0,True,306,0.4625267665952891,0.9329268292682927,True,291,0.4713656387665198,0.8871951219512195,True,269,0.43555555555555553,0.8201219512195121
326.09847895793166,137.32811859842116,-188.77036035951062,28.884502135293957,-51.442241761089434,1.0,False,302.20738336787025,302.2073833678701,False,True,0.28060134881871024,11.830329156807673,0.8175949776524238,0.8175949776524238,PARENT_LOW_CONSTANT,103.71859137330404,0.3432033665671556,-x,LAW_16_L32_S890005,"{""PLANNED"": 320, ""SOURCE"": 0, ""SINK"": 0, ""OTHER"": 0}",1.0,0.3432033665671556,L32_S990106,,NONE,0.0,0.28060134881871024,84.7997993959974,0.025894778719770365,0.5008768048171193,92.86315160788841,0.3072828683832924,LAW_16,1.7053025658242404e-13,1.0103029524088925e-14,False,320,0,0,320,False,103.71859137330404,103.71859137330404,{},890005,32,0.3432033665671556,0.3032358570576606,0.49912319518288073,279.64964374207443,0.9253567554359298,336,0.6976127320954907,56.00156065341967,162.514985174102,0.4610655737704918,0.017857142857142856,0.050595238095238096,0.4370251198003035,6.26651749409124e-05,0.15867891442118237,199.43509286684701,241.8312451602735,225,82,True,369,0.4627450980392157,0.9105691056910569,True,336,0.4610655737704918,1.0,True,330,0.4607438016528926,0.9821428571428571,True,319,0.46218487394957986,0.9494047619047619,True,307,0.46466809421841543,0.9136904761904762
13.501147961592162,13.501147961592162,0.0,-13.948205664143861,13.501147961592162,0.0,False,294.6965133622133,294.69651336221347,False,True,0.0,0.0,,,SHAM,0.0,0.0,+y,LAW_16_L32_S890006,"{""PLANNED"": 0, ""SOURCE"": 0, ""SINK"": 0, ""OTHER"": 0}",1.0,0.0,L32_S990107,,NONE,0.0,0.0,0.0,0.0,0.18845779493629,0.0,0.0,LAW_16,0.0,3.885780586188048e-15,False,0,0,0,0,False,0.0,0.0,{},890006,32,0.0,0.0,0.81154220506371,294.2494556596616,0.9984829895085918,401,0.08086253369272237,0.0,230.99480009727165,0.9251870324189526,0.06483790523690773,0.10972568578553615,0.3363481697043326,0.004268596469734098,0.08494954906752988,279.6119919083654,279.6119919083654,371,92,True,431,0.8607888631090487,0.9303944315545244,True,401,0.9251870324189526,1.0,True,375,0.9683377308707124,0.9351620947630923,True,357,0.9622641509433962,0.8902743142144638,True,338,0.9110512129380054,0.8428927680798005
373.60637671979487,166.60365388866418,-207.00272283113011,40.51087047510614,-40.39906894246581,0.10445530220637292,False,294.6965133622133,294.69651336221347,False,True,0.34042926599790996,13.995998568086161,0.08510731649947727,0.8147725840793633,PARENT_FULL,1178.7860534488568,4.00000000000001,+y,LAW_16_L32_S890006,"{""PLANNED"": 11, ""SOURCE"": 309, ""SINK"": 0, ""OTHER"": 0}",1.0,0.4178212088254927,L32_S990107,,NONE,0.0,0.34042926599790996,100.32331773604159,0.036171181807013085,0.5127529630806191,111.92800873358627,0.3798077128792318,LAW_16,1.1368683772161603e-13,1.021405182655144e-14,False,320,0,0,320,False,123.13045344965799,123.13045344965802,{},890006,32,0.4178212088254928,0.3403001634191456,0.48724703691938087,294.80831489485354,1.0003793785388382,359,0.77088948787062,65.14461047392565,146.8458812527346,0.43700787401574803,0.03899721448467967,0.06963788300835655,0.42984751166992213,0.001117414604960787,0.12281188304747276,196.75206783400768,231.64195075676244,222,86,True,373,0.42802303262955854,0.9624664879356568,True,359,0.43700787401574803,1.0,True,345,0.4435483870967742,0.9610027855153204,True,334,0.44763860369609854,0.9303621169916435,True,308,0.4416135881104034,0.8579387186629527
136.9845725249144,54.478597915595316,-82.50597460931908,-21.421617891209408,-28.027376693723784,0.07848027119310555,False,294.6965133622133,294.69651336221347,True,False,0.22972480893100652,9.444628937607183,0.057431202232751485,0.7317915873587958,FLOOR_FULL,1178.7860534488568,4.00000000000001,+y,LAW_16_L32_S890006,"{""PLANNED"": 11, ""SOURCE"": 49, ""SINK"": 260, ""OTHER"": 0}",1.0,0.31392108477242303,L32_S990107,1312,SPLIT,0.5,0.22972480893100652,67.6991002247683,0.06341551409775419,0.552538076668764,84.54147395119891,0.28687639696397904,LAW_16,1.1368683772161603e-13,6.328271240363392e-15,False,320,0,0,320,False,92.5114491533169,92.5114491533169,{},890006,32,0.31392108477242303,0.2760439761523084,0.44746192333123597,245.24751877728005,0.8322036659994164,318,0.7250673854447439,46.11758804462297,162.1013754236308,0.4384133611691023,0.059748427672955975,0.1069182389937107,0.3678692319277527,8.944263216992265e-05,0.08887961737057831,171.13206486214554,240.12061420449547,210,84,True,345,0.44646464646464645,0.9217391304347826,True,318,0.4384133611691023,1.0,True,299,0.43162393162393164,0.940251572327044,True,284,0.43956043956043955,0.8930817610062893,True,257,0.40492170022371365,0.8081761006289309
379.54947033393927,174.22029984504502,-205.32917048889394,31.215514135914688,-31.10887064384874,0.9223691540788619,False,294.6965133622133,294.69651336221347,False,True,0.2720934036112871,11.186520278055777,0.7753234071434473,0.8405782041982267,PARENT_Q_REPLAY,103.42132923412217,0.3509418148663548,+y,LAW_16_L32_S890006,"{""PLANNED"": 256, ""SOURCE"": 64, ""SINK"": 0, ""OTHER"": 0}",1.0,0.3236979049091802,L32_S990107,,NONE,0.0,0.2720934036112871,80.1849773531038,0.004174434406063592,0.44956495172974253,90.7092038327078,0.307805487068035,LAW_16,1.1368683772161603e-13,8.659739592076221e-15,False,320,0,0,320,False,95.39264395938874,95.39264395938875,{},890006,32,0.32369790490918027,0.2719949752530607,0.5504350482702575,294.80315685427905,1.0003618756491175,369,0.6900269541778976,49.224886498672504,163.71340520142914,0.4859437751004016,0.04878048780487805,0.11653116531165311,0.4012170074670092,0.002876033824470381,0.07213054359670729,206.2639597654081,237.5674709283521,242,88,True,388,0.47093023255813954,0.9510309278350515,True,369,0.4859437751004016,1.0,True,351,0.494824016563147,0.9512195121951219,True,326,0.4673684210526316,0.8834688346883469,True,316,0.4774193548387097,0.8563685636856369
137.89146211183368,55.378491342345065,-82.51297076948856,-21.67834922396794,-27.13447942714348,0.8286243453751739,False,294.6965133622133,294.69651336221347,True,False,0.22589749278621846,9.287277274185874,0.6436893046565125,0.7768167906834442,FLOOR_Q_REPLAY,103.42132923412217,0.3509418148663548,+y,LAW_16_L32_S890006,"{""PLANNED"": 71, ""SOURCE"": 0, ""SINK"": 249, ""OTHER"": 0}",1.0,0.29079893160840875,L32_S990107,1568,SPLIT,0.5,0.22589749278621846,66.57120350136435,0.026031504218224213,0.5469560185881512,81.43793439497597,0.2763450896172635,LAW_16,1.7053025658242404e-13,6.328271240363392e-15,False,320,0,0,320,False,85.69743123445483,85.69743123445483,{},890006,32,0.29079893160840875,0.27074266265198293,0.4530439814118488,245.88368471110175,0.8343623815083433,319,0.7223719676549866,43.632262882985835,164.5471882316762,0.4405010438413361,0.06269592476489028,0.109717868338558,0.3660885763917983,0.0006258278074326995,0.0804909522770259,171.66890457465323,240.07760413680458,211,84,True,346,0.4484848484848485,0.9219653179190751,True,319,0.4405010438413361,1.0,True,299,0.42857142857142855,0.9373040752351097,True,284,0.43640350877192985,0.890282131661442,True,258,0.40401785714285715,0.8087774294670846
337.5625526264601,145.4233263924233,-192.13922623403667,30.696391518028854,-46.71589984161339,0.9766175028604187,False,294.6965133622133,294.69651336221347,False,True,0.29036147524732847,11.937571759221031,0.8273778243208364,0.8471871760413123,PARENT_LOW_CONSTANT,103.42132923412149,0.35094181486635245,+y,LAW_16_L32_S890006,"{""PLANNED"": 253, ""SOURCE"": 67, ""SINK"": 0, ""OTHER"": 0}",1.0,0.3427359188840805,L32_S990107,,NONE,0.0,0.29036147524732847,85.56851437009635,0.014853250222104143,0.5074525364166362,90.55002832370982,0.3072653533990549,LAW_16,1.1368683772161603e-13,8.881784197001252e-15,False,320,0,0,320,False,101.00308029913295,101.00308029913295,{},890006,32,0.3427359188840805,0.3070526553069399,0.4925474635833637,278.67700503862847,0.9456406587888764,339,0.738544474393531,55.25148667985495,156.72579909732394,0.44308943089430897,0.04424778761061947,0.06784660766961652,0.42786297836597414,0.00045335262381623886,0.13184788217163673,192.8757251965704,236.70066914505077,218,84,True,363,0.4448818897637795,0.9338842975206612,True,339,0.44308943089430897,1.0,True,324,0.45397489539748953,0.9557522123893806,True,316,0.4585987261146497,0.9321533923303835,True,298,0.44805194805194803,0.8790560471976401
10.80065879724758,10.35065666386374,-0.45000213338383954,-15.411857375116112,9.900654530479903,0.0,False,297.61912200732445,297.6191220073245,False,True,0.0,0.0,,,SHAM,0.0,0.0,-y,LAW_16_L32_S890007,"{""PLANNED"": 0, ""SOURCE"": 0, ""SINK"": 0, ""OTHER"": 0}",1.0,0.0,L32_S990108,,NONE,0.0,0.0,0.0,0.0,0.19257190016018555,0.0,0.0,LAW_16,0.0,3.552713678800501e-15,False,0,0,0,0,False,0.0,0.0,{},890007,32,0.0,0.0,0.8074280998398145,292.1079191626882,0.9814823630704055,397,0.064,0.0,234.20183794951498,0.9396984924623115,0.060453400503778336,0.10831234256926953,0.3396992893549992,0.0019327904162370069,0.0894098160224826,281.0487336164533,281.4871582469957,374,90,True,425,0.8823529411764706,0.9341176470588235,True,397,0.9396984924623115,1.0,True,373,0.9736147757255936,0.9395465994962217,True,354,0.944,0.8916876574307305,True,334,0.8906666666666667,0.8413098236775819
400.79468797505,176.97835910735836,-223.81632886769165,43.78630819060563,-46.83796976033331,0.12030399611845294,False,297.61912200732445,297.6191220073245,False,True,0.3516536979011164,14.600846096534486,0.0879134244752788,0.7307606339918923,PARENT_FULL,1190.476488029302,4.000000000000013,-y,LAW_16_L32_S890007,"{""PLANNED"": 12, ""SOURCE"": 308, ""SINK"": 0, ""OTHER"": 0}",1.0,0.4812159844738133,L32_S990108,,NONE,0.0,0.3516536979011164,104.65886481995919,0.10253303718501951,0.5229866753323145,121.35830496317098,0.4077638027578897,LAW_16,2.2737367544323206e-13,9.43689570931383e-15,False,320,0,0,320,False,143.21907879498661,143.21907879498661,{},890007,32,0.4812159844738133,0.35529676178245395,0.4770133246676855,294.5674604375966,0.9897464196885414,358,0.776,70.45820593180197,142.5272753614268,0.431640625,0.036312849162011177,0.07262569832402235,0.43418579909030325,0.003483782897382104,0.12238154600809675,196.89295148318445,231.21881112981552,221,90,True,373,0.4247619047619048,0.9597855227882037,True,358,0.431640625,1.0,True,345,0.44,0.9636871508379888,True,332,0.4487704918032787,0.9273743016759777,True,312,0.4463157894736842,0.8715083798882681
128.16266737179794,50.878595945470884,-77.284071426327,-22.545365432945086,-26.40547548085612,0.0703483586903176,False,297.61912200732445,297.6191220073245,True,False,0.210761589307296,8.750931802804931,0.052690397326823825,0.7489925608467092,FLOOR_FULL,1190.476488029302,4.000000000000013,-y,LAW_16_L32_S890007,"{""PLANNED"": 12, ""SOURCE"": 19, ""SINK"": 289, ""OTHER"": 0}",1.0,0.2813934347612713,L32_S990108,896,SPLIT,0.5,0.210761589307296,62.72667916250575,0.04338862884144269,0.5219338903185247,78.3861494717737,0.2633773963953989,LAW_16,1.7053025658242404e-13,6.772360450213455e-15,False,320,0,0,320,False,83.74806699227491,83.74806699227491,{},890007,32,0.2813934347612713,0.2522504232814257,0.4780661096814753,248.6682810935231,0.8355252156392131,327,0.6666666666666666,43.02285275515507,169.51950268221933,0.47478991596638653,0.07033639143730887,0.1345565749235474,0.36019552632133883,0.0005087513222799545,0.06504730936087927,181.501355926253,245.36602170109617,226,86,True,422,0.643298969072165,0.7748815165876777,True,327,0.47478991596638653,1.0,True,304,0.46021505376344085,0.9296636085626911,True,283,0.4720357941834452,0.8654434250764526,True,260,0.43340857787810383,0.7951070336391437
371.4185965211403,172.41260461544854,-199.00599190569173,25.34893515283769,-26.593387290243317,0.9673002865131242,False,297.61912200732445,297.6191220073245,False,True,0.24556873514642696,10.196142766005693,0.7965979479153669,0.8235270463807092,PARENT_Q_REPLAY,91.74760183350823,0.30827186510969645,-y,LAW_16_L32_S890007,"{""PLANNED"": 295, ""SOURCE"": 25, ""SINK"": 0, ""OTHER"": 0}",1.0,0.2981914634445445,L32_S990108,,NONE,0.0,0.24556873514642696,73.0859513467288,0.003307737881196815,0.41997782070713696,85.38933300374447,0.28690808718145133,LAW_16,1.7053025658242404e-13,7.993605777301127e-15,False,320,0,0,320,False,88.74748154044454,88.74748154044455,{},890007,32,0.29819146344454456,0.24659985746692467,0.580022179292863,296.3746698699187,0.9958186418634244,376,0.632,46.60767113874615,170.43577275756945,0.520242914979757,0.06382978723404255,0.1276595744680851,0.39062230294634864,0.0006934543762992518,0.06247066032911103,216.39563367004112,243.78871000331372,257,88,True,389,0.5098814229249012,0.9665809768637532,True,376,0.520242914979757,1.0,True,352,0.5209205020920502,0.9361702127659575,True,328,0.5085836909871244,0.8723404255319149,True,313,0.5221238938053098,0.8324468085106383
128.2370776336095,50.87795632551224,-77.35912130809717,-22.906089301825244,-26.481164982584932,0.876259194969492,False,297.61912200732445,297.6191220073245,True,False,0.20749621620431102,8.615351797791439,0.6730948869773599,0.7681458760621558,FLOOR_Q_REPLAY,91.74760183350823,0.30827186510969645,-y,LAW_16_L32_S890007,"{""PLANNED"": 39, ""SOURCE"": 0, ""SINK"": 281, ""OTHER"": 0}",1.0,0.27012605635276643,L32_S990108,1088,SPLIT,0.5,0.20749621620431102,61.75484168656902,0.027438936061521514,0.5196416658133827,76.54327069826643,0.25718532526408927,LAW_16,1.1368683772161603e-13,6.217248937900877e-15,False,320,0,0,320,False,80.39467972301141,80.39467972301141,{},890007,32,0.27012605635276643,0.24877886249279682,0.4803583341866173,248.23186772291427,0.8340588670804734,326,0.6693333333333333,41.47526754581348,171.018330264644,0.4726890756302521,0.0705521472392638,0.13190184049079753,0.3607336769708624,0.0012897477314269823,0.06847491395174438,181.02751204735043,245.3348432329163,225,86,True,423,0.6453608247422681,0.7706855791962175,True,326,0.4726890756302521,1.0,True,303,0.46120689655172414,0.9294478527607362,True,283,0.4720357941834452,0.8680981595092024,True,260,0.43340857787810383,0.7975460122699386
342.56732802218505,147.22381783509545,-195.3435101870894,26.263022599894086,-48.11969235199396,1.0,False,297.61912200732445,297.6191220073245,False,True,0.26731847218660937,11.099203262907098,0.8671517009555372,0.8671517009555372,PARENT_LOW_CONSTANT,91.74760183350828,0.3082718651096966,-y,LAW_16_L32_S890007,"{""PLANNED"": 320, ""SOURCE"": 0, ""SINK"": 0, ""OTHER"": 0}",1.0,0.3082718651096966,L32_S990108,,NONE,0.0,0.26731847218660937,79.55908898851808,0.0014316308340941674,0.4949853776293168,83.6363989428789,0.28101823020908107,LAW_16,1.1368683772161603e-13,9.769962616701378e-15,False,320,0,0,320,False,91.74760183350828,91.74760183350828,{},890007,32,0.3082718651096966,0.2885058801075798,0.5050146223706832,275.7624522552248,0.9265616079884752,338,0.7173333333333334,48.84740348046018,165.07137772207525,0.45213849287169044,0.04437869822485207,0.08875739644970414,0.42860200138942844,0.004652679688260497,0.11697761697848058,194.70515669637174,239.81157476483799,222,84,True,361,0.472,0.9362880886426593,True,338,0.45213849287169044,1.0,True,323,0.4602510460251046,0.9556213017751479,True,308,0.4625267665952891,0.9112426035502958,True,295,0.4692982456140351,0.8727810650887574
11.25047338132142,10.800466534550747,-0.4500068467706735,-15.040077157123987,10.350459687780074,0.0,False,292.2414286882403,292.24142868824015,False,True,0.0,0.0,,,SHAM,0.0,0.0,+x,LAW_16_L32_S890008,"{""PLANNED"": 0, ""SOURCE"": 0, ""SINK"": 0, ""OTHER"": 0}",1.0,0.0,L32_S990100,,NONE,0.0,0.0,0.0,0.0,0.19474458182868815,0.0,0.0,LAW_16,0.0,4.218847493575595e-15,False,0,0,0,0,False,0.0,0.0,{},890008,32,0.0,0.0,0.8052554181713119,287.5518112188964,0.9839529340846926,393,0.062162162162162166,0.0,229.27837796004997,0.9414758269720102,0.061068702290076333,0.10687022900763359,0.33229517002365344,0.0014880364877663532,0.08822331796206245,276.72734251642527,276.72734251642527,370,90,True,419,0.883054892601432,0.9379474940334129,True,393,0.9414758269720102,1.0,True,369,0.9865591397849462,0.9389312977099237,True,351,0.9486486486486486,0.8931297709923665,True,327,0.8837837837837837,0.8320610687022901
374.0287345569069,165.2426996642357,-208.786034892671,39.591748162960045,-43.54333522843537,0.10633845181893195,False,292.2414286882403,292.24142868824015,False,True,0.34119509633771006,13.910622546756994,0.08529877408442735,0.8021442161831549,PARENT_FULL,1168.9657147529629,4.000000000000008,+x,LAW_16_L32_S890008,"{""PLANNED"": 12, ""SOURCE"": 308, ""SINK"": 0, ""OTHER"": 0}",1.0,0.42535380727572863,L32_S990100,,NONE,0.0,0.34119509633771006,99.71134241515412,0.04303003798200469,0.5190385713155531,112.4016003762286,0.38461898054891236,LAW_16,1.1368683772161603e-13,9.103828801926284e-15,False,320,0,0,320,False,124.30600433624129,124.30600433624132,{},890008,32,0.4253538072757287,0.3458718554004033,0.4809614286844469,288.2898416227649,0.9864783474293416,350,0.7621621621621621,66.12876866619882,144.41486644562008,0.437125748502994,0.02857142857142857,0.06857142857142857,0.43068293881858183,0.0005151279327057501,0.12820280394098332,194.41657656563518,229.41926499941331,219,84,True,368,0.4330097087378641,0.9510869565217391,True,350,0.437125748502994,1.0,True,340,0.44016227180527384,0.9714285714285714,True,326,0.45,0.9314285714285714,True,305,0.44539614561027835,0.8714285714285714
135.10076427477725,52.675932199190996,-82.42483207558625,-21.54346003099926,-29.748899876395253,0.07769436283796229,False,292.2414286882403,292.24142868824015,True,False,0.22759840157117267,9.279252517064634,0.05689960039279306,0.7323517217260879,FLOOR_FULL,1168.9657147529629,4.000000000000008,+x,LAW_16_L32_S890008,"{""PLANNED"": 12, ""SOURCE"": 44, ""SINK"": 264, ""OTHER"": 0}",1.0,0.31077745135184975,L32_S990100,1264,SPLIT,0.5,0.22759840157117267,66.5136820423193,0.06089526565854624,0.5522342787178428,83.31824239678487,0.2851007222718851,LAW_16,1.7053025658242404e-13,6.106226635438361e-15,False,320,0,0,320,False,90.82204638715461,90.82204638715461,{},890008,32,0.31077745135184975,0.2760487200837308,0.4477657212821572,240.94906878084578,0.8244863497361543,313,0.7054054054054054,46.24578559696672,161.13197873388702,0.4470338983050847,0.06070287539936102,0.10543130990415335,0.3631493344857029,0.0004583669591509132,0.09494688574440507,171.11975012314747,238.32899432350635,211,82,True,342,0.45010183299389,0.9152046783625731,True,313,0.4470338983050847,1.0,True,294,0.43103448275862066,0.939297124600639,True,280,0.44124168514412415,0.8945686900958466,True,254,0.40857787810383744,0.8115015974440895
350.01206214333297,159.81047393964,-190.20158820369303,26.03007171326451,-30.39111426405289,0.9561359511627633,False,292.2414286882403,292.24142868824015,False,True,0.24022765913130206,9.794150992600903,0.788304374414573,0.8244689193580796,PARENT_Q_REPLAY,89.05757292936498,0.30473972608575833,+x,LAW_16_L32_S890008,"{""PLANNED"": 288, ""SOURCE"": 32, ""SINK"": 0, ""OTHER"": 0}",1.0,0.2913726078580865,L32_S990100,,NONE,0.0,0.24022765913130206,70.20447431496328,0.002502778895731136,0.4244887205185979,81.92648401418685,0.280338364009249,LAW_16,1.1368683772161603e-13,9.2148511043888e-15,False,320,0,0,320,False,85.15114720106554,85.15114720106554,{},890008,32,0.2913726078580865,0.2438668200251869,0.5755112794814021,287.88038613745186,0.9850772610496625,361,0.6189189189189189,45.79199639792351,168.43333997778993,0.5229166666666667,0.04709141274238227,0.09141274238227147,0.39885567578902453,0.012119298131278045,0.10627840619309487,212.18085052608438,240.93243682973795,251,84,True,385,0.5130260521042084,0.9376623376623376,True,361,0.5229166666666667,1.0,True,344,0.5095137420718816,0.9529085872576177,True,328,0.5075593952483801,0.9085872576177285,True,311,0.5200892857142857,0.8614958448753463
133.348948026556,52.67624949949947,-80.67269852705655,-21.806114156327656,-27.99644902755707,0.9990722777930394,False,292.2414286882403,292.24142868824015,True,False,0.22643828815309652,9.231954358200381,0.7430547079030102,0.7437446963741458,FLOOR_Q_REPLAY,89.05757292936498,0.30473972608575833,+x,LAW_16_L32_S890008,"{""PLANNED"": 314, ""SOURCE"": 0, ""SINK"": 6, ""OTHER"": 0}",1.0,0.3044570122745255,L32_S990100,1584,SPLIT,0.5,0.22643828815309652,66.17464883958033,0.053017963898926324,0.5469329783054477,82.366030946339,0.2818424181542246,LAW_16,1.1368683772161603e-13,1.0325074129013956e-14,False,320,0,0,320,False,88.9749522412604,88.97495224126037,{},890008,32,0.3044570122745254,0.2729539618242087,0.4530670216945522,242.4388655043555,0.8295841783711869,316,0.6972972972972973,45.753113880555944,161.7235367993012,0.4533898305084746,0.06329113924050633,0.11392405063291139,0.3619810086850795,5.522972393257053e-05,0.08115877211599015,172.78107750835017,238.5862726182357,214,82,True,343,0.45807770961145194,0.9212827988338192,True,316,0.4533898305084746,1.0,True,296,0.4353448275862069,0.9367088607594937,True,280,0.4444444444444444,0.8860759493670886,True,256,0.41309255079006774,0.810126582278481
334.5657362337029,142.7263672694632,-191.8393689642398,27.567518275511716,-49.11300169477669,1.0,False,292.2414286882403,292.24142868824015,False,True,0.26304870131123576,10.724571468440525,0.863191368877228,0.863191368877228,PARENT_LOW_CONSTANT,89.05757292936447,0.30473972608575656,+x,LAW_16_L32_S890008,"{""PLANNED"": 320, ""SOURCE"": 0, ""SINK"": 0, ""OTHER"": 0}",1.0,0.30473972608575656,L32_S990100,,NONE,0.0,0.26304870131123576,76.87372828578168,0.003931741335449913,0.4925063118697064,80.62388728073236,0.2758811016036368,LAW_16,1.1368683772161603e-13,7.549516567451064e-15,False,320,0,0,320,False,89.05757292936447,89.05757292936447,{},890008,32,0.30473972608575656,0.28398551817758677,0.5074936881302936,270.6959452689755,0.9262750544439435,331,0.7,47.93845406848969,163.07218420435964,0.46041666666666664,0.03927492447129909,0.06646525679758308,0.41623419108548537,0.008460053168378723,0.12224317029062509,192.66121218407244,236.5410150735698,221,80,True,353,0.4576612903225806,0.9376770538243626,True,331,0.46041666666666664,1.0,True,318,0.4576271186440678,0.9607250755287009,True,309,0.46021505376344085,0.9335347432024169,True,285,0.44273127753303965,0.8610271903323263
7.200041865355634,5.400040173777484,-1.8000016915781503,-53.283511350752605,3.6000384821993334,0.0,False,162.97918175870313,162.9791817587032,False,True,0.0,0.0,,,SHAM,0.0,0.0,+x,LAW_29_L24_S890000,"{""PLANNED"": 0, ""SOURCE"": 0, ""SINK"": 0, ""OTHER"": 0}",1.0,0.0,L24_S990001,,NONE,0.0,0.0,0.0,0.0,0.49589321733686464,0.0,0.0,LAW_29,0.0,2.4424906541753444e-15,False,0,0,0,0,False,0.0,0.0,{},890000,24,0.0,0.0,0.5041067826631354,113.29570889014991,0.6951544833369483,227,0.0639269406392694,0.0,79.8339436968565,0.9391304347826087,0.5418502202643172,0.8942731277533039,0.045283957680821274,0.00012364301632450392,0.004484250797653744,108.3048507696739,109.64688692675865,216,72,False,0,0.0,0.0,True,227,0.9391304347826087,1.0,True,104,0.4748858447488584,0.4581497797356828,True,24,0.1095890410958904,0.10572687224669604,False,0,0.0,0.0
159.21516606214752,69.35743629171493,-89.8577297704325,-7.236833736416818,-20.50029347871758,0.11618350727206324,True,162.97918175870313,162.9791817587032,False,False,0.0,0.0,0.0,0.0,PARENT_FULL,651.9167270348079,3.99999999999997,+x,LAW_29_L24_S890000,"{""PLANNED"": 19, ""SOURCE"": 17, ""SINK"": 28, ""OTHER"": 0}",1.0,0.4647340290882495,L24_S990001,2800,TRACK_LOST_OR_DISSOLVED,0.0,0.0,0.0,0.08808151097810446,1.0,66.13940476432684,0.4058150498156796,LAW_29,8.526512829121202e-14,4.107825191113079e-15,False,64,4628,256,320,False,75.74197179622827,75.74197179622827,"{""NO_SINK_CAPACITY"": 94, ""NO_TRACK"": 162}",890000,24,0.4647340290882495,,,,,,,,,,,,,,,,,,,,,,,,,,,,,,,,,,,,,,
72.47821825940413,35.57517987352004,-36.90303838588407,-53.54388961537516,-1.327858512364029,0.05778327807714626,False,162.97918175870313,162.9791817587032,False,True,0.12260654522448285,2.787711274964795,0.03065163630612094,0.530458591587657,FLOOR_FULL,651.9167270348079,3.99999999999997,+x,LAW_29_L24_S890000,"{""PLANNED"": 12, ""SOURCE"": 0, ""SINK"": 308, ""OTHER"": 0}",1.0,0.23113311230858333,L24_S990001,,NONE,0.5,0.12260654522448285,19.982314418947652,0.003901981500512628,0.6464586005484374,37.01451045672589,0.22711189280313887,LAW_29,8.526512829121202e-14,2.7755575615628914e-15,False,320,0,0,320,False,37.66988552139536,37.66988552139536,{},890000,24,0.23113311230858333,0.1848375615608391,0.35354139945156265,108.10743363096408,0.6633205079592387,216,0.7168949771689498,14.723678541024837,61.23448251078402,0.46959459459459457,0.5370370370370371,0.8888888888888888,0.04654907795209923,0.0004607431062023104,0.008731328103311897,70.83961083480985,104.82349651805225,139,68,False,0,0.0,0.0,True,216,0.46959459459459457,1.0,True,100,0.3403361344537815,0.46296296296296297,True,24,0.1095890410958904,0.1111111111111111,False,0,0.0,0.0
353.5381461140891,173.756321687635,-179.7818244264541,-37.336203812536176,-6.025502738819181,0.9855017967772871,True,162.97918175870313,162.9791817587032,False,False,0.0,0.0,0.0,0.0,PARENT_Q_REPLAY,53.85696823822472,0.3304530533105878,+x,LAW_29_L24_S890000,"{""PLANNED"": 290, ""SOURCE"": 0, ""SINK"": 0, ""OTHER"": 0}",1.0,0.32566207778812484,L24_S990001,6976,TRACK_LOST_OR_DISSOLVED,0.0,0.0,0.0,0.0062020858985719325,1.0,50.54156627347178,0.31011056582858826,LAW_29,8.526512829121202e-14,4.551914400963142e-15,False,290,449,30,320,False,53.07613896774774,53.07613896774773,"{""NO_SINK_CAPACITY"": 30}",890000,24,0.32566207778812484,,,,,,,,,,,,,,,,,,,,,,,,,,,,,,,,,,,,,,
72.475947585793,35.57287069250526,-36.903076893287725,-53.54115481434968,-1.3302062007824502,0.6987153543200952,False,162.97918175870313,162.9791817587032,False,True,0.12250570986233891,2.7854185761904424,0.370720465842383,0.5305743798962641,FLOOR_Q_REPLAY,53.85696823822472,0.3304530533105878,+x,LAW_29_L24_S890000,"{""PLANNED"": 13, ""SOURCE"": 0, ""SINK"": 307, ""OTHER"": 0}",1.0,0.23089262223006463,L24_S990001,,NONE,0.5,0.12250570986233891,19.96588035413309,0.0038177568824100594,0.6463549766402625,36.980905386737035,0.22690570039484342,LAW_29,8.526512829121202e-14,2.9976021664879227e-15,False,320,0,0,320,False,37.630690645177296,37.63069064517728,{},890000,24,0.23089262223006454,0.18468488419067916,0.35364502335973746,108.10782074357088,0.6633228831865691,216,0.7168949771689498,14.700578386928958,61.25538148300448,0.46959459459459457,0.5370370370370371,0.8888888888888888,0.04653838975904118,0.0003913919144465927,0.008715297716760106,70.83883446605861,104.82150254879387,139,68,False,0,0.0,0.0,True,216,0.46959459459459457,1.0,True,100,0.3403361344537815,0.46296296296296297,True,24,0.1095890410958904,0.1111111111111111,False,0,0.0,0.0
232.59222998102396,109.38897636111467,-123.20325361990919,-43.785041808091364,-13.814277258794565,0.6531250000000033,False,162.97918175870313,162.9791817587032,False,True,0.13789361140030826,3.135294078651622,0.41728654045966607,0.6389076217564232,PARENT_LOW_CONSTANT,53.85696823822452,0.33045305331058655,+x,LAW_29_L24_S890000,"{""PLANNED"": 209, ""SOURCE"": 0, ""SINK"": 0, ""OTHER"": 0}",1.0,0.21582715044347794,L24_S990001,,NONE,0.0,0.13789361140030826,22.473787955774828,0.00126751270797004,0.6661198073583023,31.399398138539524,0.19265895066909536,LAW_29,8.526512829121202e-14,2.6645352591003757e-15,False,209,0,111,320,False,35.17533238059057,35.17533238059057,"{""NO_SINK_CAPACITY"": 111}",890000,24,0.21582715044347794,0.21326454012849944,0.33388019264169766,105.37986269181728,0.6465848064437832,203,0.8858447488584474,13.373068446975779,63.4068930705927,0.37012987012987014,0.43349753694581283,0.7093596059113301,0.06097936147456878,8.103595546149478e-05,0.010232365266090393,60.56964851869222,103.89208974129798,114,64,False,0,0.0,0.0,True,203,0.37012987012987014,1.0,True,115,0.28957528957528955,0.5665024630541872,True,59,0.18803418803418803,0.29064039408866993,True,14,0.0639269406392694,0.06896551724137931
12.600150308450749,4.500099991722145,-8.100050316728604,-52.578496607515696,-3.5999503250064575,0.0,False,160.93899310343988,160.93899310344,False,True,0.0,0.0,,,SHAM,0.0,0.0,-x,LAW_29_L24_S890001,"{""PLANNED"": 0, ""SOURCE"": 0, ""SINK"": 0, ""OTHER"": 0}",1.0,0.0,L24_S990002,,NONE,0.0,0.0,0.0,0.0,0.5264089972664387,0.0,0.0,LAW_29,0.0,2.4424906541753444e-15,False,0,0,0,0,False,0.0,0.0,{},890001,24,0.0,0.0,0.47359100273356125,104.7605461709178,0.6509332769565997,210,0.05504587155963303,0.0,78.47325230893573,0.9454545454545454,0.5523809523809524,0.919047619047619,0.046066666617570196,0.00017796189417390584,0.006840447399039884,103.85767259699583,108.29665831274913,208,68,False,0,0.0,0.0,True,210,0.9454545454545454,1.0,True,94,0.43119266055045874,0.44761904761904764,True,17,0.0779816513761468,0.08095238095238096,False,0,0.0,0.0
154.62262439776745,68.00655086009981,-86.61607353766776,-7.400630988387437,-18.609522677568002,0.11631652131288761,True,160.93899310343988,160.93899310344,False,False,0.0,0.0,0.0,0.0,PARENT_FULL,643.7559724137599,3.999999999999999,-x,LAW_29_L24_S890001,"{""PLANNED"": 21, ""SOURCE"": 14, ""SINK"": 27, ""OTHER"": 0}",1.0,0.4652660852515504,L24_S990002,2816,TRACK_LOST_OR_DISSOLVED,0.0,0.0,0.0,0.07723884305539885,1.0,65.77638973191365,0.40870387258877233,LAW_29,5.684341886080802e-14,4.9960036108132044e-15,False,62,4614,258,320,False,74.8794552855638,74.8794552855638,"{""NO_SINK_CAPACITY"": 97, ""NO_TRACK"": 161}",890001,24,0.4652660852515504,,,,,,,,,,,,,,,,,,,,,,,,,,,,,,,,,,,,,,
73.3716128388842,34.668838145934494,-38.7027746929497,-53.30995894642592,-4.033936547015217,0.0568223035835054,False,160.93899310343988,160.93899310344,False,True,0.11512871942872446,2.584919110232612,0.02878217985718112,0.5065296202728417,FLOOR_FULL,643.7559724137599,3.999999999999999,-x,LAW_29_L24_S890001,"{""PLANNED"": 12, ""SOURCE"": 0, ""SINK"": 308, ""OTHER"": 0}",1.0,0.22728921433402158,L24_S990002,,NONE,0.5,0.11512871942872446,18.528700182147364,0.0033651751550431057,0.6534853707187417,35.93327048610555,0.2232726189793559,LAW_29,8.526512829121202e-14,2.4424906541753444e-15,False,320,0,0,320,False,36.579697298189394,36.579697298189394,{},890001,24,0.22728921433402158,0.1788569209317391,0.3465146292812583,103.59509760999889,0.6436917220142878,209,0.6926605504587156,14.118712152844129,60.37645575091847,0.47750865051903113,0.5741626794258373,0.9425837320574163,0.04044761197478247,0.0003132125315347678,0.004777298532024354,69.69788363560905,103.55827026737428,138,68,False,0,0.0,0.0,True,209,0.47750865051903113,1.0,True,89,0.329004329004329,0.4258373205741627,True,12,0.05504587155963303,0.05741626794258373,False,0,0.0,0.0
350.8341616343295,171.50931457714663,-179.32484705718358,-36.61258979398323,-7.815532480037085,0.9928049584821408,True,160.93899310343988,160.93899310344,False,False,0.0,0.0,0.0,0.0,PARENT_Q_REPLAY,51.28268311014698,0.3186467252046629,-x,LAW_29_L24_S890001,"{""PLANNED"": 305, ""SOURCE"": 0, ""SINK"": 0, ""OTHER"": 0}",1.0,0.3163540487872855,L24_S990002,6864,TRACK_LOST_OR_DISSOLVED,0.0,0.0,0.0,0.007050390556598957,1.0,48.05402986523506,0.29858537659887924,LAW_29,8.526512829121202e-14,4.218847493575595e-15,False,305,575,15,320,False,50.91370207602226,50.91370207602226,"{""NO_SINK_CAPACITY"": 15}",890001,24,0.3163540487872855,,,,,,,,,,,,,,,,,,,,,,,,,,,,,,,,,,,,,,
73.37161283888419,34.668838145934494,-38.7027746929497,-53.30995894642599,-4.033936547015215,0.7132953090543654,False,160.93899310343988,160.93899310344,False,True,0.11512871942872446,2.584919110232612,0.3613052020377071,0.5065296202728418,FLOOR_Q_REPLAY,51.28268311014698,0.3186467252046629,-x,LAW_29_L24_S890001,"{""PLANNED"": 12, ""SOURCE"": 0, ""SINK"": 308, ""OTHER"": 0}",1.0,0.2272892143340215,L24_S990002,,NONE,0.5,0.11512871942872446,18.528700182147364,0.0033651751550431027,0.6534853707187417,35.93327048610556,0.22327261897935602,LAW_29,8.526512829121202e-14,2.6645352591003757e-15,False,320,0,0,320,False,36.57969729818938,36.57969729818938,{},890001,24,0.2272892143340215,0.1788569209317391,0.3465146292812583,103.59509760999887,0.6436917220142877,209,0.6926605504587156,14.118712152844129,60.37645575091847,0.47750865051903113,0.5741626794258373,0.9425837320574163,0.04044761197478253,0.0003132125315347123,0.00477729853202441,69.69788363560905,103.55827026737427,138,68,False,0,0.0,0.0,True,209,0.47750865051903113,1.0,True,89,0.329004329004329,0.4258373205741627,True,12,0.05504587155963303,0.05741626794258373,False,0,0.0,0.0
229.21621172310785,105.78149678200008,-123.43471494110791,-43.42178608291385,-17.653218159107844,0.6625000000000044,False,160.93899310343988,160.93899310344,False,True,0.12824041180259854,2.879308419458805,0.4024532551534364,0.6074766115523528,PARENT_LOW_CONSTANT,51.28268311014675,0.3186467252046615,-x,LAW_29_L24_S890001,"{""PLANNED"": 212, ""SOURCE"": 0, ""SINK"": 0, ""OTHER"": 0}",1.0,0.21110345544808962,L24_S990002,,NONE,0.0,0.12824041180259854,20.63888275068071,0.0013077374234372733,0.6741171414530811,30.045453028045348,0.18668846156340926,LAW_29,8.526512829121202e-14,2.3314683517128287e-15,False,212,0,108,320,False,33.97477756047245,33.97477756047245,"{""NO_SINK_CAPACITY"": 108}",890001,24,0.21110345544808962,0.20666992162030912,0.32588285854691895,99.86398886141815,0.6205083487581705,194,0.8532110091743119,12.720991749202977,62.66670662014651,0.3779264214046823,0.4381443298969072,0.7474226804123711,0.05769357521058155,9.626007770063838e-05,0.010442724815917959,59.44079375376549,102.67687105072406,113,66,False,0,0.0,0.0,True,194,0.3779264214046823,1.0,True,109,0.2874015748031496,0.5618556701030928,True,49,0.1762114537444934,0.25257731958762886,True,4,0.01834862385321101,0.020618556701030927
13.950123976713966,5.400085444929441,-8.550038531784526,-52.91866748683755,-3.149953086855084,0.0,False,157.59857416821706,157.59857416821703,False,True,0.0,0.0,,,SHAM,0.0,0.0,+y,LAW_29_L24_S890002,"{""PLANNED"": 0, ""SOURCE"": 0, ""SINK"": 0, ""OTHER"": 0}",1.0,0.0,L24_S990003,,NONE,0.0,0.0,0.0,0.0,0.5352180205149666,0.0,0.0,LAW_29,0.0,2.55351295663786e-15,False,0,0,0,0,False,0.0,0.0,{},890002,24,0.0,0.0,0.4647819794850334,101.52995359452447,0.6442314223360535,204,0.07109004739336493,0.0,75.18886762017578,0.9302325581395349,0.5588235294117647,0.9313725490196079,0.04682667776371002,0.00022911155826682572,0.0064680007649723925,99.72737763396208,104.61785907930607,200,70,False,0,0.0,0.0,True,204,0.9302325581395349,1.0,True,90,0.4265402843601896,0.4411764705882353,True,14,0.06635071090047394,0.06862745098039216,False,0,0.0,0.0
177.2663210803476,79.713756182813,-97.5525648975345,-12.012858201537258,-17.838808714721452,0.1305383196720718,True,157.59857416821706,157.59857416821703,False,False,0.0,0.0,0.0,0.0,PARENT_FULL,630.3942966728686,4.000000000000003,+y,LAW_29_L24_S890002,"{""PLANNED"": 20, ""SOURCE"": 27, ""SINK"": 29, ""OTHER"": 0}",1.0,0.5221532786882875,L24_S990003,3376,TRACK_LOST_OR_DISSOLVED,0.0,0.0,0.0,0.11239585536056626,1.0,69.49046442472417,0.4409333319891059,LAW_29,5.684341886080802e-14,3.9968028886505635e-15,False,76,4050,244,320,False,82.29061221853378,82.29061221853378,"{""NO_SINK_CAPACITY"": 118, ""NO_TRACK"": 126}",890002,24,0.5221532786882875,,,,,,,,,,,,,,,,,,,,,,,,,,,,,,,,,,,,,,
72.47995824426422,32.8760523777749,-39.60390586648927,-53.28913495385252,-6.727853488714389,0.06328252736587603,False,157.59857416821706,157.59857416821703,False,True,0.1265686940532325,2.7827909761610954,0.03164217351330811,0.5000143772761292,FLOOR_FULL,630.3942966728686,4.000000000000003,+y,LAW_29_L24_S890002,"{""PLANNED"": 13, ""SOURCE"": 0, ""SINK"": 307, ""OTHER"": 0}",1.0,0.2531301094635043,L24_S990003,,NONE,0.5,0.1265686940532325,19.947045717122734,0.00713558251919069,0.6845896879223343,39.00008152988338,0.24746468510721173,LAW_29,8.526512829121202e-14,3.552713678800501e-15,False,320,0,0,320,False,39.89294433049297,39.89294433049297,{},890002,24,0.2531301094635043,0.2044140353816726,0.31541031207766573,97.58158572564999,0.6191781000600531,196,0.7251184834123223,15.385038068496264,55.90337272343678,0.45357142857142857,0.5510204081632653,0.9183673469387755,0.04256523110640481,0.00018332340254423318,0.006892475625220995,64.29980692034206,99.79776524231603,127,66,False,0,0.0,0.0,True,196,0.45357142857142857,1.0,True,88,0.3056768558951965,0.4489795918367347,True,16,0.07582938388625593,0.08163265306122448,False,0,0.0,0.0
353.69397775038186,170.16739306066745,-183.52658468971407,-39.61444634888757,-13.359191629046645,1.0,False,157.59857416821706,157.59857416821703,False,True,0.16440513191367456,3.6146783448008852,0.5370212988140434,0.5370212988140434,PARENT_Q_REPLAY,48.24764759377768,0.3061426656200536,+y,LAW_29_L24_S890002,"{""PLANNED"": 320, ""SOURCE"": 0, ""SINK"": 0, ""OTHER"": 0}",1.0,0.3061426656200536,L24_S990003,,NONE,0.0,0.16440513191367456,25.910014375532747,0.006619120004914644,0.6843072479549577,45.55474353811236,0.28905555636238367,LAW_29,8.526512829121202e-14,4.218847493575595e-15,False,320,0,0,320,False,48.24764759377768,48.24764759377768,{},890002,24,0.3061426656200536,0.24764664447115967,0.3156927520450424,104.62493619028287,0.6638698144477415,204,0.8578199052132701,18.15498319925626,54.261019966142754,0.3926174496644295,0.46078431372549017,0.7450980392156863,0.0567573826859456,0.00035974553437223555,0.008182766541452557,61.69406850030034,99.59825556148168,117,70,False,0,0.0,0.0,True,204,0.3926174496644295,1.0,True,110,0.32644628099173556,0.5392156862745098,True,52,0.2009132420091324,0.2549019607843137,True,4,0.018957345971563982,0.0196078431372549
72.93146233378168,32.87753468660053,-40.05392764718113,-53.29749551180112,-7.176392960580607,0.8228513609830463,False,157.59857416821706,157.59857416821703,False,True,0.12568208598543143,2.7632976492454304,0.41053436877502236,0.4989168010666763,FLOOR_Q_REPLAY,48.24764759377768,0.3061426656200536,+y,LAW_29_L24_S890002,"{""PLANNED"": 16, ""SOURCE"": 0, ""SINK"": 304, ""OTHER"": 0}",1.0,0.25190990906043875,L24_S990003,,NONE,0.5,0.12568208598543143,19.807317549791243,0.006687802298537482,0.6856353299479305,38.83604999261445,0.24642386644413267,LAW_29,1.1368683772161603e-13,2.7755575615628914e-15,False,320,0,0,320,False,39.70064248677036,39.70064248677038,{},890002,24,0.25190990906043886,0.203937005385239,0.3143646700520695,97.12468569583547,0.6162789619667932,195,0.7298578199052133,15.26970789111015,56.00306140360963,0.45,0.5487179487179488,0.9179487179487179,0.042488940847651424,0.0006065954373122295,0.007200752739070115,63.84091291950337,99.7855108496203,126,66,False,0,0.0,0.0,True,195,0.45,1.0,True,88,0.3056768558951965,0.4512820512820513,True,16,0.07582938388625593,0.08205128205128205,False,0,0.0,0.0
235.201542994756,109.38942010725164,-125.81212288750459,-43.538836970016504,-16.422702780252926,0.7093749999999998,False,157.59857416821706,157.59857416821703,False,True,0.13560513693908904,2.9814698983658277,0.4429475279586968,0.624419422673053,PARENT_LOW_CONSTANT,48.24764759377782,0.3061426656200545,+y,LAW_29_L24_S890002,"{""PLANNED"": 227, ""SOURCE"": 0, ""SINK"": 0, ""OTHER"": 0}",1.0,0.21716995342422607,L24_S990003,,NONE,0.0,0.13560513693908904,21.37117623148625,0.001572547950204845,0.6840714674771193,30.136686556559074,0.1912243604716365,LAW_29,1.1368683772161603e-13,2.6645352591003757e-15,False,227,0,93,320,False,34.22567501183613,34.22567501183613,"{""NO_SINK_CAPACITY"": 93}",890002,24,0.21716995342422607,0.21888391386412118,0.3159285325228806,97.63703441794748,0.6195299350470772,189,0.8530805687203792,12.938567376396385,59.51327805079284,0.3793103448275862,0.43386243386243384,0.7195767195767195,0.05469048726229325,3.800260939901268e-05,0.007761135442940825,57.84077552398485,99.22037777502307,110,64,False,0,0.0,0.0,True,189,0.3793103448275862,1.0,True,107,0.28225806451612906,0.5661375661375662,True,53,0.17333333333333334,0.2804232804232804,True,8,0.037914691943127965,0.042328042328042326
11.700201117731975,5.400177472114961,-6.3000236456170144,-51.85247107045101,-0.8998461735020538,0.0,False,159.73227483013085,159.73227483013085,False,True,0.0,0.0,,,SHAM,0.0,0.0,-y,LAW_29_L24_S890003,"{""PLANNED"": 0, ""SOURCE"": 0, ""SINK"": 0, ""OTHER"": 0}",1.0,0.0,L24_S990004,,NONE,0.0,0.0,0.0,0.0,0.5175632765234867,0.0,0.0,LAW_29,0.0,2.4424906541753444e-15,False,0,0,0,0,False,0.0,0.0,{},890003,24,0.0,0.0,0.48243672347651334,106.97995758617759,0.6697454080582442,215,0.07373271889400922,0.0,77.59912894852097,0.9285714285714286,0.5627906976744186,0.9255813953488372,0.04274254108720238,2.881661704312588e-06,0.0067863451639071926,103.81342551794833,107.83013388288471,208,70,False,0,0.0,0.0,True,215,0.9285714285714286,1.0,True,94,0.43317972350230416,0.4372093023255814,True,16,0.07373271889400922,0.07441860465116279,False,0,0.0,0.0
179.65937359606295,79.27213351371178,-100.38724008235116,-5.171309635180274,-21.115106568639384,0.131118034479697,True,159.73227483013085,159.73227483013085,False,False,0.0,0.0,0.0,0.0,PARENT_FULL,638.9290993205216,3.9999999999999885,-y,LAW_29_L24_S890003,"{""PLANNED"": 19, ""SOURCE"": 30, ""SINK"": 30, ""OTHER"": 0}",1.0,0.5244721379187866,L24_S990004,2896,TRACK_LOST_OR_DISSOLVED,0.0,0.0,0.0,0.11941842484761618,1.0,70.02740799282742,0.43840487507799464,LAW_29,5.684341886080802e-14,4.551914400963142e-15,False,79,4538,241,320,False,83.7751276747899,83.7751276747899,"{""NO_SINK_CAPACITY"": 85, ""NO_TRACK"": 156}",890003,24,0.5244721379187866,,,,,,,,,,,,,,,,,,,,,,,,,,,,,,,,,,,,,,
80.12510773203584,37.371769112631476,-42.75333861940444,-52.10487015440025,-5.381569506772943,0.06160538958706233,False,159.73227483013085,159.73227483013085,False,True,0.12771101972782947,2.845922391462321,0.03192775493195746,0.5182623654515865,FLOOR_FULL,638.9290993205216,3.9999999999999885,-y,LAW_29_L24_S890003,"{""PLANNED"": 13, ""SOURCE"": 0, ""SINK"": 307, ""OTHER"": 0}",1.0,0.24642155834824864,L24_S990004,,NONE,0.5,0.12771101972782947,20.39957170200192,0.00749484917890052,0.6712346993990082,38.448083407762596,0.2407032858490913,LAW_29,8.526512829121202e-14,3.219646771412954e-15,False,320,0,0,320,False,39.361476082151576,39.361476082151576,{},890003,24,0.24642155834824864,0.19951494032292225,0.3287653006009919,102.24583516895761,0.6401075504477235,205,0.7373271889400922,15.511719029661643,58.183293714779396,0.45017182130584193,0.5707317073170731,0.9121951219512195,0.04531085148177855,2.6581313794682426e-05,0.007870062072815653,66.43271550288551,102.9980251596495,131,66,False,0,0.0,0.0,True,205,0.45017182130584193,1.0,True,88,0.2923728813559322,0.4292682926829268,True,18,0.08294930875576037,0.08780487804878048,False,0,0.0,0.0
348.8875949190291,167.91199771834908,-180.97559720068017,-39.36680301008507,-13.06359948233111,1.0,False,159.73227483013085,159.73227483013085,False,True,0.14710525301012567,3.2781050087568815,0.5453747911803714,0.5453747911803714,PARENT_Q_REPLAY,43.08497034106227,0.26973240309061824,-y,LAW_29_L24_S890003,"{""PLANNED"": 320, ""SOURCE"": 0, ""SINK"": 0, ""OTHER"": 0}",1.0,0.26973240309061824,L24_S990004,,NONE,0.0,0.14710525301012567,23.497456702769327,0.0052059980265055485,0.661544159850334,40.519984313900295,0.2536743707994627,LAW_29,8.526512829121202e-14,3.774758283725532e-15,False,320,0,0,320,False,43.08497034106227,43.08497034106227,{},890003,24,0.26973240309061824,0.21898459170232357,0.338455840149666,107.30187233771481,0.6717607474871703,209,0.8294930875576036,16.824015465197434,58.61604876926395,0.40594059405940597,0.45454545454545453,0.7607655502392344,0.05499202197245606,0.0003086250311131744,0.00936730597346791,65.08882262029682,103.57236564861857,123,70,False,0,0.0,0.0,True,209,0.40594059405940597,1.0,True,114,0.3346774193548387,0.5454545454545454,True,50,0.20270270270270271,0.23923444976076555,True,3,0.013824884792626729,0.014354066985645933
80.57520438621842,37.37186308794302,-43.2033412982754,-52.11082464741254,-5.831478210332388,0.912655496242083,False,159.73227483013085,159.73227483013085,False,True,0.12702580028102953,2.830652907506518,0.47093266817614954,0.5160026648776507,FLOOR_Q_REPLAY,43.08497034106227,0.26973240309061824,-y,LAW_29_L24_S890003,"{""PLANNED"": 57, ""SOURCE"": 0, ""SINK"": 263, ""OTHER"": 0}",1.0,0.24617276019523773,L24_S990004,,NONE,0.5,0.12702580028102953,20.29012004100672,0.007497855016566301,0.672288554873413,38.41366125027633,0.24048778677401159,LAW_29,1.1368683772161603e-13,2.9976021664879227e-15,False,320,0,0,320,False,39.32173498719761,39.32173498719761,{},890003,24,0.24617276019523773,0.1993331921391147,0.327711445126587,101.789971972386,0.6372536300546382,204,0.7327188940092166,15.498185382875889,58.19540714648521,0.4517241379310345,0.5686274509803921,0.9117647058823529,0.046320098267422116,0.0005416533813935032,0.007984627202249073,66.43155325435956,102.9997502429774,131,66,False,0,0.0,0.0,True,204,0.4517241379310345,1.0,True,88,0.2923728813559322,0.43137254901960786,True,18,0.08294930875576037,0.08823529411764706,False,0,0.0,0.0
262.140132563199,122.88903796770052,-139.2510945954984,-42.59119916489595,-16.36205662779777,0.7562499999999991,False,159.73227483013085,159.73227483013085,False,True,0.13263064893896892,2.9555517950917953,0.49171196125965677,0.6501976347235139,PARENT_LOW_CONSTANT,43.0849703410625,0.2697324030906197,-y,LAW_29_L24_S890003,"{""PLANNED"": 242, ""SOURCE"": 0, ""SINK"": 0, ""OTHER"": 0}",1.0,0.2039851298372809,L24_S990004,,NONE,0.0,0.13263064893896892,21.185395267217984,0.0015544864375446757,0.6749271535345659,28.691908524637537,0.17962499160016523,LAW_29,8.526512829121202e-14,2.3314683517128287e-15,False,242,0,78,320,False,32.583008820428475,32.583008820428475,"{""NO_SINK_CAPACITY"": 78}",890003,24,0.2039851298372809,0.21021632746145397,0.3250728464654341,100.77901903743712,0.6309245839302781,195,0.8940092165898618,12.56888838900583,62.03988080585397,0.35973597359735976,0.4256410256410256,0.7333333333333333,0.059625306669221,0.0005833376348256536,0.007145019865771762,57.52068229903797,102.26396465734865,109,64,False,0,0.0,0.0,True,195,0.35973597359735976,1.0,True,112,0.2751937984496124,0.5743589743589743,True,52,0.16956521739130434,0.26666666666666666,True,12,0.055299539170506916,0.06153846153846154
16.200126711532643,2.250038251243885,-13.950088460288757,-53.81970356215084,-11.700050209044875,0.0,False,160.95867778346715,160.95867778346718,False,True,0.0,0.0,,,SHAM,0.0,0.0,+x,LAW_29_L24_S890004,"{""PLANNED"": 0, ""SOURCE"": 0, ""SINK"": 0, ""OTHER"": 0}",1.0,0.0,L24_S990005,,NONE,0.0,0.0,0.0,0.0,0.5612215917620813,0.0,0.0,LAW_29,0.0,2.3314683517128287e-15,False,0,0,0,0,False,0.0,0.0,{},890004,24,0.0,0.0,0.43877840823791864,95.43892401227168,0.592940531859132,192,0.11926605504587157,0.0,78.2060910586147,0.8807339449541285,0.5677083333333334,0.953125,0.04418777177873562,0.00022995833757694095,0.00794692905207578,95.43892401227168,106.99261121902678,192,64,False,0,0.0,0.0,True,192,0.8807339449541285,1.0,True,83,0.38073394495412843,0.4322916666666667,True,9,0.04128440366972477,0.046875,False,0,0.0,0.0
154.80112622419574,69.3420734941349,-85.45905273006093,-37.133403443787586,-16.116979235926014,0.110727398290931,False,160.95867778346715,160.95867778346718,False,True,0.2078447954539792,4.66719077294192,0.0519611988634947,0.4692713787690478,PARENT_FULL,643.8347111338699,4.000000000000007,+x,LAW_29_L24_S890004,"{""PLANNED"": 22, ""SOURCE"": 6, ""SINK"": 30, ""OTHER"": 0}",1.0,0.4429095931637248,L24_S990005,,NONE,0.0,0.2078447954539792,33.45442346044768,0.059036193454095824,0.7150336438065474,63.994511105112416,0.3975834791038871,LAW_29,5.684341886080802e-14,4.884981308350689e-15,False,58,0,262,320,False,71.29014249324652,71.29014249324653,"{""NO_SINK_CAPACITY"": 262}",890004,24,0.4429095931637249,0.31060210755561246,0.28496635619345256,107.70829510375346,0.6691673700789849,212,0.8990825688073395,27.087993250139935,48.01590792678921,0.3738019169329074,0.4858490566037736,0.7971698113207547,0.05240872872736585,6.336115646321527e-06,0.0060710864375822515,61.46385891610632,101.29955912313868,117,72,False,0,0.0,0.0,True,212,0.3738019169329074,1.0,True,109,0.3185483870967742,0.5141509433962265,True,43,0.19724770642201836,0.2028301886792453,False,0,0.0,0.0
70.22844999128185,27.92481656144611,-42.30363342983573,-54.32016110387746,-14.378816868389618,0.05397990860879067,False,160.95867778346715,160.95867778346718,False,True,0.09968507579486298,2.2384455907764864,0.024921268948715703,0.46167675327737134,FLOOR_FULL,643.8347111338699,4.000000000000007,+x,LAW_29_L24_S890004,"{""PLANNED"": 12, ""SOURCE"": 0, ""SINK"": 308, ""OTHER"": 0}",1.0,0.21591963443516304,L24_S990005,,NONE,0.5,0.09968507579486298,16.045177994685854,0.0019701035621182616,0.6790466585485694,34.20607065827102,0.21251461014290515,LAW_29,8.526512829121202e-14,2.220446049250313e-15,False,320,0,0,320,False,34.754138866173435,34.754138866173435,{},890004,24,0.21591963443516304,0.17391318232685185,0.3209533414514306,92.25969981120005,0.5731887281983903,186,0.6330275229357798,13.592299782133233,61.22775247520599,0.4907749077490775,0.5645161290322581,0.9623655913978495,0.04293606535510708,0.00015159053687380242,0.006987440839215542,66.9672354419747,102.92697266366505,133,64,False,0,0.0,0.0,True,186,0.4907749077490775,1.0,True,81,0.3230088495575221,0.43548387096774194,True,7,0.03211009174311927,0.03763440860215054,False,0,0.0,0.0
306.1983560643894,142.70524589270488,-163.49311017168407,-40.65979128431605,-20.78786427897915,0.959711878622954,False,160.95867778346715,160.95867778346718,False,True,0.15683014726283945,3.5216480385062896,0.48203990719567874,0.5022756495286225,PARENT_Q_REPLAY,52.367392747351715,0.3253468124147986,+x,LAW_29_L24_S890004,"{""PLANNED"": 247, ""SOURCE"": 0, ""SINK"": 0, ""OTHER"": 0}",1.0,0.31223920054659626,L24_S990005,,NONE,0.0,0.15683014726283945,25.243173140013084,0.004048938879285309,0.6985009870843506,47.915089053319505,0.2976856526976335,LAW_29,8.526512829121202e-14,4.218847493575595e-15,False,247,0,73,320,False,50.257608872146974,50.25760887214697,"{""NO_SINK_CAPACITY"": 73}",890004,24,0.3122392005465962,0.25367213175804343,0.3014990129156494,99.51102222017211,0.6182395605538041,195,0.8211009174311926,19.301458692387605,55.847180538787725,0.3952702702702703,0.46153846153846156,0.8,0.05581399129482095,0.00014956016229222824,0.009654110206635647,61.31130285185243,101.90240611708478,117,66,False,0,0.0,0.0,True,195,0.3952702702702703,1.0,True,105,0.3183673469387755,0.5384615384615384,True,39,0.17889908256880735,0.2,False,0,0.0,0.0
70.22844999128185,27.92481656144611,-42.30363342983573,-54.32016110387755,-14.378816868389618,0.6636599044341578,False,160.95867778346715,160.95867778346718,False,True,0.09968507579486297,2.238445590776486,0.3063963499595323,0.461676753277371,FLOOR_Q_REPLAY,52.367392747351715,0.3253468124147986,+x,LAW_29_L24_S890004,"{""PLANNED"": 12, ""SOURCE"": 0, ""SINK"": 308, ""OTHER"": 0}",1.0,0.21591963443516315,L24_S990005,,NONE,0.5,0.09968507579486297,16.04517799468585,0.0019701035621182577,0.6790466585485695,34.206070658271,0.21251461014290507,LAW_29,8.526512829121202e-14,2.220446049250313e-15,False,320,0,0,320,False,34.75413886617345,34.75413886617345,{},890004,24,0.21591963443516315,0.17391318232685182,0.32095334145143056,92.25969981120005,0.5731887281983903,186,0.6330275229357798,13.592299782133232,61.227752475205996,0.4907749077490775,0.5645161290322581,0.9623655913978495,0.04293606535510708,0.0001515905368736914,0.006987440839215542,66.9672354419747,102.92697266366505,133,64,False,0,0.0,0.0,True,186,0.4907749077490775,1.0,True,81,0.3230088495575221,0.43548387096774194,True,7,0.03211009174311927,0.03763440860215054,False,0,0.0,0.0
217.31615603741986,97.23677305306774,-120.07938298435228,-45.103334149313035,-22.842609931284457,0.618750000000004,False,160.95867778346715,160.95867778346718,False,True,0.11643140207626193,2.6144872392118246,0.3578685809523742,0.5783734641654494,PARENT_LOW_CONSTANT,52.36739274735156,0.3253468124147977,+x,LAW_29_L24_S890004,"{""PLANNED"": 198, ""SOURCE"": 0, ""SINK"": 0, ""OTHER"": 0}",1.0,0.20130834018165739,L24_S990005,,NONE,0.0,0.11643140207626193,18.740644530670355,0.0008373562602993972,0.6872881093173651,28.88397514150368,0.17944962980101273,LAW_29,1.1368683772161603e-13,3.552713678800501e-15,False,198,0,122,320,False,32.40232426242399,32.40232426242399,"{""NO_SINK_CAPACITY"": 122}",890004,24,0.20130834018165739,0.20148471918412353,0.31271189068263494,93.01273370286965,0.5778671581037517,182,0.8073394495412844,12.236663714848056,63.17194854962458,0.3888888888888889,0.46153846153846156,0.7747252747252747,0.05576291359148727,0.0016355161946357555,0.010247480622487704,58.30813112428223,102.02196015482386,112,60,False,0,0.0,0.0,True,182,0.3888888888888889,1.0,True,98,0.2793522267206478,0.5384615384615384,True,41,0.16143497757847533,0.22527472527472528,False,0,0.0,0.0
13.050228868343195,4.050175942015677,-9.000052926327518,-52.399283298912735,-4.9498769843118415,0.0,False,159.27189168135249,159.2718916813525,False,True,0.0,0.0,,,SHAM,0.0,0.0,-x,LAW_29_L24_S890005,"{""PLANNED"": 0, ""SOURCE"": 0, ""SINK"": 0, ""OTHER"": 0}",1.0,0.0,L24_S990006,,NONE,0.0,0.0,0.0,0.0,0.5351895599751717,0.0,0.0,LAW_29,0.0,1.9984014443252818e-15,False,0,0,0,0,False,0.0,0.0,{},890005,24,0.0,0.0,0.4648104400248283,101.92273139812814,0.6399291822441587,205,0.06944444444444445,0.0,77.1123223106403,0.9311926605504587,0.5609756097560976,0.9317073170731708,0.04465459978179126,0.00039768593254652096,0.005727304763888275,101.01850799950638,106.78844749274954,203,68,False,0,0.0,0.0,True,205,0.9311926605504587,1.0,True,90,0.4166666666666667,0.43902439024390244,True,14,0.06481481481481481,0.06829268292682927,False,0,0.0,0.0
167.4118353341395,75.21496215794298,-92.19687317619672,-14.753769309015038,-16.981911018253804,0.12469957479002614,True,159.27189168135249,159.2718916813525,False,False,0.0,0.0,0.0,0.0,PARENT_FULL,637.0875667254105,4.000000000000003,-x,LAW_29_L24_S890005,"{""PLANNED"": 19, ""SOURCE"": 23, ""SINK"": 32, ""OTHER"": 0}",1.0,0.49879829916010493,L24_S990006,3776,TRACK_LOST_OR_DISSOLVED,0.0,0.0,0.0,0.09803207249541472,1.0,68.36584804093287,0.4292398823121225,LAW_29,8.526512829121202e-14,4.218847493575595e-15,False,74,3657,246,320,False,79.4445486746711,79.4445486746711,"{""NO_SINK_CAPACITY"": 145, ""NO_TRACK"": 101}",890005,24,0.49879829916010493,,,,,,,,,,,,,,,,,,,,,,,,,,,,,,,,,,,,,,
74.27719636648436,33.32336720577827,-40.95382916070613,-52.88185586292189,-7.630461954927865,0.05878342834053155,False,159.27189168135249,159.2718916813525,False,True,0.11730178629946995,2.606428208917179,0.029325446574867468,0.4988726823652676,FLOOR_FULL,637.0875667254105,4.000000000000003,-x,LAW_29_L24_S890005,"{""PLANNED"": 12, ""SOURCE"": 0, ""SINK"": 308, ""OTHER"": 0}",1.0,0.23513371336212638,L24_S990006,,NONE,0.5,0.11730178629946995,18.68287740151834,0.00480911003011287,0.6730072105230278,36.784440044423455,0.23095374617648345,LAW_29,8.526512829121202e-14,2.7755575615628914e-15,False,320,0,0,320,False,37.450191325246784,37.450191325246784,{},890005,24,0.23513371336212638,0.1891753545569188,0.3269927894769722,98.75957386350272,0.6200690707000968,199,0.7083333333333334,14.533715725127557,58.71250459671102,0.4612676056338028,0.5778894472361809,0.9396984924623115,0.042237070793856746,0.00028330254416208955,0.005342571888998449,66.15204764822329,102.07562121982507,131,64,False,0,0.0,0.0,True,199,0.4612676056338028,1.0,True,84,0.30434782608695654,0.4221105527638191,True,12,0.05555555555555555,0.06030150753768844,False,0,0.0,0.0
351.73523927423963,167.9119376794659,-183.82330159477402,-40.15798594995474,-15.911363915307977,1.0,False,159.27189168135249,159.2718916813525,False,True,0.13897129008775985,3.0879213534703553,0.5222958132220646,0.5222958132220646,PARENT_Q_REPLAY,42.37870513479436,0.26607774094615116,-x,LAW_29_L24_S890005,"{""PLANNED"": 320, ""SOURCE"": 0, ""SINK"": 0, ""OTHER"": 0}",1.0,0.26607774094615116,L24_S990006,,NONE,0.0,0.13897129008775985,22.134220261675505,0.005349782784036113,0.6671175557029768,40.02318291896844,0.2512884257006306,LAW_29,8.526512829121202e-14,3.3306690738754696e-15,False,320,0,0,320,False,42.37870513479436,42.378705134794366,{},890005,24,0.26607774094615116,0.21447359601975108,0.3328824442970232,103.20254181608978,0.6479645637823029,202,0.7777777777777778,16.409238670843973,58.44229413147861,0.42662116040955633,0.4752475247524752,0.7772277227722773,0.055468052095783926,0.001064654517313357,0.00956117016935587,65.54702510543022,102.57508414483294,125,66,False,0,0.0,0.0,True,202,0.42662116040955633,1.0,True,106,0.3360995850622407,0.5247524752475248,True,45,0.1917808219178082,0.22277227722772278,False,0,0.0,0.0
74.27719673132006,33.323625211510844,-40.95357151980923,-52.88634219604514,-7.629946308298372,0.8827068466265181,False,159.27189168135249,159.2718916813525,False,True,0.11719334965424859,2.604018762821757,0.44044777754621045,0.49897401298006266,FLOOR_Q_REPLAY,42.37870513479436,0.26607774094615116,-x,LAW_29_L24_S890005,"{""PLANNED"": 41, ""SOURCE"": 0, ""SINK"": 279, ""OTHER"": 0}",1.0,0.23486864366808466,L24_S990006,,NONE,0.5,0.11719334965424859,18.665606491906352,0.004812065843221485,0.67293259754331,36.741447848979895,0.23068381659261455,LAW_29,1.1368683772161603e-13,3.3306690738754696e-15,False,320,0,0,320,False,37.40797317364936,37.40797317364936,{},890005,24,0.23486864366808466,0.18900807540459452,0.32706740245668997,98.7556031770091,0.6200441404600419,199,0.7083333333333334,14.520128625122531,58.72663522700138,0.4612676056338028,0.5829145728643216,0.9396984924623115,0.04227025991996425,0.0003606567158209173,0.005405359748634042,66.15049119421174,102.07736410076444,131,64,False,0,0.0,0.0,True,199,0.4612676056338028,1.0,True,83,0.3056768558951965,0.41708542713567837,True,12,0.05555555555555555,0.06030150753768844,False,0,0.0,0.0
247.98676260538824,114.78508735716545,-133.20167524822267,-43.484218751015284,-18.41658789105728,0.7468749999999988,False,159.27189168135249,159.2718916813525,False,True,0.12503033128718097,2.778155326681851,0.4699015063890053,0.6291568286379997,PARENT_LOW_CONSTANT,42.378705134794714,0.2660777409461534,-x,LAW_29_L24_S890005,"{""PLANNED"": 239, ""SOURCE"": 0, ""SINK"": 0, ""OTHER"": 0}",1.0,0.198726812769158,L24_S990006,,NONE,0.0,0.12503033128718097,19.913817381655505,0.001448622270890269,0.6783648948369936,27.705710665414966,0.17395229235328244,LAW_29,8.526512829121202e-14,2.9976021664879227e-15,False,239,0,81,320,False,31.65159539754975,31.65159539754975,"{""NO_SINK_CAPACITY"": 81}",890005,24,0.198726812769158,0.20451469112850282,0.3216351051630064,97.37108503927988,0.6113513439903473,189,0.8472222222222222,12.087998793002477,62.27529417317562,0.37755102040816324,0.4444444444444444,0.7407407407407407,0.05598072012559413,0.00045927350074270734,0.008647663046847387,58.26968644543296,101.45984252335629,111,64,False,0,0.0,0.0,True,189,0.37755102040816324,1.0,True,105,0.27380952380952384,0.5555555555555556,True,49,0.17256637168141592,0.25925925925925924,True,7,0.032407407407407406,0.037037037037037035
13.50012407296588,3.1500886473797873,-10.350035425586091,-52.35415542839575,-7.199946778206303,0.0,False,158.48666379229337,158.48666379229334,False,True,0.0,0.0,,,SHAM,0.0,0.0,+y,LAW_29_L24_S890006,"{""PLANNED"": 0, ""SOURCE"": 0, ""SINK"": 0, ""OTHER"": 0}",1.0,0.0,L24_S990007,,NONE,0.0,0.0,0.0,0.0,0.5465969948288485,0.0,0.0,LAW_29,0.0,2.220446049250313e-15,False,0,0,0,0,False,0.0,0.0,{},890006,24,0.0,0.0,0.45340300517115145,98.93256158569133,0.6242327222897986,199,0.10232558139534884,0.0,76.38220303546639,0.8990825688073395,0.5678391959798995,0.9447236180904522,0.04411585411007801,0.00044144387704225796,0.005885657943304534,97.5739173881502,106.02217693380642,196,66,False,0,0.0,0.0,True,199,0.8990825688073395,1.0,True,86,0.4,0.4321608040201005,True,11,0.05116279069767442,0.05527638190954774,False,0,0.0,0.0
164.1780263454361,72.50822225759185,-91.6698040878443,-11.246391830227187,-19.161581830252505,0.12349254067117461,True,158.48666379229337,158.48666379229334,False,False,0.0,0.0,0.0,0.0,PARENT_FULL,633.9466551691693,3.9999999999999742,+y,LAW_29_L24_S890006,"{""PLANNED"": 19, ""SOURCE"": 24, ""SINK"": 31, ""OTHER"": 0}",1.0,0.4939701626846953,L24_S990007,3216,TRACK_LOST_OR_DISSOLVED,0.0,0.0,0.0,0.0960045157669579,1.0,67.38504311093132,0.42517800235383607,LAW_29,1.1368683772161603e-13,4.3298697960381105e-15,False,74,4209,246,320,False,78.28768309683375,78.28768309683375,"{""NO_SINK_CAPACITY"": 110, ""NO_TRACK"": 136}",890006,24,0.4939701626846953,,,,,,,,,,,,,,,,,,,,,,,,,,,,,,,,,,,,,,
72.4727704600165,31.96957766161303,-40.5031927984035,-52.863424704883926,-8.533615136790473,0.06004539700690166,False,158.48666379229337,158.48666379229334,False,True,0.11856065462881644,2.6214121943570645,0.029640163657204302,0.4936292394535661,FLOOR_FULL,633.9466551691693,3.9999999999999742,+y,LAW_29_L24_S890006,"{""PLANNED"": 12, ""SOURCE"": 0, ""SINK"": 308, ""OTHER"": 0}",1.0,0.2401815880276051,L24_S990007,,NONE,0.5,0.11856065462881644,18.79028260915144,0.005805520944505016,0.6788203928278091,37.28671333812702,0.2352671981725452,LAW_29,1.1368683772161603e-13,3.552713678800501e-15,False,320,0,0,320,False,38.06557859083016,38.06557859083016,{},890006,24,0.2401815880276051,0.19353543503998355,0.3211796071721909,97.08962395061893,0.6126043770967439,196,0.6930232558139535,14.771751875116282,57.71910719749127,0.46785714285714286,0.5867346938775511,0.9387755102040817,0.041859915733966246,1.4494852879853859e-05,0.006459576385732302,65.90723383198115,101.30263981400846,131,66,False,0,0.0,0.0,True,196,0.46785714285714286,1.0,True,81,0.2925764192139738,0.413265306122449,True,12,0.05581395348837209,0.061224489795918366,False,0,0.0,0.0
350.513414538129,167.01568708122468,-183.49772745690467,-39.22951760758688,-16.48204037567989,1.0,False,158.48666379229337,158.48666379229334,False,True,0.15244941068646004,3.3707029152899333,0.5266072325349709,0.5266072325349709,PARENT_Q_REPLAY,45.880870987076214,0.289493575605869,+y,LAW_29_L24_S890006,"{""PLANNED"": 320, ""SOURCE"": 0, ""SINK"": 0, ""OTHER"": 0}",1.0,0.289493575605869,L24_S990007,,NONE,0.0,0.15244941068646004,24.161198496798242,0.006397573463206323,0.6803614307669577,43.2489446484398,0.272886964830809,LAW_29,8.526512829121202e-14,3.774758283725532e-15,False,320,0,0,320,False,45.880870987076214,45.880870987076214,{},890006,24,0.289493575605869,0.23508804302954253,0.3196385692330423,102.77510580902664,0.6484779435052014,201,0.8186046511627907,17.525996935431728,56.22509428732818,0.40540540540540543,0.4626865671641791,0.7711442786069652,0.05353292200279064,6.678864149950448e-05,0.0090734724291337,62.96395898673706,101.26383186901795,120,66,False,0,0.0,0.0,True,201,0.40540540540540543,1.0,True,108,0.3237704918032787,0.5373134328358209,True,46,0.18636363636363637,0.22885572139303484,False,0,0.0,0.0
72.4727704600165,31.96957766161303,-40.5031927984035,-52.86342470488389,-8.53361513679047,0.8296612024116218,False,158.48666379229337,158.48666379229334,False,True,0.11856065462881644,2.6214121943570645,0.40954502835058015,0.4936292394535663,FLOOR_Q_REPLAY,45.880870987076214,0.289493575605869,+y,LAW_29_L24_S890006,"{""PLANNED"": 12, ""SOURCE"": 0, ""SINK"": 308, ""OTHER"": 0}",1.0,0.240181588027605,L24_S990007,,NONE,0.5,0.11856065462881644,18.79028260915144,0.005805520944505017,0.678820392827809,37.286713338127015,0.23526719817254516,LAW_29,8.526512829121202e-14,3.3306690738754696e-15,False,320,0,0,320,False,38.06557859083014,38.06557859083013,{},890006,24,0.24018158802760492,0.19353543503998355,0.32117960717219096,97.08962395061893,0.6126043770967439,196,0.6930232558139535,14.771751875116282,57.71910719749127,0.46785714285714286,0.5867346938775511,0.9387755102040817,0.0418599157339663,1.4494852879853859e-05,0.006459576385732302,65.90723383198116,101.30263981400847,131,66,False,0,0.0,0.0,True,196,0.46785714285714286,1.0,True,81,0.2925764192139738,0.413265306122449,True,12,0.05581395348837209,0.061224489795918366,False,0,0.0,0.0
247.1261567552541,113.43571614880116,-133.69044060645282,-43.519706037149696,-20.25472445765164,0.7187500000000039,False,158.48666379229337,158.48666379229334,False,True,0.12680935505892726,2.8037934739037054,0.43803858097207715,0.609444982222017,PARENT_LOW_CONSTANT,45.8808709870761,0.2894935756058683,+y,LAW_29_L24_S890006,"{""PLANNED"": 230, ""SOURCE"": 0, ""SINK"": 0, ""OTHER"": 0}",1.0,0.20807350746671896,L24_S990007,,NONE,0.0,0.12680935505892726,20.09759162094176,0.0015520560163635546,0.6898148420858501,28.99651573609011,0.18295871111333287,LAW_29,8.526512829121202e-14,2.4424906541753444e-15,False,230,0,90,320,False,32.976876021961125,32.976876021961125,"{""NO_SINK_CAPACITY"": 90}",890006,24,0.20807350746671896,0.2121963649385715,0.3101851579141499,94.71223329749212,0.597603804832553,184,0.8511627906976744,12.478272268640659,60.94588294776663,0.3711340206185567,0.46195652173913043,0.7391304347826086,0.059087183139425126,0.00019387941993093127,0.00889763551410061,56.60097556981087,100.52200860477487,108,62,False,0,0.0,0.0,True,184,0.3711340206185567,1.0,True,99,0.2661290322580645,0.5380434782608695,True,48,0.16371681415929204,0.2608695652173913,True,4,0.018604651162790697,0.021739130434782608
7.65022508516324,4.950205795453554,-2.700019289709685,-52.35157276505267,2.2501865057438692,0.0,False,159.74102492684278,159.7410249268428,False,True,0.0,0.0,,,SHAM,0.0,0.0,-y,LAW_29_L24_S890007,"{""PLANNED"": 0, ""SOURCE"": 0, ""SINK"": 0, ""OTHER"": 0}",1.0,0.0,L24_S990008,,NONE,0.0,0.0,0.0,0.0,0.5071930741800912,0.0,0.0,LAW_29,0.0,2.220446049250313e-15,False,0,0,0,0,False,0.0,0.0,{},890007,24,0.0,0.0,0.49280692581990887,109.63963866753394,0.6863586778521423,220,0.04186046511627907,0.0,77.24678175688469,0.9594594594594594,0.5545454545454546,0.9045454545454545,0.04446172283284311,0.00013816232186292243,0.00648181837741546,106.44037586022995,107.33716901288713,213,68,False,0,0.0,0.0,True,220,0.9594594594594594,1.0,True,98,0.4558139534883721,0.44545454545454544,True,21,0.09767441860465116,0.09545454545454546,False,0,0.0,0.0
144.22898086181434,65.29741704304104,-78.9315638187732,-12.54004979293799,-13.634146775732114,0.10790130238869201,True,159.74102492684278,159.7410249268428,False,False,0.0,0.0,0.0,0.0,PARENT_FULL,638.9640997073727,4.000000000000009,-y,LAW_29_L24_S890007,"{""PLANNED"": 21, ""SOURCE"": 10, ""SINK"": 26, ""OTHER"": 0}",1.0,0.43160520955476905,L24_S990008,3248,TRACK_LOST_OR_DISSOLVED,0.0,0.0,0.0,0.057609612397739665,1.0,62.0850842514435,0.3886608607893735,LAW_29,1.1368683772161603e-13,4.440892098500626e-15,False,57,4191,263,320,False,68.94505853804358,68.9450585380436,"{""NO_SINK_CAPACITY"": 129, ""NO_TRACK"": 134}",890007,24,0.43160520955476916,,,,,,,,,,,,,,,,,,,,,,,,,,,,,,,,,,,,,,
69.32228174330774,33.76978084261089,-35.55250090069687,-52.43393663850667,-1.7827200580859768,0.05461855008182677,False,159.74102492684278,159.7410249268428,False,True,0.11483217503078078,2.5590693825328583,0.028708043757695124,0.5256097738714444,FLOOR_FULL,638.9640997073727,4.000000000000009,-y,LAW_29_L24_S890007,"{""PLANNED"": 11, ""SOURCE"": 0, ""SINK"": 309, ""OTHER"": 0}",1.0,0.21847420032730758,L24_S990008,,NONE,0.5,0.11483217503078078,18.343409333995528,0.0029230606376468137,0.64483158024049,34.28028950125905,0.21459915833743098,LAW_29,8.526512829121202e-14,2.886579864025407e-15,False,320,0,0,320,False,34.89929268035649,34.89929268035649,{},890007,24,0.21847420032730758,0.17383102729381786,0.35516841975950997,105.5243682302503,0.6605965391706838,211,0.6883720930232559,13.72344897885402,60.19098974241948,0.4843205574912892,0.5355450236966824,0.8957345971563981,0.04523753548892129,0.00013045658345611777,0.007550292440176243,70.78231384011127,103.20460676677273,139,68,False,0,0.0,0.0,True,211,0.4843205574912892,1.0,True,98,0.34334763948497854,0.46445497630331756,True,22,0.10232558139534884,0.10426540284360189,False,0,0.0,0.0
350.6736059977361,170.61330344537055,-180.06030255236493,-39.414146508027045,-9.446999106994006,1.0,False,159.74102492684278,159.7410249268428,False,True,0.1519049497490034,3.385247260653789,0.5536777675633523,0.5536777675633523,PARENT_Q_REPLAY,43.825946761696336,0.2743562386792464,-y,LAW_29_L24_S890007,"{""PLANNED"": 320, ""SOURCE"": 0, ""SINK"": 0, ""OTHER"": 0}",1.0,0.2743562386792464,L24_S990008,,NONE,0.0,0.1519049497490034,24.265452364366357,0.005225917107656701,0.6520946570745273,41.300422574845065,0.2585461223487177,LAW_29,8.526512829121202e-14,3.6637359812630166e-15,False,320,0,0,320,False,43.825946761696336,43.82594676169634,{},890007,24,0.27435623867924647,0.2188445055583615,0.3479053429254727,110.87987931182144,0.6941227487591338,216,0.8232558139534883,16.906230343157294,58.0294280835289,0.41776315789473684,0.4675925925925926,0.75,0.05445051917613891,0.00030391466068513395,0.008157014021615672,67.0285383890622,102.92206242235565,127,70,False,0,0.0,0.0,True,216,0.41776315789473684,1.0,True,115,0.34146341463414637,0.5324074074074074,True,54,0.2062780269058296,0.25,True,4,0.018604651162790697,0.018518518518518517
69.32228174330774,33.76978084261089,-35.55250090069686,-52.433936638506744,-1.7827200580859768,0.7963157731679239,False,159.74102492684278,159.7410249268428,False,True,0.11483217503078078,2.5590693825328583,0.41855135346505684,0.5256097738714444,FLOOR_Q_REPLAY,43.825946761696336,0.2743562386792464,-y,LAW_29_L24_S890007,"{""PLANNED"": 11, ""SOURCE"": 0, ""SINK"": 309, ""OTHER"": 0}",1.0,0.21847420032730758,L24_S990008,,NONE,0.5,0.11483217503078078,18.343409333995528,0.0029230606376468155,0.64483158024049,34.280289501259055,0.214599158337431,LAW_29,8.526512829121202e-14,2.7755575615628914e-15,False,320,0,0,320,False,34.89929268035649,34.89929268035649,{},890007,24,0.21847420032730758,0.17383102729381786,0.3551684197595099,105.5243682302503,0.6605965391706838,211,0.6883720930232559,13.72344897885402,60.190989742419475,0.4843205574912892,0.5355450236966824,0.8957345971563981,0.0452375354889214,0.00013045658345611777,0.007550292440176187,70.78231384011127,103.20460676677274,139,68,False,0,0.0,0.0,True,211,0.4843205574912892,1.0,True,98,0.34334763948497854,0.46445497630331756,True,22,0.10232558139534884,0.10426540284360189,False,0,0.0,0.0
247.28996193273247,117.48745542927357,-129.8025065034589,-43.73577542290738,-12.3150510741854,0.7062499999999989,False,159.74102492684278,159.7410249268428,False,True,0.12368216321009722,2.7562940173479324,0.45080864136898685,0.6383131205224603,PARENT_LOW_CONSTANT,43.82594676169657,0.27435623867924785,-y,LAW_29_L24_S890007,"{""PLANNED"": 226, ""SOURCE"": 0, ""SINK"": 0, ""OTHER"": 0}",1.0,0.19376409356721852,L24_S990008,,NONE,0.0,0.12368216321009722,19.75711551634998,0.0011923889024023236,0.65542694471247,27.153057988444466,0.16998174389377965,LAW_29,8.526512829121202e-14,2.6645352591003757e-15,False,226,0,94,320,False,30.952074900448157,30.952074900448157,"{""NO_SINK_CAPACITY"": 94}",890007,24,0.19376409356721852,0.19053985637548393,0.34457305528753,103.69019842974993,0.6491143929822493,201,0.8558139534883721,11.74911355611569,62.92517339669371,0.38666666666666666,0.4577114427860697,0.7412935323383084,0.05860892065986606,0.0003709000148771069,0.008927078277708222,61.19661732960293,102.37840343444302,116,64,False,0,0.0,0.0,True,201,0.38666666666666666,1.0,True,109,0.296,0.5422885572139303,True,52,0.18141592920353983,0.25870646766169153,True,9,0.04186046511627907,0.04477611940298507
10.350223155274062,5.40019928130476,-4.950023873969302,-51.69280201590286,0.45017540733545697,0.0,False,157.33896578059884,157.33896578059884,False,True,0.0,0.0,,,SHAM,0.0,0.0,+x,LAW_29_L24_S890008,"{""PLANNED"": 0, ""SOURCE"": 0, ""SINK"": 0, ""OTHER"": 0}",1.0,0.0,L24_S990000,,NONE,0.0,0.0,0.0,0.0,0.5190826309035481,0.0,0.0,LAW_29,0.0,2.4424906541753444e-15,False,0,0,0,0,False,0.0,0.0,{},890008,24,0.0,0.0,0.48091736909645194,106.09633917203169,0.6743169986256146,213,0.08962264150943396,0.0,75.28662979755318,0.9144144144144144,0.5539906103286385,0.92018779342723,0.04345478783507217,0.0002449225253617904,0.006931444540522469,101.54433956272506,105.55918289861062,203,68,False,0,0.0,0.0,True,213,0.9144144144144144,1.0,True,95,0.4481132075471698,0.4460093896713615,True,17,0.08018867924528301,0.07981220657276995,False,0,0.0,0.0
149.91664772731073,68.9053039690175,-81.01134375829321,-14.030666373041733,-12.1060397892757,0.1127567227329864,True,157.33896578059884,157.33896578059884,False,False,0.0,0.0,0.0,0.0,PARENT_FULL,629.3558631223976,4.000000000000014,+x,LAW_29_L24_S890008,"{""PLANNED"": 20, ""SOURCE"": 13, ""SINK"": 25, ""OTHER"": 0}",1.0,0.45102689093194726,L24_S990000,3488,TRACK_LOST_OR_DISSOLVED,0.0,0.0,0.0,0.07226851205038448,1.0,62.68961777568416,0.3984366966228927,LAW_29,1.1368683772161603e-13,4.884981308350689e-15,False,58,3940,262,320,False,70.96410455847153,70.96410455847152,"{""NO_SINK_CAPACITY"": 143, ""NO_TRACK"": 119}",890008,24,0.45102689093194714,,,,,,,,,,,,,,,,,,,,,,,,,,,,,,,,,,,,,,
70.67598381282323,35.122893473314456,-35.553090339508756,-52.18321743703824,-0.43019686619430464,0.05432800043640131,False,157.33896578059884,157.33896578059884,False,True,0.11286616511632076,2.4774338296629757,0.028216541279080087,0.5193738229352207,FLOOR_FULL,629.3558631223976,4.000000000000014,+x,LAW_29_L24_S890008,"{""PLANNED"": 11, ""SOURCE"": 0, ""SINK"": 309, ""OTHER"": 0}",1.0,0.21731200174560603,L24_S990000,,NONE,0.5,0.11286616511632076,17.75824569102421,0.0027613190642858695,0.6445836229449555,33.57801984850008,0.21341197764908987,LAW_29,8.526512829121202e-14,3.552713678800501e-15,False,320,0,0,320,False,34.19164560636534,34.19164560636534,{},890008,24,0.21731200174560603,0.16956936908431758,0.35541637705504453,104.72555147736621,0.6656046768694326,211,0.7028301886792453,13.01778857390542,58.781594899270026,0.479020979020979,0.5781990521327014,0.9241706161137441,0.04301426327512825,0.00019283787552387688,0.00640967004151799,69.37280903309494,101.29118764172384,137,68,False,0,0.0,0.0,True,211,0.479020979020979,1.0,True,89,0.33185840707964603,0.4218009478672986,True,16,0.07547169811320754,0.07582938388625593,False,0,0.0,0.0
281.24110479682867,139.0890387550711,-142.15206604175768,-35.08260025755977,-3.0630272866864923,0.9002574954896921,True,157.33896578059884,157.33896578059884,False,False,0.0,0.0,0.0,0.0,PARENT_Q_REPLAY,56.46949695910588,0.35890344568458465,+x,LAW_29_L24_S890008,"{""PLANNED"": 210, ""SOURCE"": 0, ""SINK"": 0, ""OTHER"": 0}",1.0,0.323105517134625,L24_S990000,6272,TRACK_LOST_OR_DISSOLVED,0.0,0.0,0.0,0.0035150652679708802,1.0,48.102798743884634,0.3057271827435394,LAW_29,1.1368683772161603e-13,3.1086244689504383e-15,False,210,1161,110,320,False,50.83708790396745,50.83708790396745,"{""NO_SINK_CAPACITY"": 110}",890008,24,0.323105517134625,,,,,,,,,,,,,,,,,,,,,,,,,,,,,,,,,,,,,,
70.2266702076457,34.67377123268221,-35.55289897496343,-52.25194884002476,-0.879127742281226,0.6013585238881509,False,157.33896578059884,157.33896578059884,False,True,0.1108067806341999,2.4322299478882115,0.3087370209635164,0.5133992596751479,FLOOR_Q_REPLAY,56.46949695910588,0.35890344568458465,+x,LAW_29_L24_S890008,"{""PLANNED"": 14, ""SOURCE"": 0, ""SINK"": 306, ""OTHER"": 0}",1.0,0.21582964631525298,L24_S990000,,NONE,0.5,0.1108067806341999,17.4342242664627,0.0021517862411206358,0.6446463212362703,33.37407020219089,0.21211573392905944,LAW_29,1.4210854715202004e-13,3.219646771412954e-15,False,320,0,0,320,False,33.95841333603434,33.95841333603434,{},890008,24,0.21582964631525298,0.16730234534630922,0.35535367876372964,104.20788919829275,0.6623145683034762,210,0.6981132075471698,12.780153155558757,58.974980958785515,0.4807017543859649,0.5761904761904761,0.9333333333333333,0.0429957361844977,0.00017926529579426198,0.006678072711726546,69.32833646413152,101.25248706296027,137,68,False,0,0.0,0.0,True,210,0.4807017543859649,1.0,True,89,0.33185840707964603,0.4238095238095238,True,14,0.0660377358490566,0.06666666666666667,False,0,0.0,0.0
220.50168588935279,104.43331481255693,-116.06837107679603,-42.954154975351834,-11.635056264239061,0.6031250000000037,False,157.33896578059884,157.33896578059884,False,True,0.13366337606211062,2.933936572594271,0.37242154587609827,0.6174865009344597,PARENT_LOW_CONSTANT,56.4694969591056,0.3589034456845829,+x,LAW_29_L24_S890008,"{""PLANNED"": 193, ""SOURCE"": 0, ""SINK"": 0, ""OTHER"": 0}",1.0,0.21646364067851537,L24_S990000,,NONE,0.0,0.13366337606211062,21.03045735235574,0.001193461843361622,0.6655273102663712,30.143180372225036,0.1915811523399624,LAW_29,1.4210854715202004e-13,2.7755575615628914e-15,False,193,0,127,320,False,34.05816535346077,34.05816535346077,"{""NO_SINK_CAPACITY"": 127}",890008,24,0.21646364067851537,0.2046764729151969,0.3344726897336287,102.74975454100793,0.6530470950488337,200,0.8679245283018868,12.737387006383141,60.029866778072055,0.3825503355704698,0.455,0.75,0.05696901401252802,0.0002772598258516945,0.010475980693539944,59.99581865616439,100.4511911625452,114,66,False,0,0.0,0.0,True,200,0.3825503355704698,1.0,True,109,0.29959514170040485,0.545,True,50,0.17488789237668162,0.25,True,3,0.014150943396226415,0.015
11.700348728843537,6.300329447046795,-5.40001928179674,-80.24641280589955,0.9003101652500538,0.0,False,291.7436984247856,291.7436984247852,False,True,0.0,0.0,,,SHAM,0.0,0.0,+x,LAW_29_L32_S890000,"{""PLANNED"": 0, ""SOURCE"": 0, ""SINK"": 0, ""OTHER"": 0}",1.0,0.0,L32_S990101,,NONE,0.0,0.0,0.0,0.0,0.41565065127610645,0.0,0.0,LAW_29,0.0,2.4424906541753444e-15,False,0,0,0,0,False,0.0,0.0,{},890000,32,0.0,0.0,0.5843493487238935,212.39759578413594,0.7280280497263061,384,0.03664921465968586,0.0,169.83593314354243,0.9641025641025641,0.2942708333333333,0.5078125,0.09714936425449766,0.00015345828543189555,0.015900256510353206,208.7642597295249,211.4423527050659,376,92,True,564,0.6773049645390071,0.6808510638297872,True,384,0.9641025641025641,1.0,True,271,0.7094240837696335,0.7057291666666666,True,189,0.49476439790575916,0.4921875,True,114,0.29842931937172773,0.296875
336.1513424905813,150.4255454326194,-185.72579705796184,-21.601885117895616,-35.30025162534253,0.13249773321842548,True,291.7436984247856,291.7436984247852,False,False,0.0,0.0,0.0,0.0,PARENT_FULL,1166.9747936991432,4.000000000000009,+x,LAW_29_L32_S890000,"{""PLANNED"": 16, ""SOURCE"": 59, ""SINK"": 53, ""OTHER"": 0}",1.0,0.529990932873703,L32_S990101,5504,TRACK_LOST_OR_DISSOLVED,0.0,0.0,0.0,0.14267976158722265,1.0,127.04995037606406,0.4354848144520214,LAW_29,1.7053025658242404e-13,5.551115123125783e-15,False,128,1931,192,320,False,154.6215148881762,154.6215148881762,"{""NO_SINK_CAPACITY"": 192}",890000,32,0.529990932873703,,,,,,,,,,,,,,,,,,,,,,,,,,,,,,,,,,,,,,
121.09627453805156,56.290779759979955,-64.8054947780716,-81.18376041428843,-8.514715018091655,0.06430285536769959,False,291.7436984247856,291.7436984247852,False,True,0.15887995034592325,6.466549151711199,0.03971998758648072,0.6177017701523835,FLOOR_FULL,1166.9747936991432,4.000000000000009,+x,LAW_29_L32_S890000,"{""PLANNED"": 13, ""SOURCE"": 0, ""SINK"": 307, ""OTHER"": 0}",1.0,0.25721142147079884,L32_S990101,,NONE,0.5,0.15887995034592325,46.352224319465876,0.011147595505143632,0.6104199535457855,73.42738439440508,0.25168456008085976,LAW_29,2.2737367544323206e-13,4.3298697960381105e-15,False,320,0,0,320,False,75.03981137698706,75.03981137698706,{},890000,32,0.25721142147079884,0.229415096447038,0.38958004645421457,202.04522299240492,0.6925435719205242,363,0.6727748691099477,30.95296272782167,127.16375928621949,0.4870259481037924,0.29476584022038566,0.5261707988980716,0.09378036554248165,0.00059505439359675,0.014783959184559381,140.250774530091,196.73484880785205,244,88,True,565,0.5249597423510467,0.6424778761061947,True,363,0.4870259481037924,1.0,True,256,0.4304932735426009,0.7052341597796143,True,172,0.3317307692307692,0.4738292011019284,True,109,0.2430379746835443,0.3002754820936639
438.4415485029534,209.33736021190424,-229.104188291049,-54.185974063829676,-19.76682807914459,1.0,False,291.7436984247856,291.7436984247852,False,True,0.17835807146923774,7.259325253117686,0.6365885876847647,0.6365885876847647,PARENT_Q_REPLAY,81.7401449240478,0.28017792797372565,+x,LAW_29_L32_S890000,"{""PLANNED"": 320, ""SOURCE"": 0, ""SINK"": 0, ""OTHER"": 0}",1.0,0.28017792797372565,L32_S990101,,NONE,0.0,0.17835807146923774,52.03484341434758,0.0019509112596089722,0.5831349260103933,78.86114659105363,0.27030968283753665,LAW_29,1.7053025658242404e-13,4.218847493575595e-15,False,320,0,0,320,False,81.7401449240478,81.74014492404778,{},890000,32,0.2801779279737256,0.2389211133371567,0.41686507398960676,217.79089628181129,0.7465144832869809,377,0.7356020942408377,32.012272818467224,130.37301689142194,0.4596153846153846,0.2546419098143236,0.4535809018567639,0.11435274465154538,0.00022137543525319048,0.017195565455136397,145.6958207103522,199.2794089352543,239,90,False,0,0.0,0.0,True,377,0.4596153846153846,1.0,True,281,0.4444444444444444,0.7453580901856764,True,206,0.39667458432304037,0.5464190981432361,True,149,0.32418952618453867,0.3952254641909814
120.1978002116424,55.84238576828876,-64.35541444335365,-81.43743820271995,-8.513028675064879,0.8876448353505962,False,291.7436984247856,291.7436984247852,False,True,0.15420337407826878,6.276208518858089,0.5503765953067138,0.6200414550818961,FLOOR_Q_REPLAY,81.7401449240478,0.28017792797372565,+x,LAW_29_L32_S890000,"{""PLANNED"": 23, ""SOURCE"": 0, ""SINK"": 297, ""OTHER"": 0}",1.0,0.24869849074510889,L32_S990101,,NONE,0.5,0.15420337407826878,44.98786266317478,0.005124916620589973,0.606561828467759,71.44279547656446,0.24488205182256306,LAW_29,1.7053025658242404e-13,3.6637359812630166e-15,False,320,0,0,320,False,72.55621748264028,72.55621748264028,{},890000,32,0.24869849074510889,0.2229403945726323,0.3934381715322411,201.79323154700023,0.6916798293726464,363,0.6727748691099477,29.23541259417779,128.70925757888463,0.4870259481037924,0.2975206611570248,0.5261707988980716,0.09425725142436153,0.0010231290063124066,0.015885443931008714,140.0715307780466,196.56949780746817,244,88,True,570,0.5232,0.6368421052631579,True,363,0.4870259481037924,1.0,True,255,0.4282511210762332,0.7024793388429752,True,172,0.3349397590361446,0.4738292011019284,True,108,0.2436548223350254,0.2975206611570248
281.7333652215258,126.47580713296199,-155.25755808856405,-61.86851687942447,-28.78175095560216,0.8312500000000007,False,291.7436984247856,291.7436984247852,False,True,0.17319553908584348,7.049205792909936,0.6181626809021386,0.7436543529649781,PARENT_LOW_CONSTANT,81.7401449240473,0.28017792797372393,+x,LAW_29_L32_S890000,"{""PLANNED"": 266, ""SOURCE"": 0, ""SINK"": 0, ""OTHER"": 0}",1.0,0.23289790262815824,L32_S990101,,NONE,0.0,0.17319553908584348,50.528707123578414,0.0001103200660664273,0.6223001393563209,62.09841242558122,0.21285262633218757,LAW_29,1.1368683772161603e-13,6.217248937900877e-15,False,266,0,54,320,False,67.94649546811438,67.94649546811438,"{""NO_SINK_CAPACITY"": 54}",890000,32,0.23289790262815824,0.25126980516165953,0.3776998606436791,201.09343058975887,0.6892811453187326,341,0.7931937172774869,24.653970714444362,134.7361360953196,0.4093567251461988,0.24926686217008798,0.4340175953079179,0.12405523455850026,0.000598887486854105,0.01597378731194793,128.9275155257271,195.16134771145,210,84,True,475,0.44276094276094274,0.7178947368421053,True,341,0.4093567251461988,1.0,True,256,0.3603411513859275,0.750733137829912,True,193,0.3097949886104784,0.5659824046920822,True,146,0.26618705035971224,0.4281524926686217
9.900580249706335,7.20057445084331,-2.700005798863027,-79.36498375073563,4.5005686519802826,0.0,False,290.267124555539,290.267124555539,False,True,0.0,0.0,,,SHAM,0.0,0.0,-x,LAW_29_L32_S890001,"{""PLANNED"": 0, ""SOURCE"": 0, ""SINK"": 0, ""OTHER"": 0}",1.0,0.0,L32_S990102,,NONE,0.0,0.0,0.0,0.0,0.4085803909069238,0.0,0.0,LAW_29,0.0,2.4424906541753444e-15,False,0,0,0,0,False,0.0,0.0,{},890001,32,0.0,0.0,0.5914196090930762,215.40270945678355,0.742084415472855,390,0.042105263157894736,0.0,168.74776684210315,0.9592875318066157,0.3,0.517948717948718,0.09680377119139189,0.0005307448197388043,0.013745925602344833,209.48530034176213,210.82764262167242,377,90,False,0,0.0,0.0,True,390,0.9592875318066157,1.0,True,273,0.718421052631579,0.7,True,188,0.49473684210526314,0.48205128205128206,True,115,0.3026315789473684,0.2948717948717949
315.2657500201865,140.05915251587797,-175.20659750430838,-13.677331727555025,-35.147444988430166,0.12862281860533614,True,290.267124555539,290.267124555539,False,False,0.0,0.0,0.0,0.0,PARENT_FULL,1161.0684982221571,4.0000000000000036,-x,LAW_29_L32_S890001,"{""PLANNED"": 16, ""SOURCE"": 56, ""SINK"": 54, ""OTHER"": 0}",1.0,0.514491274421345,L32_S990102,4656,TRACK_LOST_OR_DISSOLVED,0.0,0.0,0.0,0.13797080743895412,1.0,123.28593588098342,0.4247326874159812,LAW_29,1.7053025658242404e-13,5.10702591327572e-15,False,126,2779,194,320,False,149.33990283519856,149.33990283519856,"{""NO_SINK_CAPACITY"": 148, ""NO_TRACK"": 46}",890001,32,0.514491274421345,,,,,,,,,,,,,,,,,,,,,,,,,,,,,,,,,,,,,,
121.54601165713125,58.54077654874237,-63.00523510838882,-80.30752347437408,-4.464458559646474,0.06299142444826278,False,290.267124555539,290.267124555539,False,True,0.15645862327111507,6.335769348329369,0.03911465581777873,0.6209520765783771,FLOOR_FULL,1161.0684982221571,4.0000000000000036,-x,LAW_29_L32_S890001,"{""PLANNED"": 13, ""SOURCE"": 0, ""SINK"": 307, ""OTHER"": 0}",1.0,0.2519656977930514,L32_S990102,,NONE,0.5,0.15645862327111507,45.41479468882491,0.010332774076024176,0.5988133814861996,71.57397968669834,0.24657969722300932,LAW_29,1.7053025658242404e-13,3.774758283725532e-15,False,320,0,0,320,False,73.13735858501894,73.13735858501894,{},890001,32,0.2519656977930514,0.2210017917288204,0.40118661851380044,205.49514252151857,0.7079518317349082,370,0.6684210526315789,29.971349677866453,127.32241773641942,0.4940239043824701,0.3054054054054054,0.5216216216216216,0.09105458981721165,0.00021280581726029757,0.014433208185538893,142.43103413427312,196.3995125273829,248,90,False,0,0.0,0.0,True,370,0.4940239043824701,1.0,True,257,0.43792325056433407,0.6945945945945946,True,177,0.3486682808716707,0.4783783783783784,True,111,0.24936386768447838,0.3
416.39494500123465,199.4107170246475,-216.98422797658748,-51.13941124326424,-17.573510951940072,0.9792238721038453,False,290.267124555539,290.267124555539,False,True,0.2259981088587601,9.151760771961772,0.6540837081559824,0.6679613587755934,PARENT_Q_REPLAY,100.2927001474528,0.3455186332280046,-x,LAW_29_L32_S890001,"{""PLANNED"": 292, ""SOURCE"": 0, ""SINK"": 0, ""OTHER"": 0}",1.0,0.338340093913555,L32_S990102,,NONE,0.0,0.2259981088587601,65.59982121342198,0.004552326586380395,0.6228096299060887,94.16755125473448,0.3244168673904257,LAW_29,1.1368683772161603e-13,5.329070518200751e-15,False,292,0,28,320,False,98.20900618213864,98.20900618213864,"{""NO_SINK_CAPACITY"": 28}",890001,32,0.338340093913555,0.29608926625878534,0.3771903700939113,221.55420236033478,0.7632769391283344,380,0.8736842105263158,36.6993838307548,120.63072084066529,0.39194139194139194,0.2657894736842105,0.4421052631578947,0.12039957757564673,0.0002844155275241178,0.016471885609957826,132.4434786196699,192.92184775623855,214,94,False,0,0.0,0.0,True,380,0.39194139194139194,1.0,True,279,0.3729166666666667,0.7342105263157894,True,212,0.3424036281179138,0.5578947368421052,True,155,0.2891566265060241,0.40789473684210525
117.94439998221536,56.288745539705914,-61.65565444250954,-80.21358659936755,-5.366908902803616,0.6902684474793692,False,290.267124555539,290.267124555539,False,True,0.15002866050879754,6.075388935101536,0.4342129369613331,0.6290493771617902,FLOOR_Q_REPLAY,100.2927001474528,0.3455186332280046,-x,LAW_29_L32_S890001,"{""PLANNED"": 37, ""SOURCE"": 0, ""SINK"": 283, ""OTHER"": 0}",1.0,0.2385006105334883,L32_S990102,,NONE,0.5,0.15002866050879754,43.54838788680781,0.004170402546833465,0.5940098551411308,68.21082113929336,0.23499327126259545,LAW_29,1.7053025658242404e-13,5.773159728050814e-15,False,320,0,0,320,False,69.22888642429615,69.22888642429615,{},890001,32,0.2385006105334883,0.2127563880855816,0.4059901448588692,204.68662905336785,0.7051664199546773,368,0.6684210526315789,27.329446010444073,129.87726971001044,0.4930139720558882,0.29891304347826086,0.5163043478260869,0.09300248604031208,0.00010426996001006161,0.014078116785651906,141.93536836466012,196.29887916714475,247,90,False,0,0.0,0.0,True,368,0.4930139720558882,1.0,True,258,0.4272930648769575,0.7010869565217391,True,178,0.34782608695652173,0.483695652173913,True,110,0.24681933842239187,0.29891304347826086
253.2733566592499,115.22248929864172,-138.05086736060818,-60.82724539105835,-22.828378061966337,0.725000000000001,False,290.267124555539,290.267124555539,False,True,0.18323760597138655,7.42018038445246,0.5303262642002607,0.7314845023451862,PARENT_LOW_CONSTANT,100.29270014745215,0.34551863322800236,-x,LAW_29_L32_S890001,"{""PLANNED"": 232, ""SOURCE"": 0, ""SINK"": 0, ""OTHER"": 0}",1.0,0.25050100909030204,L32_S990102,,NONE,0.0,0.18323760597138655,53.187852995755236,0.000128460693069482,0.6181570505466396,67.07188691490393,0.23106952610498113,LAW_29,1.7053025658242404e-13,4.6629367034256575e-15,False,232,0,88,320,False,72.71220760690291,72.71220760690291,"{""NO_SINK_CAPACITY"": 88}",890001,32,0.25050100909030204,0.2574292946517293,0.3818429494533604,206.61150110251427,0.7117978014867534,352,0.8210526315789474,26.10870723707245,131.7714621425182,0.40229885057471265,0.2528409090909091,0.4318181818181818,0.1223716150994873,8.177960526367656e-05,0.014148471156292364,129.20683042848233,193.97194261959856,210,86,True,495,0.42045454545454547,0.7111111111111111,True,352,0.40229885057471265,1.0,True,263,0.3651804670912951,0.7471590909090909,True,200,0.3211845102505695,0.5681818181818182,True,147,0.26987951807228916,0.41761363636363635
13.500362398162626,6.750327660578848,-6.750034737583781,-79.05127048830543,0.00029292299506666897,0.0,False,283.8657510577793,283.86575105777933,False,True,0.0,0.0,,,SHAM,0.0,0.0,+y,LAW_29_L32_S890002,"{""PLANNED"": 0, ""SOURCE"": 0, ""SINK"": 0, ""OTHER"": 0}",1.0,0.0,L32_S990103,,NONE,0.0,0.0,0.0,0.0,0.425103953827065,0.0,0.0,LAW_29,0.0,2.4424906541753444e-15,False,0,0,0,0,False,0.0,0.0,{},890002,32,0.0,0.0,0.574896046172935,204.81477349246845,0.7215198477775486,373,0.05361930294906166,0.0,163.0541322586128,0.9477806788511749,0.2975871313672922,0.5308310991957105,0.09285186248647342,0.00034208622912651476,0.01412694663080949,200.25531075135862,204.67859310479218,363,88,True,539,0.6920222634508348,0.6920222634508348,True,373,0.9477806788511749,1.0,True,262,0.7024128686327078,0.7024128686327078,True,175,0.4691689008042895,0.4691689008042895,True,99,0.26541554959785524,0.26541554959785524
304.9795571018631,141.3915778264293,-163.58797927543375,-40.88114986990544,-22.196401449004373,0.12229902437942615,False,283.8657510577793,283.86575105777933,False,True,0.2613748205742289,10.35091514367966,0.0653437051435568,0.5342945740992296,PARENT_FULL,1135.4630042311248,4.000000000000027,+y,LAW_29_L32_S890002,"{""PLANNED"": 16, ""SOURCE"": 45, ""SINK"": 50, ""OTHER"": 0}",1.0,0.4891960975177078,L32_S990103,,NONE,0.0,0.2613748205742289,74.1953597498958,0.12080722448000931,0.6497367516697299,117.07130497771992,0.41241785788342844,LAW_29,1.7053025658242404e-13,5.88418203051333e-15,False,111,0,209,320,False,138.8660176363988,138.86601763639877,"{""NO_SINK_CAPACITY"": 209}",890002,32,0.4891960975177077,0.33604766847887746,0.35026324833027006,220.7881997388695,0.7777909061453816,382,0.9142091152815014,49.48275919553484,102.73773503116601,0.3777372262773723,0.2617801047120419,0.45287958115183247,0.11499005905025322,0.00035388106473177583,0.01785101899704783,128.09921275621713,186.64996412711523,207,94,False,0,0.0,0.0,True,382,0.3777372262773723,1.0,True,282,0.3818565400843882,0.7382198952879581,True,209,0.35348837209302325,0.5471204188481675,True,148,0.29925187032418954,0.387434554973822
112.0896929578591,51.33517871042624,-60.7545142474328,-80.00715944137718,-9.419335537006548,0.05903811247029283,False,283.8657510577793,283.86575105777933,False,True,0.14295981273648847,5.661466882466906,0.03573995318412188,0.6053708644920811,FLOOR_FULL,1135.4630042311248,4.000000000000027,+y,LAW_29_L32_S890002,"{""PLANNED"": 12, ""SOURCE"": 0, ""SINK"": 308, ""OTHER"": 0}",1.0,0.23615244988117287,L32_S990103,,NONE,0.5,0.14295981273648847,40.58139461352279,0.006790234597956542,0.6017949578431852,65.8012058061116,0.23180396212263774,LAW_29,1.1368683772161603e-13,3.885780586188048e-15,False,320,0,0,320,False,67.03559254965373,67.03559254965373,{},890002,32,0.23615244988117287,0.20870988416532574,0.3982050421568149,194.43925607939573,0.6849690579256202,352,0.6246648793565683,27.395684373334017,125.30348569959925,0.5135699373695198,0.29829545454545453,0.5340909090909091,0.08949790310994749,0.0006432773820998494,0.012470820128367144,140.0036822152968,191.68863941282837,246,86,True,529,0.5418803418803418,0.665406427221172,True,352,0.5135699373695198,1.0,True,247,0.4418604651162791,0.7017045454545454,True,164,0.3458646616541353,0.4659090909090909,True,97,0.23684210526315788,0.2755681818181818
406.6280124785639,191.31810190460013,-215.30991057396406,-51.87222597039517,-23.991808669364126,1.0,False,283.8657510577793,283.86575105777933,False,True,0.2047902059448711,8.11006216794338,0.6362224466354836,0.6362224466354836,PARENT_Q_REPLAY,91.37201292918975,0.32188459716858014,+y,LAW_29_L32_S890002,"{""PLANNED"": 320, ""SOURCE"": 0, ""SINK"": 0, ""OTHER"": 0}",1.0,0.32188459716858014,L32_S990103,,NONE,0.0,0.2047902059448711,58.13292561981814,0.003981349767387261,0.6224619988242359,87.70660620091108,0.30897213162942955,LAW_29,2.2737367544323206e-13,5.10702591327572e-15,False,320,0,0,320,False,91.37201292918975,91.37201292918975,{},890002,32,0.32188459716858014,0.27948291303033646,0.377538001175764,208.0017164180198,0.7327467848549373,359,0.8096514745308311,34.12360467178112,118.96388939934016,0.4158607350096712,0.2590529247910863,0.4596100278551532,0.11614863265492209,0.00034582911553782125,0.016663247443194473,131.24507911447984,189.01572326624424,215,88,False,0,0.0,0.0,True,359,0.4158607350096712,1.0,True,266,0.38611713665943603,0.7409470752089137,True,194,0.34679334916864607,0.5403899721448467,True,139,0.2864321608040201,0.3871866295264624
108.49000337880199,49.53550787437348,-58.95449550442848,-80.10967881040187,-9.41898763005498,0.714769214262254,False,283.8657510577793,283.86575105777933,False,True,0.13945215193780158,5.522557177238784,0.4332364865062696,0.6061207979605456,FLOOR_Q_REPLAY,91.37201292918975,0.32188459716858014,+y,LAW_29_L32_S890002,"{""PLANNED"": 24, ""SOURCE"": 0, ""SINK"": 296, ""OTHER"": 0}",1.0,0.23007320060130818,L32_S990103,,NONE,0.5,0.13945215193780158,39.58568984644761,0.003950812264286095,0.5985378525854597,64.31145199278632,0.22655586929081864,LAW_29,1.7053025658242404e-13,5.440092820663267e-15,False,320,0,0,320,False,65.30990188695748,65.30990188695748,{},890002,32,0.23007320060130818,0.20369601573676702,0.4014621474145403,194.3370846173228,0.6846091291152857,352,0.6246648793565683,26.013594813433016,126.53022217095244,0.5135699373695198,0.29545454545454547,0.5340909090909091,0.08913819622746538,0.0006702658109238313,0.012502947969304623,139.86517094019405,191.53091480044137,246,86,True,531,0.5400340715502555,0.6629001883239172,True,352,0.5135699373695198,1.0,True,248,0.4408352668213457,0.7045454545454546,True,164,0.3458646616541353,0.4659090909090909,True,98,0.2394736842105263,0.2784090909090909
257.29576747422016,115.22293455232051,-142.07283292189965,-61.82775708978499,-26.849898369579005,0.7281249999999956,False,283.8657510577793,283.86575105777933,False,True,0.16650600170653657,6.5939385086570725,0.5172847758829922,0.7104340269637704,PARENT_LOW_CONSTANT,91.37201292918995,0.3218845971685808,+y,LAW_29_L32_S890002,"{""PLANNED"": 233, ""SOURCE"": 0, ""SINK"": 0, ""OTHER"": 0}",1.0,0.2343722223133715,L32_S990103,,NONE,0.0,0.16650600170653657,47.26535123005389,8.965888027574524e-05,0.6194180094464585,61.04019358603894,0.21503190630987581,LAW_29,1.1368683772161603e-13,3.885780586188048e-15,False,233,0,87,320,False,66.53024691406603,66.53024691406603,"{""NO_SINK_CAPACITY"": 87}",890002,32,0.2343722223133715,0.242152837677656,0.38058199055354147,195.1880955984154,0.6876070638006835,336,0.774798927613941,23.45300682854883,129.7627342366581,0.42084168336673344,0.2619047619047619,0.44345238095238093,0.1169307372001292,5.9335373256308444e-05,0.01655649290520017,126.86549905307847,189.28668809804597,210,84,True,468,0.4475043029259897,0.717948717948718,True,336,0.42084168336673344,1.0,True,248,0.36784140969163,0.7380952380952381,True,187,0.32387706855791965,0.5565476190476191,True,139,0.26732673267326734,0.41369047619047616
15.750214317405407,9.000191445336705,-6.7500228720687,-77.43529322490814,2.2501685732680063,0.0,False,285.435547238109,285.4355472381092,False,True,0.0,0.0,,,SHAM,0.0,0.0,-y,LAW_29_L32_S890003,"{""PLANNED"": 0, ""SOURCE"": 0, ""SINK"": 0, ""OTHER"": 0}",1.0,0.0,L32_S990104,,NONE,0.0,0.0,0.0,0.0,0.4150965646198571,0.0,0.0,LAW_29,0.0,2.55351295663786e-15,False,0,0,0,0,False,0.0,0.0,{},890003,32,0.0,0.0,0.5849034353801429,210.25042258646872,0.73659508992788,382,0.04509283819628647,0.0,165.4468002104993,0.9561855670103093,0.2931937172774869,0.5287958115183246,0.09462058508157506,0.0002010017959531707,0.014895907504489103,205.25678095336872,207.92745045448626,371,90,True,561,0.6720142602495544,0.6809269162210339,True,382,0.9561855670103093,1.0,True,270,0.7161803713527851,0.7068062827225131,True,180,0.47745358090185674,0.4712041884816754,True,105,0.27851458885941643,0.27486910994764396
325.26264665747624,146.46834812345105,-178.79429853402547,-17.781924383707683,-32.325950410574585,0.13035406672140878,True,285.435547238109,285.4355472381092,False,False,0.0,0.0,0.0,0.0,PARENT_FULL,1141.7421889524383,4.000000000000004,-y,LAW_29_L32_S890003,"{""PLANNED"": 17, ""SOURCE"": 53, ""SINK"": 51, ""OTHER"": 0}",1.0,0.5214162668856358,L32_S990104,5408,TRACK_LOST_OR_DISSOLVED,0.0,0.0,0.0,0.13798937189692392,1.0,123.11424242907358,0.4313206383028816,LAW_29,2.2737367544323206e-13,4.9960036108132044e-15,False,121,2028,199,320,False,148.83073747735347,148.83073747735347,"{""NO_SINK_CAPACITY"": 199}",890003,32,0.5214162668856358,,,,,,,,,,,,,,,,,,,,,,,,,,,,,,,,,,,,,,
118.39500317172816,56.74012713535098,-61.65487603637718,-78.10708912797692,-4.914748901026224,0.0627724623555835,False,285.435547238109,285.4355472381092,False,True,0.1584720978547386,6.310486882413295,0.039618024463684606,0.6311370141776931,FLOOR_FULL,1141.7421889524383,4.000000000000004,-y,LAW_29_L32_S890003,"{""PLANNED"": 13, ""SOURCE"": 0, ""SINK"": 307, ""OTHER"": 0}",1.0,0.25108984942233425,L32_S990104,,NONE,0.5,0.1584720978547386,45.23356997313851,0.008570153313672516,0.6053430261319079,70.27112298063084,0.24618910875179445,LAW_29,1.7053025658242404e-13,4.884981308350689e-15,False,320,0,0,320,False,71.66996857579842,71.66996857579842,{},890003,32,0.25108984942233425,0.22347088124554582,0.39465697386809206,202.41370920910572,0.7091398081551945,366,0.6763925729442971,29.506645036656646,124.62798693288468,0.48897795591182364,0.3087431693989071,0.5355191256830601,0.08892497122485249,0.0004140825966456041,0.012338619506093829,139.43283503930053,193.6105023871259,244,88,False,0,0.0,0.0,True,366,0.48897795591182364,1.0,True,253,0.42857142857142855,0.6912568306010929,True,170,0.3374083129584352,0.4644808743169399,True,104,0.23969072164948454,0.28415300546448086
432.2422325518838,206.74528023279854,-225.49695231908507,-49.39641152973324,-18.751672086286437,1.0,False,285.435547238109,285.4355472381092,False,True,0.19585333408104502,7.799037889485396,0.6530147193103757,0.6530147193103757,PARENT_Q_REPLAY,85.60833613500918,0.29992177555795124,-y,LAW_29_L32_S890003,"{""PLANNED"": 320, ""SOURCE"": 0, ""SINK"": 0, ""OTHER"": 0}",1.0,0.29992177555795124,L32_S990104,,NONE,0.0,0.19585333408104502,55.90350359183132,0.0020478166469830475,0.5989258560118997,82.71284343460441,0.289777654657728,LAW_29,1.7053025658242404e-13,4.6629367034256575e-15,False,320,0,0,320,False,85.60833613500918,85.6083361350092,{},890003,32,0.2999217755579513,0.25727901030249867,0.4010741439881002,217.28746362208932,0.7612487853197519,377,0.8010610079575596,33.06103438849163,123.58734963147269,0.42803030303030304,0.27586206896551724,0.4535809018567639,0.11301368282884056,2.2394895527133585e-05,0.016366279272596818,137.96004180131374,193.87036226606563,226,92,False,0,0.0,0.0,True,377,0.42803030303030304,1.0,True,273,0.4192139737991266,0.7241379310344828,True,206,0.375,0.5464190981432361,True,145,0.30174563591022446,0.38461538461538464
117.94629055641762,56.29168817791037,-61.65460237850721,-78.26426943131699,-5.362914200596849,0.8122531088529794,False,285.435547238109,285.4355472381092,False,True,0.15419957409409285,6.140351536750943,0.5141326394431746,0.6329709715352216,FLOOR_Q_REPLAY,85.60833613500918,0.29992177555795124,-y,LAW_29_L32_S890003,"{""PLANNED"": 24, ""SOURCE"": 0, ""SINK"": 296, ""OTHER"": 0}",1.0,0.24361239460965142,L32_S990104,,NONE,0.5,0.15419957409409285,44.01403981543076,0.004277448833742029,0.6026457005015717,68.49983214942021,0.23998353678169565,LAW_29,1.1368683772161603e-13,4.551914400963142e-15,False,320,0,0,320,False,69.53563716939206,69.53563716939206,{},890003,32,0.24361239460965142,0.21809819488610918,0.39735429949842827,201.8083636061953,0.7070190295459154,365,0.6790450928381963,27.92000050633703,126.05121237326614,0.48697394789579157,0.3041095890410959,0.5342465753424658,0.0890138232524828,0.0006378401214794938,0.012476709111815698,138.8304500509097,193.45170033835754,243,88,False,0,0.0,0.0,True,365,0.48697394789579157,1.0,True,254,0.4276018099547511,0.6958904109589041,True,170,0.3374083129584352,0.4657534246575342,True,100,0.23575129533678757,0.273972602739726
272.005348692582,122.88108110904273,-149.1242675835392,-58.898735966661526,-26.24318647449659,0.7937499999999991,False,285.435547238109,285.4355472381092,False,True,0.17640756283326778,7.024691578439582,0.5881785759139748,0.7410123791042212,PARENT_LOW_CONSTANT,85.60833613500978,0.29992177555795335,-y,LAW_29_L32_S890003,"{""PLANNED"": 254, ""SOURCE"": 0, ""SINK"": 0, ""OTHER"": 0}",1.0,0.23806290934912516,L32_S990104,,NONE,0.0,0.17640756283326778,50.35298923425493,0.00012532556540653482,0.6235573799333736,62.39027126087051,0.21857919192112674,LAW_29,2.2737367544323206e-13,3.552713678800501e-15,False,254,0,66,320,False,67.95161680716393,67.95161680716393,"{""NO_SINK_CAPACITY"": 66}",890003,32,0.23806290934912516,0.25139586587092144,0.37644262006662643,200.29362479695087,0.7017122665169195,342,0.8037135278514589,24.523707817201217,130.32666953779176,0.4070450097847358,0.2543859649122807,0.4298245614035088,0.12203613343962932,0.0005609379486256061,0.016041146178380095,126.840985192408,191.57547663616302,208,84,True,482,0.4269102990033223,0.7095435684647303,True,342,0.4070450097847358,1.0,True,255,0.3533190578158458,0.7456140350877193,True,195,0.3119266055045872,0.5701754385964912,True,140,0.25790754257907544,0.4093567251461988
19.350266658879207,9.900235478728952,-9.450031180150257,-79.96692092824287,0.45020429857869404,0.0,False,289.0387895342685,289.03878953426863,False,True,0.0,0.0,,,SHAM,0.0,0.0,+x,LAW_29_L32_S890004,"{""PLANNED"": 0, ""SOURCE"": 0, ""SINK"": 0, ""OTHER"": 0}",1.0,0.0,L32_S990105,,NONE,0.0,0.0,0.0,0.0,0.41943357345813914,0.0,0.0,LAW_29,0.0,2.3314683517128287e-15,False,0,0,0,0,False,0.0,0.0,{},890004,32,0.0,0.0,0.5805664265418609,209.52207290460447,0.7248925766752957,379,0.05026455026455026,0.0,167.44606159862758,0.9510309278350515,0.29023746701846964,0.503957783641161,0.0978376329826473,0.00013909772743536664,0.015853436238459695,204.9918982035151,208.988897039153,369,92,True,557,0.6786355475763016,0.6804308797127468,True,379,0.9510309278350515,1.0,True,269,0.7116402116402116,0.7097625329815304,True,188,0.4973544973544973,0.49604221635883905,True,107,0.2830687830687831,0.28232189973614774
327.5118608185556,151.3024040407231,-176.20945677783277,-30.457430425570713,-24.907052737109776,0.13175443477556997,True,289.0387895342685,289.03878953426863,False,False,0.0,0.0,0.0,0.0,PARENT_FULL,1156.1551581370747,4.000000000000001,+x,LAW_29_L32_S890004,"{""PLANNED"": 15, ""SOURCE"": 63, ""SINK"": 53, ""OTHER"": 0}",1.0,0.52701773910228,L32_S990105,6256,TRACK_LOST_OR_DISSOLVED,0.0,0.0,0.0,0.1483744333774978,1.0,124.36760421495214,0.4302799787369267,LAW_29,1.7053025658242404e-13,5.551115123125783e-15,False,131,1177,189,320,False,152.32856937321,152.32856937321,"{""NO_SINK_CAPACITY"": 189}",890004,32,0.52701773910228,,,,,,,,,,,,,,,,,,,,,,,,,,,,,,,,,,,,,,
121.99026086829345,56.7356069075905,-65.25465396070298,-80.71962386424177,-8.519047053112466,0.06377204438230176,False,289.0387895342685,289.03878953426863,False,True,0.15531641816505104,6.262900321041385,0.03882910454126275,0.6088734478777152,FLOOR_FULL,1156.1551581370747,4.000000000000001,+x,LAW_29_L32_S890004,"{""PLANNED"": 13, ""SOURCE"": 0, ""SINK"": 307, ""OTHER"": 0}",1.0,0.2550881775292071,L32_S990105,,NONE,0.5,0.15531641816505104,44.892469501224646,0.013719834505843506,0.6090677208363898,71.87277788913973,0.24866135789230615,LAW_29,1.7053025658242404e-13,4.6629367034256575e-15,False,320,0,0,320,False,73.73037805754464,73.73037805754464,{},890004,32,0.2550881775292071,0.22468690114893755,0.3909322791636102,199.8001186169144,0.6912571109879561,359,0.6640211640211641,30.099350037033986,125.75178621017712,0.49190283400809715,0.2924791086350975,0.5125348189415042,0.0953270287970917,0.0011149628104430431,0.015236372570782086,139.49438163439154,194.31072303824936,243,86,True,553,0.5187601957585645,0.6491862567811935,True,359,0.49190283400809715,1.0,True,254,0.4170403587443946,0.7075208913649025,True,175,0.348780487804878,0.48746518105849584,True,108,0.2493573264781491,0.3008356545961003
424.21257690302275,200.3244853936363,-223.88809150938633,-51.33242453033417,-23.563606115750037,1.0,False,289.0387895342685,289.03878953426863,False,True,0.19293363777743675,7.779757969256886,0.6321003656881437,0.6321003656881437,PARENT_Q_REPLAY,88.22223202311201,0.3052262714124477,+x,LAW_29_L32_S890004,"{""PLANNED"": 320, ""SOURCE"": 0, ""SINK"": 0, ""OTHER"": 0}",1.0,0.3052262714124477,L32_S990105,,NONE,0.0,0.19293363777743675,55.76530512363336,0.00364021115846512,0.6035493412955022,85.22670601761983,0.2948625205459328,LAW_29,1.7053025658242404e-13,5.329070518200751e-15,False,320,0,0,320,False,88.22223202311201,88.22223202311201,{},890004,32,0.3052262714124477,0.2604118178600261,0.39645065870449786,214.1427588881844,0.740878963800101,368,0.783068783068783,33.98399302112538,124.42750128517741,0.43186180422264875,0.24456521739130435,0.4375,0.12194500876257458,0.00025936286975447587,0.019770927473723665,138.34001771965998,194.56693321028087,225,90,False,0,0.0,0.0,True,368,0.43186180422264875,1.0,True,278,0.41379310344827586,0.7554347826086957,True,207,0.3700234192037471,0.5625,True,150,0.32,0.4076086956521739
122.88968870912701,57.63503981502339,-65.25464889410365,-80.79411729932441,-7.619609079080228,0.8091645737129779,False,289.0387895342685,289.03878953426863,False,True,0.15246497660912658,6.147920240718824,0.49951459257942765,0.6173213815915433,FLOOR_Q_REPLAY,88.22223202311201,0.3052262714124477,+x,LAW_29_L32_S890004,"{""PLANNED"": 25, ""SOURCE"": 0, ""SINK"": 295, ""OTHER"": 0}",1.0,0.2469782857934549,L32_S990105,,NONE,0.5,0.15246497660912658,44.06829228547253,0.007825637590040117,0.6046990902210425,70.03586730844867,0.24230611891676626,LAW_29,1.7053025658242404e-13,3.6637359812630166e-15,False,320,0,0,320,False,71.38630476698886,71.38630476698886,{},890004,32,0.2469782857934549,0.21965497028273182,0.39530090977895754,200.62506315586413,0.6941112072851311,361,0.6693121693121693,28.66703765776847,127.10101653973764,0.4899193548387097,0.296398891966759,0.5207756232686981,0.09451877355437183,0.0003448757915567313,0.014731505824893742,139.42237555813875,194.23246637029513,243,86,True,553,0.5187601957585645,0.6528028933092225,True,361,0.4899193548387097,1.0,True,254,0.4170403587443946,0.703601108033241,True,173,0.3439024390243902,0.4792243767313019,True,108,0.2493573264781491,0.29916897506925205
272.0987445418401,122.42750120301997,-149.67124333881995,-61.20941808185789,-27.243742135799913,0.778124999999999,False,289.0387895342685,289.03878953426863,False,True,0.17433033634549389,7.0296078957036086,0.5711511513696758,0.7340095118003874,PARENT_LOW_CONSTANT,88.22223202311265,0.3052262714124499,+x,LAW_29_L32_S890004,"{""PLANNED"": 249, ""SOURCE"": 0, ""SINK"": 0, ""OTHER"": 0}",1.0,0.23750419244281223,L32_S990105,,NONE,0.0,0.17433033634549389,50.38822939640347,8.979727099318196e-05,0.6222756233693678,63.271294250720324,0.21890243296641967,LAW_29,1.1368683772161603e-13,4.884981308350689e-15,False,249,0,71,320,False,68.64792429298444,68.64792429298444,"{""NO_SINK_CAPACITY"": 71}",890004,32,0.23750419244281223,0.25120558022065015,0.37772437663063224,200.5856293166108,0.6939747763261002,341,0.8015873015873016,24.575577100491262,132.07956018173957,0.4070450097847358,0.24633431085043989,0.4281524926686217,0.12505509869636317,0.0013266836006997629,0.01703850714231092,127.64800707946968,192.4583302809277,208,82,True,471,0.4292929292929293,0.7239915074309978,True,341,0.4070450097847358,1.0,True,257,0.35394456289978676,0.7536656891495601,True,195,0.31422018348623854,0.5718475073313783,True,144,0.2669902912621359,0.4222873900293255
14.400485489688908,9.900467658879588,-4.500017830809319,-81.37346011056471,5.400449828070271,0.0,False,290.76194524267675,290.76194524267675,False,True,0.0,0.0,,,SHAM,0.0,0.0,-x,LAW_29_L32_S890005,"{""PLANNED"": 0, ""SOURCE"": 0, ""SINK"": 0, ""OTHER"": 0}",1.0,0.0,L32_S990106,,NONE,0.0,0.0,0.0,0.0,0.4092158598354111,0.0,0.0,LAW_29,0.0,2.55351295663786e-15,False,0,0,0,0,False,0.0,0.0,{},890005,32,0.0,0.0,0.5907841401645889,214.78893496018281,0.7387106135258344,388,0.06914893617021277,0.0,168.16351844761013,0.9341772151898734,0.2963917525773196,0.520618556701031,0.09411562303089177,8.6081149539452e-05,0.013297878490569515,206.1240890124175,209.23847661384238,369,92,True,552,0.6811594202898551,0.7028985507246377,True,388,0.9341772151898734,1.0,True,273,0.726063829787234,0.7036082474226805,True,186,0.4946808510638298,0.4793814432989691,True,115,0.3058510638297872,0.2963917525773196
318.092392260073,147.25463711376258,-170.8377551463102,-32.22929292699975,-23.583118032547592,0.12474720063079636,True,290.76194524267675,290.76194524267675,False,False,0.0,0.0,0.0,0.0,PARENT_FULL,1163.0477809707068,3.999999999999999,-x,LAW_29_L32_S890005,"{""PLANNED"": 15, ""SOURCE"": 54, ""SINK"": 48, ""OTHER"": 0}",1.0,0.49898880252318534,L32_S990106,6224,TRACK_LOST_OR_DISSOLVED,0.0,0.0,0.0,0.1302913645292898,1.0,121.03714073440777,0.4162757290448973,LAW_29,1.1368683772161603e-13,5.329070518200751e-15,False,117,1209,203,320,False,145.08695487595526,145.08695487595526,"{""NO_SINK_CAPACITY"": 203}",890005,32,0.49898880252318534,,,,,,,,,,,,,,,,,,,,,,,,,,,,,,,,,,,,,,
115.69704844016803,55.8436631713835,-59.85338526878456,-81.94911311488893,-4.009722097401053,0.06204872891744587,False,290.76194524267675,290.76194524267675,False,True,0.15308990678640053,6.209921748637538,0.03827247669660014,0.6168132267063943,FLOOR_FULL,1163.0477809707068,3.999999999999999,-x,LAW_29_L32_S890005,"{""PLANNED"": 13, ""SOURCE"": 0, ""SINK"": 307, ""OTHER"": 0}",1.0,0.24819491566978344,L32_S990106,,NONE,0.5,0.15308990678640053,44.51271909423387,0.008234205549344889,0.5963472576261533,70.73401652290711,0.24327123160450326,LAW_29,1.7053025658242404e-13,3.6637359812630166e-15,False,320,0,0,320,False,72.16563647948834,72.16563647948834,{},890005,32,0.24819491566978344,0.21734396068316272,0.40365274237384674,204.80311003038696,0.7043669688598811,367,0.651595744680851,29.2987050557914,127.80539523029717,0.5040485829959515,0.2970027247956403,0.5149863760217984,0.09342160191089705,0.0002659967552826603,0.012939437249172236,143.6361146413242,195.04806022207256,249,88,True,552,0.521311475409836,0.6648550724637681,True,367,0.5040485829959515,1.0,True,258,0.4474885844748858,0.7029972752043597,True,178,0.35784313725490197,0.48501362397820164,True,110,0.25257731958762886,0.2997275204359673
400.8408339213744,191.312343890573,-209.52849003080198,-53.1109907647936,-18.21614614022933,0.9556309002417893,False,290.76194524267675,290.76194524267675,False,True,0.21657956759222616,8.785309203813263,0.6310531559131616,0.6603523973047496,PARENT_Q_REPLAY,99.79047847690205,0.3432033665671571,-x,LAW_29_L32_S890005,"{""PLANNED"": 271, ""SOURCE"": 0, ""SINK"": 0, ""OTHER"": 0}",1.0,0.32797574215858516,L32_S990106,,NONE,0.0,0.21657956759222616,62.97309637293347,0.0026021101927934547,0.6175961158296897,91.67048772081526,0.3152767727025107,LAW_29,1.1368683772161603e-13,5.995204332975845e-15,False,271,0,49,320,False,95.36286478244081,95.3628647824408,"{""NO_SINK_CAPACITY"": 49}",890005,32,0.3279757421585851,0.2869786104127745,0.3824038841703103,219.43480833765406,0.7546888852821115,376,0.851063829787234,35.173448966263294,122.0775357580746,0.40298507462686567,0.2553191489361702,0.44148936170212766,0.12248748812257432,0.0001317732823796769,0.01726861488921211,133.82138300034362,191.9189905829866,216,92,False,0,0.0,0.0,True,376,0.40298507462686567,1.0,True,280,0.38396624472573837,0.7446808510638298,True,210,0.3533487297921478,0.5585106382978723,True,155,0.2982885085574572,0.4122340425531915
114.79460526284181,54.941023795542534,-59.85358146729925,-82.13995401408405,-4.912557671756747,0.6820685136912922,False,290.76194524267675,290.76194524267675,False,True,0.1445818215076085,5.86480073497234,0.421271571295374,0.6176382032583367,FLOOR_Q_REPLAY,99.79047847690205,0.3432033665671571,-x,LAW_29_L32_S890005,"{""PLANNED"": 39, ""SOURCE"": 0, ""SINK"": 281, ""OTHER"": 0}",1.0,0.23408821012830858,L32_S990106,,NONE,0.5,0.1445818215076085,42.03889166828173,0.002070156749119737,0.5904861283905737,67.1374355131881,0.23090172772490436,LAW_29,1.7053025658242404e-13,4.9960036108132044e-15,False,320,0,0,320,False,68.06394333528347,68.06394333528347,{},890005,32,0.23408821012830858,0.20636693615149965,0.4095138716094263,203.70943355683596,0.7006055534083571,365,0.6569148936170213,26.010580336851728,130.81640880767532,0.5,0.29041095890410956,0.5123287671232877,0.09567157577205804,0.00044752815836662796,0.013217860302712936,142.4652511454499,194.74389592275782,247,88,True,547,0.5205930807248764,0.6672760511882998,True,365,0.5,1.0,True,259,0.4399092970521542,0.7095890410958904,True,178,0.35784313725490197,0.4876712328767123,True,110,0.25257731958762886,0.3013698630136986
249.6946781154752,112.9776136312808,-136.7170644841941,-62.44017445599901,-23.739450852913283,0.7156249999999997,False,290.76194524267675,290.76194524267675,False,True,0.17674974617068212,7.169656810510169,0.5150000360969522,0.7196507054629903,PARENT_LOW_CONSTANT,99.79047847690244,0.34320336656715844,-x,LAW_29_L32_S890005,"{""PLANNED"": 229, ""SOURCE"": 0, ""SINK"": 0, ""OTHER"": 0}",1.0,0.24560490919962266,L32_S990106,,NONE,0.0,0.17674974617068212,51.39210001773689,8.918648337187194e-05,0.6153629412723669,65.91618235145543,0.2267015454737044,LAW_29,1.7053025658242404e-13,5.440092820663267e-15,False,229,0,91,320,False,71.41256116003328,71.41256116003328,"{""NO_SINK_CAPACITY"": 91}",890005,32,0.24560490919962266,0.2512049918799217,0.3846370587276331,204.58231993376464,0.7036076188134435,347,0.7845744680851063,25.389470233352952,132.5309759646753,0.4204322200392927,0.24495677233429394,0.42363112391930835,0.1243967716123317,0.00018104533026852554,0.018883584304596135,131.59352242225074,192.88889942950263,214,84,True,477,0.4312080536912752,0.7274633123689728,True,347,0.4204322200392927,1.0,True,262,0.3720430107526882,0.7550432276657061,True,200,0.3271889400921659,0.5763688760806917,True,149,0.2804878048780488,0.42939481268011526
18.000602076218943,13.050581265600053,-4.950020810618889,-77.36906488147571,8.100560454981164,0.0,False,287.28563328775783,287.28563328775783,False,True,0.0,0.0,,,SHAM,0.0,0.0,+y,LAW_29_L32_S890006,"{""PLANNED"": 0, ""SOURCE"": 0, ""SINK"": 0, ""OTHER"": 0}",1.0,0.0,L32_S990107,,NONE,0.0,0.0,0.0,0.0,0.40155595254255305,0.0,0.0,LAW_29,0.0,2.9976021664879227e-15,False,0,0,0,0,False,0.0,0.0,{},890006,32,0.0,0.0,0.598444047457447,218.0171288612635,0.7588862915497345,396,0.08465608465608465,0.0,166.59901142594921,0.9205955334987593,0.29292929292929293,0.5378787878787878,0.09362879861282675,0.0005251234581353237,0.01302037600021494,206.58285691873695,209.6910659403103,371,92,True,583,0.6483704974271012,0.6792452830188679,True,396,0.9205955334987593,1.0,True,280,0.7407407407407407,0.7070707070707071,True,183,0.48412698412698413,0.4621212121212121,True,109,0.28835978835978837,0.27525252525252525
340.86766577156885,153.55332098164308,-187.31434478992568,-14.663761083995588,-33.761023808282694,0.1336005891032435,True,287.28563328775783,287.28563328775783,False,False,0.0,0.0,0.0,0.0,PARENT_FULL,1149.1425331510272,3.999999999999986,+y,LAW_29_L32_S890006,"{""PLANNED"": 16, ""SOURCE"": 64, ""SINK"": 47, ""OTHER"": 0}",1.0,0.534402356412972,L32_S990107,5024,TRACK_LOST_OR_DISSOLVED,0.0,0.0,0.0,0.14445516063111866,1.0,125.73122209619488,0.4376523136827277,LAW_29,2.2737367544323206e-13,6.994405055138486e-15,False,127,2412,193,320,False,153.52611939257073,153.5261193925707,"{""NO_SINK_CAPACITY"": 170, ""NO_TRACK"": 23}",890006,32,0.534402356412972,,,,,,,,,,,,,,,,,,,,,,,,,,,,,,,,,,,,,,
128.7395506862932,63.93559387755629,-64.80395680873688,-78.61705102225673,-0.8683629311805942,0.06570016411020309,False,287.28563328775783,287.28563328775783,False,True,0.1663055202636364,6.665344127816522,0.04157638006590925,0.6328200336938357,FLOOR_FULL,1149.1425331510272,3.999999999999986,+y,LAW_29_L32_S890006,"{""PLANNED"": 14, ""SOURCE"": 0, ""SINK"": 306, ""OTHER"": 0}",1.0,0.2628006564408114,L32_S990107,,NONE,0.5,0.1663055202636364,47.77718670818883,0.013442158732485521,0.6050867200967333,73.5604824941325,0.25605346724892125,LAW_29,1.1368683772161603e-13,3.6637359812630166e-15,False,320,0,0,320,False,75.49885301403698,75.49885301403695,{},890006,32,0.2628006564408113,0.22991884638640406,0.39491327990326675,207.80021933432104,0.723322697888548,376,0.6931216931216931,30.93535676995049,123.41653432579439,0.484251968503937,0.31117021276595747,0.5452127659574468,0.08906863282961103,0.0004831569356712473,0.012783530392526665,140.43155952824483,194.41613384123943,246,90,False,0,0.0,0.0,True,376,0.484251968503937,1.0,True,259,0.4250559284116331,0.6888297872340425,True,171,0.32929782082324455,0.45478723404255317,True,105,0.23846153846153847,0.27925531914893614
420.778587902914,202.1091662121914,-218.66942169072283,-47.14565891061905,-16.560255478531445,0.9895455166228564,False,287.28563328775783,287.28563328775783,False,True,0.23919251370411962,9.586575443244797,0.6815731371173562,0.68877391253658,PARENT_Q_REPLAY,100.82054153103569,0.3509418148663544,+y,LAW_29_L32_S890006,"{""PLANNED"": 305, ""SOURCE"": 0, ""SINK"": 0, ""OTHER"": 0}",1.0,0.3472728994964895,L32_S990107,,NONE,0.0,0.23919251370411962,68.7165727771787,0.004004148786488961,0.6328319603587869,95.46187344503923,0.3322890614213919,LAW_29,1.7053025658242404e-13,6.217248937900877e-15,False,305,0,15,320,False,99.76651485552486,99.76651485552486,"{""NO_SINK_CAPACITY"": 15}",890006,32,0.3472728994964895,0.307347075645718,0.3671680396412131,223.57971889860752,0.7782488679991189,384,0.9047619047619048,37.24282004146804,116.96109004105546,0.3804347826086957,0.2708333333333333,0.453125,0.12067503459282664,0.00048672263252097503,0.014671685679657154,129.62916306690113,190.52249083115657,210,90,False,0,0.0,0.0,True,384,0.3804347826086957,1.0,True,280,0.359504132231405,0.7291666666666666,True,210,0.33031674208144796,0.546875,True,155,0.28743961352657005,0.4036458333333333
124.68452631263851,61.68085614881068,-63.00367016382781,-78.7536015712538,-1.3228140150171352,0.6948288570515029,False,287.28563328775783,287.28563328775783,False,True,0.1561673604219781,6.259017722894184,0.4449950214153014,0.640438313549083,FLOOR_Q_REPLAY,100.82054153103569,0.3509418148663544,+y,LAW_29_L32_S890006,"{""PLANNED"": 43, ""SOURCE"": 0, ""SINK"": 277, ""OTHER"": 0}",1.0,0.24384450011516914,L32_S990107,,NONE,0.5,0.1561673604219781,44.86463903770551,0.0032588135190198975,0.5961805301356362,68.98269420380616,0.24011884414251264,LAW_29,1.1368683772161603e-13,4.107825191113079e-15,False,320,0,0,320,False,70.0530216393231,70.05302163932313,{},890006,32,0.24384450011516925,0.21651854842837714,0.40381946986436384,207.20921770148678,0.7212655061450183,375,0.6904761904761905,27.0868628747818,127.01772239454822,0.48520710059171596,0.31466666666666665,0.544,0.08915204816272021,0.000236674945062465,0.012729083604374858,140.20102879426187,194.17008543912877,246,90,False,0,0.0,0.0,True,375,0.48520710059171596,1.0,True,257,0.42058165548098436,0.6853333333333333,True,171,0.32929782082324455,0.456,True,105,0.23529411764705882,0.28
267.0409146532551,123.32314415340842,-143.7177704998466,-58.55989964395809,-20.394626346438308,0.7375000000000036,False,287.28563328775783,287.28563328775783,False,True,0.1912755792630387,7.666116897469977,0.5450350205086871,0.739030536282962,PARENT_LOW_CONSTANT,100.82054153103536,0.35094181486635323,+y,LAW_29_L32_S890006,"{""PLANNED"": 236, ""SOURCE"": 0, ""SINK"": 0, ""OTHER"": 0}",1.0,0.25881958846393677,L32_S990107,,NONE,0.0,0.1912755792630387,54.950725921064794,0.00015914118415263548,0.6241876880593282,68.35900807159341,0.23794788235415185,LAW_29,1.7053025658242404e-13,3.6637359812630166e-15,False,236,0,84,320,False,74.35514937913894,74.35514937913894,"{""NO_SINK_CAPACITY"": 84}",890006,32,0.25881958846393677,0.263766302756846,0.3758123119406718,208.33110729736143,0.7251706425872257,356,0.8465608465608465,26.460808499046067,128.35301512771022,0.3927893738140417,0.25842696629213485,0.4438202247191011,0.12371897861873099,0.00010091057638278444,0.012456617665198844,126.91150481446421,191.82613488689594,207,86,True,498,0.406099518459069,0.714859437751004,True,356,0.3927893738140417,1.0,True,264,0.35157894736842105,0.7415730337078652,True,198,0.3120728929384966,0.5561797752808989,True,146,0.26570048309178745,0.4101123595505618
13.050360588578105,6.300308437036417,-6.750052151541688,-79.31729363408567,-0.4497437145052706,0.0,False,290.47779767617124,290.4777976761713,False,True,0.0,0.0,,,SHAM,0.0,0.0,-y,LAW_29_L32_S890007,"{""PLANNED"": 0, ""SOURCE"": 0, ""SINK"": 0, ""OTHER"": 0}",1.0,0.0,L32_S990108,,NONE,0.0,0.0,0.0,0.0,0.41833266013845005,0.0,0.0,LAW_29,0.0,2.55351295663786e-15,False,0,0,0,0,False,0.0,0.0,{},890007,32,0.0,0.0,0.58166733986155,210.71076032758037,0.725393685897067,382,0.0391644908616188,0.0,169.2113586180757,0.9615384615384616,0.2931937172774869,0.5261780104712042,0.0953008170272786,0.0003269517117743259,0.016080633534050537,207.53782066316526,211.10324957858666,375,90,True,559,0.6851520572450805,0.6833631484794276,True,382,0.9615384615384616,1.0,True,270,0.7049608355091384,0.7068062827225131,True,181,0.4725848563968668,0.4738219895287958,True,109,0.2845953002610966,0.28534031413612565
309.8542528141397,138.2460019823531,-171.60825083178693,-23.566356160842023,-33.362248849433804,0.1280211150985129,True,290.47779767617124,290.4777976761713,False,False,0.0,0.0,0.0,0.0,PARENT_FULL,1161.9111907046804,3.9999999999999836,-y,LAW_29_L32_S890007,"{""PLANNED"": 17, ""SOURCE"": 47, ""SINK"": 50, ""OTHER"": 0}",1.0,0.5120844603940495,L32_S990108,5600,TRACK_LOST_OR_DISSOLVED,0.0,0.0,0.0,0.13144562704960558,1.0,123.9266350742401,0.426630317585908,LAW_29,1.7053025658242404e-13,5.329070518200751e-15,False,114,1832,206,320,False,148.74916627945407,148.74916627945407,"{""NO_SINK_CAPACITY"": 206}",890007,32,0.5120844603940495,,,,,,,,,,,,,,,,,,,,,,,,,,,,,,,,,,,,,,
115.24233869826514,53.587705721113814,-61.654632977151266,-80.2389875856368,-8.066927256037449,0.0603085182457647,False,290.47779767617124,290.4777976761713,False,True,0.15063650995627675,6.104431035396753,0.03765912748906934,0.6244412660845642,FLOOR_FULL,1161.9111907046804,3.9999999999999836,-y,LAW_29_L32_S890007,"{""PLANNED"": 13, ""SOURCE"": 0, ""SINK"": 307, ""OTHER"": 0}",1.0,0.2412340729830578,L32_S990108,,NONE,0.5,0.15063650995627675,43.75656166172392,0.006864301229805932,0.6001620020437484,68.9014410695381,0.23720036994479826,LAW_29,1.1368683772161603e-13,4.6629367034256575e-15,False,320,0,0,320,False,70.0731422445714,70.0731422445714,{},890007,32,0.2412340729830578,0.21643247838545485,0.3998379979562517,202.17188283449673,0.6959977129125744,365,0.6527415143603134,28.98468716310087,128.79876532892214,0.49899799599198397,0.30684931506849317,0.536986301369863,0.09270264364510478,4.293536908139828e-05,0.0134460403155503,142.1926325472542,197.0097014222013,249,88,True,564,0.5373376623376623,0.6471631205673759,True,365,0.49899799599198397,1.0,True,253,0.42921348314606744,0.6931506849315069,True,169,0.3365617433414044,0.46301369863013697,True,105,0.23857868020304568,0.2876712328767123
416.39290846355703,197.16977542523864,-219.22313303831794,-52.44995461130752,-22.053357613078973,0.9999999999999999,False,290.47779767617124,290.4777976761713,False,True,0.1996159382129068,8.089285451052993,0.6475321325281321,0.6475321325281322,PARENT_Q_REPLAY,89.54613246259053,0.308271865109697,-y,LAW_29_L32_S890007,"{""PLANNED"": 320, ""SOURCE"": 0, ""SINK"": 0, ""OTHER"": 0}",1.0,0.30827186510969695,L32_S990108,,NONE,0.0,0.1996159382129068,57.98399811314785,0.00291339469394345,0.6080012885483609,86.21183412720417,0.29679319664669973,LAW_29,1.1368683772161603e-13,4.884981308350689e-15,False,320,0,0,320,False,89.54613246259052,89.54613246259052,{},890007,32,0.30827186510969695,0.2684761488925623,0.3919987114516391,215.97448545178455,0.7435146065537027,372,0.8015665796344648,34.545548695763635,125.3720694679062,0.4218455743879473,0.24731182795698925,0.4435483870967742,0.1162890100354454,0.0002157085558007199,0.015661850000321553,137.62120022159726,196.4667361565035,224,90,False,0,0.0,0.0,True,372,0.4218455743879473,1.0,True,280,0.40764331210191085,0.7526881720430108,True,207,0.3689095127610209,0.5564516129032258,True,150,0.30317848410757947,0.4032258064516129
116.14112758866351,53.58667168008279,-62.55445590858073,-80.3660983126383,-8.967784228497912,0.7674697795864314,False,290.47779767617124,290.4777976761713,False,True,0.14746076496495739,5.975736363094913,0.4783464910509566,0.6232772986953631,FLOOR_Q_REPLAY,89.54613246259053,0.308271865109697,-y,LAW_29_L32_S890007,"{""PLANNED"": 22, ""SOURCE"": 0, ""SINK"": 298, ""OTHER"": 0}",1.0,0.23658934036843726,L32_S990108,,NONE,0.5,0.14746076496495739,42.83407825066434,0.004053049913071955,0.599507335630276,67.77738863950859,0.23333070266205944,LAW_29,1.7053025658242404e-13,4.6629367034256575e-15,False,320,0,0,320,False,68.72395054388174,68.72395054388174,{},890007,32,0.23658934036843726,0.2129523939210807,0.4004926643697239,201.14391513503472,0.692458827298301,363,0.6527415143603134,27.86272326956951,129.78659270918297,0.4979919678714859,0.30578512396694213,0.5316804407713499,0.09305388261520281,0.00021745670498035663,0.014124748731143166,141.61374250459727,196.87074442843996,248,88,True,562,0.5365853658536586,0.6459074733096085,True,363,0.4979919678714859,1.0,True,252,0.43018018018018017,0.6942148760330579,True,170,0.3357487922705314,0.46831955922865015,True,105,0.23857868020304568,0.2892561983471074
252.55200384071597,112.97375220888706,-139.57825163182886,-61.70874658742695,-26.604499422941835,0.7624999999999965,False,290.47779767617124,290.4777976761713,False,True,0.17168533026425944,6.95741861446264,0.55692831456794,0.7303977895973016,PARENT_LOW_CONSTANT,89.54613246259082,0.308271865109698,-y,LAW_29_L32_S890007,"{""PLANNED"": 244, ""SOURCE"": 0, ""SINK"": 0, ""OTHER"": 0}",1.0,0.23505729714614362,L32_S990108,,NONE,0.0,0.17168533026425944,49.8707766284682,9.959829106224747e-05,0.6169533700894851,62.702762988013866,0.21586077658821892,LAW_29,1.1368683772161603e-13,4.773959005888173e-15,False,244,0,76,320,False,68.27892600272519,68.27892600272519,"{""NO_SINK_CAPACITY"": 76}",890007,32,0.23505729714614362,0.24668408095059846,0.38304662991051486,202.1645516658022,0.6959724746026135,346,0.7963446475195822,24.561429141892525,133.87325085068304,0.41005802707930367,0.2658959537572254,0.4393063583815029,0.11864601298792915,0.00013841934119757093,0.011668408311004852,129.12743844637046,194.79168499568462,212,86,True,478,0.44221105527638194,0.7238493723849372,True,346,0.41005802707930367,1.0,True,254,0.3640256959314775,0.7341040462427746,True,194,0.32036613272311215,0.5606936416184971,True,143,0.2674698795180723,0.41329479768786126
19.35021672605894,8.550150968980432,-10.800065757078512,-78.0561359846661,-2.249914788098081,0.0,False,284.6971625190524,284.6971625190523,False,True,0.0,0.0,,,SHAM,0.0,0.0,+x,LAW_29_L32_S890008,"{""PLANNED"": 0, ""SOURCE"": 0, ""SINK"": 0, ""OTHER"": 0}",1.0,0.0,L32_S990100,,NONE,0.0,0.0,0.0,0.0,0.4269900460979458,0.0,0.0,LAW_29,0.0,2.6645352591003757e-15,False,0,0,0,0,False,0.0,0.0,{},890008,32,0.0,0.0,0.5730099539020542,204.39111174628823,0.71792465347318,372,0.06631299734748011,0.0,164.41178733116325,0.9354005167958657,0.2956989247311828,0.5241935483870968,0.08994042997815005,0.0004669777864009794,0.015915520132408933,199.85625673688548,206.49573722913766,362,90,True,547,0.6892138939670932,0.680073126142596,True,372,0.9354005167958657,1.0,True,262,0.6949602122015915,0.7043010752688172,True,177,0.46949602122015915,0.47580645161290325,True,99,0.2625994694960212,0.2661290322580645
333.37199520751733,148.1742566083696,-185.19773859914812,-12.178045756926025,-37.02348199077871,0.13574857230269818,True,284.6971625190524,284.6971625190523,False,False,0.0,0.0,0.0,0.0,PARENT_FULL,1138.7886500762088,3.9999999999999982,+x,LAW_29_L32_S890008,"{""PLANNED"": 16, ""SOURCE"": 61, ""SINK"": 54, ""OTHER"": 0}",1.0,0.5429942892107925,L32_S990100,4832,TRACK_LOST_OR_DISSOLVED,0.0,0.0,0.0,0.14848419086615813,1.0,125.93377447931113,0.44234292103590417,LAW_29,1.1368683772161603e-13,5.218048215738236e-15,False,131,2599,189,320,False,154.5889334023623,154.58893340236227,"{""NO_SINK_CAPACITY"": 154, ""NO_TRACK"": 35}",890008,32,0.5429942892107924,,,,,,,,,,,,,,,,,,,,,,,,,,,,,,,,,,,,,,
120.19287273137897,55.837938780277,-64.35493395110191,-79.21098011689901,-8.516995170824927,0.06426563315650065,False,284.6971625190524,284.6971625190523,False,True,0.1590282697918132,6.316252395374377,0.03975706744795331,0.618636516832197,FLOOR_FULL,1138.7886500762088,3.9999999999999982,+x,LAW_29_L32_S890008,"{""PLANNED"": 13, ""SOURCE"": 0, ""SINK"": 307, ""OTHER"": 0}",1.0,0.2570625326260025,L32_S990100,,NONE,0.5,0.1590282697918132,45.27489717004354,0.010640304053696849,0.617961184703898,71.61572503791459,0.2515505402450998,LAW_29,1.1368683772161603e-13,3.552713678800501e-15,False,320,0,0,320,False,73.18497362858422,73.18497362858422,{},890008,32,0.2570625326260025,0.22985776509739583,0.38203881529610195,196.96918723132785,0.6918551118968262,358,0.6816976127320955,30.082219410341576,122.74494290423674,0.48185483870967744,0.3268156424581006,0.5391061452513967,0.08750413824993314,0.0002605320020991897,0.012485749734202578,135.75030156840344,191.81293298240155,239,88,False,0,0.0,0.0,True,358,0.48185483870967744,1.0,True,241,0.410958904109589,0.6731843575418994,True,165,0.33497536945812806,0.46089385474860334,True,99,0.2268041237113402,0.276536312849162
413.950059300252,196.72272397984503,-217.22733532040755,-50.58119363324513,-20.504611340562594,1.0,False,284.6971625190524,284.6971625190523,False,True,0.19716076566171029,7.830791091514052,0.6469808455699227,0.6469808455699227,PARENT_Q_REPLAY,86.7585353234485,0.3047397260857579,+x,LAW_29_L32_S890008,"{""PLANNED"": 320, ""SOURCE"": 0, ""SINK"": 0, ""OTHER"": 0}",1.0,0.3047397260857579,L32_S990100,,NONE,0.0,0.19716076566171029,56.131110543972724,0.002017390850776189,0.6053805559838048,83.60668786565391,0.29366884842085084,LAW_29,1.1368683772161603e-13,5.218048215738236e-15,False,320,0,0,320,False,86.7585353234485,86.75853532344848,{},890008,32,0.30473972608575783,0.2627721259253908,0.39461944401619525,213.61135754524474,0.7503108062446867,371,0.7904509283819628,33.3984011708192,122.30889479680447,0.43021032504780116,0.2722371967654987,0.4528301886792453,0.11343761588990425,0.00011974756211591275,0.01596724564077734,136.68614687923815,192.3257382624121,225,90,False,0,0.0,0.0,True,371,0.43021032504780116,1.0,True,270,0.4126637554585153,0.7277628032345014,True,203,0.3744075829383886,0.5471698113207547,True,145,0.3082706766917293,0.3908355795148248
120.1874039983982,55.38311809353102,-64.80428590486727,-79.37569049089636,-9.421167811336222,0.8072301985992842,False,284.6971625190524,284.6971625190523,False,True,0.15283388934000833,6.0702252555596,0.5015226970998812,0.6212883239132153,FLOOR_Q_REPLAY,86.7585353234485,0.3047397260857579,+x,LAW_29_L32_S890008,"{""PLANNED"": 30, ""SOURCE"": 0, ""SINK"": 290, ""OTHER"": 0}",1.0,0.2459951096092978,L32_S990100,,NONE,0.5,0.15283388934000833,43.511374631851204,0.004619038049793194,0.6143283961855072,68.98328318354258,0.2423040769818917,LAW_29,1.7053025658242404e-13,3.9968028886505635e-15,False,320,0,0,320,False,70.03410969933034,70.03410969933034,{},890008,32,0.2459951096092978,0.22210978592301425,0.38567160381449284,195.90030421681976,0.6881006557405006,356,0.6816976127320955,27.87842576408579,124.7410635975521,0.4808080808080808,0.3146067415730337,0.5393258426966292,0.08684927872666198,0.0011142802772015625,0.012987653476134231,135.13255847909335,191.62333188833213,238,88,False,0,0.0,0.0,True,356,0.4808080808080808,1.0,True,244,0.4145785876993166,0.6853932584269663,True,164,0.33251231527093594,0.4606741573033708,True,98,0.22422680412371135,0.2752808988764045
274.1494497858335,121.97958933870517,-152.16986044712817,-59.65743471543169,-30.190271108422902,0.7875000000000033,False,284.6971625190524,284.6971625190523,False,True,0.17529640301640145,6.962386793884728,0.5752331842914062,0.7304548371954335,PARENT_LOW_CONSTANT,86.75853532344851,0.30473972608575794,+x,LAW_29_L32_S890008,"{""PLANNED"": 252, ""SOURCE"": 0, ""SINK"": 0, ""OTHER"": 0}",1.0,0.23998253429253538,L32_S990100,,NONE,0.0,0.17529640301640145,49.906388538565736,0.00016565628314864976,0.6343790857481744,62.96613356146918,0.22116881322010157,LAW_29,1.1368683772161603e-13,5.329070518200751e-15,False,252,0,68,320,False,68.32234656721599,68.32234656721599,"{""NO_SINK_CAPACITY"": 68}",890008,32,0.23998253429253538,0.2561279327385249,0.3656209142518257,194.84945669519777,0.684409549330012,334,0.7984084880636605,24.55789100967717,128.989503550495,0.4051383399209486,0.25748502994011974,0.44011976047904194,0.12198530906332544,0.0002630196204547741,0.015549555589618846,124.13931480622068,189.82867273726853,205,82,True,469,0.43147208121827413,0.7121535181236673,True,334,0.4051383399209486,1.0,True,248,0.3557483731019523,0.7425149700598802,True,187,0.302540415704388,0.5598802395209581,True,135,0.25183374083129584,0.4041916167664671
