{
  "accepted_result_commit": "d71c7ebb14cb74d47bbaac7858f4ec0286240bdb",
  "claim_boundary": "The persisted aggregates and hashes cannot identify buffering, cancellation, saturation regime, gradient/upwind gating, or boundary partition. NO_ACCESS_ESTABLISHED remains unchanged and is not absence or equivalence.",
  "decomposition_values_computed": false,
  "engine_or_runner_imported": false,
  "frozen_plan_sha256": "b4bc77d9b3eaa1e1581aa2bf87e3e509d0af44dfb937265eb248fcd3ee13fd73",
  "frozen_result": {
    "classification_reason": "interval_includes_numerical_null_without_directional_convergence_or_equivalence",
    "classifier_version": "DOWNSTREAM-ORDER-READER-01-CLASSIFIER-v1",
    "delta_num": 8.97597327013001e-12,
    "direct_source_calibration_secondary": {
      "ci95_t": [
        0.00019739610919297694,
        0.000369178913965051
      ],
      "mean": 0.000283287511579014,
      "median": 0.0002282928896593997,
      "n_worlds": 35,
      "negative": 1,
      "positive": 34,
      "sd": 0.00025003900213203416,
      "values": [
        0.00022783844223038183,
        0.00013708157394824727,
        0.0002223044802448556,
        0.00029651091303631305,
        0.00015104586818380505,
        0.0002282928896593997,
        0.0001385772003203757,
        6.211152467136549e-05,
        0.00022281352651060474,
        0.00022306066268654862,
        0.00039058945649850935,
        0.0002813602412145349,
        0.00034485124551074733,
        0.00013915995057238624,
        0.00024618784553641707,
        0.0004094706065862555,
        0.00022064115089316313,
        -2.699616888651897e-05,
        0.0002507531233537216,
        0.0005926332332223776,
        7.964580377817568e-05,
        0.00027853676158943845,
        0.0004385811148058683,
        0.00013052547625421948,
        0.00029994936510098144,
        0.0005637823389156478,
        0.00019572402323089766,
        0.0001916933657624756,
        0.00018209257677157323,
        0.00014040410019216902,
        0.0015190160308567492,
        0.00023505674546016493,
        0.0002663344172806493,
        0.0002809243982942241,
        0.00035450862097876484
      ],
      "zero": 0
    },
    "equivalence_margin": null,
    "minimum_valid_worlds": 18,
    "n_complete_worlds": 35,
    "numerical_null": [
      -8.97597327013001e-12,
      8.97597327013001e-12
    ],
    "primary_summary": {
      "ci95_t": [
        -3.874958897076355e-09,
        1.0561800065742683e-07
      ],
      "mean": 5.0871520880175235e-08,
      "median": 8.55489855591438e-11,
      "n_worlds": 35,
      "negative": 14,
      "positive": 21,
      "sd": 1.5937282188293732e-07,
      "values": [
        8.55489855591438e-11,
        -9.638382742209635e-10,
        2.3486485634067545e-09,
        1.7138275429534903e-08,
        -2.7584624706357376e-09,
        -1.2739254379309176e-10,
        -9.965857988489518e-08,
        4.373996878746984e-07,
        1.0386379964096894e-10,
        1.5814982540104895e-09,
        -2.1780354260599044e-09,
        -5.254389895263564e-08,
        -1.2041828328023755e-07,
        1.063817016248858e-08,
        4.009069811820084e-07,
        -4.08745247281394e-08,
        3.82622694611041e-07,
        -2.0531252961858773e-10,
        8.080280027570512e-11,
        5.5788711634982254e-08,
        1.4469094658517488e-07,
        -1.2372601052956615e-10,
        3.0245849599289283e-10,
        -1.6247094316004167e-09,
        6.849519825565149e-10,
        3.6239348065372073e-09,
        5.48034222051173e-09,
        8.073095569077705e-09,
        -5.879533532672336e-11,
        -3.952916724755452e-09,
        6.342329467166658e-07,
        5.171800731814183e-11,
        1.2436980772231442e-09,
        4.681536444449278e-11,
        -1.1340847245674968e-09
      ],
      "zero": 0
    },
    "required_directional_signs": 27,
    "run_disposition": "SCIENTIFIC_CLASSIFIED",
    "scientific_classification": "NO_ACCESS_ESTABLISHED",
    "source_zero_order_secondary": {
      "ci95_t": [
        -2.522243065556361e-07,
        6.346610364889111e-07
      ],
      "mean": 1.9121836496663748e-07,
      "median": 1.9135944017126987e-07,
      "n_worlds": 35,
      "negative": 13,
      "positive": 22,
      "sd": 1.2909087523318586e-06,
      "values": [
        -6.684816385064089e-07,
        -3.498270571802213e-08,
        2.9147006676837506e-07,
        7.438748424368519e-07,
        1.9135944017126987e-07,
        6.519182524932664e-07,
        1.242934631380413e-08,
        6.089967619745426e-06,
        -2.6542517198079128e-08,
        3.8695631155226493e-07,
        4.488802763703034e-07,
        7.114472513945438e-07,
        -6.594758600034215e-07,
        3.251462228169436e-07,
        1.938934100837391e-06,
        -8.281589019619819e-07,
        8.73302166275701e-07,
        7.581585182734945e-07,
        5.4849269997205735e-08,
        -1.7965051393954286e-06,
        -3.0031836919107067e-07,
        2.521878421230244e-07,
        -1.5758046057362833e-06,
        -8.233572386878591e-07,
        1.9075533778312094e-07,
        -4.663473530032181e-07,
        3.9851903744947295e-07,
        9.376067276245636e-07,
        2.0086275248965327e-07,
        -8.698820111907764e-08,
        -2.030659637981545e-06,
        2.0871320782711535e-07,
        -1.155133873766861e-08,
        8.56473516917049e-08,
        2.488303386368796e-07
      ],
      "zero": 0
    }
  },
  "immutability_checks": {
    "all_48_ordered_records": true,
    "all_48_ordered_seeds": true,
    "all_parent_bound_files_exact": true,
    "classification_object_exact": true,
    "complete_world_count_35": true,
    "existing_reproduction_engine_or_runner_imported_false": true,
    "frozen_classification_exact": true,
    "manifest_sha256_exact": true,
    "no_manipulation_or_numerical_failure": true,
    "raw_collection_sha256_exact": true,
    "reproduction_sha256_exact": true,
    "run_state_complete_48": true,
    "stored_complete_world_contrasts_exact": true
  },
  "manifest_sha256": "0d40765937ca203269bd7fa935f3db4c999576dabf2d6ca0f96223f777ba03e4",
  "mechanistic_diagnosis": "RAW_INSUFFICIENT",
  "n_complete_worlds": 35,
  "n_raw_worlds": 48,
  "prospective_classification_preserved": true,
  "raw_availability": {
    "aggregate_J_flux_abs_count_and_hash_present": true,
    "boundary_flux_values_available": false,
    "hashes_are_not_numerical_face_values": true,
    "internal_face_values_available": false,
    "required_missing_quantities": [
      "source-conditioned core c values",
      "internal face c_i and c_p",
      "internal face rho_i and rho_p",
      "exact per-face cbar, dc, chi, upwind and free-capacity terms",
      "executed numerical internal +x face-flux values",
      "prospectively persisted numerical boundary face flux"
    ],
    "source_core_c_values_available": false
  },
  "raw_collection_sha256": "8d4baaac198cf5e5526359ad723d4cebd0c0614ffa2441fead41144ef573adf1",
  "reproduction_sha256": "35616172409424d28d765acecb2c29ac1f2527fb7acd48196a9113e85081b679",
  "roadmap_recommendation": "UNRESOLVED_RAW_INSUFFICIENT",
  "schema": "DOWNSTREAM-ORDER-READER-01-NULL-MECHANISM-RAW-AUDIT-v1",
  "status": "PASS_IMMUTABILITY_RAW_INSUFFICIENT",
  "world_rows": [
    {
      "boundary_flux_values_available": false,
      "internal_face_values_available": false,
      "mechanism_status": "RAW_INSUFFICIENT",
      "seed": 58001,
      "source_core_c_values_available": false,
      "stored_delta_A_O": 8.55489855591438e-11,
      "world_id": "W001"
    },
    {
      "boundary_flux_values_available": false,
      "internal_face_values_available": false,
      "mechanism_status": "RAW_INSUFFICIENT",
      "seed": 58002,
      "source_core_c_values_available": false,
      "stored_delta_A_O": -9.638382742209635e-10,
      "world_id": "W002"
    },
    {
      "boundary_flux_values_available": false,
      "internal_face_values_available": false,
      "mechanism_status": "RAW_INSUFFICIENT",