block,event,mask_registration,placement,planned,realized,rejected,sink_capacity,size,source_capacity,spacing,time
L24_S990000,0,1.0,INTERFACE,2.099374250876334,2.099374250876334,False,89.55073253334693,24,19.785003174518554,1,272
L24_S990000,64,0.6607142857142857,INTERFACE,2.099374250876334,0.03802262642775023,False,61.241172645996365,24,0.03802262642775023,1,336
L24_S990000,128,0.6071428571428571,INTERFACE,2.099374250876334,0.03152223712426905,False,56.38943474905168,24,0.03152223712426905,1,400
L24_S990000,192,0.5714285714285714,INTERFACE,2.099374250876334,0.027624162603460012,False,52.94156254509927,24,0.027624162603460012,1,464
L24_S990000,256,0.5357142857142857,INTERFACE,2.099374250876334,0.024888455338224702,False,49.873018952122614,24,0.024888455338224702,1,528
L24_S990000,320,0.5178571428571429,INTERFACE,2.099374250876334,0.022800201918761864,False,47.8673057963816,24,0.022800201918761864,1,592
L24_S990000,384,0.49107142857142855,INTERFACE,2.099374250876334,0.021127428683206273,False,45.54006564535002,24,0.021127428683206273,1,656
L24_S990000,448,0.4642857142857143,INTERFACE,2.099374250876334,0.01974769244130936,False,43.215273489500085,24,0.01974769244130936,1,720
L24_S990000,512,0.44642857142857145,INTERFACE,2.099374250876334,0.018588867775367612,False,41.45026368817401,24,0.018588867775367612,1,784
L24_S990000,576,0.4107142857142857,INTERFACE,2.099374250876334,0.01759044740823712,False,38.90251686513703,24,0.01759044740823712,1,848
L24_S990000,640,0.4017857142857143,INTERFACE,2.099374250876334,0.016733321060991235,False,37.68705897417444,24,0.016733321060991235,1,912
L24_S990000,704,0.375,INTERFACE,2.099374250876334,0.016007931768542982,False,35.62169889343454,24,0.016007931768542982,1,976
L24_S990000,768,0.36607142857142855,INTERFACE,2.099374250876334,0.015395451100494895,False,34.489291031098354,24,0.015395451100494895,1,1040
L24_S990000,832,0.35714285714285715,INTERFACE,2.099374250876334,0.014876948107295895,False,33.406654599967005,24,0.014876948107295895,1,1104
L24_S990000,896,0.3482142857142857,INTERFACE,2.099374250876334,0.014436138411428545,False,32.38931641136039,24,0.014436138411428545,1,1168
L24_S990000,960,0.3392857142857143,INTERFACE,2.099374250876334,0.014059265084749528,False,31.330758539367608,24,0.014059265084749528,1,1232
L24_S990000,1024,0.32142857142857145,INTERFACE,2.099374250876334,0.01373453734655028,False,29.882911910743992,24,0.01373453734655028,1,1296
L24_S990000,1088,0.33035714285714285,INTERFACE,2.099374250876334,0.013449873449442484,False,29.752822289482516,24,0.013449873449442484,1,1360
L24_S990000,1152,0.30357142857142855,INTERFACE,2.099374250876334,0.01319617315246413,False,27.902099342102204,24,0.01319617315246413,1,1424
L24_S990000,1216,0.2857142857142857,INTERFACE,2.099374250876334,0.013032721264510272,False,26.54298324895593,24,0.013032721264510272,1,1488
L24_S990000,1280,0.2767857142857143,INTERFACE,2.099374250876334,0.012914311102654397,False,25.641463277061803,24,0.012914311102654397,1,1552
L24_S990000,1344,0.25892857142857145,INTERFACE,2.099374250876334,0.012830761959640946,False,24.275328424938245,24,0.012830761959640946,1,1616
L24_S990000,1408,0.25,INTERFACE,2.099374250876334,0.012773053168811943,False,23.394734971618313,24,0.012773053168811943,1,1680
L24_S990000,1472,0.25892857142857145,INTERFACE,2.099374250876334,0.01273309579473314,False,23.40312430648657,24,0.01273309579473314,1,1744
L24_S990000,1536,0.23214285714285715,INTERFACE,2.099374250876334,0.012705761283398509,False,21.66680419182789,24,0.012705761283398509,1,1808
L24_S990000,1600,0.22321428571428573,INTERFACE,2.099374250876334,0.012690616411846212,False,20.83422311027243,24,0.012690616411846212,1,1872
L24_S990000,1664,0.24107142857142858,INTERFACE,2.099374250876334,0.012678974740803373,False,21.300267354229522,24,0.012678974740803373,1,1936
L24_S990000,1728,0.21428571428571427,INTERFACE,2.099374250876334,0.012675610411147509,False,19.58577459483735,24,0.012675610411147509,1,2000
L24_S990000,1792,0.20535714285714285,INTERFACE,2.099374250876334,0.012679376822293031,False,18.779170465984613,24,0.012679376822293031,1,2064
L24_S990000,1856,0.20535714285714285,INTERFACE,2.099374250876334,0.012683573000782933,False,18.401556097123432,24,0.012683573000782933,1,2128
L24_S990000,1920,0.1875,INTERFACE,2.099374250876334,0.012692309842956884,False,17.144650584781463,24,0.012692309842956884,1,2192
L24_S990000,1984,0.1875,INTERFACE,2.099374250876334,0.01270390060129667,False,16.793868423858125,24,0.01270390060129667,1,2256
L24_S990000,0,1.0,INTERFACE,2.099374250876334,2.099374250876334,False,89.55073253334693,24,19.785003174518554,4,272
L24_S990000,16,0.6875,INTERFACE,2.099374250876334,0.15834587667652344,False,63.289086734475795,24,0.15834587667652344,4,336
L24_S990000,32,0.6339285714285714,INTERFACE,2.099374250876334,0.1291832548183448,False,58.469949714425844,24,0.1291832548183448,4,400
L24_S990000,48,0.5892857142857143,INTERFACE,2.099374250876334,0.11243381028252342,False,54.49054052653531,24,0.11243381028252342,4,464
L24_S990000,64,0.5535714285714286,INTERFACE,2.099374250876334,0.10092095705106341,False,51.27430447882101,24,0.10092095705106341,4,528
L24_S990000,80,0.5178571428571429,INTERFACE,2.099374250876334,0.0922481461502177,False,48.309520931629,24,0.0922481461502177,4,592
L24_S990000,96,0.5,INTERFACE,2.099374250876334,0.08534217205110461,False,46.32167056840625,24,0.08534217205110461,4,656
L24_S990000,112,0.4732142857142857,INTERFACE,2.099374250876334,0.0796620740871321,False,44.00143245982455,24,0.0796620740871321,4,720
L24_S990000,128,0.4642857142857143,INTERFACE,2.099374250876334,0.07489641792151469,False,42.69424688285678,24,0.07489641792151469,4,784
L24_S990000,144,0.42857142857142855,INTERFACE,2.099374250876334,0.07084091604099296,False,40.29157331265032,24,0.07084091604099296,4,848
L24_S990000,160,0.4107142857142857,INTERFACE,2.099374250876334,0.06730005631398162,False,38.4551635575653,24,0.06730005631398162,4,912
L24_S990000,176,0.39285714285714285,INTERFACE,2.099374250876334,0.06429137339110258,False,37.063933305278496,24,0.06429137339110258,4,976
L24_S990000,192,0.375,INTERFACE,2.099374250876334,0.06172997716601747,False,35.38382034784917,24,0.06172997716601747,4,1040
L24_S990000,208,0.36607142857142855,INTERFACE,2.099374250876334,0.05957114027339172,False,34.28408756799331,24,0.05957114027339172,4,1104
L24_S990000,224,0.3482142857142857,INTERFACE,2.099374250876334,0.05774186974163675,False,32.837268635567234,24,0.05774186974163675,4,1168
L24_S990000,240,0.3392857142857143,INTERFACE,2.099374250876334,0.05617661568910204,False,31.777623495597325,24,0.05617661568910204,4,1232
L24_S990000,256,0.3392857142857143,INTERFACE,2.099374250876334,0.054837919259043244,False,31.24603864315862,24,0.054837919259043244,4,1296
L24_S990000,272,0.3125,INTERFACE,2.099374250876334,0.0536776925767678,False,29.364384036080665,24,0.0536776925767678,4,1360
L24_S990000,288,0.30357142857142855,INTERFACE,2.099374250876334,0.05265030659971626,False,28.421547023162642,24,0.05265030659971626,4,1424
L24_S990000,304,0.29464285714285715,INTERFACE,2.099374250876334,0.05173712440455225,False,27.454069963105106,24,0.05173712440455225,4,1488
L24_S990000,320,0.29464285714285715,INTERFACE,2.099374250876334,0.051079956230831725,False,26.922005961963936,24,0.051079956230831725,4,1552
L24_S990000,336,0.26785714285714285,INTERFACE,2.099374250876334,0.0506330291956858,False,25.20977718996561,24,0.0506330291956858,4,1616
L24_S990000,352,0.25892857142857145,INTERFACE,2.099374250876334,0.05037044694002768,False,24.344292257639573,24,0.05037044694002768,4,1680
L24_S990000,368,0.25892857142857145,INTERFACE,2.099374250876334,0.05015798159605611,False,23.878960625551073,24,0.05015798159605611,4,1744
L24_S990000,384,0.26785714285714285,INTERFACE,2.099374250876334,0.050055185296346894,False,23.909322090639463,24,0.050055185296346894,4,1808
L24_S990000,400,0.25,INTERFACE,2.099374250876334,0.05000164763052639,False,22.61572765572048,24,0.05000164763052639,4,1872
L24_S990000,416,0.22321428571428573,INTERFACE,2.099374250876334,0.04992132745059141,False,20.87634290593845,24,0.04992132745059141,4,1936
L24_S990000,432,0.22321428571428573,INTERFACE,2.099374250876334,0.049923787790272955,False,20.516134764112998,24,0.049923787790272955,4,2000
L24_S990000,448,0.25,INTERFACE,2.099374250876334,0.05001770619571011,False,21.487663017082948,24,0.05001770619571011,4,2064
L24_S990000,464,0.20535714285714285,INTERFACE,2.099374250876334,0.050016115478890844,False,18.915151212351475,24,0.050016115478890844,4,2128
L24_S990000,480,0.20535714285714285,INTERFACE,2.099374250876334,0.04999929220730681,False,18.602285046416945,24,0.04999929220730681,4,2192
L24_S990000,496,0.20535714285714285,INTERFACE,2.099374250876334,0.05008928707756377,False,18.149185760129004,24,0.05008928707756377,4,2256
L24_S990000,0,1.0,INTERFACE,2.099374250876334,2.099374250876334,False,89.55073253334693,24,19.785003174518554,16,272
L24_S990000,4,0.875,INTERFACE,2.099374250876334,2.099374250876334,False,78.82100697713527,24,12.63471727771094,16,336
L24_S990000,8,0.75,INTERFACE,2.099374250876334,2.0993742508763344,False,68.09520222191293,24,5.898118119675911,16,400
L24_S990000,12,0.6607142857142857,INTERFACE,2.099374250876334,0.5058483926334312,False,59.87120394001799,24,0.5058483926334312,16,464
L24_S990000,16,0.6160714285714286,INTERFACE,2.099374250876334,0.4390512822879167,False,56.31940573370216,24,0.4390512822879167,16,528
L24_S990000,20,0.5803571428571429,INTERFACE,2.099374250876334,0.3942304035156219,False,53.070516784887715,24,0.3942304035156219,16,592
L24_S990000,24,0.5446428571428571,INTERFACE,2.099374250876334,0.36076371491016457,False,50.371155783197246,24,0.36076371491016457,16,656
L24_S990000,28,0.5089285714285714,INTERFACE,2.099374250876334,0.33421154461469904,False,47.24956075125049,24,0.33421154461469904,16,720
L24_S990000,32,0.5,INTERFACE,2.099374250876334,0.31229890665053517,False,46.01120178185419,24,0.31229890665053517,16,784
L24_S990000,36,0.48214285714285715,INTERFACE,2.099374250876334,0.2938279518697141,False,44.52115291180645,24,0.2938279518697141,16,848
L24_S990000,40,0.4642857142857143,INTERFACE,2.099374250876334,0.27809660003579095,False,42.61187544789572,24,0.27809660003579095,16,912
L24_S990000,44,0.4375,INTERFACE,2.099374250876334,0.2645871291856686,False,40.63339142003793,24,0.2645871291856686,16,976
L24_S990000,48,0.4107142857142857,INTERFACE,2.099374250876334,0.2526487565997835,False,38.46662537361932,24,0.2526487565997835,16,1040
L24_S990000,52,0.4107142857142857,INTERFACE,2.099374250876334,0.24229130973186186,False,37.75258489150012,24,0.24229130973186186,16,1104
L24_S990000,56,0.38392857142857145,INTERFACE,2.099374250876334,0.23346321103930112,False,36.08714063819691,24,0.23346321103930112,16,1168
L24_S990000,60,0.38392857142857145,INTERFACE,2.099374250876334,0.22598029884979465,False,35.4201280871377,24,0.22598029884979465,16,1232
L24_S990000,64,0.36607142857142855,INTERFACE,2.099374250876334,0.21972953883921054,False,34.02125267187983,24,0.21972953883921054,16,1296
L24_S990000,68,0.35714285714285715,INTERFACE,2.099374250876334,0.21433481389307685,False,33.10076596376781,24,0.21433481389307685,16,1360
L24_S990000,72,0.3392857142857143,INTERFACE,2.099374250876334,0.20956426465226663,False,31.544741378387144,24,0.20956426465226663,16,1424
L24_S990000,76,0.32142857142857145,INTERFACE,2.099374250876334,0.20549244988519766,False,30.111242128686634,24,0.20549244988519766,16,1488
L24_S990000,80,0.32142857142857145,INTERFACE,2.099374250876334,0.2020335325749717,False,29.667493589542243,24,0.2020335325749717,16,1552
L24_S990000,84,0.3125,INTERFACE,2.099374250876334,0.1988724724769898,False,28.842142138379902,24,0.1988724724769898,16,1616
L24_S990000,88,0.29464285714285715,INTERFACE,2.099374250876334,0.1959734809421616,False,27.483283457870318,24,0.1959734809421616,16,1680
L24_S990000,92,0.29464285714285715,INTERFACE,2.099374250876334,0.1938067300512316,False,27.044269545008095,24,0.1938067300512316,16,1744
L24_S990000,96,0.2767857142857143,INTERFACE,2.099374250876334,0.19199905065238398,False,25.924574981110574,24,0.19199905065238398,16,1808
L24_S990000,100,0.26785714285714285,INTERFACE,2.099374250876334,0.19094608924236323,False,24.793102784808493,24,0.19094608924236323,16,1872
L24_S990000,104,0.25892857142857145,INTERFACE,2.099374250876334,0.19056856343031425,False,24.125949405068404,24,0.19056856343031425,16,1936
L24_S990000,108,0.25,INTERFACE,2.099374250876334,0.1911794550481769,False,23.142768288269504,24,0.1911794550481769,16,2000
L24_S990000,112,0.25,INTERFACE,2.099374250876334,0.19095988767568162,False,22.91475123438319,24,0.19095988767568162,16,2064
L24_S990000,116,0.24107142857142858,INTERFACE,2.099374250876334,0.1907689581822386,False,22.123636719716252,24,0.1907689581822386,16,2128
L24_S990000,120,0.25,INTERFACE,2.099374250876334,0.19119643238018735,False,22.198828983308083,24,0.19119643238018735,16,2192
L24_S990000,124,0.23214285714285715,INTERFACE,2.099374250876334,0.19111533274652714,False,21.175414165966252,24,0.19111533274652714,16,2256
L24_S990000,0,1.0,INTERFACE,2.099374250876334,2.099374250876334,False,89.55073253334693,24,19.785003174518554,64,272
L24_S990000,1,0.9732142857142857,INTERFACE,2.099374250876334,2.099374250876334,False,86.67006637567454,24,18.479361326617735,64,336
L24_S990000,2,0.9285714285714286,INTERFACE,2.099374250876334,2.099374250876334,False,83.01393624256626,24,17.145084578800493,64,400
L24_S990000,3,0.9017857142857143,INTERFACE,2.099374250876334,2.099374250876334,False,80.36503399438321,24,15.963178822325247,64,464
L24_S990000,4,0.8660714285714286,INTERFACE,2.099374250876334,2.099374250876334,False,76.98402391140381,24,14.71176529140577,64,528
L24_S990000,5,0.8214285714285714,INTERFACE,2.099374250876334,2.099374250876334,False,73.42593581741527,24,13.51903360835882,64,592
L24_S990000,6,0.7857142857142857,INTERFACE,2.099374250876334,2.099374250876334,False,70.14238446517462,24,12.260856571152974,64,656
L24_S990000,7,0.75,INTERFACE,2.099374250876334,2.0993742508763344,False,66.73275131969199,24,11.122404777568775,64,720
L24_S990000,8,0.7232142857142857,INTERFACE,2.099374250876334,2.099374250876334,False,63.86607564018302,24,9.891978627337284,64,784
L24_S990000,9,0.6785714285714286,INTERFACE,2.099374250876334,2.099374250876334,False,60.66899366126939,24,8.653585342987768,64,848
L24_S990000,10,0.6517857142857143,INTERFACE,2.099374250876334,2.099374250876334,False,57.50661683289266,24,7.32968511342465,64,912
L24_S990000,11,0.6160714285714286,INTERFACE,2.099374250876334,2.099374250876334,False,54.453230572186214,24,6.162286869545305,64,976
L24_S990000,12,0.5803571428571429,INTERFACE,2.099374250876334,2.099374250876334,False,51.14219822870164,24,4.929485510450561,64,1040
L24_S990000,13,0.5446428571428571,INTERFACE,2.099374250876334,2.099374250876334,False,48.04577658614428,24,3.6692517247287784,64,1104
L24_S990000,14,0.5178571428571429,INTERFACE,2.099374250876334,2.0993742508763336,False,45.25433863948382,24,2.5696668391508934,64,1168
L24_S990000,15,0.48214285714285715,INTERFACE,2.099374250876334,1.5603232798676379,False,42.28456212344888,24,1.560323279867638,64,1232
L24_S990000,16,0.44642857142857145,INTERFACE,2.099374250876334,1.125312293338527,False,39.54545445437072,24,1.125312293338527,64,1296
L24_S990000,17,0.42857142857142855,INTERFACE,2.099374250876334,1.0490796553447992,False,38.26704625631096,24,1.0490796553447992,64,1360
L24_S990000,18,0.4017857142857143,INTERFACE,2.099374250876334,0.9881924634666445,False,36.264575879069945,24,0.9881924634666445,64,1424
L24_S990000,19,0.39285714285714285,INTERFACE,2.099374250876334,0.9392115466650268,False,35.08732652358571,24,0.9392115466650268,64,1488
L24_S990000,20,0.36607142857142855,INTERFACE,2.099374250876334,0.8998119990944784,False,33.1816569640398,24,0.8998119990944784,64,1552
L24_S990000,21,0.35714285714285715,INTERFACE,2.099374250876334,0.8680795158517004,False,32.07128497277464,24,0.8680795158517004,64,1616
L24_S990000,22,0.3482142857142857,INTERFACE,2.099374250876334,0.8425774939175803,False,31.046501357278967,24,0.8425774939175803,64,1680
L24_S990000,23,0.3482142857142857,INTERFACE,2.099374250876334,0.821802565741751,False,30.55357521626738,24,0.821802565741751,64,1744
L24_S990000,24,0.33035714285714285,INTERFACE,2.099374250876334,0.8041195319479074,False,29.512136234875722,24,0.8041195319479074,64,1808
L24_S990000,25,0.32142857142857145,INTERFACE,2.099374250876334,0.7891734317748327,False,28.508230061737915,24,0.7891734317748327,64,1872
L24_S990000,26,0.2857142857142857,INTERFACE,2.099374250876334,0.7766084576365674,False,26.27198443455903,24,0.7766084576365674,64,1936
L24_S990000,27,0.29464285714285715,INTERFACE,2.099374250876334,0.7668360929692939,False,26.17590635527055,24,0.7668360929692939,64,2000
L24_S990000,28,0.29464285714285715,INTERFACE,2.099374250876334,0.7637153756244092,False,26.03226121134538,24,0.7637153756244092,64,2064
L24_S990000,29,0.2857142857142857,INTERFACE,2.099374250876334,0.7557519202077626,False,25.28567336620629,24,0.7557519202077626,64,2128
L24_S990000,30,0.2767857142857143,INTERFACE,2.099374250876334,0.7509484803516892,False,24.485435582521884,24,0.7509484803516892,64,2192
L24_S990000,31,0.2767857142857143,INTERFACE,2.099374250876334,0.7465478305120932,False,24.29976992589863,24,0.7465478305120932,64,2256
L24_S990000,0,1.0,DISPERSED,2.099374250876334,2.099374250876334,False,89.55073253334693,24,19.785003174518558,1,272
L24_S990000,64,0.5625,DISPERSED,2.099374250876334,0.06439190036054221,False,52.14330028225233,24,0.06439190036054221,1,336
L24_S990000,128,0.38392857142857145,DISPERSED,2.099374250876334,0.05983254014977202,False,36.1000505906187,24,0.05983254014977202,1,400
L24_S990000,192,0.17857142857142858,DISPERSED,2.099374250876334,0.6294726253096408,False,17.25956886918543,24,0.6294726253096408,1,464
L24_S990000,256,0.0,DISPERSED,2.099374250876334,0.0,True,0.0,24,0.9925894960336054,1,528
L24_S990000,320,0.0,DISPERSED,2.099374250876334,0.0,True,0.0,24,9.826115643635173,1,592
L24_S990000,384,0.0,DISPERSED,2.099374250876334,0.0,True,0.0,24,14.094835933990217,1,656
L24_S990000,448,0.0,DISPERSED,2.099374250876334,0.0,True,0.0,24,18.158230117305212,1,720
L24_S990000,512,0.0,DISPERSED,2.099374250876334,0.0,True,0.0,24,21.401419432043262,1,784
L24_S990000,576,0.0,DISPERSED,2.099374250876334,0.0,True,0.0,24,24.43405736470823,1,848
L24_S990000,640,0.0,DISPERSED,2.099374250876334,0.0,True,0.0,24,24.90714748596751,1,912
L24_S990000,704,0.0,DISPERSED,2.099374250876334,0.0,True,0.0,24,26.486931855066672,1,976
L24_S990000,768,0.0,DISPERSED,2.099374250876334,0.0,True,0.0,24,27.755797848081293,1,1040
L24_S990000,832,0.0,DISPERSED,2.099374250876334,0.0,True,0.0,24,28.006793378690208,1,1104
L24_S990000,896,0.0,DISPERSED,2.099374250876334,0.0,True,0.0,24,30.67905105441426,1,1168
L24_S990000,960,0.0,DISPERSED,2.099374250876334,0.0,True,0.0,24,31.524420658811533,1,1232
L24_S990000,1024,0.0,DISPERSED,2.099374250876334,0.0,True,0.0,24,31.04735549816284,1,1296
L24_S990000,1088,0.0,DISPERSED,2.099374250876334,0.0,True,0.0,24,31.988944114566664,1,1360
L24_S990000,1152,0.0,DISPERSED,2.099374250876334,0.0,True,0.0,24,32.75145640857242,1,1424
L24_S990000,1216,0.0,DISPERSED,2.099374250876334,0.0,True,0.0,24,32.61047453344523,1,1488
L24_S990000,1280,0.0,DISPERSED,2.099374250876334,0.0,True,0.0,24,32.931116240944355,1,1552
L24_S990000,1344,0.0,DISPERSED,2.099374250876334,0.0,True,0.0,24,34.24884170789811,1,1616
L24_S990000,1408,0.0,DISPERSED,2.099374250876334,0.0,True,0.0,24,34.88323136356614,1,1680
L24_S990000,1472,0.0,DISPERSED,2.099374250876334,0.0,True,0.0,24,35.99714158318861,1,1744
L24_S990000,1536,0.0,DISPERSED,2.099374250876334,0.0,True,0.0,24,36.51094760385765,1,1808
L24_S990000,1600,0.0,DISPERSED,2.099374250876334,0.0,True,0.0,24,36.289954673506315,1,1872
L24_S990000,1664,0.0,DISPERSED,2.099374250876334,0.0,True,0.0,24,37.56825809267679,1,1936
L24_S990000,1728,0.0,DISPERSED,2.099374250876334,0.0,True,0.0,24,38.3032636722306,1,2000
L24_S990000,1792,0.0,DISPERSED,2.099374250876334,0.0,True,0.0,24,38.84833221470108,1,2064
L24_S990000,1856,0.0,DISPERSED,2.099374250876334,0.0,True,0.0,24,38.91534529475681,1,2128
L24_S990000,1920,0.0,DISPERSED,2.099374250876334,0.0,True,0.0,24,40.1689101805124,1,2192
L24_S990000,1984,0.0,DISPERSED,2.099374250876334,0.0,True,0.0,24,40.14898711156215,1,2256
L24_S990000,0,1.0,DISPERSED,2.099374250876334,2.099374250876334,False,89.55073253334693,24,19.785003174518558,4,272
L24_S990000,16,0.6160714285714286,DISPERSED,2.099374250876334,0.8030152832485916,False,56.784821345757976,24,0.8030152832485916,4,336
L24_S990000,32,0.45535714285714285,DISPERSED,2.099374250876334,0.27194178739811214,False,42.15840835868803,24,0.27194178739811214,4,400
L24_S990000,48,0.29464285714285715,DISPERSED,2.099374250876334,1.3999126205294554,False,27.955469133786174,24,1.3999126205294556,4,464
L24_S990000,64,0.10714285714285714,DISPERSED,2.099374250876334,0.3171581495455501,False,10.395157639413826,24,0.3171581495455501,4,528
L24_S990000,80,0.0,DISPERSED,2.099374250876334,0.0,True,0.0,24,4.449442894581338,4,592
L24_S990000,96,0.0,DISPERSED,2.099374250876334,0.0,True,0.0,24,10.705637890525402,4,656
L24_S990000,112,0.0,DISPERSED,2.099374250876334,0.0,True,0.0,24,16.773398630740232,4,720
L24_S990000,128,0.008928571428571428,DISPERSED,2.099374250876334,0.45039075947685375,False,0.45039075947685375,24,19.696846066748325,4,784
L24_S990000,144,0.0,DISPERSED,2.099374250876334,0.0,True,0.0,24,22.093175942221954,4,848
L24_S990000,160,0.0,DISPERSED,2.099374250876334,0.0,True,0.0,24,25.128282160114527,4,912
L24_S990000,176,0.0,DISPERSED,2.099374250876334,0.0,True,0.0,24,28.65108558883943,4,976
L24_S990000,192,0.0,DISPERSED,2.099374250876334,0.0,True,0.0,24,29.235310947202112,4,1040
L24_S990000,208,0.0,DISPERSED,2.099374250876334,0.0,True,0.0,24,30.816234645148555,4,1104
L24_S990000,224,0.0,DISPERSED,2.099374250876334,0.0,True,0.0,24,30.706005675805148,4,1168
L24_S990000,240,0.0,DISPERSED,2.099374250876334,0.0,True,0.0,24,31.55072358369321,4,1232
L24_S990000,256,0.0,DISPERSED,2.099374250876334,0.0,True,0.0,24,32.3644797581799,4,1296
L24_S990000,272,0.0,DISPERSED,2.099374250876334,0.0,True,0.0,24,33.87839030004921,4,1360
L24_S990000,288,0.0,DISPERSED,2.099374250876334,0.0,True,0.0,24,34.66225308182612,4,1424
L24_S990000,304,0.0,DISPERSED,2.099374250876334,0.0,True,0.0,24,35.34825283591169,4,1488
L24_S990000,320,0.0,DISPERSED,2.099374250876334,0.0,True,0.0,24,35.2151015505607,4,1552
L24_S990000,336,0.0,DISPERSED,2.099374250876334,0.0,True,0.0,24,35.94867654886922,4,1616
L24_S990000,352,0.0,DISPERSED,2.099374250876334,0.0,True,0.0,24,37.12165550996707,4,1680
L24_S990000,368,0.0,DISPERSED,2.099374250876334,0.0,True,0.0,24,37.292102486801554,4,1744
L24_S990000,384,0.0,DISPERSED,2.099374250876334,0.0,True,0.0,24,37.981205162366244,4,1808
L24_S990000,400,0.0,DISPERSED,2.099374250876334,0.0,True,0.0,24,39.187377584290104,4,1872
L24_S990000,416,0.0,DISPERSED,2.099374250876334,0.0,True,0.0,24,40.27363915278737,4,1936
L24_S990000,432,0.0,DISPERSED,2.099374250876334,0.0,True,0.0,24,40.749227405815,4,2000
L24_S990000,448,0.0,DISPERSED,2.099374250876334,0.0,True,0.0,24,41.188253277605035,4,2064
L24_S990000,464,0.0,DISPERSED,2.099374250876334,0.0,True,0.0,24,41.17272709192484,4,2128
L24_S990000,480,0.0,DISPERSED,2.099374250876334,0.0,True,0.0,24,41.808755754329326,4,2192
L24_S990000,496,0.0,DISPERSED,2.099374250876334,0.0,True,0.0,24,42.31160501061602,4,2256
L24_S990000,0,1.0,DISPERSED,2.099374250876334,2.099374250876334,False,89.55073253334693,24,19.785003174518558,16,272
L24_S990000,4,0.875,DISPERSED,2.099374250876334,2.099374250876334,False,78.90804998571362,24,13.886541487615887,16,336
L24_S990000,8,0.75,DISPERSED,2.099374250876334,2.099374250876334,False,68.37938988323063,24,11.16880168322128,16,400
L24_S990000,12,0.6339285714285714,DISPERSED,2.099374250876334,2.099374250876334,False,58.41829763883659,24,8.921066961638662,16,464
L24_S990000,16,0.5267857142857143,DISPERSED,2.099374250876334,2.099374250876334,False,48.558677111602144,24,7.4382770787385155,16,528
L24_S990000,20,0.41964285714285715,DISPERSED,2.099374250876334,2.099374250876334,False,38.897440650300474,24,9.009700014608866,16,592
L24_S990000,24,0.30357142857142855,DISPERSED,2.099374250876334,2.099374250876334,False,28.537233545544254,24,6.354021458942912,16,656
L24_S990000,28,0.19642857142857142,DISPERSED,2.099374250876334,2.099374250876334,False,18.637788871922552,24,6.8929755543650995,16,720
L24_S990000,32,0.08928571428571429,DISPERSED,2.099374250876334,2.099374250876334,False,8.459756323358864,24,7.783072497155363,16,784
L24_S990000,36,0.0,DISPERSED,2.099374250876334,0.0,True,0.0,24,7.989354174029036,16,848
L24_S990000,40,0.0,DISPERSED,2.099374250876334,0.0,True,0.0,24,16.56652214882954,16,912
L24_S990000,44,0.008928571428571428,DISPERSED,2.099374250876334,0.45921749851261906,False,0.45921749851261906,24,19.116493867256366,16,976
L24_S990000,48,0.0,DISPERSED,2.099374250876334,0.0,True,0.0,24,21.83005124319938,16,1040
L24_S990000,52,0.0,DISPERSED,2.099374250876334,0.0,True,0.0,24,23.94088751467303,16,1104
L24_S990000,56,0.0,DISPERSED,2.099374250876334,0.0,True,0.0,24,25.132430124554098,16,1168
L24_S990000,60,0.0,DISPERSED,2.099374250876334,0.0,True,0.0,24,26.83718727341103,16,1232
L24_S990000,64,0.008928571428571428,DISPERSED,2.099374250876334,0.4510090626059019,False,0.4510090626059019,24,27.159258646475774,16,1296
L24_S990000,68,0.0,DISPERSED,2.099374250876334,0.0,True,0.0,24,28.883788251366305,16,1360
L24_S990000,72,0.008928571428571428,DISPERSED,2.099374250876334,0.45153689459044527,False,0.45153689459044527,24,29.933841805622677,16,1424
L24_S990000,76,0.0,DISPERSED,2.099374250876334,0.0,True,0.0,24,31.543323194706165,16,1488
L24_S990000,80,0.0,DISPERSED,2.099374250876334,0.0,True,0.0,24,32.12030866367157,16,1552
L24_S990000,84,0.0,DISPERSED,2.099374250876334,0.0,True,0.0,24,33.65680457092818,16,1616
L24_S990000,88,0.0,DISPERSED,2.099374250876334,0.0,True,0.0,24,33.73444961696016,16,1680
L24_S990000,92,0.0,DISPERSED,2.099374250876334,0.0,True,0.0,24,34.563013719598814,16,1744
L24_S990000,96,0.0,DISPERSED,2.099374250876334,0.0,True,0.0,24,35.7948399739893,16,1808
L24_S990000,100,0.0,DISPERSED,2.099374250876334,0.0,True,0.0,24,35.844695257673855,16,1872
L24_S990000,104,0.0,DISPERSED,2.099374250876334,0.0,True,0.0,24,36.9369787011683,16,1936
L24_S990000,108,0.0,DISPERSED,2.099374250876334,0.0,True,0.0,24,37.109838789805956,16,2000
L24_S990000,112,0.0,DISPERSED,2.099374250876334,0.0,True,0.0,24,37.66038287293596,16,2064
L24_S990000,116,0.0,DISPERSED,2.099374250876334,0.0,True,0.0,24,38.032835640880315,16,2128
L24_S990000,120,0.0,DISPERSED,2.099374250876334,0.0,True,0.0,24,38.65760848166241,16,2192
L24_S990000,124,0.0,DISPERSED,2.099374250876334,0.0,True,0.0,24,39.183405931271686,16,2256
L24_S990000,0,1.0,DISPERSED,2.099374250876334,2.099374250876334,False,89.55073253334693,24,19.785003174518558,64,272
L24_S990000,1,0.9732142857142857,DISPERSED,2.099374250876334,2.099374250876334,False,86.70210648148432,24,18.768077832576413,64,336
L24_S990000,2,0.9285714285714286,DISPERSED,2.099374250876334,2.099374250876334,False,83.0988550740889,24,19.397535159898727,64,400
L24_S990000,3,0.9017857142857143,DISPERSED,2.099374250876334,2.099374250876334,False,80.53685967324729,24,18.978712714956576,64,464
L24_S990000,4,0.8660714285714286,DISPERSED,2.099374250876334,2.0993742508763344,False,77.25761302118357,24,18.051600867619698,64,528
L24_S990000,5,0.8214285714285714,DISPERSED,2.099374250876334,2.099374250876334,False,73.81375432285766,24,18.235211537857488,64,592
L24_S990000,6,0.7857142857142857,DISPERSED,2.099374250876334,2.099374250876334,False,70.66181827760907,24,18.4369135506627,64,656
L24_S990000,7,0.75,DISPERSED,2.099374250876334,2.099374250876334,False,67.38859674548618,24,19.18458926959572,64,720
L24_S990000,8,0.7232142857142857,DISPERSED,2.099374250876334,2.099374250876334,False,64.67569865888554,24,19.436162832442385,64,784
L24_S990000,9,0.6785714285714286,DISPERSED,2.099374250876334,2.099374250876334,False,61.63116039801385,24,18.61281308521403,64,848
L24_S990000,10,0.6517857142857143,DISPERSED,2.099374250876334,2.099374250876334,False,58.631142131268334,24,19.47201144439594,64,912
L24_S990000,11,0.6160714285714286,DISPERSED,2.099374250876334,2.099374250876334,False,55.75455645501443,24,19.76541095204461,64,976
L24_S990000,12,0.5892857142857143,DISPERSED,2.099374250876334,2.099374250876334,False,53.03870198598867,24,19.013628208387445,64,1040
L24_S990000,13,0.5535714285714286,DISPERSED,2.099374250876334,2.099374250876334,False,50.047000020793504,24,18.888944690910588,64,1104
L24_S990000,14,0.5178571428571429,DISPERSED,2.099374250876334,2.099374250876334,False,46.79758879651836,24,18.6798048801438,64,1168
L24_S990000,15,0.49107142857142855,DISPERSED,2.099374250876334,2.099374250876334,False,44.14354249069976,24,21.167576370355818,64,1232
L24_S990000,16,0.44642857142857145,DISPERSED,2.099374250876334,2.099374250876334,False,40.805752052979415,24,20.406158988367586,64,1296
L24_S990000,17,0.4107142857142857,DISPERSED,2.099374250876334,2.099374250876334,False,37.47086751064989,24,20.304889509913817,64,1360
L24_S990000,18,0.38392857142857145,DISPERSED,2.099374250876334,2.099374250876334,False,34.703650693577245,24,18.929507127130115,64,1424
L24_S990000,19,0.3482142857142857,DISPERSED,2.099374250876334,2.099374250876334,False,31.567199816857432,24,18.12446552415359,64,1488
L24_S990000,20,0.32142857142857145,DISPERSED,2.099374250876334,2.099374250876334,False,28.683585100310992,24,18.957436814796353,64,1552
L24_S990000,21,0.2767857142857143,DISPERSED,2.099374250876334,2.099374250876334,False,25.358394001887746,24,19.30858335189381,64,1616
L24_S990000,22,0.25,DISPERSED,2.099374250876334,2.099374250876334,False,22.493511840296847,24,20.260084782251123,64,1680
L24_S990000,23,0.22321428571428573,DISPERSED,2.099374250876334,2.099374250876334,False,19.70763184782424,24,21.22321164047762,64,1744
L24_S990000,24,0.20535714285714285,DISPERSED,2.099374250876334,2.099374250876334,False,17.421040289339935,24,20.544596258529054,64,1808
L24_S990000,25,0.16071428571428573,DISPERSED,2.099374250876334,2.099374250876334,False,14.122147968270324,24,20.498822276609577,64,1872
L24_S990000,26,0.13392857142857142,DISPERSED,2.099374250876334,2.099374250876334,False,11.300151646814896,24,22.87602162629456,64,1936
L24_S990000,27,0.11607142857142858,DISPERSED,2.099374250876334,2.099374250876334,False,9.439184956698211,24,22.60786238396388,64,2000
L24_S990000,28,0.08928571428571429,DISPERSED,2.099374250876334,2.099374250876334,False,7.06111008482161,24,23.42199472917941,64,2064
L24_S990000,29,0.0625,DISPERSED,2.099374250876334,2.099374250876334,False,4.6873723793192585,24,23.284752193000013,64,2128
L24_S990000,30,0.05357142857142857,DISPERSED,2.099374250876334,2.099374250876334,False,3.301807809451846,24,24.240230517631563,64,2192
L24_S990000,31,0.026785714285714284,DISPERSED,2.099374250876334,1.6050727875342974,False,1.6050727875342974,24,24.69222036669711,64,2256
L24_S990001,0,1.0,INTERFACE,2.0601601948765107,2.0601601948765107,False,87.78664875340849,24,21.122112082251572,1,272
L24_S990001,64,0.6548672566371682,INTERFACE,2.0601601948765107,0.03779335872192713,False,58.852775827431294,24,0.03779335872192713,1,336
L24_S990001,128,0.5929203539823009,INTERFACE,2.0601601948765107,0.03132922218908629,False,53.65191910929825,24,0.03132922218908629,1,400
L24_S990001,192,0.5398230088495575,INTERFACE,2.0601601948765107,0.027496559658165,False,49.41313007294192,24,0.027496559658165,1,464
L24_S990001,256,0.5132743362831859,INTERFACE,2.0601601948765107,0.02482063160481296,False,46.811104252851536,24,0.02482063160481296,1,528
L24_S990001,320,0.49557522123893805,INTERFACE,2.0601601948765107,0.02277870955862149,False,44.85602268955897,24,0.02277870955862149,1,592
L24_S990001,384,0.4690265486725664,INTERFACE,2.0601601948765107,0.021141721037568395,False,42.549355011370764,24,0.021141721037568395,1,656
L24_S990001,448,0.415929203539823,INTERFACE,2.0601601948765107,0.01978961949188751,False,38.979134353192286,24,0.01978961949188751,1,720
L24_S990001,512,0.40707964601769914,INTERFACE,2.0601601948765107,0.01863158847333901,False,37.710549793082684,24,0.01863158847333901,1,784
L24_S990001,576,0.37168141592920356,INTERFACE,2.0601601948765107,0.017648217791226162,False,35.13479123905882,24,0.017648217791226162,1,848
L24_S990001,640,0.37168141592920356,INTERFACE,2.0601601948765107,0.016823028367070836,False,34.426727249561175,24,0.016823028367070836,1,912
L24_S990001,704,0.34513274336283184,INTERFACE,2.0601601948765107,0.016132287187406336,False,32.39356824412794,24,0.016132287187406336,1,976
L24_S990001,768,0.3274336283185841,INTERFACE,2.0601601948765107,0.015552325408611178,False,30.8468313862219,24,0.015552325408611178,1,1040
L24_S990001,832,0.30973451327433627,INTERFACE,2.0601601948765107,0.015062235698480975,False,29.353347808117277,24,0.015062235698480975,1,1104
L24_S990001,896,0.3008849557522124,INTERFACE,2.0601601948765107,0.014643273977211768,False,28.28389159873727,24,0.014643273977211768,1,1168
L24_S990001,960,0.30973451327433627,INTERFACE,2.0601601948765107,0.014272613688154134,False,28.14484621020764,24,0.014272613688154134,1,1232
L24_S990001,1024,0.26548672566371684,INTERFACE,2.0601601948765107,0.014018459738575073,False,25.410464363662047,24,0.014018459738575073,1,1296
L24_S990001,1088,0.25663716814159293,INTERFACE,2.0601601948765107,0.013832927960018004,False,24.437554410204832,24,0.013832927960018004,1,1360
L24_S990001,1152,0.24778761061946902,INTERFACE,2.0601601948765107,0.013702173852648603,False,23.512219091427795,24,0.013702173852648603,1,1424
L24_S990001,1216,0.24778761061946902,INTERFACE,2.0601601948765107,0.013604309790668512,False,23.023380919712004,24,0.013604309790668512,1,1488
L24_S990001,1280,0.23893805309734514,INTERFACE,2.0601601948765107,0.013534686246612249,False,22.122999927657727,24,0.013534686246612249,1,1552
L24_S990001,1344,0.23008849557522124,INTERFACE,2.0601601948765107,0.01347937616925765,False,21.21396040314279,24,0.01347937616925765,1,1616
L24_S990001,1408,0.22123893805309736,INTERFACE,2.0601601948765107,0.013440504403567255,False,20.30766791519659,24,0.013440504403567255,1,1680
L24_S990001,1472,0.21238938053097345,INTERFACE,2.0601601948765107,0.013409858070154268,False,19.458608414107385,24,0.013409858070154268,1,1744
L24_S990001,1536,0.19469026548672566,INTERFACE,2.0601601948765107,0.013391007758663642,False,18.143104493176168,24,0.013391007758663642,1,1808
L24_S990001,1600,0.18584070796460178,INTERFACE,2.0601601948765107,0.013373682114812713,False,17.308490235636167,24,0.013373682114812713,1,1872
L24_S990001,1664,0.18584070796460178,INTERFACE,2.0601601948765107,0.013364618106775028,False,16.89905521954937,24,0.013364618106775028,1,1936
L24_S990001,1728,0.17699115044247787,INTERFACE,2.0601601948765107,0.0133581389943207,False,16.094042897871613,24,0.0133581389943207,1,2000
L24_S990001,1792,0.168141592920354,INTERFACE,2.0601601948765107,0.013354015124959373,False,15.246397844188031,24,0.013354015124959373,1,2064
L24_S990001,1856,0.18584070796460178,INTERFACE,2.0601601948765107,0.013354450487712999,False,15.767221377831186,24,0.013354450487712999,1,2128
L24_S990001,1920,0.1415929203539823,INTERFACE,2.0601601948765107,0.013594709710774255,False,13.210559280354703,24,0.013594709710774255,1,2192
L24_S990001,1984,0.1504424778761062,INTERFACE,2.0601601948765107,0.014054017921711348,False,13.389952740120867,24,0.014054017921711348,1,2256
L24_S990001,0,1.0,INTERFACE,2.0601601948765107,2.0601601948765107,False,87.78664875340849,24,21.122112082251572,4,272
L24_S990001,16,0.6814159292035398,INTERFACE,2.0601601948765107,0.15842292084761667,False,61.22557840423329,24,0.15842292084761667,4,336
L24_S990001,32,0.6283185840707964,INTERFACE,2.0601601948765107,0.12896531732334537,False,56.53109096941027,24,0.12896531732334537,4,400
L24_S990001,48,0.584070796460177,INTERFACE,2.0601601948765107,0.11230193073338568,False,52.60641549478325,24,0.11230193073338568,4,464
L24_S990001,64,0.5309734513274337,INTERFACE,2.0601601948765107,0.10095580520558656,False,48.66387716338316,24,0.10095580520558656,4,528
L24_S990001,80,0.504424778761062,INTERFACE,2.0601601948765107,0.09243422088900088,False,46.18997683416364,24,0.09243422088900088,4,592
L24_S990001,96,0.4778761061946903,INTERFACE,2.0601601948765107,0.08564193900532668,False,43.81881546332785,24,0.08564193900532668,4,656
L24_S990001,112,0.46017699115044247,INTERFACE,2.0601601948765107,0.0800441390628055,False,42.038980958801694,24,0.0800441390628055,4,720
L24_S990001,128,0.4247787610619469,INTERFACE,2.0601601948765107,0.07532789265743534,False,39.39187889695866,24,0.07532789265743534,4,784
L24_S990001,144,0.39823008849557523,INTERFACE,2.0601601948765107,0.07124650742588878,False,37.28496975523572,24,0.07124650742588878,4,848
L24_S990001,160,0.3805309734513274,INTERFACE,2.0601601948765107,0.06775071354194295,False,35.747463171316134,24,0.06775071354194295,4,912
L24_S990001,176,0.36283185840707965,INTERFACE,2.0601601948765107,0.06479642294937404,False,34.120518086957475,24,0.06479642294937404,4,976
L24_S990001,192,0.36283185840707965,INTERFACE,2.0601601948765107,0.06232163765707788,False,33.579536084653625,24,0.06232163765707788,4,1040
L24_S990001,208,0.336283185840708,INTERFACE,2.0601601948765107,0.06022644007707956,False,31.481862779601283,24,0.06022644007707956,4,1104
L24_S990001,224,0.336283185840708,INTERFACE,2.0601601948765107,0.0584525085190184,False,30.91764465905222,24,0.0584525085190184,4,1168
L24_S990001,240,0.3185840707964602,INTERFACE,2.0601601948765107,0.05693809396639038,False,29.3932574812911,24,0.05693809396639038,4,1232
L24_S990001,256,0.2920353982300885,INTERFACE,2.0601601948765107,0.05556762146650662,False,27.53240832857544,24,0.05556762146650662,4,1296
L24_S990001,272,0.2743362831858407,INTERFACE,2.0601601948765107,0.05451438562176447,False,26.28943372812106,24,0.05451438562176447,4,1360
L24_S990001,288,0.2743362831858407,INTERFACE,2.0601601948765107,0.053743152102158964,False,25.7380466188569,24,0.053743152102158964,4,1424
L24_S990001,304,0.25663716814159293,INTERFACE,2.0601601948765107,0.05321480924941335,False,24.35187285538275,24,0.05321480924941335,4,1488
L24_S990001,320,0.25663716814159293,INTERFACE,2.0601601948765107,0.05286483979735568,False,23.836034998510904,24,0.05286483979735568,4,1552
L24_S990001,336,0.23893805309734514,INTERFACE,2.0601601948765107,0.052593275898833336,False,22.51642269279683,24,0.052593275898833336,4,1616
L24_S990001,352,0.23008849557522124,INTERFACE,2.0601601948765107,0.05243543789377991,False,21.71453188473743,24,0.05243543789377991,4,1680
L24_S990001,368,0.22123893805309736,INTERFACE,2.0601601948765107,0.0522682919673122,False,20.69023058018136,24,0.0522682919673122,4,1744
L24_S990001,384,0.22123893805309736,INTERFACE,2.0601601948765107,0.05223398964365067,False,20.305422179396892,24,0.05223398964365067,4,1808
L24_S990001,400,0.21238938053097345,INTERFACE,2.0601601948765107,0.05217110083233445,False,19.43905195827114,24,0.05217110083233445,4,1872
L24_S990001,416,0.20353982300884957,INTERFACE,2.0601601948765107,0.052134258899654284,False,18.700625669306994,24,0.052134258899654284,4,1936
L24_S990001,432,0.20353982300884957,INTERFACE,2.0601601948765107,0.05209291216911249,False,18.292502396376364,24,0.05209291216911249,4,2000
L24_S990001,448,0.20353982300884957,INTERFACE,2.0601601948765107,0.05210399101687224,False,17.94827954360587,24,0.05210399101687224,4,2064
L24_S990001,464,0.17699115044247787,INTERFACE,2.0601601948765107,0.05214339610943464,False,16.182651601252818,24,0.05214339610943464,4,2128
L24_S990001,480,0.168141592920354,INTERFACE,2.0601601948765107,0.0521646438827188,False,15.432902946080121,24,0.0521646438827188,4,2192
L24_S990001,496,0.168141592920354,INTERFACE,2.0601601948765107,0.05219438865264836,False,15.124568905535885,24,0.05219438865264836,4,2256
L24_S990001,0,1.0,INTERFACE,2.0601601948765107,2.0601601948765107,False,87.78664875340849,24,21.122112082251572,16,272
L24_S990001,4,0.8761061946902655,INTERFACE,2.0601601948765107,2.0601601948765103,False,77.8186172206113,24,13.999655817576336,16,336
L24_S990001,8,0.7610619469026548,INTERFACE,2.0601601948765107,2.0601601948765107,False,67.68316369125459,24,7.278640772974431,16,400
L24_S990001,12,0.6460176991150443,INTERFACE,2.0601601948765107,0.7495116636545873,False,57.541262553437214,24,0.7495116636545873,16,464
L24_S990001,16,0.6106194690265486,INTERFACE,2.0601601948765107,0.4475159383014661,False,54.366795231852514,24,0.4475159383014661,16,528
L24_S990001,20,0.5752212389380531,INTERFACE,2.0601601948765107,0.4008732598283502,False,51.307188884547436,24,0.4008732598283502,16,592
L24_S990001,24,0.5309734513274337,INTERFACE,2.0601601948765107,0.3665945733981245,False,48.1004918800282,24,0.3665945733981245,16,656
L24_S990001,28,0.49557522123893805,INTERFACE,2.0601601948765107,0.3395030347857644,False,45.206639768317075,24,0.3395030347857644,16,720
L24_S990001,32,0.4778761061946903,INTERFACE,2.0601601948765107,0.3171652977275712,False,43.02243664951294,24,0.3171652977275712,16,784
L24_S990001,36,0.4424778761061947,INTERFACE,2.0601601948765107,0.2983381044382548,False,40.55473210627905,24,0.2983381044382548,16,848
L24_S990001,40,0.4247787610619469,INTERFACE,2.0601601948765107,0.28218250829821223,False,39.179644412791795,24,0.28218250829821223,16,912
L24_S990001,44,0.40707964601769914,INTERFACE,2.0601601948765107,0.26801663655584007,False,37.44490218303971,24,0.26801663655584007,16,976
L24_S990001,48,0.3805309734513274,INTERFACE,2.0601601948765107,0.25587923984919525,False,35.65623985396215,24,0.25587923984919525,16,1040
L24_S990001,52,0.37168141592920356,INTERFACE,2.0601601948765107,0.24565453901137102,False,34.71448413196865,24,0.24565453901137102,16,1104
L24_S990001,56,0.35398230088495575,INTERFACE,2.0601601948765107,0.23706400631632896,False,33.15265422186532,24,0.23706400631632896,16,1168
L24_S990001,60,0.336283185840708,INTERFACE,2.0601601948765107,0.22983151551528125,False,31.514774224466038,24,0.22983151551528125,16,1232
L24_S990001,64,0.3274336283185841,INTERFACE,2.0601601948765107,0.22368773697802402,False,30.4188270351255,24,0.22368773697802402,16,1296
L24_S990001,68,0.336283185840708,INTERFACE,2.0601601948765107,0.21847710468009696,False,30.48067142423533,24,0.21847710468009696,16,1360
L24_S990001,72,0.30973451327433627,INTERFACE,2.0601601948765107,0.2139648276811652,False,28.656649707495156,24,0.2139648276811652,16,1424
L24_S990001,76,0.2920353982300885,INTERFACE,2.0601601948765107,0.20993255451357218,False,27.37827018086301,24,0.20993255451357218,16,1488
L24_S990001,80,0.26548672566371684,INTERFACE,2.0601601948765107,0.20622220548229597,False,25.30968842576467,24,0.20622220548229597,16,1552
L24_S990001,84,0.2743362831858407,INTERFACE,2.0601601948765107,0.2052402564361132,False,25.287731347983232,24,0.2052402564361132,16,1616
L24_S990001,88,0.26548672566371684,INTERFACE,2.0601601948765107,0.20388471395224916,False,24.434310852742204,24,0.20388471395224916,16,1680
L24_S990001,92,0.25663716814159293,INTERFACE,2.0601601948765107,0.2028922838037147,False,23.572347109332377,24,0.2028922838037147,16,1744
L24_S990001,96,0.23893805309734514,INTERFACE,2.0601601948765107,0.2023014535240718,False,22.417849917842876,24,0.2023014535240718,16,1808
L24_S990001,100,0.23893805309734514,INTERFACE,2.0601601948765107,0.20163696074222892,False,21.817843281504473,24,0.20163696074222892,16,1872
L24_S990001,104,0.24778761061946902,INTERFACE,2.0601601948765107,0.2013875322705908,False,21.87855077303943,24,0.2013875322705908,16,1936
L24_S990001,108,0.23008849557522124,INTERFACE,2.0601601948765107,0.20135210120054414,False,20.893798832720556,24,0.20135210120054414,16,2000
L24_S990001,112,0.21238938053097345,INTERFACE,2.0601601948765107,0.2009808681703552,False,19.500948358457748,24,0.2009808681703552,16,2064
L24_S990001,116,0.20353982300884957,INTERFACE,2.0601601948765107,0.20134902988461156,False,18.673084343873935,24,0.20134902988461156,16,2128
L24_S990001,120,0.20353982300884957,INTERFACE,2.0601601948765107,0.2013086795221366,False,18.467170979589547,24,0.2013086795221366,16,2192
L24_S990001,124,0.19469026548672566,INTERFACE,2.0601601948765107,0.20175428909600823,False,17.682870394297815,24,0.20175428909600823,16,2256
L24_S990001,0,1.0,INTERFACE,2.0601601948765107,2.0601601948765107,False,87.78664875340849,24,21.122112082251572,64,272
L24_S990001,1,0.9557522123893806,INTERFACE,2.0601601948765107,2.0601601948765107,False,83.99776873165209,24,19.728216203629966,64,336
L24_S990001,2,0.9203539823008849,INTERFACE,2.0601601948765107,2.0601601948765107,False,80.69380540425432,24,18.3498037918108,64,400
L24_S990001,3,0.8761061946902655,INTERFACE,2.0601601948765107,2.0601601948765103,False,77.14804694181255,24,17.103833361042547,64,464
L24_S990001,4,0.8407079646017699,INTERFACE,2.0601601948765107,2.0601601948765107,False,73.70358268288048,24,15.842966350768597,64,528
L24_S990001,5,0.7964601769911505,INTERFACE,2.0601601948765107,2.0601601948765107,False,70.27621694025017,24,14.627892787967703,64,592
L24_S990001,6,0.7699115044247787,INTERFACE,2.0601601948765107,2.0601601948765107,False,67.13625949678827,24,13.383994870856602,64,656
L24_S990001,7,0.7433628318584071,INTERFACE,2.0601601948765107,2.0601601948765107,False,64.5358195502332,24,12.21840260457091,64,720
L24_S990001,8,0.6902654867256637,INTERFACE,2.0601601948765107,2.0601601948765107,False,60.382623146625306,24,10.971908385061155,64,784
L24_S990001,9,0.6637168141592921,INTERFACE,2.0601601948765107,2.0601601948765107,False,57.51208281576206,24,9.728397924864469,64,848
L24_S990001,10,0.6283185840707964,INTERFACE,2.0601601948765107,2.0601601948765107,False,54.33839407493525,24,8.403766838507151,64,912
L24_S990001,11,0.5929203539823009,INTERFACE,2.0601601948765107,2.0601601948765107,False,50.9373389018378,24,7.217984730615724,64,976
L24_S990001,12,0.5486725663716814,INTERFACE,2.0601601948765107,2.0601601948765107,False,47.631891350023196,24,6.009120883129932,64,1040
L24_S990001,13,0.5221238938053098,INTERFACE,2.0601601948765107,2.0601601948765107,False,44.51005607440034,24,4.7595313277072,64,1104
L24_S990001,14,0.48672566371681414,INTERFACE,2.0601601948765107,2.0601601948765103,False,41.54107487373782,24,3.5874011438515065,64,1168
L24_S990001,15,0.46017699115044247,INTERFACE,2.0601601948765107,2.0601601948765107,False,38.87583107233564,24,2.539572260167389,64,1232
L24_S990001,16,0.415929203539823,INTERFACE,2.0601601948765107,1.5681122921467487,False,36.00134060188902,24,1.5681122921467485,64,1296
L24_S990001,17,0.3893805309734513,INTERFACE,2.0601601948765107,1.1236691700254322,False,33.67833085361117,24,1.1236691700254322,64,1360
L24_S990001,18,0.36283185840707965,INTERFACE,2.0601601948765107,1.0452989036053904,False,31.858830391641618,24,1.0452989036053904,64,1424
L24_S990001,19,0.35398230088495575,INTERFACE,2.0601601948765107,0.9875601959905587,False,30.674966815069972,24,0.9875601959905587,64,1488
L24_S990001,20,0.3274336283185841,INTERFACE,2.0601601948765107,0.9433811037794828,False,28.903739271563897,24,0.9433811037794828,64,1552
L24_S990001,21,0.3185840707964602,INTERFACE,2.0601601948765107,0.9087066978543327,False,27.79702285528119,24,0.9087066978543327,64,1616
L24_S990001,22,0.2831858407079646,INTERFACE,2.0601601948765107,0.8806409165224356,False,25.625821493982393,24,0.8806409165224356,64,1680
L24_S990001,23,0.2743362831858407,INTERFACE,2.0601601948765107,0.8582162065025579,False,24.575744100939247,24,0.8582162065025579,64,1744
L24_S990001,24,0.25663716814159293,INTERFACE,2.0601601948765107,0.846850737842422,False,23.16510987167353,24,0.846850737842422,64,1808
L24_S990001,25,0.25663716814159293,INTERFACE,2.0601601948765107,0.8426009704903146,False,22.619923775299693,24,0.8426009704903146,64,1872
L24_S990001,26,0.23893805309734514,INTERFACE,2.0601601948765107,0.8401634963785212,False,21.468779507274782,24,0.8401634963785212,64,1936
L24_S990001,27,0.25663716814159293,INTERFACE,2.0601601948765107,0.8351746575937428,False,21.840087848526096,24,0.8351746575937428,64,2000
L24_S990001,28,0.23893805309734514,INTERFACE,2.0601601948765107,0.8339242549402691,False,20.841139454220514,24,0.8339242549402691,64,2064
L24_S990001,29,0.22123893805309736,INTERFACE,2.0601601948765107,0.8237336131379925,False,19.661651135527563,24,0.8237336131379925,64,2128
L24_S990001,30,0.21238938053097345,INTERFACE,2.0601601948765107,0.8215245121662348,False,18.691926610640653,24,0.8215245121662348,64,2192
L24_S990001,31,0.23008849557522124,INTERFACE,2.0601601948765107,0.821590426008285,False,19.15141938084042,24,0.821590426008285,64,2256
L24_S990001,0,1.0,DISPERSED,2.0601601948765107,2.0601601948765107,False,87.78664875340849,24,21.122112082251572,1,272
L24_S990001,64,0.5486725663716814,DISPERSED,2.0601601948765107,0.05178282397928613,False,49.502423664944416,24,0.05178282397928613,1,336
L24_S990001,128,0.3893805309734513,DISPERSED,2.0601601948765107,0.047645185083902586,False,35.71743179096324,24,0.047645185083902586,1,400
L24_S990001,192,0.23008849557522124,DISPERSED,2.0601601948765107,0.5995260496992733,False,21.54294207806658,24,0.5995260496992733,1,464
L24_S990001,256,0.02654867256637168,DISPERSED,2.0601601948765107,0.07206044400409728,False,2.114148421289856,24,0.07206044400409728,1,528
L24_S990001,320,0.0,DISPERSED,2.0601601948765107,0.0,True,0.0,24,6.733783968696624,1,592
L24_S990001,384,0.0,DISPERSED,2.0601601948765107,0.0,True,0.0,24,9.890089988489224,1,656
L24_S990001,448,0.0,DISPERSED,2.0601601948765107,0.0,True,0.0,24,13.312283367663706,1,720
L24_S990001,512,0.0,DISPERSED,2.0601601948765107,0.0,True,0.0,24,15.769032352859611,1,784
L24_S990001,576,0.0,DISPERSED,2.0601601948765107,0.0,True,0.0,24,18.356079569906193,1,848
L24_S990001,640,0.0,DISPERSED,2.0601601948765107,0.0,True,0.0,24,19.725598753618012,1,912
L24_S990001,704,0.0,DISPERSED,2.0601601948765107,0.0,True,0.0,24,22.15576641622775,1,976
L24_S990001,768,0.0,DISPERSED,2.0601601948765107,0.0,True,0.0,24,23.81790814155851,1,1040
L24_S990001,832,0.0,DISPERSED,2.0601601948765107,0.0,True,0.0,24,24.939381450202333,1,1104
L24_S990001,896,0.0,DISPERSED,2.0601601948765107,0.0,True,0.0,24,24.850806889042232,1,1168
L24_S990001,960,0.0,DISPERSED,2.0601601948765107,0.0,True,0.0,24,25.58666996990455,1,1232
L24_S990001,1024,0.0,DISPERSED,2.0601601948765107,0.0,True,0.0,24,26.364795241576466,1,1296
L24_S990001,1088,0.0,DISPERSED,2.0601601948765107,0.0,True,0.0,24,26.58559146525218,1,1360
L24_S990001,1152,0.0,DISPERSED,2.0601601948765107,0.0,True,0.0,24,27.757594788196656,1,1424
L24_S990001,1216,0.0,DISPERSED,2.0601601948765107,0.0,True,0.0,24,28.181547106151314,1,1488
L24_S990001,1280,0.0,DISPERSED,2.0601601948765107,0.0,True,0.0,24,28.464319767141873,1,1552
L24_S990001,1344,0.0,DISPERSED,2.0601601948765107,0.0,True,0.0,24,28.666797135091304,1,1616
L24_S990001,1408,0.0,DISPERSED,2.0601601948765107,0.0,True,0.0,24,29.282973261995874,1,1680
L24_S990001,1472,0.0,DISPERSED,2.0601601948765107,0.0,True,0.0,24,30.355768580496356,1,1744
L24_S990001,1536,0.0,DISPERSED,2.0601601948765107,0.0,True,0.0,24,31.914468880699292,1,1808
L24_S990001,1600,0.0,DISPERSED,2.0601601948765107,0.0,True,0.0,24,32.32941931397899,1,1872
L24_S990001,1664,0.0,DISPERSED,2.0601601948765107,0.0,True,0.0,24,32.71559095012808,1,1936
L24_S990001,1728,0.0,DISPERSED,2.0601601948765107,0.0,True,0.0,24,33.07904113058983,1,2000
L24_S990001,1792,0.0,DISPERSED,2.0601601948765107,0.0,True,0.0,24,33.037229117345525,1,2064
L24_S990001,1856,0.0,DISPERSED,2.0601601948765107,0.0,True,0.0,24,33.054450611861895,1,2128
L24_S990001,1920,0.0,DISPERSED,2.0601601948765107,0.0,True,0.0,24,34.00807839649735,1,2192
L24_S990001,1984,0.0,DISPERSED,2.0601601948765107,0.0,True,0.0,24,33.57125483591275,1,2256
L24_S990001,0,1.0,DISPERSED,2.0601601948765107,2.0601601948765107,False,87.78664875340849,24,21.122112082251572,4,272
L24_S990001,16,0.6194690265486725,DISPERSED,2.0601601948765107,0.21934336899593554,False,55.822475707938885,24,0.21934336899593554,4,336
L24_S990001,32,0.4690265486725664,DISPERSED,2.0601601948765107,0.7444283068698488,False,42.474071032115724,24,0.7444283068698488,4,400
L24_S990001,48,0.336283185840708,DISPERSED,2.0601601948765107,0.7402923825633273,False,30.940195550896394,24,0.7402923825633273,4,464
L24_S990001,64,0.1592920353982301,DISPERSED,2.0601601948765107,0.23304707378868916,False,15.335886350168574,24,0.23304707378868916,4,528
L24_S990001,80,0.017699115044247787,DISPERSED,2.0601601948765107,0.3205224063707788,False,1.4119022001343926,24,0.3205224063707788,4,592
L24_S990001,96,0.0,DISPERSED,2.0601601948765107,0.0,True,0.0,24,6.591128607162888,4,656
L24_S990001,112,0.0,DISPERSED,2.0601601948765107,0.0,True,0.0,24,10.038265781873093,4,720
L24_S990001,128,0.0,DISPERSED,2.0601601948765107,0.0,True,0.0,24,16.723603147269184,4,784
L24_S990001,144,0.0,DISPERSED,2.0601601948765107,0.0,True,0.0,24,19.978007150962608,4,848
L24_S990001,160,0.0,DISPERSED,2.0601601948765107,0.0,True,0.0,24,22.788594132897096,4,912
L24_S990001,176,0.0,DISPERSED,2.0601601948765107,0.0,True,0.0,24,23.19706340943622,4,976
L24_S990001,192,0.0,DISPERSED,2.0601601948765107,0.0,True,0.0,24,24.233635325944864,4,1040
L24_S990001,208,0.0,DISPERSED,2.0601601948765107,0.0,True,0.0,24,24.488765758192656,4,1104
L24_S990001,224,0.0,DISPERSED,2.0601601948765107,0.0,True,0.0,24,27.360146854005144,4,1168
L24_S990001,240,0.0,DISPERSED,2.0601601948765107,0.0,True,0.0,24,26.940379341378264,4,1232
L24_S990001,256,0.0,DISPERSED,2.0601601948765107,0.0,True,0.0,24,26.175351893566347,4,1296
L24_S990001,272,0.0,DISPERSED,2.0601601948765107,0.0,True,0.0,24,27.01822769245928,4,1360
L24_S990001,288,0.0,DISPERSED,2.0601601948765107,0.0,True,0.0,24,27.66178093993097,4,1424
L24_S990001,304,0.008849557522123894,DISPERSED,2.0601601948765107,0.4504189635313341,False,0.4504189635313341,24,28.224839982028744,4,1488
L24_S990001,320,0.0,DISPERSED,2.0601601948765107,0.0,True,0.0,24,28.017949671377377,4,1552
L24_S990001,336,0.0,DISPERSED,2.0601601948765107,0.0,True,0.0,24,29.686974992930168,4,1616
L24_S990001,352,0.0,DISPERSED,2.0601601948765107,0.0,True,0.0,24,29.804274232201404,4,1680
L24_S990001,368,0.0,DISPERSED,2.0601601948765107,0.0,True,0.0,24,30.31563098135259,4,1744
L24_S990001,384,0.0,DISPERSED,2.0601601948765107,0.0,True,0.0,24,30.773444375280704,4,1808
L24_S990001,400,0.0,DISPERSED,2.0601601948765107,0.0,True,0.0,24,31.299802427857934,4,1872
L24_S990001,416,0.0,DISPERSED,2.0601601948765107,0.0,True,0.0,24,31.770730652341925,4,1936
L24_S990001,432,0.0,DISPERSED,2.0601601948765107,0.0,True,0.0,24,32.18650178414738,4,2000
L24_S990001,448,0.0,DISPERSED,2.0601601948765107,0.0,True,0.0,24,32.31105095901449,4,2064
L24_S990001,464,0.0,DISPERSED,2.0601601948765107,0.0,True,0.0,24,33.343690053915,4,2128
L24_S990001,480,0.0,DISPERSED,2.0601601948765107,0.0,True,0.0,24,33.36715740317414,4,2192
L24_S990001,496,0.008849557522123894,DISPERSED,2.0601601948765107,0.45002145983641484,False,0.45002145983641484,24,34.34875639170576,4,2256
L24_S990001,0,1.0,DISPERSED,2.0601601948765107,2.0601601948765107,False,87.78664875340849,24,21.122112082251572,16,272
L24_S990001,4,0.8761061946902655,DISPERSED,2.0601601948765107,2.0601601948765107,False,77.91433848469751,24,16.40707047402965,16,336
L24_S990001,8,0.7610619469026548,DISPERSED,2.0601601948765107,2.0601601948765107,False,67.98090708029169,24,11.986375906362484,16,400
L24_S990001,12,0.6460176991150443,DISPERSED,2.0601601948765107,2.0601601948765107,False,57.976434397706825,24,8.496842514496548,16,464
L24_S990001,16,0.5309734513274337,DISPERSED,2.0601601948765107,2.0601601948765107,False,47.95963307372618,24,6.400638962867808,16,528
L24_S990001,20,0.4247787610619469,DISPERSED,2.0601601948765107,2.0601601948765107,False,38.40177205059523,24,4.151538086974295,16,592
L24_S990001,24,0.30973451327433627,DISPERSED,2.0601601948765107,2.060160194876511,False,28.21533170019062,24,4.304952483262836,16,656
L24_S990001,28,0.19469026548672566,DISPERSED,2.0601601948765107,2.0601601948765103,False,18.232150553556895,24,6.265092747320014,16,720
L24_S990001,32,0.08849557522123894,DISPERSED,2.0601601948765107,2.0601601948765107,False,8.43623841815958,24,4.431960527061679,16,784
L24_S990001,36,0.008849557522123894,DISPERSED,2.0601601948765107,0.4684880038930837,False,0.4684880038930837,24,4.125964540991381,16,848
L24_S990001,40,0.0,DISPERSED,2.0601601948765107,0.0,True,0.0,24,9.787473413225884,16,912
L24_S990001,44,0.0,DISPERSED,2.0601601948765107,0.0,True,0.0,24,15.502876734892915,16,976
L24_S990001,48,0.008849557522123894,DISPERSED,2.0601601948765107,0.4573593994890413,False,0.4573593994890413,24,18.204340728042617,16,1040
L24_S990001,52,0.0,DISPERSED,2.0601601948765107,0.0,True,0.0,24,20.733156595292193,16,1104
L24_S990001,56,0.0,DISPERSED,2.0601601948765107,0.0,True,0.0,24,22.290891769087583,16,1168
L24_S990001,60,0.0,DISPERSED,2.0601601948765107,0.0,True,0.0,24,23.277508557296144,16,1232
L24_S990001,64,0.035398230088495575,DISPERSED,2.0601601948765107,1.8059027016167204,False,1.8059027016167204,24,24.372979016396457,16,1296
L24_S990001,68,0.008849557522123894,DISPERSED,2.0601601948765107,0.45009519445643303,False,0.45009519445643303,24,25.20897783094661,16,1360
L24_S990001,72,0.0,DISPERSED,2.0601601948765107,0.0,True,0.0,24,25.340638383923928,16,1424
L24_S990001,76,0.0,DISPERSED,2.0601601948765107,0.0,True,0.0,24,25.83628684987413,16,1488
L24_S990001,80,0.0,DISPERSED,2.0601601948765107,0.0,True,0.0,24,27.801035997059007,16,1552
L24_S990001,84,0.0,DISPERSED,2.0601601948765107,0.0,True,0.0,24,28.49722580795996,16,1616
L24_S990001,88,0.0,DISPERSED,2.0601601948765107,0.0,True,0.0,24,29.097928958057082,16,1680
L24_S990001,92,0.0,DISPERSED,2.0601601948765107,0.0,True,0.0,24,29.636279984192985,16,1744
L24_S990001,96,0.0,DISPERSED,2.0601601948765107,0.0,True,0.0,24,30.132642886040408,16,1808
L24_S990001,100,0.0,DISPERSED,2.0601601948765107,0.0,True,0.0,24,30.5957015879529,16,1872
L24_S990001,104,0.008849557522123894,DISPERSED,2.0601601948765107,0.45092031529454457,False,0.45092031529454457,24,30.11203432454594,16,1936
L24_S990001,108,0.0,DISPERSED,2.0601601948765107,0.0,True,0.0,24,30.229137505468923,16,2000
L24_S990001,112,0.0,DISPERSED,2.0601601948765107,0.0,True,0.0,24,31.26376678264497,16,2064
L24_S990001,116,0.0,DISPERSED,2.0601601948765107,0.0,True,0.0,24,31.69952217273097,16,2128
L24_S990001,120,0.0,DISPERSED,2.0601601948765107,0.0,True,0.0,24,32.10194858248589,16,2192
L24_S990001,124,0.0,DISPERSED,2.0601601948765107,0.0,True,0.0,24,32.47933413286546,16,2256
L24_S990001,0,1.0,DISPERSED,2.0601601948765107,2.0601601948765107,False,87.78664875340849,24,21.122112082251572,64,272
L24_S990001,1,0.9557522123893806,DISPERSED,2.0601601948765107,2.0601601948765107,False,84.03392002822994,24,20.596697788757353,64,336
L24_S990001,2,0.9203539823008849,DISPERSED,2.0601601948765107,2.0601601948765107,False,80.78831132536841,24,20.11150987696825,64,400
L24_S990001,3,0.8761061946902655,DISPERSED,2.0601601948765107,2.0601601948765107,False,77.3159330492243,24,20.702534841091445,64,464
L24_S990001,4,0.8407079646017699,DISPERSED,2.0601601948765107,2.0601601948765107,False,73.95421456739948,24,20.230369965041906,64,528
L24_S990001,5,0.7964601769911505,DISPERSED,2.0601601948765107,2.0601601948765107,False,70.61707489896592,24,19.792018726263645,64,592
L24_S990001,6,0.7699115044247787,DISPERSED,2.0601601948765107,2.0601601948765107,False,67.57318432167459,24,18.292613775771382,64,656
L24_S990001,7,0.7433628318584071,DISPERSED,2.0601601948765107,2.0601601948765107,False,65.07524543071868,24,19.001502200481568,64,720
L24_S990001,8,0.6902654867256637,DISPERSED,2.0601601948765107,2.0601601948765107,False,61.028787198759275,24,18.052090048141714,64,784
L24_S990001,9,0.6637168141592921,DISPERSED,2.0601601948765107,2.0601601948765107,False,58.274339907471195,24,17.14165807255868,64,848
L24_S990001,10,0.6283185840707964,DISPERSED,2.0601601948765107,2.0601601948765107,False,55.22922952363929,24,17.348538600762637,64,912
L24_S990001,11,0.5929203539823009,DISPERSED,2.0601601948765107,2.060160194876511,False,51.96964119083641,24,15.928327818735207,64,976
L24_S990001,12,0.5486725663716814,DISPERSED,2.0601601948765107,2.0601601948765107,False,48.81788071302852,24,16.71235662468933,64,1040
L24_S990001,13,0.5221238938053098,DISPERSED,2.0601601948765107,2.0601601948765107,False,45.8282046071524,24,16.94478441621153,64,1104
L24_S990001,14,0.48672566371681414,DISPERSED,2.0601601948765107,2.0601601948765107,False,42.934217011227645,24,17.180780827942506,64,1168
L24_S990001,15,0.46017699115044247,DISPERSED,2.0601601948765107,2.0601601948765107,False,40.18397832987155,24,17.422185757057136,64,1232
L24_S990001,16,0.415929203539823,DISPERSED,2.0601601948765107,2.0601601948765107,False,37.10632921243041,24,16.058214513205414,64,1296
L24_S990001,17,0.3805309734513274,DISPERSED,2.0601601948765107,2.0601601948765107,False,33.73624506083646,24,19.045834996402743,64,1360
L24_S990001,18,0.34513274336283184,DISPERSED,2.0601601948765107,2.060160194876511,False,30.631357829976686,24,19.282415004192803,64,1424
L24_S990001,19,0.3008849557522124,DISPERSED,2.0601601948765107,2.0601601948765107,False,26.941848352956637,24,19.523918199167284,64,1488
L24_S990001,20,0.26548672566371684,DISPERSED,2.0601601948765107,2.0601601948765107,False,24.007674100943568,24,19.809584140708772,64,1552
L24_S990001,21,0.23893805309734514,DISPERSED,2.0601601948765107,2.060160194876511,False,21.205268269279298,24,19.034000148316828,64,1616
L24_S990001,22,0.21238938053097345,DISPERSED,2.0601601948765107,2.0601601948765107,False,18.47280759004351,24,19.398569819064015,64,1680
L24_S990001,23,0.18584070796460178,DISPERSED,2.0601601948765107,2.0601601948765103,False,15.775175777053615,24,18.67841810918235,64,1744
L24_S990001,24,0.1504424778761062,DISPERSED,2.0601601948765107,2.0601601948765107,False,12.848398256550357,24,18.13038513861115,64,1808
L24_S990001,25,0.12389380530973451,DISPERSED,2.0601601948765107,2.0601601948765107,False,10.282559056802569,24,18.95432237065686,64,1872
L24_S990001,26,0.09734513274336283,DISPERSED,2.0601601948765107,2.0601601948765107,False,7.878745834112507,24,18.12806746291629,64,1936
L24_S990001,27,0.07079646017699115,DISPERSED,2.0601601948765107,2.0601601948765107,False,5.534379252479188,24,18.46422689667497,64,2000
L24_S990001,28,0.061946902654867256,DISPERSED,2.0601601948765107,2.0601601948765107,False,4.153872867743575,24,21.022233349427346,64,2064
L24_S990001,29,0.02654867256637168,DISPERSED,2.0601601948765107,1.9793102199111001,False,1.9793102199111001,24,22.03090786053924,64,2128
L24_S990001,30,0.0,DISPERSED,2.0601601948765107,0.0,True,0.0,24,23.10204936002237,64,2192
L24_S990001,31,0.02654867256637168,DISPERSED,2.0601601948765107,1.3861985958867715,False,1.3861985958867715,24,24.0961616176657,64,2256
L24_S990002,0,1.0,INTERFACE,2.0665963193764276,2.066596319376428,False,83.72684037350204,24,23.552101235595334,1,272
L24_S990002,64,0.6190476190476191,INTERFACE,2.0665963193764276,0.03690302027653758,False,52.50351009090474,24,0.03690302027653758,1,336
L24_S990002,128,0.5523809523809524,INTERFACE,2.0665963193764276,0.03058002791665404,False,47.281066895661695,24,0.03058002791665404,1,400
L24_S990002,192,0.5047619047619047,INTERFACE,2.0665963193764276,0.02682965730015663,False,43.447853256179066,24,0.02682965730015663,1,464
L24_S990002,256,0.4666666666666667,INTERFACE,2.0665963193764276,0.02419084244757841,False,40.356271135503945,24,0.02419084244757841,1,528
L24_S990002,320,0.42857142857142855,INTERFACE,2.0665963193764276,0.022152767168674425,False,37.52834487799136,24,0.022152767168674425,1,592
L24_S990002,384,0.4095238095238095,INTERFACE,2.0665963193764276,0.02052301083707364,False,35.66793880972703,24,0.02052301083707364,1,656
L24_S990002,448,0.4,INTERFACE,2.0665963193764276,0.019210111906266314,False,34.34975928778774,24,0.019210111906266314,1,720
L24_S990002,512,0.3619047619047619,INTERFACE,2.0665963193764276,0.01814434815500998,False,31.78078628776638,24,0.01814434815500998,1,784
L24_S990002,576,0.34285714285714286,INTERFACE,2.0665963193764276,0.017270607893366652,False,30.076088876346564,24,0.017270607893366652,1,848
L24_S990002,640,0.3333333333333333,INTERFACE,2.0665963193764276,0.01654761286221884,False,28.91591244888795,24,0.01654761286221884,1,912
L24_S990002,704,0.29523809523809524,INTERFACE,2.0665963193764276,0.015935015431908783,False,26.49300842227848,24,0.015935015431908783,1,976
L24_S990002,768,0.2857142857142857,INTERFACE,2.0665963193764276,0.01548845162915402,False,25.43013882129188,24,0.01548845162915402,1,1040
L24_S990002,832,0.29523809523809524,INTERFACE,2.0665963193764276,0.015159097928821308,False,25.268338834482538,24,0.015159097928821308,1,1104
L24_S990002,896,0.26666666666666666,INTERFACE,2.0665963193764276,0.014917565525745746,False,23.42892119559547,24,0.014917565525745746,1,1168
L24_S990002,960,0.2761904761904762,INTERFACE,2.0665963193764276,0.014724246837916177,False,23.309123449691892,24,0.014724246837916177,1,1232
L24_S990002,1024,0.24761904761904763,INTERFACE,2.0665963193764276,0.014577871506014861,False,21.445894019383374,24,0.014577871506014861,1,1296
L24_S990002,1088,0.23809523809523808,INTERFACE,2.0665963193764276,0.014458188034113362,False,20.48963994129732,24,0.014458188034113362,1,1360
L24_S990002,1152,0.22857142857142856,INTERFACE,2.0665963193764276,0.014360968763148074,False,19.560835893223004,24,0.014360968763148074,1,1424
L24_S990002,1216,0.21904761904761905,INTERFACE,2.0665963193764276,0.014284390600668329,False,18.64717376430556,24,0.014284390600668329,1,1488
L24_S990002,1280,0.20952380952380953,INTERFACE,2.0665963193764276,0.014221387499027127,False,17.75221638208947,24,0.014221387499027127,1,1552
L24_S990002,1344,0.19047619047619047,INTERFACE,2.0665963193764276,0.014172409283247811,False,16.44199813849693,24,0.014172409283247811,1,1616
L24_S990002,1408,0.19047619047619047,INTERFACE,2.0665963193764276,0.014130026144760444,False,16.00557882323777,24,0.014130026144760444,1,1680
L24_S990002,1472,0.2,INTERFACE,2.0665963193764276,0.014094774267300214,False,16.030946857861146,24,0.014094774267300214,1,1744
L24_S990002,1536,0.1619047619047619,INTERFACE,2.0665963193764276,0.014071740455357862,False,13.855407128356928,24,0.014071740455357862,1,1808
L24_S990002,1600,0.19047619047619047,INTERFACE,2.0665963193764276,0.014654671816324294,False,14.850408738765394,24,0.014654671816324294,1,1872
L24_S990002,1664,0.1523809523809524,INTERFACE,2.0665963193764276,0.014991745846915205,False,12.775753451257804,24,0.014991745846915205,1,1936
L24_S990002,1728,0.14285714285714285,INTERFACE,2.0665963193764276,0.015248558279893909,False,12.033081481777003,24,0.015248558279893909,1,2000
L24_S990002,1792,0.14285714285714285,INTERFACE,2.0665963193764276,0.015599809989637836,False,11.70581588246612,24,0.015599809989637836,1,2064
L24_S990002,1856,0.14285714285714285,INTERFACE,2.0665963193764276,0.015907145728774164,False,11.401327222463225,24,0.015907145728774164,1,2128
L24_S990002,1920,0.12380952380952381,INTERFACE,2.0665963193764276,0.016144056951683416,False,10.227676959738506,24,0.016144056951683416,1,2192
L24_S990002,1984,0.11428571428571428,INTERFACE,2.0665963193764276,0.01641738385864555,False,9.499610951487382,24,0.01641738385864555,1,2256
L24_S990002,0,1.0,INTERFACE,2.0665963193764276,2.066596319376428,False,83.72684037350204,24,23.552101235595334,4,272
L24_S990002,16,0.638095238095238,INTERFACE,2.0665963193764276,0.155160935988774,False,54.018137248869145,24,0.155160935988774,4,336
L24_S990002,32,0.580952380952381,INTERFACE,2.0665963193764276,0.12609085719662672,False,49.29586066102299,24,0.12609085719662672,4,400
L24_S990002,48,0.5238095238095238,INTERFACE,2.0665963193764276,0.10977617452550736,False,44.952827725070264,24,0.10977617452550736,4,464
L24_S990002,64,0.4857142857142857,INTERFACE,2.0665963193764276,0.09855510168292902,False,41.76091354198929,24,0.09855510168292902,4,528
L24_S990002,80,0.4380952380952381,INTERFACE,2.0665963193764276,0.09002991738171806,False,38.444581068992,24,0.09002991738171806,4,592
L24_S990002,96,0.41904761904761906,INTERFACE,2.0665963193764276,0.0831994879308996,False,36.64918695219815,24,0.0831994879308996,4,656
L24_S990002,112,0.4,INTERFACE,2.0665963193764276,0.07766206851068391,False,34.765599700780925,24,0.07766206851068391,4,720
L24_S990002,128,0.3904761904761905,INTERFACE,2.0665963193764276,0.07316405645569324,False,33.5327291366033,24,0.07316405645569324,4,784
L24_S990002,144,0.3619047619047619,INTERFACE,2.0665963193764276,0.06949730179107172,False,31.452447363728965,24,0.06949730179107172,4,848
L24_S990002,160,0.3333333333333333,INTERFACE,2.0665963193764276,0.06646560902124277,False,29.400994180347404,24,0.06646560902124277,4,912
L24_S990002,176,0.3238095238095238,INTERFACE,2.0665963193764276,0.06393690382216144,False,28.30147303470635,24,0.06393690382216144,4,976
L24_S990002,192,0.3047619047619048,INTERFACE,2.0665963193764276,0.06173317653912491,False,26.754004086917597,24,0.06173317653912491,4,1040
L24_S990002,208,0.2857142857142857,INTERFACE,2.0665963193764276,0.06025859356325869,False,25.38575378393357,24,0.06025859356325869,4,1104
L24_S990002,224,0.2857142857142857,INTERFACE,2.0665963193764276,0.05908741563316311,False,24.75113613239514,24,0.05908741563316311,4,1168
L24_S990002,240,0.2857142857142857,INTERFACE,2.0665963193764276,0.05828565454222323,False,24.217074639103785,24,0.05828565454222323,4,1232
L24_S990002,256,0.2571428571428571,INTERFACE,2.0665963193764276,0.05763020799266294,False,22.384153206378603,24,0.05763020799266294,4,1296
L24_S990002,272,0.24761904761904763,INTERFACE,2.0665963193764276,0.05710216648378541,False,21.470582255158686,24,0.05710216648378541,4,1360
L24_S990002,288,0.24761904761904763,INTERFACE,2.0665963193764276,0.056725858096552395,False,20.999900373768845,24,0.056725858096552395,4,1424
L24_S990002,304,0.24761904761904763,INTERFACE,2.0665963193764276,0.056435104584118934,False,20.47596610235368,24,0.056435104584118934,4,1488
L24_S990002,320,0.21904761904761905,INTERFACE,2.0665963193764276,0.05619530320528898,False,18.68839257114165,24,0.05619530320528898,4,1552
L24_S990002,336,0.20952380952380953,INTERFACE,2.0665963193764276,0.055973977759590676,False,17.854809896826954,24,0.055973977759590676,4,1616
L24_S990002,352,0.21904761904761905,INTERFACE,2.0665963193764276,0.05579662375098415,False,17.897554125469533,24,0.05579662375098415,4,1680
L24_S990002,368,0.2,INTERFACE,2.0665963193764276,0.0556821853376851,False,16.488695898788233,24,0.0556821853376851,4,1744
L24_S990002,384,0.17142857142857143,INTERFACE,2.0665963193764276,0.0555703874158171,False,14.785567825334835,24,0.0555703874158171,4,1808
L24_S990002,400,0.18095238095238095,INTERFACE,2.0665963193764276,0.05548025079188057,False,14.97537374734119,24,0.05548025079188057,4,1872
L24_S990002,416,0.19047619047619047,INTERFACE,2.0665963193764276,0.05674471607951537,False,14.967451555164303,24,0.05674471607951537,4,1936
L24_S990002,432,0.1619047619047619,INTERFACE,2.0665963193764276,0.058183338425531916,False,13.345628494488224,24,0.058183338425531916,4,2000
L24_S990002,448,0.14285714285714285,INTERFACE,2.0665963193764276,0.05943794197040042,False,12.172768360312025,24,0.05943794197040042,4,2064
L24_S990002,464,0.1523809523809524,INTERFACE,2.0665963193764276,0.061021956805690225,False,12.311181383420733,24,0.061021956805690225,4,2128
L24_S990002,480,0.1523809523809524,INTERFACE,2.0665963193764276,0.06189927950542562,False,12.068290537964563,24,0.06189927950542562,4,2192
L24_S990002,496,0.14285714285714285,INTERFACE,2.0665963193764276,0.06313758629226962,False,11.344235371755824,24,0.06313758629226962,4,2256
L24_S990002,0,1.0,INTERFACE,2.0665963193764276,2.066596319376428,False,83.72684037350204,24,23.552101235595334,16,272
L24_S990002,4,0.8761904761904762,INTERFACE,2.0665963193764276,2.0665963193764276,False,73.99203880732657,24,16.34196035079831,16,336
L24_S990002,8,0.7619047619047619,INTERFACE,2.0665963193764276,2.066596319376427,False,64.17356598318204,24,9.56236920533971,16,400
L24_S990002,12,0.6476190476190476,INTERFACE,2.0665963193764276,2.0665963193764276,False,54.35147408320899,24,2.8240415560803145,16,464
L24_S990002,16,0.580952380952381,INTERFACE,2.0665963193764276,0.4428675800513685,False,49.08515285118562,24,0.4428675800513685,16,528
L24_S990002,20,0.5428571428571428,INTERFACE,2.0665963193764276,0.39577486203758006,False,45.843849479932544,24,0.39577486203758006,16,592
L24_S990002,24,0.5047619047619047,INTERFACE,2.0665963193764276,0.3608848242670516,False,42.80737135424163,24,0.3608848242670516,16,656
L24_S990002,28,0.45714285714285713,INTERFACE,2.0665963193764276,0.33328519061076767,False,39.58600483310491,24,0.33328519061076767,16,720
L24_S990002,32,0.42857142857142855,INTERFACE,2.0665963193764276,0.3102012523828428,False,37.156418119258795,24,0.3102012523828428,16,784
L24_S990002,36,0.4,INTERFACE,2.0665963193764276,0.29104250699359513,False,34.98855826787342,24,0.29104250699359513,16,848
L24_S990002,40,0.38095238095238093,INTERFACE,2.0665963193764276,0.2753443731495563,False,33.31162781732887,24,0.2753443731495563,16,912
L24_S990002,44,0.37142857142857144,INTERFACE,2.0665963193764276,0.26251365086300316,False,32.1833891026916,24,0.26251365086300316,16,976
L24_S990002,48,0.3523809523809524,INTERFACE,2.0665963193764276,0.25204412796264997,False,30.779773109199724,24,0.25204412796264997,16,1040
L24_S990002,52,0.3333333333333333,INTERFACE,2.0665963193764276,0.24338385668409712,False,29.167032931366727,24,0.24338385668409712,16,1104
L24_S990002,56,0.3238095238095238,INTERFACE,2.0665963193764276,0.23599481468273265,False,27.977218577658352,24,0.23599481468273265,16,1168
L24_S990002,60,0.3142857142857143,INTERFACE,2.0665963193764276,0.2291819949162619,False,27.134645252546544,24,0.2291819949162619,16,1232
L24_S990002,64,0.29523809523809524,INTERFACE,2.0665963193764276,0.2246601005624772,False,25.977827387463137,24,0.2246601005624772,16,1296
L24_S990002,68,0.29523809523809524,INTERFACE,2.0665963193764276,0.22069680002391734,False,25.270811884632465,24,0.22069680002391734,16,1360
L24_S990002,72,0.2761904761904762,INTERFACE,2.0665963193764276,0.2187502385395821,False,23.68289721868787,24,0.2187502385395821,16,1424
L24_S990002,76,0.2761904761904762,INTERFACE,2.0665963193764276,0.2172023947563927,False,23.393306615667935,24,0.2172023947563927,16,1488
L24_S990002,80,0.24761904761904763,INTERFACE,2.0665963193764276,0.21613832329981686,False,21.612838734620844,24,0.21613832329981686,16,1552
L24_S990002,84,0.2571428571428571,INTERFACE,2.0665963193764276,0.21569181583437014,False,21.413761005985858,24,0.21569181583437014,16,1616
L24_S990002,88,0.2571428571428571,INTERFACE,2.0665963193764276,0.2148095938609551,False,21.351302835693613,24,0.2148095938609551,16,1680
L24_S990002,92,0.22857142857142856,INTERFACE,2.0665963193764276,0.2135294720147053,False,19.517891596271472,24,0.2135294720147053,16,1744
L24_S990002,96,0.23809523809523808,INTERFACE,2.0665963193764276,0.21349208776852446,False,19.26894844541177,24,0.21349208776852446,16,1808
L24_S990002,100,0.21904761904761905,INTERFACE,2.0665963193764276,0.21318529431404742,False,18.270574200842347,24,0.21318529431404742,16,1872
L24_S990002,104,0.2,INTERFACE,2.0665963193764276,0.21353400909768083,False,16.91734425600802,24,0.21353400909768083,16,1936
L24_S990002,108,0.2,INTERFACE,2.0665963193764276,0.21322681770981589,False,16.530722607633113,24,0.21322681770981589,16,2000
L24_S990002,112,0.2,INTERFACE,2.0665963193764276,0.21226081073889558,False,16.358944294432952,24,0.21226081073889558,16,2064
L24_S990002,116,0.17142857142857143,INTERFACE,2.0665963193764276,0.21248875813103174,False,14.63822558331115,24,0.21248875813103174,16,2128
L24_S990002,120,0.1619047619047619,INTERFACE,2.0665963193764276,0.21251732893394526,False,13.82132694162173,24,0.21251732893394526,16,2192
L24_S990002,124,0.1619047619047619,INTERFACE,2.0665963193764276,0.22698578113152834,False,13.240580607952309,24,0.22698578113152834,16,2256
L24_S990002,0,1.0,INTERFACE,2.0665963193764276,2.066596319376428,False,83.72684037350204,24,23.552101235595334,64,272
L24_S990002,1,0.9428571428571428,INTERFACE,2.0665963193764276,2.0665963193764276,False,79.4301940738176,24,22.064810164163745,64,336
L24_S990002,2,0.9142857142857143,INTERFACE,2.0665963193764276,2.0665963193764276,False,76.29683823385088,24,20.718061048985014,64,400
L24_S990002,3,0.8857142857142857,INTERFACE,2.0665963193764276,2.066596319376427,False,73.69625101180127,24,19.404608892804287,64,464
L24_S990002,4,0.8476190476190476,INTERFACE,2.0665963193764276,2.066596319376428,False,70.4002189778935,24,18.14426925673567,64,528
L24_S990002,5,0.8095238095238095,INTERFACE,2.0665963193764276,2.066596319376427,False,67.18242718541323,24,16.814789726903893,64,592
L24_S990002,6,0.7714285714285715,INTERFACE,2.0665963193764276,2.0665963193764276,False,63.740042705657665,24,15.601967335910606,64,656
L24_S990002,7,0.7238095238095238,INTERFACE,2.0665963193764276,2.0665963193764276,False,60.33839657226441,24,14.29708434262595,64,720
L24_S990002,8,0.6952380952380952,INTERFACE,2.0665963193764276,2.0665963193764276,False,57.19277495166084,24,13.07791788214122,64,784
L24_S990002,9,0.6666666666666666,INTERFACE,2.0665963193764276,2.0665963193764276,False,54.5899457524636,24,11.760457882030972,64,848
L24_S990002,10,0.6285714285714286,INTERFACE,2.0665963193764276,2.0665963193764276,False,51.25070681690438,24,10.442472008678745,64,912
L24_S990002,11,0.5904761904761905,INTERFACE,2.0665963193764276,2.066596319376427,False,48.149406905647155,24,9.240041046151482,64,976
L24_S990002,12,0.5523809523809524,INTERFACE,2.0665963193764276,2.0665963193764276,False,44.7752936115468,24,7.961641421668704,64,1040
L24_S990002,13,0.5142857142857142,INTERFACE,2.0665963193764276,2.066596319376428,False,41.520265453882196,24,6.66475773330687,64,1104
L24_S990002,14,0.45714285714285713,INTERFACE,2.0665963193764276,2.0665963193764276,False,37.32423221208839,24,5.350157038860393,64,1168
L24_S990002,15,0.42857142857142855,INTERFACE,2.0665963193764276,2.0665963193764276,False,34.41880122999367,24,4.010711737248753,64,1232
L24_S990002,16,0.3904761904761905,INTERFACE,2.0665963193764276,2.0665963193764276,False,31.341143492633794,24,2.826872799119824,64,1296
L24_S990002,17,0.3523809523809524,INTERFACE,2.0665963193764276,1.7565508511678245,False,28.14220036361429,24,1.7565508511678245,64,1360
L24_S990002,18,0.3142857142857143,INTERFACE,2.0665963193764276,1.0798226167114646,False,25.54853257680671,24,1.0798226167114646,64,1424
L24_S990002,19,0.29523809523809524,INTERFACE,2.0665963193764276,1.0133304430262995,False,24.212025450223578,24,1.0133304430262995,64,1488
L24_S990002,20,0.2761904761904762,INTERFACE,2.0665963193764276,0.9725004325356992,False,22.633104903585487,24,0.9725004325356992,64,1552
L24_S990002,21,0.2571428571428571,INTERFACE,2.0665963193764276,0.9484761617546702,False,21.313475580516716,24,0.9484761617546702,64,1616
L24_S990002,22,0.24761904761904763,INTERFACE,2.0665963193764276,0.9344396395126368,False,20.209949003266054,24,0.9344396395126368,64,1680
L24_S990002,23,0.23809523809523808,INTERFACE,2.0665963193764276,0.9253532370601465,False,19.194627902560185,24,0.9253532370601465,64,1744
L24_S990002,24,0.20952380952380953,INTERFACE,2.0665963193764276,0.9183152755560625,False,17.36858350513361,24,0.9183152755560625,64,1808
L24_S990002,25,0.22857142857142856,INTERFACE,2.0665963193764276,0.9141641457866374,False,17.674980087482936,24,0.9141641457866373,64,1872
L24_S990002,26,0.21904761904761905,INTERFACE,2.0665963193764276,0.9091042323622883,False,17.12874388114632,24,0.9091042323622883,64,1936
L24_S990002,27,0.2,INTERFACE,2.0665963193764276,0.9002380907291613,False,15.934295352962542,24,0.9002380907291613,64,2000
L24_S990002,28,0.19047619047619047,INTERFACE,2.0665963193764276,0.894430331467679,False,15.210040195857239,24,0.894430331467679,64,2064
L24_S990002,29,0.18095238095238095,INTERFACE,2.0665963193764276,0.8900766352223003,False,14.471363081927135,24,0.8900766352223003,64,2128
L24_S990002,30,0.1619047619047619,INTERFACE,2.0665963193764276,0.8882966721940485,False,13.245261284951443,24,0.8882966721940485,64,2192
L24_S990002,31,0.1619047619047619,INTERFACE,2.0665963193764276,0.9239415053296137,False,12.86449573071959,24,0.9239415053296137,64,2256
L24_S990002,0,1.0,DISPERSED,2.0665963193764276,2.066596319376428,False,83.72684037350204,24,23.552101235595334,1,272
L24_S990002,64,0.4857142857142857,DISPERSED,2.0665963193764276,0.058312835335829316,False,41.16087924758346,24,0.058312835335829316,1,336
L24_S990002,128,0.2571428571428571,DISPERSED,2.0665963193764276,0.6128062145316,False,22.87330646298298,24,0.6128062145316,1,400
L24_S990002,192,0.06666666666666667,DISPERSED,2.0665963193764276,0.6281177877930516,False,5.824119436598282,24,0.6281177877930516,1,464
L24_S990002,256,0.0,DISPERSED,2.0665963193764276,0.0,True,0.0,24,7.234987666312765,1,528
L24_S990002,320,0.0,DISPERSED,2.0665963193764276,0.0,True,0.0,24,12.320236971067073,1,592
L24_S990002,384,0.0,DISPERSED,2.0665963193764276,0.0,True,0.0,24,15.621132647297586,1,656
L24_S990002,448,0.0,DISPERSED,2.0665963193764276,0.0,True,0.0,24,21.39634316411404,1,720
L24_S990002,512,0.0,DISPERSED,2.0665963193764276,0.0,True,0.0,24,23.840318316569938,1,784
L24_S990002,576,0.0,DISPERSED,2.0665963193764276,0.0,True,0.0,24,24.779152618433205,1,848
L24_S990002,640,0.0,DISPERSED,2.0665963193764276,0.0,True,0.0,24,27.243391111327018,1,912
L24_S990002,704,0.0,DISPERSED,2.0665963193764276,0.0,True,0.0,24,28.24459022283625,1,976
L24_S990002,768,0.0,DISPERSED,2.0665963193764276,0.0,True,0.0,24,28.34054118164786,1,1040
L24_S990002,832,0.0,DISPERSED,2.0665963193764276,0.0,True,0.0,24,28.543998341514122,1,1104
L24_S990002,896,0.0,DISPERSED,2.0665963193764276,0.0,True,0.0,24,30.110305196047605,1,1168
L24_S990002,960,0.0,DISPERSED,2.0665963193764276,0.0,True,0.0,24,29.89819460092834,1,1232
L24_S990002,1024,0.0,DISPERSED,2.0665963193764276,0.0,True,0.0,24,30.681711505220544,1,1296
L24_S990002,1088,0.0,DISPERSED,2.0665963193764276,0.0,True,0.0,24,31.871220182008113,1,1360
L24_S990002,1152,0.0,DISPERSED,2.0665963193764276,0.0,True,0.0,24,30.603658076888383,1,1424
L24_S990002,1216,0.0,DISPERSED,2.0665963193764276,0.0,True,0.0,24,31.40846219237802,1,1488
L24_S990002,1280,0.0,DISPERSED,2.0665963193764276,0.0,True,0.0,24,32.25969308765132,1,1552
L24_S990002,1344,0.0,DISPERSED,2.0665963193764276,0.0,True,0.0,24,33.40716379916241,1,1616
L24_S990002,1408,0.0,DISPERSED,2.0665963193764276,0.0,True,0.0,24,33.354782471614854,1,1680
L24_S990002,1472,0.0,DISPERSED,2.0665963193764276,0.0,True,0.0,24,34.35091942156276,1,1744
L24_S990002,1536,0.0,DISPERSED,2.0665963193764276,0.0,True,0.0,24,35.49117548781993,1,1808
L24_S990002,1600,0.0,DISPERSED,2.0665963193764276,0.0,True,0.0,24,34.63586921954644,1,1872
L24_S990002,1664,0.0,DISPERSED,2.0665963193764276,0.0,True,0.0,24,35.19535723904033,1,1936
L24_S990002,1728,0.0,DISPERSED,2.0665963193764276,0.0,True,0.0,24,35.273260064871,1,2000
L24_S990002,1792,0.0,DISPERSED,2.0665963193764276,0.0,True,0.0,24,36.27729049751592,1,2064
L24_S990002,1856,0.0,DISPERSED,2.0665963193764276,0.0,True,0.0,24,36.676639634082164,1,2128
L24_S990002,1920,0.0,DISPERSED,2.0665963193764276,0.0,True,0.0,24,36.64982480836145,1,2192
L24_S990002,1984,0.0,DISPERSED,2.0665963193764276,0.0,True,0.0,24,36.493979716236446,1,2256
L24_S990002,0,1.0,DISPERSED,2.0665963193764276,2.066596319376428,False,83.72684037350204,24,23.552101235595334,4,272
L24_S990002,16,0.5619047619047619,DISPERSED,2.0665963193764276,1.3299968869986247,False,47.58849727443961,24,1.3299968869986247,4,336
L24_S990002,32,0.3523809523809524,DISPERSED,2.0665963193764276,0.7787486134626915,False,30.618250703318854,24,0.7787486134626915,4,400
L24_S990002,48,0.19047619047619047,DISPERSED,2.0665963193764276,0.24508058155544865,False,17.037221662079055,24,0.24508058155544865,4,464
L24_S990002,64,0.009523809523809525,DISPERSED,2.0665963193764276,0.750371738129444,False,0.750371738129444,24,1.9753673279926611,4,528
L24_S990002,80,0.0,DISPERSED,2.0665963193764276,0.0,True,0.0,24,9.287638980274203,4,592
L24_S990002,96,0.0,DISPERSED,2.0665963193764276,0.0,True,0.0,24,14.076618615934105,4,656
L24_S990002,112,0.0,DISPERSED,2.0665963193764276,0.0,True,0.0,24,22.747841548052953,4,720
L24_S990002,128,0.0,DISPERSED,2.0665963193764276,0.0,True,0.0,24,24.146905735969188,4,784
L24_S990002,144,0.0,DISPERSED,2.0665963193764276,0.0,True,0.0,24,25.640669697336442,4,848
L24_S990002,160,0.0,DISPERSED,2.0665963193764276,0.0,True,0.0,24,26.863629843010777,4,912
L24_S990002,176,0.0,DISPERSED,2.0665963193764276,0.0,True,0.0,24,27.823809826389702,4,976
L24_S990002,192,0.0,DISPERSED,2.0665963193764276,0.0,True,0.0,24,27.91397603997909,4,1040
L24_S990002,208,0.0,DISPERSED,2.0665963193764276,0.0,True,0.0,24,28.45655152978196,4,1104
L24_S990002,224,0.0,DISPERSED,2.0665963193764276,0.0,True,0.0,24,28.91575705415435,4,1168
L24_S990002,240,0.0,DISPERSED,2.0665963193764276,0.0,True,0.0,24,29.69975853352227,4,1232
L24_S990002,256,0.0,DISPERSED,2.0665963193764276,0.0,True,0.0,24,31.667470640460255,4,1296
L24_S990002,272,0.0,DISPERSED,2.0665963193764276,0.0,True,0.0,24,31.367351824732324,4,1360
L24_S990002,288,0.0,DISPERSED,2.0665963193764276,0.0,True,0.0,24,31.33725545465223,4,1424
L24_S990002,304,0.0,DISPERSED,2.0665963193764276,0.0,True,0.0,24,32.59359797463821,4,1488
L24_S990002,320,0.0,DISPERSED,2.0665963193764276,0.0,True,0.0,24,33.173499654916846,4,1552
L24_S990002,336,0.0,DISPERSED,2.0665963193764276,0.0,True,0.0,24,32.83181665752969,4,1616
L24_S990002,352,0.0,DISPERSED,2.0665963193764276,0.0,True,0.0,24,33.48299105797549,4,1680
L24_S990002,368,0.0,DISPERSED,2.0665963193764276,0.0,True,0.0,24,33.61731604408522,4,1744
L24_S990002,384,0.0,DISPERSED,2.0665963193764276,0.0,True,0.0,24,34.20869775434531,4,1808
L24_S990002,400,0.0,DISPERSED,2.0665963193764276,0.0,True,0.0,24,34.68663063966715,4,1872
L24_S990002,416,0.009523809523809525,DISPERSED,2.0665963193764276,0.4500062639642633,False,0.4500062639642633,24,36.21142816353827,4,1936
L24_S990002,432,0.0,DISPERSED,2.0665963193764276,0.0,True,0.0,24,36.30304059173054,4,2000
L24_S990002,448,0.0,DISPERSED,2.0665963193764276,0.0,True,0.0,24,36.72666067662829,4,2064
L24_S990002,464,0.0,DISPERSED,2.0665963193764276,0.0,True,0.0,24,36.345967122122524,4,2128
L24_S990002,480,0.0,DISPERSED,2.0665963193764276,0.0,True,0.0,24,36.250685618444464,4,2192
L24_S990002,496,0.0,DISPERSED,2.0665963193764276,0.0,True,0.0,24,36.299574473341465,4,2256
L24_S990002,0,1.0,DISPERSED,2.0665963193764276,2.066596319376428,False,83.72684037350204,24,23.552101235595334,16,272
L24_S990002,4,0.8761904761904762,DISPERSED,2.0665963193764276,2.0665963193764276,False,74.06850760810376,24,17.040338124715753,16,336
L24_S990002,8,0.7619047619047619,DISPERSED,2.0665963193764276,2.0665963193764276,False,64.4166326107225,24,15.224455330908425,16,400
L24_S990002,12,0.6476190476190476,DISPERSED,2.0665963193764276,2.066596319376427,False,54.83738763016989,24,10.9999886513007,16,464
L24_S990002,16,0.5333333333333333,DISPERSED,2.0665963193764276,2.066596319376428,False,45.281733441085834,24,10.9232022201798,16,528
L24_S990002,20,0.4095238095238095,DISPERSED,2.0665963193764276,2.0665963193764276,False,35.359413320534316,24,8.374886963245796,16,592
L24_S990002,24,0.29523809523809524,DISPERSED,2.0665963193764276,2.0665963193764276,False,25.943722603784053,24,6.896018113802724,16,656
L24_S990002,28,0.18095238095238095,DISPERSED,2.0665963193764276,2.0665963193764276,False,16.084229541541443,24,8.273716436196365,16,720
L24_S990002,32,0.0761904761904762,DISPERSED,2.0665963193764276,2.0665963193764276,False,6.280131467573353,24,6.975615927525952,16,784
L24_S990002,36,0.0,DISPERSED,2.0665963193764276,0.0,True,0.0,24,10.613884622251065,16,848
L24_S990002,40,0.0,DISPERSED,2.0665963193764276,0.0,True,0.0,24,16.819122862773117,16,912
L24_S990002,44,0.0,DISPERSED,2.0665963193764276,0.0,True,0.0,24,19.235635867748588,16,976
L24_S990002,48,0.0,DISPERSED,2.0665963193764276,0.0,True,0.0,24,21.487325276121453,16,1040
L24_S990002,52,0.0,DISPERSED,2.0665963193764276,0.0,True,0.0,24,23.87131565220926,16,1104
L24_S990002,56,0.009523809523809525,DISPERSED,2.0665963193764276,0.452298711502762,False,0.452298711502762,24,25.10944760083389,16,1168
L24_S990002,60,0.0,DISPERSED,2.0665963193764276,0.0,True,0.0,24,25.841014430239177,16,1232
L24_S990002,64,0.0,DISPERSED,2.0665963193764276,0.0,True,0.0,24,27.8810875253002,16,1296
L24_S990002,68,0.02857142857142857,DISPERSED,2.0665963193764276,1.3544050723833516,False,1.3544050723833516,24,28.620424775309395,16,1360
L24_S990002,72,0.0,DISPERSED,2.0665963193764276,0.0,True,0.0,24,28.721892108419656,16,1424
L24_S990002,76,0.0,DISPERSED,2.0665963193764276,0.0,True,0.0,24,29.75020369960112,16,1488
L24_S990002,80,0.0,DISPERSED,2.0665963193764276,0.0,True,0.0,24,30.19310140019814,16,1552
L24_S990002,84,0.009523809523809525,DISPERSED,2.0665963193764276,0.45664623388809833,False,0.45664623388809833,24,30.628542204625088,16,1616
L24_S990002,88,0.0,DISPERSED,2.0665963193764276,0.0,True,0.0,24,32.22043184090791,16,1680
L24_S990002,92,0.0,DISPERSED,2.0665963193764276,0.0,True,0.0,24,32.953700282155175,16,1744
L24_S990002,96,0.0,DISPERSED,2.0665963193764276,0.0,True,0.0,24,34.12206426740714,16,1808
L24_S990002,100,0.009523809523809525,DISPERSED,2.0665963193764276,0.4500628632691299,False,0.4500628632691299,24,34.67678570956198,16,1872
L24_S990002,104,0.0,DISPERSED,2.0665963193764276,0.0,True,0.0,24,35.07825718840508,16,1936
L24_S990002,108,0.0,DISPERSED,2.0665963193764276,0.0,True,0.0,24,35.70016613250281,16,2000
L24_S990002,112,0.0,DISPERSED,2.0665963193764276,0.0,True,0.0,24,36.216942434350166,16,2064
L24_S990002,116,0.0,DISPERSED,2.0665963193764276,0.0,True,0.0,24,37.22839092725338,16,2128
L24_S990002,120,0.0,DISPERSED,2.0665963193764276,0.0,True,0.0,24,36.5435945900467,16,2192
L24_S990002,124,0.01904761904761905,DISPERSED,2.0665963193764276,0.9009361788813396,False,0.9009361788813396,24,36.370465113999735,16,2256
L24_S990002,0,1.0,DISPERSED,2.0665963193764276,2.066596319376428,False,83.72684037350204,24,23.552101235595334,64,272
L24_S990002,1,0.9428571428571428,DISPERSED,2.0665963193764276,2.0665963193764276,False,79.4579997950897,24,21.854482057094835,64,336
L24_S990002,2,0.9142857142857143,DISPERSED,2.0665963193764276,2.0665963193764276,False,76.37138050251839,24,20.75688546952608,64,400
L24_S990002,3,0.8857142857142857,DISPERSED,2.0665963193764276,2.0665963193764276,False,73.83156681787949,24,21.863554689052794,64,464
L24_S990002,4,0.8476190476190476,DISPERSED,2.0665963193764276,2.0665963193764276,False,70.6106295778783,24,21.90392418921681,64,528
L24_S990002,5,0.8095238095238095,DISPERSED,2.0665963193764276,2.0665963193764276,False,67.47513235683428,24,24.133734843858104,64,592
L24_S990002,6,0.7714285714285715,DISPERSED,2.0665963193764276,2.0665963193764276,False,64.14377394200109,24,22.592497891942674,64,656
L24_S990002,7,0.7238095238095238,DISPERSED,2.0665963193764276,2.0665963193764276,False,60.84933747193425,24,22.77948665831431,64,720
L24_S990002,8,0.6952380952380952,DISPERSED,2.0665963193764276,2.066596319376428,False,57.821712628397286,24,23.46187084377206,64,784
L24_S990002,9,0.6666666666666666,DISPERSED,2.0665963193764276,2.0665963193764276,False,55.3461775860983,24,23.61417792514346,64,848
L24_S990002,10,0.6285714285714286,DISPERSED,2.0665963193764276,2.0665963193764276,False,52.14697080094858,24,23.24111615476001,64,912
L24_S990002,11,0.5904761904761905,DISPERSED,2.0665963193764276,2.0665963193764276,False,49.17135414794473,24,21.31580299440345,64,976
L24_S990002,12,0.5523809523809524,DISPERSED,2.0665963193764276,2.0665963193764276,False,45.93479364605266,24,20.963800705061928,64,1040
L24_S990002,13,0.5142857142857142,DISPERSED,2.0665963193764276,2.0665963193764276,False,42.83800766370483,24,21.159255173475426,64,1104
L24_S990002,14,0.4666666666666667,DISPERSED,2.0665963193764276,2.0665963193764276,False,39.22642898117758,24,22.444566769957156,64,1168
L24_S990002,15,0.42857142857142855,DISPERSED,2.0665963193764276,2.066596319376428,False,36.108479795947005,24,22.088124110228392,64,1232
L24_S990002,16,0.3904761904761905,DISPERSED,2.0665963193764276,2.0665963193764276,False,32.85623603726181,24,21.225735191378703,64,1296
L24_S990002,17,0.3619047619047619,DISPERSED,2.0665963193764276,2.0665963193764276,False,30.14071956563511,24,22.0111785264109,64,1360
L24_S990002,18,0.3142857142857143,DISPERSED,2.0665963193764276,2.0665963193764276,False,26.73399818611654,24,21.759205314034972,64,1424
L24_S990002,19,0.2857142857142857,DISPERSED,2.0665963193764276,2.0665963193764276,False,23.891248357679917,24,21.55948788378305,64,1488
L24_S990002,20,0.2571428571428571,DISPERSED,2.0665963193764276,2.0665963193764276,False,21.12472531381454,24,21.320219401371403,64,1552
L24_S990002,21,0.22857142857142856,DISPERSED,2.0665963193764276,2.0665963193764276,False,18.447238174269664,24,21.65338555384872,64,1616
L24_S990002,22,0.2,DISPERSED,2.0665963193764276,2.0665963193764276,False,15.824267388630572,24,23.71601529966759,64,1680
L24_S990002,23,0.1619047619047619,DISPERSED,2.0665963193764276,2.0665963193764276,False,12.833834943663154,24,23.62186043086674,64,1744
L24_S990002,24,0.13333333333333333,DISPERSED,2.0665963193764276,2.0665963193764276,False,10.389028770249162,24,24.40315865482879,64,1808
L24_S990002,25,0.11428571428571428,DISPERSED,2.0665963193764276,2.0665963193764276,False,8.376464033066107,24,24.626662791791126,64,1872
L24_S990002,26,0.09523809523809523,DISPERSED,2.0665963193764276,2.066596319376427,False,6.719138240706218,24,24.832967801247516,64,1936
L24_S990002,27,0.08571428571428572,DISPERSED,2.0665963193764276,2.0665963193764276,False,5.521372493591215,24,25.21522937860761,64,2000
L24_S990002,28,0.047619047619047616,DISPERSED,2.0665963193764276,2.0665963193764276,False,2.953809514813813,24,26.124686862864106,64,2064
L24_S990002,29,0.02857142857142857,DISPERSED,2.0665963193764276,1.395341445905591,False,1.395341445905591,24,26.047059039679137,64,2128
L24_S990002,30,0.009523809523809525,DISPERSED,2.0665963193764276,0.451369339169753,False,0.451369339169753,24,26.56178426706398,64,2192
L24_S990002,31,0.0380952380952381,DISPERSED,2.0665963193764276,1.8145166019926302,False,1.8145166019926302,24,28.278790709908662,64,2256
L24_S990003,0,1.0,INTERFACE,2.1045474155470014,2.1045474155470014,False,83.40241931802258,24,23.198902310529057,1,272
L24_S990003,64,0.6190476190476191,INTERFACE,2.1045474155470014,0.03821796544400069,False,52.68057569166948,24,0.03821796544400069,1,336
L24_S990003,128,0.5523809523809524,INTERFACE,2.1045474155470014,0.03187073743294244,False,47.522729940843476,24,0.03187073743294244,1,400
L24_S990003,192,0.5142857142857142,INTERFACE,2.1045474155470014,0.02799194535101046,False,44.09327865924207,24,0.02799194535101046,1,464
L24_S990003,256,0.4666666666666667,INTERFACE,2.1045474155470014,0.02523233577577111,False,40.53185216753682,24,0.02523233577577111,1,528
L24_S990003,320,0.42857142857142855,INTERFACE,2.1045474155470014,0.023093757840886964,False,37.635291885808485,24,0.023093757840886964,1,592
L24_S990003,384,0.4095238095238095,INTERFACE,2.1045474155470014,0.021381318409081862,False,35.747468150407336,24,0.021381318409081862,1,656
L24_S990003,448,0.3904761904761905,INTERFACE,2.1045474155470014,0.020002113105666575,False,33.89822603831398,24,0.020002113105666575,1,720
L24_S990003,512,0.37142857142857144,INTERFACE,2.1045474155470014,0.018877793920758612,False,32.159091142949194,24,0.018877793920758612,1,784
L24_S990003,576,0.34285714285714286,INTERFACE,2.1045474155470014,0.017953305785253337,False,30.026346622834836,24,0.017953305785253337,1,848
L24_S990003,640,0.3238095238095238,INTERFACE,2.1045474155470014,0.017188732093738612,False,28.37580421696408,24,0.017188732093738612,1,912
L24_S990003,704,0.3047619047619048,INTERFACE,2.1045474155470014,0.016545975294273485,False,26.79738801982993,24,0.016545975294273485,1,976
L24_S990003,768,0.2857142857142857,INTERFACE,2.1045474155470014,0.016079797391412964,False,25.238188455824606,24,0.016079797391412964,1,1040
L24_S990003,832,0.2761904761904762,INTERFACE,2.1045474155470014,0.01574249080373391,False,24.190901277729626,24,0.01574249080373391,1,1104
L24_S990003,896,0.2571428571428571,INTERFACE,2.1045474155470014,0.015486571684683814,False,22.698194769018368,24,0.015486571684683814,1,1168
L24_S990003,960,0.24761904761904763,INTERFACE,2.1045474155470014,0.015287899316834053,False,21.68261865209358,24,0.015287899316834053,1,1232
L24_S990003,1024,0.23809523809523808,INTERFACE,2.1045474155470014,0.015129417829382708,False,20.687393330902477,24,0.015129417829382708,1,1296
L24_S990003,1088,0.21904761904761905,INTERFACE,2.1045474155470014,0.015002421666547527,False,19.250499312779176,24,0.015002421666547527,1,1360
L24_S990003,1152,0.20952380952380953,INTERFACE,2.1045474155470014,0.014903547944274953,False,18.323544460132883,24,0.014903547944274953,1,1424
L24_S990003,1216,0.20952380952380953,INTERFACE,2.1045474155470014,0.014820693627973114,False,17.779111718551782,24,0.014820693627973114,1,1488
L24_S990003,1280,0.19047619047619047,INTERFACE,2.1045474155470014,0.014752529277315074,False,16.441931232647978,24,0.014752529277315074,1,1552
L24_S990003,1344,0.19047619047619047,INTERFACE,2.1045474155470014,0.014695649862607962,False,15.991169770991034,24,0.014695649862607962,1,1616
L24_S990003,1408,0.18095238095238095,INTERFACE,2.1045474155470014,0.014639351128331368,False,15.109314738115767,24,0.014639351128331368,1,1680
L24_S990003,1472,0.1523809523809524,INTERFACE,2.1045474155470014,0.014669594652732432,False,13.34649719704113,24,0.014669594652732432,1,1744
L24_S990003,1536,0.1523809523809524,INTERFACE,2.1045474155470014,0.015229285629823508,False,13.001081971950589,24,0.015229285629823508,1,1808
L24_S990003,1600,0.1523809523809524,INTERFACE,2.1045474155470014,0.015618314535630895,False,12.658386000427267,24,0.015618314535630895,1,1872
L24_S990003,1664,0.1619047619047619,INTERFACE,2.1045474155470014,0.015903755635918615,False,12.78154763202858,24,0.015903755635918615,1,1936
L24_S990003,1728,0.14285714285714285,INTERFACE,2.1045474155470014,0.016264861776795314,False,11.544889851667676,24,0.016264861776795314,1,2000
L24_S990003,1792,0.13333333333333333,INTERFACE,2.1045474155470014,0.01661586459862785,False,10.763083630148246,24,0.01661586459862785,1,2064
L24_S990003,1856,0.11428571428571428,INTERFACE,2.1045474155470014,0.016857925895992554,False,9.57578595657574,24,0.016857925895992554,1,2128
L24_S990003,1920,0.11428571428571428,INTERFACE,2.1045474155470014,0.017063213577057312,False,9.293596594771866,24,0.017063213577057312,1,2192
L24_S990003,1984,0.12380952380952381,INTERFACE,2.1045474155470014,0.01735474756771238,False,9.427155147607458,24,0.01735474756771238,1,2256
L24_S990003,0,1.0,INTERFACE,2.1045474155470014,2.1045474155470014,False,83.40241931802258,24,23.198902310529057,4,272
L24_S990003,16,0.6476190476190476,INTERFACE,2.1045474155470014,0.1604167202551552,False,54.88254128857662,24,0.1604167202551552,4,336
L24_S990003,32,0.5714285714285714,INTERFACE,2.1045474155470014,0.1313801981593442,False,49.152222088852795,24,0.1313801981593442,4,400
L24_S990003,48,0.5238095238095238,INTERFACE,2.1045474155470014,0.1145235240818967,False,45.158206075552854,24,0.1145235240818967,4,464
L24_S990003,64,0.49523809523809526,INTERFACE,2.1045474155470014,0.1027925193995517,False,42.50831581301283,24,0.1027925193995517,4,528
L24_S990003,80,0.45714285714285713,INTERFACE,2.1045474155470014,0.09384525220547013,False,39.30695950446249,24,0.09384525220547013,4,592
L24_S990003,96,0.41904761904761906,INTERFACE,2.1045474155470014,0.08665170840971392,False,36.66706028843193,24,0.08665170840971392,4,656
L24_S990003,112,0.4,INTERFACE,2.1045474155470014,0.08084147693168942,False,34.70277447322534,24,0.08084147693168942,4,720
L24_S990003,128,0.38095238095238093,INTERFACE,2.1045474155470014,0.07612559888739567,False,33.13117733857456,24,0.07612559888739567,4,784
L24_S990003,144,0.3523809523809524,INTERFACE,2.1045474155470014,0.0722575397081886,False,30.925772798803468,24,0.0722575397081886,4,848
L24_S990003,160,0.3523809523809524,INTERFACE,2.1045474155470014,0.06905882455938384,False,30.231160378544807,24,0.06905882455938384,4,912
L24_S990003,176,0.3142857142857143,INTERFACE,2.1045474155470014,0.06633345457195972,False,27.636913004853593,24,0.06633345457195972,4,976
L24_S990003,192,0.3047619047619048,INTERFACE,2.1045474155470014,0.06422235665911813,False,26.6370217169804,24,0.06422235665911813,4,1040
L24_S990003,208,0.3047619047619048,INTERFACE,2.1045474155470014,0.06258357646049773,False,25.9092793160482,24,0.06258357646049773,4,1104
L24_S990003,224,0.2761904761904762,INTERFACE,2.1045474155470014,0.061408556351041144,False,24.074933963466908,24,0.061408556351041144,4,1168
L24_S990003,240,0.26666666666666666,INTERFACE,2.1045474155470014,0.06058295677627201,False,23.02687558788927,24,0.06058295677627201,4,1232
L24_S990003,256,0.24761904761904763,INTERFACE,2.1045474155470014,0.05987140782047451,False,21.627329971489235,24,0.05987140782047451,4,1296
L24_S990003,272,0.2571428571428571,INTERFACE,2.1045474155470014,0.059323485570975,False,21.56150592996352,24,0.059323485570975,4,1360
L24_S990003,288,0.22857142857142856,INTERFACE,2.1045474155470014,0.058944599011993115,False,19.69030986757917,24,0.058944599011993115,4,1424
L24_S990003,304,0.21904761904761905,INTERFACE,2.1045474155470014,0.05858669263494931,False,18.78105723684545,24,0.05858669263494931,4,1488
L24_S990003,320,0.21904761904761905,INTERFACE,2.1045474155470014,0.05831437043036847,False,18.26179821235134,24,0.05831437043036847,4,1552
L24_S990003,336,0.20952380952380953,INTERFACE,2.1045474155470014,0.058127557977802224,False,17.372423112135543,24,0.058127557977802224,4,1616
L24_S990003,352,0.18095238095238095,INTERFACE,2.1045474155470014,0.05792260749777223,False,15.6462675213717,24,0.05792260749777223,4,1680
L24_S990003,368,0.17142857142857143,INTERFACE,2.1045474155470014,0.057765744229894334,False,14.798998277297194,24,0.057765744229894334,4,1744
L24_S990003,384,0.18095238095238095,INTERFACE,2.1045474155470014,0.057605001375530374,False,14.718762900408468,24,0.057605001375530374,4,1808
L24_S990003,400,0.1523809523809524,INTERFACE,2.1045474155470014,0.059527665370219474,False,13.051423709272418,24,0.059527665370219474,4,1872
L24_S990003,416,0.1619047619047619,INTERFACE,2.1045474155470014,0.0617994463119812,False,13.175096210542575,24,0.0617994463119812,4,1936
L24_S990003,432,0.14285714285714285,INTERFACE,2.1045474155470014,0.06252350999525957,False,12.007993967129284,24,0.06252350999525957,4,2000
L24_S990003,448,0.13333333333333333,INTERFACE,2.1045474155470014,0.06416239907165266,False,11.212290677690932,24,0.06416239907165266,4,2064
L24_S990003,464,0.13333333333333333,INTERFACE,2.1045474155470014,0.06422916505484144,False,10.98594101945128,24,0.06422916505484144,4,2128
L24_S990003,480,0.13333333333333333,INTERFACE,2.1045474155470014,0.06582874605697409,False,10.684509408133817,24,0.06582874605697409,4,2192
L24_S990003,496,0.11428571428571428,INTERFACE,2.1045474155470014,0.06668570120575346,False,9.50719305019869,24,0.06668570120575346,4,2256
L24_S990003,0,1.0,INTERFACE,2.1045474155470014,2.1045474155470014,False,83.40241931802258,24,23.198902310529057,16,272
L24_S990003,4,0.8761904761904762,INTERFACE,2.1045474155470014,2.1045474155470014,False,73.27015843011947,24,15.834587492910483,16,336
L24_S990003,8,0.7523809523809524,INTERFACE,2.1045474155470014,2.104547415547002,False,63.03804413272708,24,8.973352420753574,16,400
L24_S990003,12,0.638095238095238,INTERFACE,2.1045474155470014,2.1045474155470014,False,53.22624506172043,24,2.1380486791108164,16,464
L24_S990003,16,0.5714285714285714,INTERFACE,2.1045474155470014,0.460729902032889,False,48.45869996352618,24,0.460729902032889,16,528
L24_S990003,20,0.5333333333333333,INTERFACE,2.1045474155470014,0.41155938251118407,False,45.234576853196614,24,0.41155938251118407,16,592
L24_S990003,24,0.49523809523809526,INTERFACE,2.1045474155470014,0.37497775288331603,False,42.20118905494029,24,0.37497775288331603,16,656
L24_S990003,28,0.45714285714285713,INTERFACE,2.1045474155470014,0.34604445412816376,False,39.46177819214347,24,0.34604445412816376,16,720
L24_S990003,32,0.41904761904761906,INTERFACE,2.1045474155470014,0.3218483858093657,False,36.58311192179879,24,0.3218483858093657,16,784
L24_S990003,36,0.4,INTERFACE,2.1045474155470014,0.301864483461864,False,34.86598041369483,24,0.301864483461864,16,848
L24_S990003,40,0.38095238095238093,INTERFACE,2.1045474155470014,0.2855381489526946,False,32.89276405049529,24,0.2855381489526946,16,912
L24_S990003,44,0.3523809523809524,INTERFACE,2.1045474155470014,0.272168084155347,False,30.735630938749342,24,0.272168084155347,16,976
L24_S990003,48,0.3523809523809524,INTERFACE,2.1045474155470014,0.26114823118767194,False,30.31119217704551,24,0.26114823118767194,16,1040
L24_S990003,52,0.34285714285714286,INTERFACE,2.1045474155470014,0.25197708492321913,False,29.312145298813405,24,0.25197708492321913,16,1104
L24_S990003,56,0.3142857142857143,INTERFACE,2.1045474155470014,0.24441850291785627,False,27.37345914143442,24,0.24441850291785627,16,1168
L24_S990003,60,0.2857142857142857,INTERFACE,2.1045474155470014,0.23762545713188843,False,25.32510554289986,24,0.23762545713188843,16,1232
L24_S990003,64,0.3047619047619048,INTERFACE,2.1045474155470014,0.23430925123804025,False,25.545575180579835,24,0.23430925123804025,16,1296
L24_S990003,68,0.3047619047619048,INTERFACE,2.1045474155470014,0.23145434180891855,False,25.40675905906274,24,0.23145434180891855,16,1360
L24_S990003,72,0.26666666666666666,INTERFACE,2.1045474155470014,0.22776676791514716,False,23.038642935508996,24,0.22776676791514716,16,1424
L24_S990003,76,0.24761904761904763,INTERFACE,2.1045474155470014,0.22620546588745605,False,21.37162728061399,24,0.22620546588745605,16,1488
L24_S990003,80,0.23809523809523808,INTERFACE,2.1045474155470014,0.22501627956514736,False,20.488689450216718,24,0.22501627956514736,16,1552
L24_S990003,84,0.22857142857142856,INTERFACE,2.1045474155470014,0.2246756590504585,False,19.728502793681947,24,0.2246756590504585,16,1616
L24_S990003,88,0.21904761904761905,INTERFACE,2.1045474155470014,0.2246676837024133,False,18.855209351275004,24,0.2246676837024133,16,1680
L24_S990003,92,0.23809523809523808,INTERFACE,2.1045474155470014,0.22301098655540985,False,19.37998217605811,24,0.22301098655540985,16,1744
L24_S990003,96,0.20952380952380953,INTERFACE,2.1045474155470014,0.22222539877241176,False,17.673761281714356,24,0.22222539877241176,16,1808
L24_S990003,100,0.20952380952380953,INTERFACE,2.1045474155470014,0.22229978346548374,False,17.024275115174554,24,0.22229978346548374,16,1872
L24_S990003,104,0.19047619047619047,INTERFACE,2.1045474155470014,0.22166343295202418,False,15.903583867497606,24,0.22166343295202418,16,1936
L24_S990003,108,0.17142857142857143,INTERFACE,2.1045474155470014,0.22112430961189755,False,14.67373150503258,24,0.22112430961189755,16,2000
L24_S990003,112,0.17142857142857143,INTERFACE,2.1045474155470014,0.2210754063064876,False,14.377212818358622,24,0.2210754063064876,16,2064
L24_S990003,116,0.1523809523809524,INTERFACE,2.1045474155470014,0.23724932780918495,False,12.767384549215777,24,0.23724932780918495,16,2128
L24_S990003,120,0.18095238095238095,INTERFACE,2.1045474155470014,0.23422354187024574,False,14.039661423935467,24,0.23422354187024574,16,2192
L24_S990003,124,0.1523809523809524,INTERFACE,2.1045474155470014,0.22798581577148558,False,12.706274482839868,24,0.22798581577148558,16,2256
L24_S990003,0,1.0,INTERFACE,2.1045474155470014,2.1045474155470014,False,83.40241931802258,24,23.198902310529057,64,272
L24_S990003,1,0.9619047619047619,INTERFACE,2.1045474155470014,2.1045474155470014,False,79.85122592173887,24,21.662145750798636,64,336
L24_S990003,2,0.9333333333333333,INTERFACE,2.1045474155470014,2.1045474155470014,False,77.11760290083359,24,20.355218784567885,64,400
L24_S990003,3,0.8952380952380953,INTERFACE,2.1045474155470014,2.1045474155470014,False,73.88746494277949,24,18.959554080262137,64,464
L24_S990003,4,0.8476190476190476,INTERFACE,2.1045474155470014,2.1045474155470014,False,70.12905588787918,24,17.752963049737154,64,528
L24_S990003,5,0.8095238095238095,INTERFACE,2.1045474155470014,2.1045474155470014,False,66.86498170754687,24,16.43272782275223,64,592
L24_S990003,6,0.7714285714285715,INTERFACE,2.1045474155470014,2.1045474155470014,False,63.449353283901715,24,15.188036672197484,64,656
L24_S990003,7,0.7142857142857143,INTERFACE,2.1045474155470014,2.1045474155470014,False,59.430225074865646,24,13.835004829051403,64,720
L24_S990003,8,0.6857142857142857,INTERFACE,2.1045474155470014,2.1045474155470014,False,56.24960767847327,24,12.69196474952723,64,784
L24_S990003,9,0.6476190476190476,INTERFACE,2.1045474155470014,2.1045474155470014,False,53.175344413619314,24,11.457312976999873,64,848
L24_S990003,10,0.6095238095238096,INTERFACE,2.1045474155470014,2.1045474155470014,False,49.90848583548103,24,10.197306157808487,64,912
L24_S990003,11,0.580952380952381,INTERFACE,2.1045474155470014,2.1045474155470014,False,47.22691458556699,24,8.895627588780062,64,976
L24_S990003,12,0.5428571428571428,INTERFACE,2.1045474155470014,2.1045474155470014,False,43.82391959154789,24,7.536179173314977,64,1040
L24_S990003,13,0.5047619047619047,INTERFACE,2.1045474155470014,2.1045474155470014,False,40.55321139724451,24,6.28334185610656,64,1104
L24_S990003,14,0.44761904761904764,INTERFACE,2.1045474155470014,2.1045474155470014,False,36.51039500489423,24,4.980788607759056,64,1168
L24_S990003,15,0.41904761904761906,INTERFACE,2.1045474155470014,2.1045474155470014,False,33.321730738815745,24,3.674997414987117,64,1232
L24_S990003,16,0.38095238095238093,INTERFACE,2.1045474155470014,2.1045474155470014,False,30.41682037388874,24,2.544138518800717,64,1296
L24_S990003,17,0.3523809523809524,INTERFACE,2.1045474155470014,1.5076823149019192,False,27.79592560608617,24,1.5076823149019192,64,1360
L24_S990003,18,0.3047619047619048,INTERFACE,2.1045474155470014,1.0998900497825046,False,24.94437340193395,24,1.0998900497825046,64,1424
L24_S990003,19,0.2761904761904762,INTERFACE,2.1045474155470014,1.035148510456548,False,22.85162856200036,24,1.035148510456548,64,1488
L24_S990003,20,0.2761904761904762,INTERFACE,2.1045474155470014,1.0011245794526693,False,22.112534047385914,24,1.0011245794526693,64,1552
L24_S990003,21,0.26666666666666666,INTERFACE,2.1045474155470014,0.9785271652278948,False,21.4057766029642,24,0.9785271652278947,64,1616
L24_S990003,22,0.24761904761904763,INTERFACE,2.1045474155470014,0.9573248071158559,False,20.215439613759667,24,0.9573248071158559,64,1680
L24_S990003,23,0.23809523809523808,INTERFACE,2.1045474155470014,0.9480234577820686,False,19.12523109788945,24,0.9480234577820686,64,1744
L24_S990003,24,0.20952380952380953,INTERFACE,2.1045474155470014,0.9413812127239366,False,17.25442882527421,24,0.9413812127239366,64,1808
L24_S990003,25,0.2,INTERFACE,2.1045474155470014,0.9369858316533176,False,16.157594550266136,24,0.9369858316533176,64,1872
L24_S990003,26,0.19047619047619047,INTERFACE,2.1045474155470014,0.933022596244254,False,15.158134632039063,24,0.933022596244254,64,1936
L24_S990003,27,0.2,INTERFACE,2.1045474155470014,0.9279939914081723,False,15.406201452498888,24,0.9279939914081723,64,2000
L24_S990003,28,0.17142857142857143,INTERFACE,2.1045474155470014,0.922460575435076,False,13.886743385876914,24,0.922460575435076,64,2064
L24_S990003,29,0.17142857142857143,INTERFACE,2.1045474155470014,0.958590756519585,False,13.382082920384615,24,0.958590756519585,64,2128
L24_S990003,30,0.18095238095238095,INTERFACE,2.1045474155470014,0.9415582669968581,False,13.762646434153568,24,0.9415582669968582,64,2192
L24_S990003,31,0.1619047619047619,INTERFACE,2.1045474155470014,0.9321273996742236,False,12.785269146471176,24,0.9321273996742236,64,2256
L24_S990003,0,1.0,DISPERSED,2.1045474155470014,2.1045474155470014,False,83.40241931802258,24,23.198902310529075,1,272
L24_S990003,64,0.5238095238095238,DISPERSED,2.1045474155470014,0.057409897144003796,False,45.179992236585655,24,0.057409897144003796,1,336
L24_S990003,128,0.2761904761904762,DISPERSED,2.1045474155470014,0.061634117868899385,False,24.477207457641207,24,0.061634117868899385,1,400
L24_S990003,192,0.14285714285714285,DISPERSED,2.1045474155470014,0.062946763022799,False,12.787764255752096,24,0.062946763022799,1,464
L24_S990003,256,0.0,DISPERSED,2.1045474155470014,0.0,True,0.0,24,3.060122774051811,1,528
L24_S990003,320,0.0,DISPERSED,2.1045474155470014,0.0,True,0.0,24,11.308606519993617,1,592
L24_S990003,384,0.0,DISPERSED,2.1045474155470014,0.0,True,0.0,24,14.31062143096228,1,656
L24_S990003,448,0.0,DISPERSED,2.1045474155470014,0.0,True,0.0,24,17.759970894282926,1,720
L24_S990003,512,0.0,DISPERSED,2.1045474155470014,0.0,True,0.0,24,20.117783703336386,1,784
L24_S990003,576,0.0,DISPERSED,2.1045474155470014,0.0,True,0.0,24,21.132065753858893,1,848
L24_S990003,640,0.0,DISPERSED,2.1045474155470014,0.0,True,0.0,24,24.317436576512456,1,912
L24_S990003,704,0.0,DISPERSED,2.1045474155470014,0.0,True,0.0,24,25.08037288266508,1,976
L24_S990003,768,0.0,DISPERSED,2.1045474155470014,0.0,True,0.0,24,26.615366921204274,1,1040
L24_S990003,832,0.0,DISPERSED,2.1045474155470014,0.0,True,0.0,24,26.44376628905934,1,1104
L24_S990003,896,0.0,DISPERSED,2.1045474155470014,0.0,True,0.0,24,27.538692868489672,1,1168
L24_S990003,960,0.0,DISPERSED,2.1045474155470014,0.0,True,0.0,24,28.374899061161376,1,1232
L24_S990003,1024,0.0,DISPERSED,2.1045474155470014,0.0,True,0.0,24,28.738449341016235,1,1296
L24_S990003,1088,0.0,DISPERSED,2.1045474155470014,0.0,True,0.0,24,29.469902957907347,1,1360
L24_S990003,1152,0.0,DISPERSED,2.1045474155470014,0.0,True,0.0,24,29.71867471835076,1,1424
L24_S990003,1216,0.0,DISPERSED,2.1045474155470014,0.0,True,0.0,24,29.54092989608602,1,1488
L24_S990003,1280,0.0,DISPERSED,2.1045474155470014,0.0,True,0.0,24,29.93724292910121,1,1552
L24_S990003,1344,0.0,DISPERSED,2.1045474155470014,0.0,True,0.0,24,31.1537003139012,1,1616
L24_S990003,1408,0.0,DISPERSED,2.1045474155470014,0.0,True,0.0,24,32.38040733376698,1,1680
L24_S990003,1472,0.0,DISPERSED,2.1045474155470014,0.0,True,0.0,24,32.94674108178794,1,1744
L24_S990003,1536,0.0,DISPERSED,2.1045474155470014,0.0,True,0.0,24,33.05817965983588,1,1808
L24_S990003,1600,0.0,DISPERSED,2.1045474155470014,0.0,True,0.0,24,33.89623263098153,1,1872
L24_S990003,1664,0.0,DISPERSED,2.1045474155470014,0.0,True,0.0,24,34.53494426478884,1,1936
L24_S990003,1728,0.0,DISPERSED,2.1045474155470014,0.0,True,0.0,24,34.6343056262254,1,2000
L24_S990003,1792,0.0,DISPERSED,2.1045474155470014,0.0,True,0.0,24,35.13583677631541,1,2064
L24_S990003,1856,0.0,DISPERSED,2.1045474155470014,0.0,True,0.0,24,37.20909002419326,1,2128
L24_S990003,1920,0.0,DISPERSED,2.1045474155470014,0.0,True,0.0,24,38.37052644310832,1,2192
L24_S990003,1984,0.0,DISPERSED,2.1045474155470014,0.0,True,0.0,24,39.87708441926028,1,2256
L24_S990003,0,1.0,DISPERSED,2.1045474155470014,2.1045474155470014,False,83.40241931802258,24,23.198902310529075,4,272
L24_S990003,16,0.5904761904761905,DISPERSED,2.1045474155470014,0.20951818638959463,False,50.646695811247106,24,0.20951818638959463,4,336
L24_S990003,32,0.37142857142857144,DISPERSED,2.1045474155470014,0.24069741603623873,False,32.20306357616276,24,0.24069741603623873,4,400
L24_S990003,48,0.22857142857142856,DISPERSED,2.1045474155470014,0.24791808792794445,False,19.68870314991976,24,0.24791808792794445,4,464
L24_S990003,64,0.10476190476190476,DISPERSED,2.1045474155470014,0.8097765968990772,False,9.461117641782627,24,0.8097765968990772,4,528
L24_S990003,80,0.0,DISPERSED,2.1045474155470014,0.0,True,0.0,24,6.5025816052430665,4,592
L24_S990003,96,0.0,DISPERSED,2.1045474155470014,0.0,True,0.0,24,13.276642161482616,4,656
L24_S990003,112,0.0,DISPERSED,2.1045474155470014,0.0,True,0.0,24,17.267449703411206,4,720
L24_S990003,128,0.0,DISPERSED,2.1045474155470014,0.0,True,0.0,24,21.779687655136073,4,784
L24_S990003,144,0.0,DISPERSED,2.1045474155470014,0.0,True,0.0,24,24.36278209295717,4,848
L24_S990003,160,0.0,DISPERSED,2.1045474155470014,0.0,True,0.0,24,26.90164927852932,4,912
L24_S990003,176,0.0,DISPERSED,2.1045474155470014,0.0,True,0.0,24,27.955572926027394,4,976
L24_S990003,192,0.0,DISPERSED,2.1045474155470014,0.0,True,0.0,24,28.521089564413415,4,1040
L24_S990003,208,0.0,DISPERSED,2.1045474155470014,0.0,True,0.0,24,29.084610731313497,4,1104
L24_S990003,224,0.009523809523809525,DISPERSED,2.1045474155470014,0.4501470011636951,False,0.4501470011636951,24,30.658942331926106,4,1168
L24_S990003,240,0.0,DISPERSED,2.1045474155470014,0.0,True,0.0,24,30.89743646241453,4,1232
L24_S990003,256,0.0,DISPERSED,2.1045474155470014,0.0,True,0.0,24,31.37272349896079,4,1296
L24_S990003,272,0.0,DISPERSED,2.1045474155470014,0.0,True,0.0,24,31.26718145078473,4,1360
L24_S990003,288,0.0,DISPERSED,2.1045474155470014,0.0,True,0.0,24,31.508956237436696,4,1424
L24_S990003,304,0.0,DISPERSED,2.1045474155470014,0.0,True,0.0,24,31.84917414393111,4,1488
L24_S990003,320,0.0,DISPERSED,2.1045474155470014,0.0,True,0.0,24,33.617913032521635,4,1552
L24_S990003,336,0.0,DISPERSED,2.1045474155470014,0.0,True,0.0,24,34.42783107317429,4,1616
L24_S990003,352,0.0,DISPERSED,2.1045474155470014,0.0,True,0.0,24,34.44941239445751,4,1680
L24_S990003,368,0.01904761904761905,DISPERSED,2.1045474155470014,0.9013853919692737,False,0.9013853919692737,24,35.49618072887363,4,1744
L24_S990003,384,0.0,DISPERSED,2.1045474155470014,0.0,True,0.0,24,35.836445910559554,4,1808
L24_S990003,400,0.0,DISPERSED,2.1045474155470014,0.0,True,0.0,24,36.36685984711759,4,1872
L24_S990003,416,0.0,DISPERSED,2.1045474155470014,0.0,True,0.0,24,37.02239462945799,4,1936
L24_S990003,432,0.0,DISPERSED,2.1045474155470014,0.0,True,0.0,24,37.53576256943203,4,2000
L24_S990003,448,0.0,DISPERSED,2.1045474155470014,0.0,True,0.0,24,36.87250409389825,4,2064
L24_S990003,464,0.009523809523809525,DISPERSED,2.1045474155470014,0.45025786546310587,False,0.45025786546310587,24,37.2557587488143,4,2128
L24_S990003,480,0.009523809523809525,DISPERSED,2.1045474155470014,0.4500609459719906,False,0.4500609459719906,24,36.889072071335676,4,2192
L24_S990003,496,0.0,DISPERSED,2.1045474155470014,0.0,True,0.0,24,36.99458922281178,4,2256
L24_S990003,0,1.0,DISPERSED,2.1045474155470014,2.1045474155470014,False,83.40241931802258,24,23.198902310529075,16,272
L24_S990003,4,0.8761904761904762,DISPERSED,2.1045474155470014,2.1045474155470014,False,73.37085789635887,24,17.14441081971183,16,336
L24_S990003,8,0.7523809523809524,DISPERSED,2.1045474155470014,2.1045474155470014,False,63.38870308976398,24,11.063726592797003,16,400
L24_S990003,12,0.638095238095238,DISPERSED,2.1045474155470014,2.1045474155470014,False,53.89190020679929,24,10.727788710206514,16,464
L24_S990003,16,0.5142857142857142,DISPERSED,2.1045474155470014,2.1045474155470014,False,43.895276113904394,24,10.265919931399493,16,528
L24_S990003,20,0.4,DISPERSED,2.1045474155470014,2.1045474155470014,False,34.26980783657583,24,7.0187353035253235,16,592
L24_S990003,24,0.2761904761904762,DISPERSED,2.1045474155470014,2.1045474155470014,False,24.352718241558975,24,5.3497527286368385,16,656
L24_S990003,28,0.1619047619047619,DISPERSED,2.1045474155470014,2.1045474155470014,False,14.52976581282639,24,5.919838396641304,16,720
L24_S990003,32,0.047619047619047616,DISPERSED,2.1045474155470014,2.1045474155470014,False,4.100031070205125,24,8.43946709997357,16,784
L24_S990003,36,0.0,DISPERSED,2.1045474155470014,0.0,True,0.0,24,11.326066445379611,16,848
L24_S990003,40,0.009523809523809525,DISPERSED,2.1045474155470014,0.4660253990662692,False,0.4660253990662692,24,14.669619066268693,16,912
L24_S990003,44,0.0,DISPERSED,2.1045474155470014,0.0,True,0.0,24,16.21262241436313,16,976
L24_S990003,48,0.0,DISPERSED,2.1045474155470014,0.0,True,0.0,24,18.880493602229816,16,1040
L24_S990003,52,0.0,DISPERSED,2.1045474155470014,0.0,True,0.0,24,20.82958238906759,16,1104
L24_S990003,56,0.0,DISPERSED,2.1045474155470014,0.0,True,0.0,24,23.250163872552807,16,1168
L24_S990003,60,0.0,DISPERSED,2.1045474155470014,0.0,True,0.0,24,25.937050189811966,16,1232
L24_S990003,64,0.0,DISPERSED,2.1045474155470014,0.0,True,0.0,24,26.98648401257061,16,1296
L24_S990003,68,0.02857142857142857,DISPERSED,2.1045474155470014,1.3587494587725468,False,1.3587494587725468,24,28.394704178688997,16,1360
L24_S990003,72,0.0,DISPERSED,2.1045474155470014,0.0,True,0.0,24,28.013045163444023,16,1424
L24_S990003,76,0.009523809523809525,DISPERSED,2.1045474155470014,0.4535372189957586,False,0.4535372189957586,24,30.143433971890296,16,1488
L24_S990003,80,0.0,DISPERSED,2.1045474155470014,0.0,True,0.0,24,31.215164851687128,16,1552
L24_S990003,84,0.0,DISPERSED,2.1045474155470014,0.0,True,0.0,24,33.22981732709624,16,1616
L24_S990003,88,0.0,DISPERSED,2.1045474155470014,0.0,True,0.0,24,33.984695675155045,16,1680
L24_S990003,92,0.0,DISPERSED,2.1045474155470014,0.0,True,0.0,24,34.58876946255804,16,1744
L24_S990003,96,0.0,DISPERSED,2.1045474155470014,0.0,True,0.0,24,34.81140462898341,16,1808
L24_S990003,100,0.0,DISPERSED,2.1045474155470014,0.0,True,0.0,24,35.37859726322803,16,1872
L24_S990003,104,0.0,DISPERSED,2.1045474155470014,0.0,True,0.0,24,34.933480411692805,16,1936
L24_S990003,108,0.0,DISPERSED,2.1045474155470014,0.0,True,0.0,24,35.50352593053889,16,2000
L24_S990003,112,0.0,DISPERSED,2.1045474155470014,0.0,True,0.0,24,35.96567097834456,16,2064
L24_S990003,116,0.0,DISPERSED,2.1045474155470014,0.0,True,0.0,24,36.53531570298192,16,2128
L24_S990003,120,0.009523809523809525,DISPERSED,2.1045474155470014,0.45093437581772006,False,0.45093437581772006,24,37.033146599700935,16,2192
L24_S990003,124,0.009523809523809525,DISPERSED,2.1045474155470014,0.45061417618074934,False,0.45061417618074934,24,37.07701729510864,16,2256
L24_S990003,0,1.0,DISPERSED,2.1045474155470014,2.1045474155470014,False,83.40241931802258,24,23.198902310529075,64,272
L24_S990003,1,0.9619047619047619,DISPERSED,2.1045474155470014,2.1045474155470014,False,79.88296947513108,24,22.586563439866403,64,336
L24_S990003,2,0.9333333333333333,DISPERSED,2.1045474155470014,2.1045474155470014,False,77.21357538702794,24,20.94122185608568,64,400
L24_S990003,3,0.8952380952380953,DISPERSED,2.1045474155470014,2.1045474155470014,False,74.06707121209361,24,19.886217464540834,64,464
L24_S990003,4,0.8476190476190476,DISPERSED,2.1045474155470014,2.1045474155470014,False,70.40770612141554,24,18.331892246562692,64,528
L24_S990003,5,0.8095238095238095,DISPERSED,2.1045474155470014,2.1045474155470014,False,67.25455615791762,24,18.97532794443287,64,592
L24_S990003,6,0.7714285714285715,DISPERSED,2.1045474155470014,2.1045474155470014,False,63.95485214680832,24,20.712258854028786,64,656
L24_S990003,7,0.7238095238095238,DISPERSED,2.1045474155470014,2.1045474155470014,False,60.49579524892806,24,21.898384154935524,64,720
L24_S990003,8,0.6952380952380952,DISPERSED,2.1045474155470014,2.1045474155470014,False,57.6963198402834,24,20.939295857097896,64,784
L24_S990003,9,0.6571428571428571,DISPERSED,2.1045474155470014,2.1045474155470014,False,54.59323742669962,24,20.574640187906425,64,848
L24_S990003,10,0.6095238095238096,DISPERSED,2.1045474155470014,2.1045474155470014,False,50.92399363173929,24,21.328295068551633,64,912
L24_S990003,11,0.5714285714285714,DISPERSED,2.1045474155470014,2.1045474155470014,False,47.94361316317984,24,22.695193607413895,64,976
L24_S990003,12,0.5428571428571428,DISPERSED,2.1045474155470014,2.1045474155470014,False,45.14863081287581,24,22.36042126616408,64,1040
L24_S990003,13,0.5047619047619047,DISPERSED,2.1045474155470014,2.1045474155470014,False,42.01666706967502,24,21.492950403532173,64,1104
L24_S990003,14,0.45714285714285713,DISPERSED,2.1045474155470014,2.1045474155470014,False,38.488364444460814,24,19.66990728011826,64,1168
L24_S990003,15,0.42857142857142855,DISPERSED,2.1045474155470014,2.104547415547001,False,35.711274323326855,24,19.344716941049576,64,1232
L24_S990003,16,0.3904761904761905,DISPERSED,2.1045474155470014,2.1045474155470014,False,32.627194252456555,24,19.02165682928962,64,1296
L24_S990003,17,0.3523809523809524,DISPERSED,2.1045474155470014,2.1045474155470014,False,29.26795474880469,24,18.165082721450304,64,1360
L24_S990003,18,0.29523809523809524,DISPERSED,2.1045474155470014,2.1045474155470014,False,25.35352396853473,24,17.41308032136524,64,1424
L24_S990003,19,0.26666666666666666,DISPERSED,2.1045474155470014,2.104547415547002,False,22.230402790403023,24,19.89877398714494,64,1488
L24_S990003,20,0.24761904761904763,DISPERSED,2.1045474155470014,2.1045474155470014,False,20.14630460315844,24,21.801915007405114,64,1552
L24_S990003,21,0.21904761904761905,DISPERSED,2.1045474155470014,2.1045474155470014,False,17.518396370240353,24,22.61684785855937,64,1616
L24_S990003,22,0.18095238095238095,DISPERSED,2.1045474155470014,2.1045474155470014,False,14.438302820675295,24,23.54506001299493,64,1680
L24_S990003,23,0.14285714285714285,DISPERSED,2.1045474155470014,2.1045474155470014,False,11.465198750314858,24,23.64642407009607,64,1744
L24_S990003,24,0.11428571428571428,DISPERSED,2.1045474155470014,2.1045474155470014,False,8.724473435494446,24,22.701113205975382,64,1808
L24_S990003,25,0.09523809523809523,DISPERSED,2.1045474155470014,2.1045474155470014,False,6.950279207577587,24,22.357868880534777,64,1872
L24_S990003,26,0.08571428571428572,DISPERSED,2.1045474155470014,2.1045474155470014,False,5.555186120334134,24,22.70269196291522,64,1936
L24_S990003,27,0.05714285714285714,DISPERSED,2.1045474155470014,2.1045474155470014,False,3.8428447630256874,24,23.60867011327915,64,2000
L24_S990003,28,0.02857142857142857,DISPERSED,2.1045474155470014,1.5629693940444183,False,1.5629693940444183,24,23.90296207170532,64,2064
L24_S990003,29,0.02857142857142857,DISPERSED,2.1045474155470014,1.3951891327002757,False,1.3951891327002757,24,24.88256019504434,64,2128
L24_S990003,30,0.0,DISPERSED,2.1045474155470014,0.0,True,0.0,24,26.435355787912517,64,2192
L24_S990003,31,0.009523809523809525,DISPERSED,2.1045474155470014,0.47296296386760883,False,0.47296296386760883,24,26.849314282652852,64,2256
L24_S990004,0,1.0,INTERFACE,2.0530731060072815,2.0530731060072815,False,77.67053603502197,24,24.579079429569344,1,272
L24_S990004,64,0.5742574257425742,INTERFACE,2.0530731060072815,0.03727677965741483,False,45.43848780003057,24,0.03727677965741483,1,336
L24_S990004,128,0.504950495049505,INTERFACE,2.0530731060072815,0.03167809283769152,False,40.236045561866796,24,0.03167809283769152,1,400
L24_S990004,192,0.43564356435643564,INTERFACE,2.0530731060072815,0.028073417079234053,False,35.57792271233334,24,0.028073417079234053,1,464
L24_S990004,256,0.39603960396039606,INTERFACE,2.0530731060072815,0.0254112211280203,False,32.47196405545456,24,0.0254112211280203,1,528
L24_S990004,320,0.37623762376237624,INTERFACE,2.0530731060072815,0.02336028547658331,False,30.5063597286595,24,0.02336028547658331,1,592
L24_S990004,384,0.3465346534653465,INTERFACE,2.0530731060072815,0.02173410556872979,False,28.20271130655888,24,0.02173410556872979,1,656
L24_S990004,448,0.31683168316831684,INTERFACE,2.0530731060072815,0.020448889473955956,False,25.9808337686912,24,0.020448889473955956,1,720
L24_S990004,512,0.27722772277227725,INTERFACE,2.0530731060072815,0.019545220541264063,False,23.37957565433675,24,0.019545220541264063,1,784
L24_S990004,576,0.26732673267326734,INTERFACE,2.0530731060072815,0.018879436370599523,False,22.159455441268904,24,0.018879436370599523,1,848
L24_S990004,640,0.25742574257425743,INTERFACE,2.0530731060072815,0.01837616118896246,False,20.970912659750606,24,0.01837616118896246,1,912
L24_S990004,704,0.2376237623762376,INTERFACE,2.0530731060072815,0.01797294507279501,False,19.407666658326573,24,0.01797294507279501,1,976
L24_S990004,768,0.21782178217821782,INTERFACE,2.0530731060072815,0.01765381802174626,False,17.864847916284926,24,0.01765381802174626,1,1040
L24_S990004,832,0.19801980198019803,INTERFACE,2.0530731060072815,0.017392405234242903,False,16.3567668582186,24,0.017392405234242903,1,1104
L24_S990004,896,0.19801980198019803,INTERFACE,2.0530731060072815,0.017162918918411485,False,15.804900363871472,24,0.017162918918411485,1,1168
L24_S990004,960,0.16831683168316833,INTERFACE,2.0530731060072815,0.016956423715334568,False,13.905675019902025,24,0.016956423715334568,1,1232
L24_S990004,1024,0.18811881188118812,INTERFACE,2.0530731060072815,0.01756869334070743,False,14.349624930717829,24,0.01756869334070743,1,1296
L24_S990004,1088,0.1782178217821782,INTERFACE,2.0530731060072815,0.0179483113545571,False,13.447407659067615,24,0.0179483113545571,1,1360
L24_S990004,1152,0.13861386138613863,INTERFACE,2.0530731060072815,0.018404576431348185,False,11.147533781934213,24,0.018404576431348185,1,1424
L24_S990004,1216,0.12871287128712872,INTERFACE,2.0530731060072815,0.018716297774927337,False,10.267259684373848,24,0.018716297774927337,1,1488
L24_S990004,1280,0.1188118811881188,INTERFACE,2.0530731060072815,0.01905327386359512,False,9.417381057630164,24,0.01905327386359512,1,1552
L24_S990004,1344,0.09900990099009901,INTERFACE,2.0530731060072815,0.019333239067502506,False,8.125295866652566,24,0.019333239067502506,1,1616
L24_S990004,1408,0.0891089108910891,INTERFACE,2.0530731060072815,0.0196771276599641,False,7.26334044253168,24,0.0196771276599641,1,1680
L24_S990004,1472,0.07920792079207921,INTERFACE,2.0530731060072815,0.019907109519976207,False,6.508930364941298,24,0.019907109519976207,1,1744
L24_S990004,1536,0.07920792079207921,INTERFACE,2.0530731060072815,0.020191613653846252,False,6.125322818263314,24,0.020191613653846252,1,1808
L24_S990004,1600,0.0891089108910891,INTERFACE,2.0530731060072815,0.020492028281972052,False,6.226124540535034,24,0.020492028281972052,1,1872
L24_S990004,1664,0.0594059405940594,INTERFACE,2.0530731060072815,0.020779626809928953,False,4.547153636114115,24,0.020779626809928953,1,1936
L24_S990004,1728,0.04950495049504951,INTERFACE,2.0530731060072815,0.02099060625340854,False,3.7623037679355757,24,0.02099060625340854,1,2000
L24_S990004,1792,0.10891089108910891,INTERFACE,2.0530731060072815,0.021241120742304,False,6.149524022368701,24,0.021241120742304,1,2064
L24_S990004,1856,0.06930693069306931,INTERFACE,2.0530731060072815,0.02144029310122675,False,4.09979717400792,24,0.02144029310122675,1,2128
L24_S990004,1920,0.039603960396039604,INTERFACE,2.0530731060072815,0.021709068134945442,False,2.4316689767475284,24,0.021709068134945442,1,2192
L24_S990004,1984,0.06930693069306931,INTERFACE,2.0530731060072815,0.021999338080250674,False,3.4653546851943506,24,0.021999338080250674,1,2256
L24_S990004,0,1.0,INTERFACE,2.0530731060072815,2.0530731060072815,False,77.67053603502197,24,24.579079429569344,4,272
L24_S990004,16,0.6039603960396039,INTERFACE,2.0530731060072815,0.15540412712555363,False,47.73648634601547,24,0.15540412712555363,4,336
L24_S990004,32,0.5445544554455446,INTERFACE,2.0530731060072815,0.1302032893475079,False,42.881891834974645,24,0.1302032893475079,4,400
L24_S990004,48,0.45544554455445546,INTERFACE,2.0530731060072815,0.11480157493085086,False,37.17237076435541,24,0.11480157493085086,4,464
L24_S990004,64,0.4158415841584158,INTERFACE,2.0530731060072815,0.10347750016885338,False,34.023914065569365,24,0.10347750016885338,4,528
L24_S990004,80,0.39603960396039606,INTERFACE,2.0530731060072815,0.09475402829785795,False,31.859054312732752,24,0.09475402829785795,4,592
L24_S990004,96,0.3564356435643564,INTERFACE,2.0530731060072815,0.08787018513225509,False,29.06985562333691,24,0.08787018513225509,4,656
L24_S990004,112,0.3465346534653465,INTERFACE,2.0530731060072815,0.08240689020027825,False,27.951999129375512,24,0.08240689020027825,4,720
L24_S990004,128,0.297029702970297,INTERFACE,2.0530731060072815,0.07813348040282031,False,24.738704336208997,24,0.07813348040282031,4,784
L24_S990004,144,0.27722772277227725,INTERFACE,2.0530731060072815,0.07520053966490381,False,23.09213394197342,24,0.07520053966490381,4,848
L24_S990004,160,0.25742574257425743,INTERFACE,2.0530731060072815,0.07303159901739142,False,21.52543630781253,24,0.07303159901739142,4,912
L24_S990004,176,0.24752475247524752,INTERFACE,2.0530731060072815,0.07129332661527799,False,20.440608265789802,24,0.07129332661527799,4,976
L24_S990004,192,0.24752475247524752,INTERFACE,2.0530731060072815,0.06998235320381618,False,19.657264082741392,24,0.06998235320381618,4,1040
L24_S990004,208,0.21782178217821782,INTERFACE,2.0530731060072815,0.06886602759630778,False,17.900029284755327,24,0.06886602759630778,4,1104
L24_S990004,224,0.2079207920792079,INTERFACE,2.0530731060072815,0.06800768403260582,False,16.782520703399456,24,0.06800768403260582,4,1168
L24_S990004,240,0.19801980198019803,INTERFACE,2.0530731060072815,0.06718133724311948,False,15.911088707420728,24,0.06718133724311948,4,1232
L24_S990004,256,0.16831683168316833,INTERFACE,2.0530731060072815,0.06657106907096833,False,13.972043080528751,24,0.06657106907096833,4,1296
L24_S990004,272,0.15841584158415842,INTERFACE,2.0530731060072815,0.0666188001180803,False,13.176866885145678,24,0.0666188001180803,4,1360
L24_S990004,288,0.16831683168316833,INTERFACE,2.0530731060072815,0.06975878334413599,False,13.091808353486464,24,0.06975878334413599,4,1424
L24_S990004,304,0.1485148514851485,INTERFACE,2.0530731060072815,0.07228282191586444,False,11.612883921569773,24,0.07228282191586444,4,1488
L24_S990004,320,0.12871287128712872,INTERFACE,2.0530731060072815,0.07307801834700656,False,10.46654054326543,24,0.07307801834700656,4,1552
L24_S990004,336,0.12871287128712872,INTERFACE,2.0530731060072815,0.07489896005222885,False,9.978766953168565,24,0.07489896005222885,4,1616
L24_S990004,352,0.13861386138613863,INTERFACE,2.0530731060072815,0.07531337079767653,False,10.122402356317847,24,0.07531337079767653,4,1680
L24_S990004,368,0.12871287128712872,INTERFACE,2.0530731060072815,0.07729555015596246,False,9.201106346850372,24,0.07729555015596246,4,1744
L24_S990004,384,0.1188118811881188,INTERFACE,2.0530731060072815,0.07864928675953697,False,8.353462977811533,24,0.07864928675953697,4,1808
L24_S990004,400,0.0891089108910891,INTERFACE,2.0530731060072815,0.07897323180370974,False,6.816652398688435,24,0.07897323180370974,4,1872
L24_S990004,416,0.06930693069306931,INTERFACE,2.0530731060072815,0.08036025166280236,False,5.564414240375852,24,0.08036025166280236,4,1936
L24_S990004,432,0.06930693069306931,INTERFACE,2.0530731060072815,0.08084191963635268,False,5.307175882593386,24,0.08084191963635268,4,2000
L24_S990004,448,0.0594059405940594,INTERFACE,2.0530731060072815,0.08251230714439939,False,4.586090208246149,24,0.08251230714439939,4,2064
L24_S990004,464,0.06930693069306931,INTERFACE,2.0530731060072815,0.08319902306882665,False,4.77089401623348,24,0.08319902306882665,4,2128
L24_S990004,480,0.07920792079207921,INTERFACE,2.0530731060072815,0.08392305546084644,False,4.924065540900998,24,0.08392305546084644,4,2192
L24_S990004,496,0.06930693069306931,INTERFACE,2.0530731060072815,0.08515641817886155,False,4.070089249805169,24,0.08515641817886155,4,2256
L24_S990004,0,1.0,INTERFACE,2.0530731060072815,2.0530731060072815,False,77.67053603502197,24,24.579079429569344,16,272
L24_S990004,4,0.8613861386138614,INTERFACE,2.0530731060072815,2.0530731060072815,False,67.99495117966484,24,17.51747280747834,16,336
L24_S990004,8,0.7425742574257426,INTERFACE,2.0530731060072815,2.0530731060072815,False,58.185759998540505,24,10.800120956193746,16,400
L24_S990004,12,0.6138613861386139,INTERFACE,2.0530731060072815,2.0530731060072815,False,48.17282685742186,24,4.063228407839689,16,464
L24_S990004,16,0.5346534653465347,INTERFACE,2.0530731060072815,0.46689675763292793,False,41.69991690194999,24,0.46689675763292793,16,528
L24_S990004,20,0.49504950495049505,INTERFACE,2.0530731060072815,0.4182825855271304,False,38.80464864212778,24,0.4182825855271304,16,592
L24_S990004,24,0.45544554455445546,INTERFACE,2.0530731060072815,0.38098029684488344,False,36.39764778522402,24,0.38098029684488344,16,656
L24_S990004,28,0.4158415841584158,INTERFACE,2.0530731060072815,0.350888874147418,False,33.43557659590564,24,0.350888874147418,16,720
L24_S990004,32,0.37623762376237624,INTERFACE,2.0530731060072815,0.3269001570191311,False,30.522487657414448,24,0.3269001570191311,16,784
L24_S990004,36,0.33663366336633666,INTERFACE,2.0530731060072815,0.30762236611505533,False,27.708214009337052,24,0.30762236611505533,16,848
L24_S990004,40,0.3069306930693069,INTERFACE,2.0530731060072815,0.2918296509752434,False,25.808701578450318,24,0.2918296509752434,16,912
L24_S990004,44,0.31683168316831684,INTERFACE,2.0530731060072815,0.2809888637781712,False,25.54890517735727,24,0.2809888637781712,16,976
L24_S990004,48,0.2871287128712871,INTERFACE,2.0530731060072815,0.27272321835108415,False,23.628832818501245,24,0.27272321835108415,16,1040
L24_S990004,52,0.26732673267326734,INTERFACE,2.0530731060072815,0.26680385316062416,False,21.937105244002183,24,0.26680385316062416,16,1104
L24_S990004,56,0.24752475247524752,INTERFACE,2.0530731060072815,0.2629457732939807,False,20.46991491692738,24,0.2629457732939807,16,1168
L24_S990004,60,0.24752475247524752,INTERFACE,2.0530731060072815,0.26017140097875735,False,19.9663828155997,24,0.26017140097875735,16,1232
L24_S990004,64,0.2376237623762376,INTERFACE,2.0530731060072815,0.25710001224744405,False,18.822186664890506,24,0.25710001224744405,16,1296
L24_S990004,68,0.21782178217821782,INTERFACE,2.0530731060072815,0.25433771322913046,False,17.45131656770187,24,0.25433771322913046,16,1360
L24_S990004,72,0.19801980198019803,INTERFACE,2.0530731060072815,0.25235032108190303,False,16.114317509839754,24,0.25235032108190303,16,1424
L24_S990004,76,0.1782178217821782,INTERFACE,2.0530731060072815,0.2513668092361633,False,14.544756286493481,24,0.2513668092361633,16,1488
L24_S990004,80,0.19801980198019803,INTERFACE,2.0530731060072815,0.25019660506454633,False,15.150668956961345,24,0.25019660506454633,16,1552
L24_S990004,84,0.16831683168316833,INTERFACE,2.0530731060072815,0.24821978272102507,False,13.509669263128835,24,0.24821978272102507,16,1616
L24_S990004,88,0.15841584158415842,INTERFACE,2.0530731060072815,0.2654721853818309,False,12.613869383938136,24,0.2654721853818309,16,1680
L24_S990004,92,0.13861386138613863,INTERFACE,2.0530731060072815,0.2761193825199446,False,11.342999988151337,24,0.2761193825199446,16,1744
L24_S990004,96,0.13861386138613863,INTERFACE,2.0530731060072815,0.27638843662957535,False,10.944664812876079,24,0.27638843662957535,16,1808
L24_S990004,100,0.1485148514851485,INTERFACE,2.0530731060072815,0.2716105301876629,False,11.375383689165744,24,0.2716105301876629,16,1872
L24_S990004,104,0.12871287128712872,INTERFACE,2.0530731060072815,0.28267145852799247,False,10.06497585997627,24,0.28267145852799247,16,1936
L24_S990004,108,0.10891089108910891,INTERFACE,2.0530731060072815,0.2971130365861675,False,8.78635304895332,24,0.2971130365861675,16,2000
L24_S990004,112,0.0891089108910891,INTERFACE,2.0530731060072815,0.30615253842435475,False,7.2106156548636,24,0.30615253842435475,16,2064
L24_S990004,116,0.13861386138613863,INTERFACE,2.0530731060072815,0.2924546889413371,False,9.345840140621956,24,0.2924546889413371,16,2128
L24_S990004,120,0.12871287128712872,INTERFACE,2.0530731060072815,0.301743903351689,False,8.962625738554518,24,0.301743903351689,16,2192
L24_S990004,124,0.0891089108910891,INTERFACE,2.0530731060072815,0.30411616627712157,False,6.963737977842661,24,0.30411616627712157,16,2256
L24_S990004,0,1.0,INTERFACE,2.0530731060072815,2.0530731060072815,False,77.67053603502197,24,24.579079429569344,64,272
L24_S990004,1,0.9504950495049505,INTERFACE,2.0530731060072815,2.0530731060072815,False,74.05029372691533,24,23.169139884325556,64,336
L24_S990004,2,0.9108910891089109,INTERFACE,2.0530731060072815,2.0530731060072815,False,70.62807377097452,24,21.98295061259311,64,400
L24_S990004,3,0.8613861386138614,INTERFACE,2.0530731060072815,2.0530731060072815,False,67.35265588561346,24,20.6863005850748,64,464
L24_S990004,4,0.8316831683168316,INTERFACE,2.0530731060072815,2.0530731060072815,False,64.21438046411419,24,19.528120879085662,64,528
L24_S990004,5,0.801980198019802,INTERFACE,2.0530731060072815,2.0530731060072815,False,61.6794018903904,24,18.26392159287589,64,592
L24_S990004,6,0.7623762376237624,INTERFACE,2.0530731060072815,2.0530731060072815,False,58.541345917657104,24,16.53251792806728,64,656
L24_S990004,7,0.7227722772277227,INTERFACE,2.0530731060072815,2.0530731060072815,False,55.460238061642094,24,15.244969013577283,64,720
L24_S990004,8,0.6831683168316832,INTERFACE,2.0530731060072815,2.0530731060072815,False,52.110457758849236,24,14.508838372301062,64,784
L24_S990004,9,0.6336633663366337,INTERFACE,2.0530731060072815,2.0530731060072815,False,48.747524275813454,24,13.406574201136776,64,848
L24_S990004,10,0.594059405940594,INTERFACE,2.0530731060072815,2.0530731060072815,False,45.47009625303472,24,12.22310051893613,64,912
L24_S990004,11,0.5544554455445545,INTERFACE,2.0530731060072815,2.0530731060072815,False,42.03611037436434,24,10.976682775165527,64,976
L24_S990004,12,0.49504950495049505,INTERFACE,2.0530731060072815,2.0530731060072815,False,37.929939409017415,24,9.7457556328993,64,1040
L24_S990004,13,0.45544554455445546,INTERFACE,2.0530731060072815,2.0530731060072815,False,34.738266127313054,24,8.45808087328855,64,1104
L24_S990004,14,0.4158415841584158,INTERFACE,2.0530731060072815,2.0530731060072815,False,31.300116375869585,24,7.1244774707071565,64,1168
L24_S990004,15,0.37623762376237624,INTERFACE,2.0530731060072815,2.0530731060072815,False,27.98219186253769,24,5.800017905658349,64,1232
L24_S990004,16,0.3069306930693069,INTERFACE,2.0530731060072815,2.0530731060072815,False,23.424587032649892,24,4.454638337879639,64,1296
L24_S990004,17,0.27722772277227725,INTERFACE,2.0530731060072815,2.0530731060072815,False,20.348615142505007,24,3.2091422912138374,64,1360
L24_S990004,18,0.25742574257425743,INTERFACE,2.0530731060072815,2.0530731060072815,False,18.482061128748622,24,2.148670959283491,64,1424
L24_S990004,19,0.21782178217821782,INTERFACE,2.0530731060072815,1.2504430683848202,False,15.574132574520934,24,1.2504430683848202,64,1488
L24_S990004,20,0.19801980198019803,INTERFACE,2.0530731060072815,1.1517250990706938,False,14.21650209658041,24,1.1517250990706938,64,1552
L24_S990004,21,0.15841584158415842,INTERFACE,2.0530731060072815,1.1282089848536756,False,12.138865149920369,24,1.1282089848536756,64,1616
L24_S990004,22,0.1485148514851485,INTERFACE,2.0530731060072815,1.2293599747448158,False,11.028555803603053,24,1.2293599747448158,64,1680
L24_S990004,23,0.1188118811881188,INTERFACE,2.0530731060072815,1.2678155729288898,False,9.171393996538914,24,1.2678155729288898,64,1744
L24_S990004,24,0.12871287128712872,INTERFACE,2.0530731060072815,1.309797734860373,False,8.903947904313926,24,1.309797734860373,64,1808
L24_S990004,25,0.1188118811881188,INTERFACE,2.0530731060072815,1.2826506887426008,False,8.38429295526505,24,1.2826506887426008,64,1872
L24_S990004,26,0.12871287128712872,INTERFACE,2.0530731060072815,1.2875064200996145,False,8.657236080888826,24,1.2875064200996145,64,1936
L24_S990004,27,0.10891089108910891,INTERFACE,2.0530731060072815,1.2368157449901966,False,7.731116416347192,24,1.2368157449901966,64,2000
L24_S990004,28,0.09900990099009901,INTERFACE,2.0530731060072815,1.2862634028990225,False,6.924736669233883,24,1.2862634028990225,64,2064
L24_S990004,29,0.09900990099009901,INTERFACE,2.0530731060072815,1.3231633849639648,False,6.595766196568304,24,1.3231633849639648,64,2128
L24_S990004,30,0.06930693069306931,INTERFACE,2.0530731060072815,1.3399091331096864,False,4.867729915356996,24,1.3399091331096864,64,2192
L24_S990004,31,0.0891089108910891,INTERFACE,2.0530731060072815,1.365945215453996,False,5.225439538819085,24,1.365945215453996,64,2256
L24_S990004,0,1.0,DISPERSED,2.0530731060072815,2.0530731060072815,False,77.67053603502197,24,24.57907942956935,1,272
L24_S990004,64,0.49504950495049505,DISPERSED,2.0530731060072815,0.0468844364540385,False,39.24734880433203,24,0.0468844364540385,1,336
L24_S990004,128,0.25742574257425743,DISPERSED,2.0530731060072815,0.05602220826671922,False,21.196757317945373,24,0.05602220826671922,1,400
L24_S990004,192,0.0891089108910891,DISPERSED,2.0530731060072815,0.06819635092313414,False,7.366784513465474,24,0.06819635092313414,1,464
L24_S990004,256,0.0,DISPERSED,2.0530731060072815,0.0,True,0.0,24,4.267871664748682,1,528
L24_S990004,320,0.0,DISPERSED,2.0530731060072815,0.0,True,0.0,24,8.721377755529069,1,592
L24_S990004,384,0.0,DISPERSED,2.0530731060072815,0.0,True,0.0,24,14.322522222124455,1,656
L24_S990004,448,0.0,DISPERSED,2.0530731060072815,0.0,True,0.0,24,18.28848627509366,1,720
L24_S990004,512,0.0,DISPERSED,2.0530731060072815,0.0,True,0.0,24,20.455562334528274,1,784
L24_S990004,576,0.0,DISPERSED,2.0530731060072815,0.0,True,0.0,24,22.373033077127165,1,848
L24_S990004,640,0.0,DISPERSED,2.0530731060072815,0.0,True,0.0,24,23.395809857662517,1,912
L24_S990004,704,0.0,DISPERSED,2.0530731060072815,0.0,True,0.0,24,23.953586039284612,1,976
L24_S990004,768,0.0,DISPERSED,2.0530731060072815,0.0,True,0.0,24,24.911577585819813,1,1040
L24_S990004,832,0.0,DISPERSED,2.0530731060072815,0.0,True,0.0,24,24.395102291603177,1,1104
L24_S990004,896,0.0,DISPERSED,2.0530731060072815,0.0,True,0.0,24,25.82064934225481,1,1168
L24_S990004,960,0.0,DISPERSED,2.0530731060072815,0.0,True,0.0,24,26.14298484288004,1,1232
L24_S990004,1024,0.0,DISPERSED,2.0530731060072815,0.0,True,0.0,24,26.340021049733892,1,1296
L24_S990004,1088,0.0,DISPERSED,2.0530731060072815,0.0,True,0.0,24,26.96410078994952,1,1360
L24_S990004,1152,0.0,DISPERSED,2.0530731060072815,0.0,True,0.0,24,27.526278676387992,1,1424
L24_S990004,1216,0.0,DISPERSED,2.0530731060072815,0.0,True,0.0,24,27.235290934148026,1,1488
L24_S990004,1280,0.0,DISPERSED,2.0530731060072815,0.0,True,0.0,24,28.52688823862975,1,1552
L24_S990004,1344,0.0,DISPERSED,2.0530731060072815,0.0,True,0.0,24,28.191212964898273,1,1616
L24_S990004,1408,0.0,DISPERSED,2.0530731060072815,0.0,True,0.0,24,28.4151807600581,1,1680
L24_S990004,1472,0.0,DISPERSED,2.0530731060072815,0.0,True,0.0,24,28.573951902458106,1,1744
L24_S990004,1536,0.0,DISPERSED,2.0530731060072815,0.0,True,0.0,24,29.70749538944662,1,1808
L24_S990004,1600,0.0,DISPERSED,2.0530731060072815,0.0,True,0.0,24,30.212393265377344,1,1872
L24_S990004,1664,0.0,DISPERSED,2.0530731060072815,0.0,True,0.0,24,30.669785438399334,1,1936
L24_S990004,1728,0.0,DISPERSED,2.0530731060072815,0.0,True,0.0,24,31.09348419693551,1,2000
L24_S990004,1792,0.0,DISPERSED,2.0530731060072815,0.0,True,0.0,24,31.49141356556293,1,2064
L24_S990004,1856,0.0,DISPERSED,2.0530731060072815,0.0,True,0.0,24,31.991667575817125,1,2128
L24_S990004,1920,0.0,DISPERSED,2.0530731060072815,0.0,True,0.0,24,31.200563067758008,1,2192
L24_S990004,1984,0.0,DISPERSED,2.0530731060072815,0.0,True,0.0,24,32.33083756542751,1,2256
L24_S990004,0,1.0,DISPERSED,2.0530731060072815,2.0530731060072815,False,77.67053603502197,24,24.57907942956935,4,272
L24_S990004,16,0.5544554455445545,DISPERSED,2.0530731060072815,0.7407466814175302,False,43.74985783325999,24,0.7407466814175302,4,336
L24_S990004,32,0.33663366336633666,DISPERSED,2.0530731060072815,1.6375016034775052,False,27.493478969313035,24,1.6375016034775054,4,400
L24_S990004,48,0.16831683168316833,DISPERSED,2.0530731060072815,0.7663561487471001,False,14.202321335460825,24,0.7663561487471001,4,464
L24_S990004,64,0.039603960396039604,DISPERSED,2.0530731060072815,0.25952826808063745,False,3.054428307849761,24,0.25952826808063745,4,528
L24_S990004,80,0.0,DISPERSED,2.0530731060072815,0.0,True,0.0,24,5.4998186623597505,4,592
L24_S990004,96,0.0,DISPERSED,2.0530731060072815,0.0,True,0.0,24,10.78116082217575,4,656
L24_S990004,112,0.0,DISPERSED,2.0530731060072815,0.0,True,0.0,24,18.225894475522406,4,720
L24_S990004,128,0.0,DISPERSED,2.0530731060072815,0.0,True,0.0,24,21.397522246913596,4,784
L24_S990004,144,0.0,DISPERSED,2.0530731060072815,0.0,True,0.0,24,23.66441872513952,4,848
L24_S990004,160,0.0,DISPERSED,2.0530731060072815,0.0,True,0.0,24,24.8677047513958,4,912
L24_S990004,176,0.0,DISPERSED,2.0530731060072815,0.0,True,0.0,24,24.68513224453478,4,976
L24_S990004,192,0.0,DISPERSED,2.0530731060072815,0.0,True,0.0,24,25.44654061510761,4,1040
L24_S990004,208,0.0,DISPERSED,2.0530731060072815,0.0,True,0.0,24,25.307979859908226,4,1104
L24_S990004,224,0.0,DISPERSED,2.0530731060072815,0.0,True,0.0,24,24.77174000155493,4,1168
L24_S990004,240,0.0,DISPERSED,2.0530731060072815,0.0,True,0.0,24,25.745253272053528,4,1232
L24_S990004,256,0.0,DISPERSED,2.0530731060072815,0.0,True,0.0,24,26.47427267556078,4,1296
L24_S990004,272,0.0,DISPERSED,2.0530731060072815,0.0,True,0.0,24,26.901701937225912,4,1360
L24_S990004,288,0.0,DISPERSED,2.0530731060072815,0.0,True,0.0,24,26.716601594354593,4,1424
L24_S990004,304,0.0,DISPERSED,2.0530731060072815,0.0,True,0.0,24,27.924182685669447,4,1488
L24_S990004,320,0.0,DISPERSED,2.0530731060072815,0.0,True,0.0,24,28.501215724691274,4,1552
L24_S990004,336,0.0,DISPERSED,2.0530731060072815,0.0,True,0.0,24,29.025291636086227,4,1616
L24_S990004,352,0.0,DISPERSED,2.0530731060072815,0.0,True,0.0,24,29.510277349599335,4,1680
L24_S990004,368,0.0,DISPERSED,2.0530731060072815,0.0,True,0.0,24,29.964621070765304,4,1744
L24_S990004,384,0.0,DISPERSED,2.0530731060072815,0.0,True,0.0,24,30.00776666146123,4,1808
L24_S990004,400,0.0,DISPERSED,2.0530731060072815,0.0,True,0.0,24,30.06835673382594,4,1872
L24_S990004,416,0.0,DISPERSED,2.0530731060072815,0.0,True,0.0,24,31.109480858951365,4,1936
L24_S990004,432,0.0,DISPERSED,2.0530731060072815,0.0,True,0.0,24,31.131124554076806,4,2000
L24_S990004,448,0.0,DISPERSED,2.0530731060072815,0.0,True,0.0,24,30.81122383307497,4,2064
L24_S990004,464,0.0,DISPERSED,2.0530731060072815,0.0,True,0.0,24,31.357178316965257,4,2128
L24_S990004,480,0.0,DISPERSED,2.0530731060072815,0.0,True,0.0,24,31.82478679146806,4,2192
L24_S990004,496,0.0,DISPERSED,2.0530731060072815,0.0,True,0.0,24,32.244751492559374,4,2256
L24_S990004,0,1.0,DISPERSED,2.0530731060072815,2.0530731060072815,False,77.67053603502197,24,24.57907942956935,16,272
L24_S990004,4,0.8613861386138614,DISPERSED,2.0530731060072815,2.0530731060072815,False,68.07289179633067,24,18.18385384292583,16,336
L24_S990004,8,0.7425742574257426,DISPERSED,2.0530731060072815,2.0530731060072815,False,58.45756065219204,24,13.253018132660406,16,400
L24_S990004,12,0.6138613861386139,DISPERSED,2.0530731060072815,2.0530731060072815,False,48.73743196758181,24,9.154928060895424,16,464
L24_S990004,16,0.48514851485148514,DISPERSED,2.0530731060072815,2.0530731060072815,False,38.92545042131777,24,10.163018242094587,16,528
L24_S990004,20,0.36633663366336633,DISPERSED,2.0530731060072815,2.0530731060072815,False,29.406329744559354,24,6.96379274217378,16,592
L24_S990004,24,0.2376237623762376,DISPERSED,2.0530731060072815,2.0530731060072815,False,19.566640829815835,24,5.3065131791271805,16,656
L24_S990004,28,0.1188118811881188,DISPERSED,2.0530731060072815,2.0530731060072815,False,9.97013760324046,24,3.748071756084896,16,720
L24_S990004,32,0.0,DISPERSED,2.0530731060072815,0.0,True,0.0,24,4.664794401203604,16,784
L24_S990004,36,0.0,DISPERSED,2.0530731060072815,0.0,True,0.0,24,13.312696404275359,16,848
L24_S990004,40,0.0,DISPERSED,2.0530731060072815,0.0,True,0.0,24,16.249667546807444,16,912
L24_S990004,44,0.009900990099009901,DISPERSED,2.0530731060072815,0.4555034061782627,False,0.4555034061782627,24,18.363281944325394,16,976
L24_S990004,48,0.0,DISPERSED,2.0530731060072815,0.0,True,0.0,24,19.290740652580872,16,1040
L24_S990004,52,0.0,DISPERSED,2.0530731060072815,0.0,True,0.0,24,20.928742177752166,16,1104
L24_S990004,56,0.0,DISPERSED,2.0530731060072815,0.0,True,0.0,24,22.378744627095216,16,1168
L24_S990004,60,0.0,DISPERSED,2.0530731060072815,0.0,True,0.0,24,22.847947588470454,16,1232
L24_S990004,64,0.009900990099009901,DISPERSED,2.0530731060072815,0.4501426469888609,False,0.4501426469888609,24,23.779719558045922,16,1296
L24_S990004,68,0.009900990099009901,DISPERSED,2.0530731060072815,0.45036628345979113,False,0.45036628345979113,24,24.487800698857164,16,1360
L24_S990004,72,0.0,DISPERSED,2.0530731060072815,0.0,True,0.0,24,24.5838977025081,16,1424
L24_S990004,76,0.0,DISPERSED,2.0530731060072815,0.0,True,0.0,24,25.020248991005843,16,1488
L24_S990004,80,0.0,DISPERSED,2.0530731060072815,0.0,True,0.0,24,25.83937801240183,16,1552
L24_S990004,84,0.0,DISPERSED,2.0530731060072815,0.0,True,0.0,24,26.49997015956175,16,1616
L24_S990004,88,0.0,DISPERSED,2.0530731060072815,0.0,True,0.0,24,27.63875304591222,16,1680
L24_S990004,92,0.0,DISPERSED,2.0530731060072815,0.0,True,0.0,24,28.854451314175318,16,1744
L24_S990004,96,0.0,DISPERSED,2.0530731060072815,0.0,True,0.0,24,29.427941778247085,16,1808
L24_S990004,100,0.0,DISPERSED,2.0530731060072815,0.0,True,0.0,24,29.93972738375577,16,1872
L24_S990004,104,0.0,DISPERSED,2.0530731060072815,0.0,True,0.0,24,29.604829851122076,16,1936
L24_S990004,108,0.0,DISPERSED,2.0530731060072815,0.0,True,0.0,24,30.183495091234803,16,2000
L24_S990004,112,0.0,DISPERSED,2.0530731060072815,0.0,True,0.0,24,30.684041892178353,16,2064
L24_S990004,116,0.0,DISPERSED,2.0530731060072815,0.0,True,0.0,24,31.686370581201533,16,2128
L24_S990004,120,0.0,DISPERSED,2.0530731060072815,0.0,True,0.0,24,32.10509756467571,16,2192
L24_S990004,124,0.0,DISPERSED,2.0530731060072815,0.0,True,0.0,24,32.62465499393281,16,2256
L24_S990004,0,1.0,DISPERSED,2.0530731060072815,2.0530731060072815,False,77.67053603502197,24,24.57907942956935,64,272
L24_S990004,1,0.9504950495049505,DISPERSED,2.0530731060072815,2.0530731060072815,False,74.0778833125573,24,23.538080009806247,64,336
L24_S990004,2,0.9108910891089109,DISPERSED,2.0530731060072815,2.0530731060072815,False,70.70865315556298,24,22.52232953254318,64,400
L24_S990004,3,0.8613861386138614,DISPERSED,2.0530731060072815,2.0530731060072815,False,67.50138147838017,24,22.067428184414947,64,464
L24_S990004,4,0.8316831683168316,DISPERSED,2.0530731060072815,2.053073106007282,False,64.4415170962562,24,21.079314293730683,64,528
L24_S990004,5,0.801980198019802,DISPERSED,2.0530731060072815,2.0530731060072815,False,61.99446328966149,24,20.10500535295248,64,592
L24_S990004,6,0.7623762376237624,DISPERSED,2.0530731060072815,2.0530731060072815,False,58.95253361684864,24,20.23277946746433,64,656
L24_S990004,7,0.7227722772277227,DISPERSED,2.0530731060072815,2.0530731060072815,False,55.972728931864395,24,21.98341596191752,64,720
L24_S990004,8,0.6831683168316832,DISPERSED,2.0530731060072815,2.0530731060072815,False,52.72574087131644,24,22.08414139580652,64,784
L24_S990004,9,0.6336633663366337,DISPERSED,2.0530731060072815,2.0530731060072815,False,49.469216366229965,24,22.20413373664565,64,848
L24_S990004,10,0.594059405940594,DISPERSED,2.0530731060072815,2.0530731060072815,False,46.29963644999816,24,21.260973064819154,64,912
L24_S990004,11,0.5544554455445545,DISPERSED,2.0530731060072815,2.0530731060072815,False,42.98115134489857,24,21.407955877162504,64,976
L24_S990004,12,0.49504950495049505,DISPERSED,2.0530731060072815,2.0530731060072815,False,39.00729184838331,24,21.576339633868432,64,1040
L24_S990004,13,0.45544554455445546,DISPERSED,2.0530731060072815,2.0530731060072815,False,35.96290515236613,24,21.208061356153934,64,1104
L24_S990004,14,0.4158415841584158,DISPERSED,2.0530731060072815,2.0530731060072815,False,32.67771647416802,24,19.759261982142807,64,1168
L24_S990004,15,0.37623762376237624,DISPERSED,2.0530731060072815,2.0530731060072815,False,29.522577871714095,24,18.341666758308108,64,1232
L24_S990004,16,0.31683168316831684,DISPERSED,2.0530731060072815,2.0530731060072815,False,25.515647699829135,24,19.096921549642484,64,1296
L24_S990004,17,0.2871287128712871,DISPERSED,2.0530731060072815,2.053073106007282,False,22.46195063463987,24,18.818942030332906,64,1360
L24_S990004,18,0.25742574257425743,DISPERSED,2.0530731060072815,2.0530731060072815,False,19.98513675203913,24,18.574935801792805,64,1424
L24_S990004,19,0.22772277227722773,DISPERSED,2.0530731060072815,2.0530731060072815,False,17.12160693099795,24,17.83337468659538,64,1488
L24_S990004,20,0.19801980198019803,DISPERSED,2.0530731060072815,2.0530731060072815,False,14.664365583711895,24,19.853400944475204,64,1552
L24_S990004,21,0.15841584158415842,DISPERSED,2.0530731060072815,2.0530731060072815,False,11.864623325848617,24,19.90587586141081,64,1616
L24_S990004,22,0.12871287128712872,DISPERSED,2.0530731060072815,2.0530731060072815,False,9.29580098108493,24,21.687819539327553,64,1680
L24_S990004,23,0.09900990099009901,DISPERSED,2.0530731060072815,2.0530731060072815,False,7.12621305251845,24,22.38650690561738,64,1744
L24_S990004,24,0.06930693069306931,DISPERSED,2.0530731060072815,2.0530731060072815,False,4.612496973434384,24,22.61523857140352,64,1808
L24_S990004,25,0.04950495049504951,DISPERSED,2.0530731060072815,2.0530731060072815,False,2.946058357860248,24,22.370609130111838,64,1872
L24_S990004,26,0.009900990099009901,DISPERSED,2.0530731060072815,0.5753489008319667,False,0.5753489008319667,24,23.21542977360567,64,1936
L24_S990004,27,0.0594059405940594,DISPERSED,2.0530731060072815,2.0530731060072815,False,2.760412438615278,24,23.779220818691076,64,2000
L24_S990004,28,0.0,DISPERSED,2.0530731060072815,0.0,True,0.0,24,23.51952416397892,64,2064
L24_S990004,29,0.009900990099009901,DISPERSED,2.0530731060072815,0.46047697604728755,False,0.46047697604728755,24,24.993437903052,64,2128
L24_S990004,30,0.009900990099009901,DISPERSED,2.0530731060072815,0.4722647811436732,False,0.4722647811436732,24,25.36981257546341,64,2192
L24_S990004,31,0.0,DISPERSED,2.0530731060072815,0.0,True,0.0,24,27.93979943504742,64,2256
L24_S990005,0,1.0,INTERFACE,2.0546663847915463,2.0546663847915463,False,85.93812256185169,24,21.739192521846785,1,272
L24_S990005,64,0.6513761467889908,INTERFACE,2.0546663847915463,0.0377656867177556,False,56.712629372279174,24,0.0377656867177556,1,336
L24_S990005,128,0.5779816513761468,INTERFACE,2.0546663847915463,0.03162808047165144,False,51.01292369032643,24,0.03162808047165144,1,400
L24_S990005,192,0.5321100917431193,INTERFACE,2.0546663847915463,0.027888643702916105,False,47.170083751505665,24,0.027888643702916105,1,464
L24_S990005,256,0.4954128440366973,INTERFACE,2.0546663847915463,0.025210512406337537,False,44.02085789575631,24,0.025210512406337537,1,528
L24_S990005,320,0.47706422018348627,INTERFACE,2.0546663847915463,0.02313789440640268,False,41.98910672763389,24,0.02313789440640268,1,592
L24_S990005,384,0.44036697247706424,INTERFACE,2.0546663847915463,0.02146066136859448,False,39.2386454761861,24,0.02146066136859448,1,656
L24_S990005,448,0.42201834862385323,INTERFACE,2.0546663847915463,0.02005142070744559,False,37.44322910363263,24,0.02005142070744559,1,720
L24_S990005,512,0.3853211009174312,INTERFACE,2.0546663847915463,0.0188780254262072,False,34.826276310265655,24,0.0188780254262072,1,784
L24_S990005,576,0.3669724770642202,INTERFACE,2.0546663847915463,0.01790524168807106,False,33.108198760319596,24,0.01790524168807106,1,848
L24_S990005,640,0.3577981651376147,INTERFACE,2.0546663847915463,0.01709708176434266,False,31.918774806295595,24,0.01709708176434266,1,912
L24_S990005,704,0.3302752293577982,INTERFACE,2.0546663847915463,0.016422368144305866,False,29.851659972572605,24,0.016422368144305866,1,976
L24_S990005,768,0.3119266055045872,INTERFACE,2.0546663847915463,0.015855659196906124,False,28.2863984491767,24,0.015855659196906124,1,1040
L24_S990005,832,0.28440366972477066,INTERFACE,2.0546663847915463,0.015367034230936771,False,26.34742103129934,24,0.015367034230936771,1,1104
L24_S990005,896,0.29357798165137616,INTERFACE,2.0546663847915463,0.015018807683609858,False,26.213698731260454,24,0.015018807683609858,1,1168
L24_S990005,960,0.28440366972477066,INTERFACE,2.0546663847915463,0.014761412661562834,False,25.19369808482335,24,0.014761412661562834,1,1232
L24_S990005,1024,0.25688073394495414,INTERFACE,2.0546663847915463,0.014575990189061527,False,23.310700165095046,24,0.014575990189061527,1,1296
L24_S990005,1088,0.24770642201834864,INTERFACE,2.0546663847915463,0.014439565186095127,False,22.342123496051347,24,0.014439565186095127,1,1360
L24_S990005,1152,0.24770642201834864,INTERFACE,2.0546663847915463,0.014327746784117967,False,21.800218773262326,24,0.014327746784117967,1,1424
L24_S990005,1216,0.22018348623853212,INTERFACE,2.0546663847915463,0.014245138383658595,False,19.999371964504007,24,0.014245138383658595,1,1488
L24_S990005,1280,0.21100917431192662,INTERFACE,2.0546663847915463,0.014176781026725038,False,19.10470585999039,24,0.014176781026725038,1,1552
L24_S990005,1344,0.22935779816513763,INTERFACE,2.0546663847915463,0.014129071282173888,False,19.507986924919933,24,0.014129071282173888,1,1616
L24_S990005,1408,0.1926605504587156,INTERFACE,2.0546663847915463,0.014083338706497583,False,17.278100395609886,24,0.014083338706497583,1,1680
L24_S990005,1472,0.1926605504587156,INTERFACE,2.0546663847915463,0.014049058063292597,False,16.858204572125523,24,0.014049058063292597,1,1744
L24_S990005,1536,0.1834862385321101,INTERFACE,2.0546663847915463,0.014021711741379117,False,16.017128698646324,24,0.014021711741379117,1,1808
L24_S990005,1600,0.1651376146788991,INTERFACE,2.0546663847915463,0.013995726869318159,False,14.694773540190939,24,0.013995726869318159,1,1872
L24_S990005,1664,0.1651376146788991,INTERFACE,2.0546663847915463,0.01398623376125474,False,14.298058974326501,24,0.01398623376125474,1,1936
L24_S990005,1728,0.14678899082568808,INTERFACE,2.0546663847915463,0.014486792372585433,False,13.063653787791997,24,0.014486792372585433,1,2000
L24_S990005,1792,0.13761467889908258,INTERFACE,2.0546663847915463,0.014917062194186204,False,12.327884760268525,24,0.014917062194186204,1,2064
L24_S990005,1856,0.13761467889908258,INTERFACE,2.0546663847915463,0.015180287217505195,False,12.0303992161096,24,0.015180287217505195,1,2128
L24_S990005,1920,0.13761467889908258,INTERFACE,2.0546663847915463,0.015482473154463383,False,11.717952724091361,24,0.015482473154463383,1,2192
L24_S990005,1984,0.12844036697247707,INTERFACE,2.0546663847915463,0.0157466916975062,False,11.006463435284413,24,0.0157466916975062,1,2256
L24_S990005,0,1.0,INTERFACE,2.0546663847915463,2.0546663847915463,False,85.93812256185169,24,21.739192521846785,4,272
L24_S990005,16,0.6697247706422018,INTERFACE,2.0546663847915463,0.15798837773290364,False,58.50371445215548,24,0.15798837773290364,4,336
L24_S990005,32,0.6238532110091743,INTERFACE,2.0546663847915463,0.1300415404485472,False,54.200396240461174,24,0.1300415404485472,4,400
L24_S990005,48,0.5596330275229358,INTERFACE,2.0546663847915463,0.1138577761315861,False,49.4232156589491,24,0.1138577761315861,4,464
L24_S990005,64,0.5137614678899083,INTERFACE,2.0546663847915463,0.10254888845265386,False,45.71357871399947,24,0.10254888845265386,4,528
L24_S990005,80,0.48623853211009177,INTERFACE,2.0546663847915463,0.09389124775403457,False,43.02471011968376,24,0.09389124775403457,4,592
L24_S990005,96,0.44954128440366975,INTERFACE,2.0546663847915463,0.08693573141798328,False,40.24009112445788,24,0.08693573141798328,4,656
L24_S990005,112,0.42201834862385323,INTERFACE,2.0546663847915463,0.08113242284010702,False,38.12246761373141,24,0.08113242284010702,4,720
L24_S990005,128,0.4036697247706422,INTERFACE,2.0546663847915463,0.07622942803467792,False,36.33380650266034,24,0.07622942803467792,4,784
L24_S990005,144,0.3761467889908257,INTERFACE,2.0546663847915463,0.07212300803383753,False,34.16455836330409,24,0.07212300803383753,4,848
L24_S990005,160,0.3669724770642202,INTERFACE,2.0546663847915463,0.0687135923549449,False,32.983609681999575,24,0.0687135923549449,4,912
L24_S990005,176,0.3486238532110092,INTERFACE,2.0546663847915463,0.06586860724978372,False,31.480432609606424,24,0.06586860724978372,4,976
L24_S990005,192,0.3761467889908257,INTERFACE,2.0546663847915463,0.06348095879873084,False,32.05782702071274,24,0.06348095879873084,4,1040
L24_S990005,208,0.3119266055045872,INTERFACE,2.0546663847915463,0.061469520073749506,False,28.402891074716464,24,0.061469520073749506,4,1104
L24_S990005,224,0.29357798165137616,INTERFACE,2.0546663847915463,0.059684708741481574,False,26.891199916298902,24,0.059684708741481574,4,1168
L24_S990005,240,0.27522935779816515,INTERFACE,2.0546663847915463,0.058374745618295254,False,25.46952625231348,24,0.058374745618295254,4,1232
L24_S990005,256,0.27522935779816515,INTERFACE,2.0546663847915463,0.0574585089980153,False,24.922084709744862,24,0.0574585089980153,4,1296
L24_S990005,272,0.25688073394495414,INTERFACE,2.0546663847915463,0.05672256453564861,False,23.525863407366025,24,0.05672256453564861,4,1360
L24_S990005,288,0.26605504587155965,INTERFACE,2.0546663847915463,0.056237960007168075,False,23.447549158142657,24,0.056237960007168075,4,1424
L24_S990005,304,0.23853211009174313,INTERFACE,2.0546663847915463,0.05587025810549018,False,21.63197212106233,24,0.05587025810549018,4,1488
L24_S990005,320,0.23853211009174313,INTERFACE,2.0546663847915463,0.055540658777142426,False,21.139077476897487,24,0.055540658777142426,4,1552
L24_S990005,336,0.22018348623853212,INTERFACE,2.0546663847915463,0.05533902269011559,False,19.773566838679436,24,0.05533902269011559,4,1616
L24_S990005,352,0.21100917431192662,INTERFACE,2.0546663847915463,0.055148565781411474,False,18.988929825188315,24,0.055148565781411474,4,1680
L24_S990005,368,0.2018348623853211,INTERFACE,2.0546663847915463,0.05503838622025281,False,18.080941614660478,24,0.05503838622025281,4,1744
L24_S990005,384,0.21100917431192662,INTERFACE,2.0546663847915463,0.0549711539404697,False,18.07391524528073,24,0.0549711539404697,4,1808
L24_S990005,400,0.1834862385321101,INTERFACE,2.0546663847915463,0.05489335057846645,False,16.338123049226855,24,0.05489335057846645,4,1872
L24_S990005,416,0.1834862385321101,INTERFACE,2.0546663847915463,0.054844067850124634,False,15.939941526362649,24,0.054844067850124634,4,1936
L24_S990005,432,0.1926605504587156,INTERFACE,2.0546663847915463,0.05478094779515863,False,16.027900858915228,24,0.05478094779515863,4,2000
L24_S990005,448,0.1651376146788991,INTERFACE,2.0546663847915463,0.054778850017385694,False,14.25320078536354,24,0.054778850017385694,4,2064
L24_S990005,464,0.1651376146788991,INTERFACE,2.0546663847915463,0.056632601272365246,False,13.951809874020759,24,0.056632601272365246,4,2128
L24_S990005,480,0.1559633027522936,INTERFACE,2.0546663847915463,0.057086679916323546,False,13.347844110391948,24,0.057086679916323546,4,2192
L24_S990005,496,0.14678899082568808,INTERFACE,2.0546663847915463,0.05929627407564797,False,12.548413681413942,24,0.05929627407564797,4,2256
L24_S990005,0,1.0,INTERFACE,2.0546663847915463,2.0546663847915463,False,85.93812256185169,24,21.739192521846785,16,272
L24_S990005,4,0.8715596330275229,INTERFACE,2.0546663847915463,2.0546663847915463,False,75.66082993965627,24,14.657292424291054,16,336
L24_S990005,8,0.7522935779816514,INTERFACE,2.0546663847915463,2.0546663847915463,False,65.1734311619987,24,7.966725871605204,16,400
L24_S990005,12,0.6422018348623854,INTERFACE,2.0546663847915463,1.382622063528246,False,55.443019412796076,24,1.382622063528246,16,464
L24_S990005,16,0.5963302752293578,INTERFACE,2.0546663847915463,0.45523632570533257,False,51.526220896125245,24,0.45523632570533257,16,528
L24_S990005,20,0.5596330275229358,INTERFACE,2.0546663847915463,0.4082228681029514,False,48.82633893467243,24,0.4082228681029514,16,592
L24_S990005,24,0.5229357798165137,INTERFACE,2.0546663847915463,0.37309080233205594,False,45.774855950543994,24,0.37309080233205594,16,656
L24_S990005,28,0.48623853211009177,INTERFACE,2.0546663847915463,0.34503522556504806,False,42.834664552210825,24,0.34503522556504806,16,720
L24_S990005,32,0.44954128440366975,INTERFACE,2.0546663847915463,0.32187920649325297,False,39.963697450052514,24,0.32187920649325297,16,784
L24_S990005,36,0.41284403669724773,INTERFACE,2.0546663847915463,0.30204024487871983,False,37.36958486046986,24,0.30204024487871983,16,848
L24_S990005,40,0.4036697247706422,INTERFACE,2.0546663847915463,0.28511610616505734,False,36.156006280151274,24,0.28511610616505734,16,912
L24_S990005,44,0.3944954128440367,INTERFACE,2.0546663847915463,0.2711870958927426,False,34.993662468470355,24,0.2711870958927426,16,976
L24_S990005,48,0.3761467889908257,INTERFACE,2.0546663847915463,0.2595969052901941,False,33.81546467774131,24,0.2595969052901941,16,1040
L24_S990005,52,0.3669724770642202,INTERFACE,2.0546663847915463,0.2497190021196809,False,32.424351735855495,24,0.2497190021196809,16,1104
L24_S990005,56,0.3394495412844037,INTERFACE,2.0546663847915463,0.24134015899600125,False,30.565301154963088,24,0.24134015899600125,16,1168
L24_S990005,60,0.3211009174311927,INTERFACE,2.0546663847915463,0.23430024630833268,False,28.991952932434423,24,0.23430024630833268,16,1232
L24_S990005,64,0.3119266055045872,INTERFACE,2.0546663847915463,0.22831407897712752,False,28.08654153628061,24,0.22831407897712752,16,1296
L24_S990005,68,0.29357798165137616,INTERFACE,2.0546663847915463,0.22306718177337548,False,26.616879551397805,24,0.22306718177337548,16,1360
L24_S990005,72,0.29357798165137616,INTERFACE,2.0546663847915463,0.21941275503421653,False,25.92011227135579,24,0.21941275503421653,16,1424
L24_S990005,76,0.28440366972477066,INTERFACE,2.0546663847915463,0.21739805147568325,False,25.195489785706986,24,0.21739805147568325,16,1488
L24_S990005,80,0.25688073394495414,INTERFACE,2.0546663847915463,0.21500872596065534,False,23.358073471501687,24,0.21500872596065534,16,1552
L24_S990005,84,0.26605504587155965,INTERFACE,2.0546663847915463,0.21435045533869523,False,23.06826893894387,24,0.21435045533869523,16,1616
L24_S990005,88,0.24770642201834864,INTERFACE,2.0546663847915463,0.21373698067581082,False,22.019907977217475,24,0.21373698067581082,16,1680
L24_S990005,92,0.23853211009174313,INTERFACE,2.0546663847915463,0.21332206163797818,False,21.18026146175755,24,0.21332206163797818,16,1744
L24_S990005,96,0.22935779816513763,INTERFACE,2.0546663847915463,0.2126119259343554,False,20.299173642412,24,0.2126119259343554,16,1808
L24_S990005,100,0.22935779816513763,INTERFACE,2.0546663847915463,0.21212191416517656,False,19.81057004593717,24,0.21212191416517656,16,1872
L24_S990005,104,0.22935779816513763,INTERFACE,2.0546663847915463,0.21197685934036914,False,19.462911163366158,24,0.21197685934036914,16,1936
L24_S990005,108,0.2018348623853211,INTERFACE,2.0546663847915463,0.211372771824053,False,17.9049013209491,24,0.211372771824053,16,2000
L24_S990005,112,0.1834862385321101,INTERFACE,2.0546663847915463,0.21160723184484576,False,16.370459480897466,24,0.21160723184484576,16,2064
L24_S990005,116,0.1926605504587156,INTERFACE,2.0546663847915463,0.21140062924531433,False,16.554961782897053,24,0.21140062924531433,16,2128
L24_S990005,120,0.1926605504587156,INTERFACE,2.0546663847915463,0.21188336914352535,False,16.292147761938054,24,0.21188336914352535,16,2192
L24_S990005,124,0.1651376146788991,INTERFACE,2.0546663847915463,0.21162402349532594,False,14.639318639704719,24,0.21162402349532594,16,2256
L24_S990005,0,1.0,INTERFACE,2.0546663847915463,2.0546663847915463,False,85.93812256185169,24,21.739192521846785,64,272
L24_S990005,1,0.9541284403669725,INTERFACE,2.0546663847915463,2.0546663847915463,False,82.00705997870384,24,20.380221335363274,64,336
L24_S990005,2,0.9174311926605505,INTERFACE,2.0546663847915463,2.0546663847915467,False,78.83796192964799,24,19.00462787765242,64,400
L24_S990005,3,0.8807339449541285,INTERFACE,2.0546663847915463,2.0546663847915463,False,75.40757379802533,24,17.805095133902345,64,464
L24_S990005,4,0.8532110091743119,INTERFACE,2.0546663847915463,2.0546663847915463,False,72.56798789264602,24,16.526181461205383,64,528
L24_S990005,5,0.8073394495412844,INTERFACE,2.0546663847915463,2.0546663847915463,False,69.08940526050179,24,15.345235146407418,64,592
L24_S990005,6,0.7798165137614679,INTERFACE,2.0546663847915463,2.0546663847915463,False,66.20628152883046,24,14.081284449644121,64,656
L24_S990005,7,0.7431192660550459,INTERFACE,2.0546663847915463,2.0546663847915463,False,62.99513802337899,24,12.82370488335378,64,720
L24_S990005,8,0.7064220183486238,INTERFACE,2.0546663847915463,2.0546663847915463,False,59.76488483325997,24,11.710678986562334,64,784
L24_S990005,9,0.6697247706422018,INTERFACE,2.0546663847915463,2.0546663847915463,False,56.57692311734561,24,10.517204766772508,64,848
L24_S990005,10,0.6330275229357798,INTERFACE,2.0546663847915463,2.0546663847915463,False,53.16120136250577,24,9.319585191360517,64,912
L24_S990005,11,0.5871559633027523,INTERFACE,2.0546663847915463,2.0546663847915463,False,49.585672689909934,24,8.083601312119052,64,976
L24_S990005,12,0.5504587155963303,INTERFACE,2.0546663847915463,2.0546663847915463,False,46.34182041318802,24,6.831751041046274,64,1040
L24_S990005,13,0.5137614678899083,INTERFACE,2.0546663847915463,2.0546663847915463,False,42.928597809753306,24,5.550552501030009,64,1104
L24_S990005,14,0.47706422018348627,INTERFACE,2.0546663847915463,2.0546663847915463,False,39.68241453845315,24,4.244267349300059,64,1168
L24_S990005,15,0.44036697247706424,INTERFACE,2.0546663847915463,2.0546663847915463,False,36.54183492118361,24,3.152440979826986,64,1232
L24_S990005,16,0.4036697247706422,INTERFACE,2.0546663847915463,2.0546663847915463,False,33.63690395324015,24,2.140015112824474,64,1296
L24_S990005,17,0.3669724770642202,INTERFACE,2.0546663847915463,1.225107122759968,False,30.585341365854983,24,1.225107122759968,64,1360
L24_S990005,18,0.3486238532110092,INTERFACE,2.0546663847915463,1.0816401613991644,False,29.156368106341116,24,1.0816401613991644,64,1424
L24_S990005,19,0.3302752293577982,INTERFACE,2.0546663847915463,1.0196203694068875,False,27.56306528445655,24,1.0196203694068875,64,1488
L24_S990005,20,0.3119266055045872,INTERFACE,2.0546663847915463,0.9737199858688105,False,26.30337061638526,24,0.9737199858688105,64,1552
L24_S990005,21,0.28440366972477066,INTERFACE,2.0546663847915463,0.937655862002825,False,24.581786213294166,24,0.937655862002825,64,1616
L24_S990005,22,0.27522935779816515,INTERFACE,2.0546663847915463,0.913187244516172,False,23.469996795381125,24,0.913187244516172,64,1680
L24_S990005,23,0.26605504587155965,INTERFACE,2.0546663847915463,0.9005325480745124,False,22.4571399596871,24,0.9005325480745124,64,1744
L24_S990005,24,0.24770642201834864,INTERFACE,2.0546663847915463,0.8932853235729697,False,21.282201893549647,24,0.8932853235729697,64,1808
L24_S990005,25,0.23853211009174313,INTERFACE,2.0546663847915463,0.8857768962917961,False,20.256659601784015,24,0.8857768962917961,64,1872
L24_S990005,26,0.22935779816513763,INTERFACE,2.0546663847915463,0.881444741819434,False,19.294749323397877,24,0.881444741819434,64,1936
L24_S990005,27,0.22935779816513763,INTERFACE,2.0546663847915463,0.8783759682619033,False,18.863926326138845,24,0.8783759682619033,64,2000
L24_S990005,28,0.22018348623853212,INTERFACE,2.0546663847915463,0.8749796571228226,False,18.201085444564722,24,0.8749796571228226,64,2064
L24_S990005,29,0.2018348623853211,INTERFACE,2.0546663847915463,0.8754342719842535,False,16.948546461659213,24,0.8754342719842535,64,2128
L24_S990005,30,0.1926605504587156,INTERFACE,2.0546663847915463,0.8714746634300379,False,16.190068880439348,24,0.8714746634300379,64,2192
L24_S990005,31,0.1834862385321101,INTERFACE,2.0546663847915463,0.8636216191360863,False,15.404675099542128,24,0.8636216191360863,64,2256
L24_S990005,0,1.0,DISPERSED,2.0546663847915463,2.0546663847915463,False,85.93812256185169,24,21.73919252184679,1,272
L24_S990005,64,0.5596330275229358,DISPERSED,2.0546663847915463,0.04667406650581729,False,49.038387362791674,24,0.04667406650581729,1,336
L24_S990005,128,0.3944954128440367,DISPERSED,2.0546663847915463,0.046155761662216244,False,35.09255881955416,24,0.046155761662216244,1,400
L24_S990005,192,0.2018348623853211,DISPERSED,2.0546663847915463,0.054470602796689804,False,18.55023592128449,24,0.054470602796689804,1,464
L24_S990005,256,0.05504587155963303,DISPERSED,2.0546663847915463,0.06427523086545395,False,4.9848557518309935,24,0.06427523086545395,1,528
L24_S990005,320,0.0,DISPERSED,2.0546663847915463,0.0,True,0.0,24,4.855938075012296,1,592
L24_S990005,384,0.0,DISPERSED,2.0546663847915463,0.0,True,0.0,24,8.676533261650569,1,656
L24_S990005,448,0.0,DISPERSED,2.0546663847915463,0.0,True,0.0,24,12.661757709710754,1,720
L24_S990005,512,0.0,DISPERSED,2.0546663847915463,0.0,True,0.0,24,17.538612614994346,1,784
L24_S990005,576,0.0,DISPERSED,2.0546663847915463,0.0,True,0.0,24,19.741842963236603,1,848
L24_S990005,640,0.0,DISPERSED,2.0546663847915463,0.0,True,0.0,24,22.784664998185708,1,912
L24_S990005,704,0.0,DISPERSED,2.0546663847915463,0.0,True,0.0,24,23.50132926339673,1,976
L24_S990005,768,0.0,DISPERSED,2.0546663847915463,0.0,True,0.0,24,24.421343935688707,1,1040
L24_S990005,832,0.0,DISPERSED,2.0546663847915463,0.0,True,0.0,24,24.202704216913627,1,1104
L24_S990005,896,0.0,DISPERSED,2.0546663847915463,0.0,True,0.0,24,24.42570129438762,1,1168
L24_S990005,960,0.0,DISPERSED,2.0546663847915463,0.0,True,0.0,24,25.764534558787563,1,1232
L24_S990005,1024,0.0,DISPERSED,2.0546663847915463,0.0,True,0.0,24,26.65164502346543,1,1296
L24_S990005,1088,0.0,DISPERSED,2.0546663847915463,0.0,True,0.0,24,26.823687205871906,1,1360
L24_S990005,1152,0.0,DISPERSED,2.0546663847915463,0.0,True,0.0,24,27.695081000033895,1,1424
L24_S990005,1216,0.0,DISPERSED,2.0546663847915463,0.0,True,0.0,24,28.32682431547906,1,1488
L24_S990005,1280,0.0,DISPERSED,2.0546663847915463,0.0,True,0.0,24,28.877935451854217,1,1552
L24_S990005,1344,0.0,DISPERSED,2.0546663847915463,0.0,True,0.0,24,29.5545939896323,1,1616
L24_S990005,1408,0.0,DISPERSED,2.0546663847915463,0.0,True,0.0,24,30.61590461362853,1,1680
L24_S990005,1472,0.0,DISPERSED,2.0546663847915463,0.0,True,0.0,24,30.284702672974138,1,1744
L24_S990005,1536,0.0,DISPERSED,2.0546663847915463,0.0,True,0.0,24,30.516776187083664,1,1808
L24_S990005,1600,0.0,DISPERSED,2.0546663847915463,0.0,True,0.0,24,30.703211779072223,1,1872
L24_S990005,1664,0.0,DISPERSED,2.0546663847915463,0.0,True,0.0,24,31.23084963447043,1,1936
L24_S990005,1728,0.0,DISPERSED,2.0546663847915463,0.0,True,0.0,24,31.694260026948,1,2000
L24_S990005,1792,0.0,DISPERSED,2.0546663847915463,0.0,True,0.0,24,31.727235794679153,1,2064
L24_S990005,1856,0.0,DISPERSED,2.0546663847915463,0.0,True,0.0,24,32.18059809774448,1,2128
L24_S990005,1920,0.0,DISPERSED,2.0546663847915463,0.0,True,0.0,24,31.787954612283826,1,2192
L24_S990005,1984,0.0,DISPERSED,2.0546663847915463,0.0,True,0.0,24,31.341799837654253,1,2256
L24_S990005,0,1.0,DISPERSED,2.0546663847915463,2.0546663847915463,False,85.93812256185169,24,21.73919252184679,4,272
L24_S990005,16,0.6055045871559633,DISPERSED,2.0546663847915463,0.23131099961028623,False,52.78445089471029,24,0.23131099961028623,4,336
L24_S990005,32,0.46788990825688076,DISPERSED,2.0546663847915463,0.19368738090362525,False,41.21413295471204,24,0.19368738090362525,4,400
L24_S990005,48,0.3211009174311927,DISPERSED,2.0546663847915463,0.20848147582354304,False,28.779964242581507,24,0.20848147582354304,4,464
L24_S990005,64,0.1559633027522936,DISPERSED,2.0546663847915463,1.133361165935403,False,14.444766741465832,24,1.133361165935403,4,528
L24_S990005,80,0.027522935779816515,DISPERSED,2.0546663847915463,0.823810954050867,False,2.235274645459057,24,0.823810954050867,4,592
L24_S990005,96,0.0,DISPERSED,2.0546663847915463,0.0,True,0.0,24,7.284179890158561,4,656
L24_S990005,112,0.0,DISPERSED,2.0546663847915463,0.0,True,0.0,24,10.015444155482562,4,720
L24_S990005,128,0.0,DISPERSED,2.0546663847915463,0.0,True,0.0,24,15.346790465568667,4,784
L24_S990005,144,0.0,DISPERSED,2.0546663847915463,0.0,True,0.0,24,19.286200951489025,4,848
L24_S990005,160,0.0,DISPERSED,2.0546663847915463,0.0,True,0.0,24,22.34947872730596,4,912
L24_S990005,176,0.009174311926605505,DISPERSED,2.0546663847915463,0.45309102724139444,False,0.45309102724139444,24,24.222157536060873,4,976
L24_S990005,192,0.0,DISPERSED,2.0546663847915463,0.0,True,0.0,24,24.398986165309488,4,1040
L24_S990005,208,0.0,DISPERSED,2.0546663847915463,0.0,True,0.0,24,25.357776261252482,4,1104
L24_S990005,224,0.0,DISPERSED,2.0546663847915463,0.0,True,0.0,24,26.27436752487623,4,1168
L24_S990005,240,0.0,DISPERSED,2.0546663847915463,0.0,True,0.0,24,26.712457986393915,4,1232
L24_S990005,256,0.0,DISPERSED,2.0546663847915463,0.0,True,0.0,24,28.04678295984658,4,1296
L24_S990005,272,0.0,DISPERSED,2.0546663847915463,0.0,True,0.0,24,28.457714845811623,4,1360
L24_S990005,288,0.0,DISPERSED,2.0546663847915463,0.0,True,0.0,24,29.384932645026918,4,1424
L24_S990005,304,0.0,DISPERSED,2.0546663847915463,0.0,True,0.0,24,30.295997618077482,4,1488
L24_S990005,320,0.0,DISPERSED,2.0546663847915463,0.0,True,0.0,24,30.405979229726306,4,1552
L24_S990005,336,0.0,DISPERSED,2.0546663847915463,0.0,True,0.0,24,30.981767494553882,4,1616
L24_S990005,352,0.0,DISPERSED,2.0546663847915463,0.0,True,0.0,24,30.729170740755126,4,1680
L24_S990005,368,0.0,DISPERSED,2.0546663847915463,0.0,True,0.0,24,31.386145845557337,4,1744
L24_S990005,384,0.0,DISPERSED,2.0546663847915463,0.0,True,0.0,24,32.47522570550942,4,1808
L24_S990005,400,0.0,DISPERSED,2.0546663847915463,0.0,True,0.0,24,33.09049451044794,4,1872
L24_S990005,416,0.0,DISPERSED,2.0546663847915463,0.0,True,0.0,24,33.60604756525113,4,1936
L24_S990005,432,0.0,DISPERSED,2.0546663847915463,0.0,True,0.0,24,33.514647614917685,4,2000
L24_S990005,448,0.0,DISPERSED,2.0546663847915463,0.0,True,0.0,24,33.58314351062421,4,2064
L24_S990005,464,0.0,DISPERSED,2.0546663847915463,0.0,True,0.0,24,34.06408011211807,4,2128
L24_S990005,480,0.0,DISPERSED,2.0546663847915463,0.0,True,0.0,24,34.47713347086331,4,2192
L24_S990005,496,0.0,DISPERSED,2.0546663847915463,0.0,True,0.0,24,35.01225110591,4,2256
L24_S990005,0,1.0,DISPERSED,2.0546663847915463,2.0546663847915463,False,85.93812256185169,24,21.73919252184679,16,272
L24_S990005,4,0.8715596330275229,DISPERSED,2.0546663847915463,2.0546663847915463,False,75.74536802278683,24,16.964544205647556,16,336
L24_S990005,8,0.7522935779816514,DISPERSED,2.0546663847915463,2.0546663847915463,False,65.47607656892954,24,12.647931106517975,16,400
L24_S990005,12,0.6422018348623854,DISPERSED,2.0546663847915463,2.0546663847915463,False,55.95797703372044,24,8.302248500257482,16,464
L24_S990005,16,0.5229357798165137,DISPERSED,2.0546663847915463,2.0546663847915463,False,45.95480308725778,24,6.1200230361736105,16,528
L24_S990005,20,0.41284403669724773,DISPERSED,2.0546663847915463,2.0546663847915463,False,36.414547571921695,24,6.7496035438123245,16,592
L24_S990005,24,0.29357798165137616,DISPERSED,2.0546663847915463,2.0546663847915463,False,26.594902735473788,24,5.767195756531353,16,656
L24_S990005,28,0.1834862385321101,DISPERSED,2.0546663847915463,2.0546663847915463,False,16.730725567233712,24,3.3033243432216115,16,720
L24_S990005,32,0.08256880733944955,DISPERSED,2.0546663847915463,2.0546663847915463,False,7.177980275784688,24,4.269166511846655,16,784
L24_S990005,36,0.009174311926605505,DISPERSED,2.0546663847915463,0.4747599915207618,False,0.4747599915207618,24,5.504617501213792,16,848
L24_S990005,40,0.0,DISPERSED,2.0546663847915463,0.0,True,0.0,24,12.054794118526207,16,912
L24_S990005,44,0.009174311926605505,DISPERSED,2.0546663847915463,0.4589023140506209,False,0.4589023140506209,24,15.676081245042946,16,976
L24_S990005,48,0.0,DISPERSED,2.0546663847915463,0.0,True,0.0,24,18.9595125526225,16,1040
L24_S990005,52,0.0,DISPERSED,2.0546663847915463,0.0,True,0.0,24,21.77293438117828,16,1104
L24_S990005,56,0.0,DISPERSED,2.0546663847915463,0.0,True,0.0,24,23.033249937132524,16,1168
L24_S990005,60,0.0,DISPERSED,2.0546663847915463,0.0,True,0.0,24,23.55737910209099,16,1232
L24_S990005,64,0.0,DISPERSED,2.0546663847915463,0.0,True,0.0,24,23.440049167876033,16,1296
L24_S990005,68,0.009174311926605505,DISPERSED,2.0546663847915463,0.45794641355713955,False,0.45794641355713955,24,25.63972409066039,16,1360
L24_S990005,72,0.0,DISPERSED,2.0546663847915463,0.0,True,0.0,24,26.226507734477657,16,1424
L24_S990005,76,0.0,DISPERSED,2.0546663847915463,0.0,True,0.0,24,27.05741086330406,16,1488
L24_S990005,80,0.0,DISPERSED,2.0546663847915463,0.0,True,0.0,24,26.619698687152184,16,1552
L24_S990005,84,0.0,DISPERSED,2.0546663847915463,0.0,True,0.0,24,27.58384955559712,16,1616
L24_S990005,88,0.0,DISPERSED,2.0546663847915463,0.0,True,0.0,24,28.387718122557565,16,1680
L24_S990005,92,0.0,DISPERSED,2.0546663847915463,0.0,True,0.0,24,29.05277628073824,16,1744
L24_S990005,96,0.0,DISPERSED,2.0546663847915463,0.0,True,0.0,24,29.64341820947806,16,1808
L24_S990005,100,0.0,DISPERSED,2.0546663847915463,0.0,True,0.0,24,30.729528451567273,16,1872
L24_S990005,104,0.0,DISPERSED,2.0546663847915463,0.0,True,0.0,24,31.37801109386195,16,1936
L24_S990005,108,0.0,DISPERSED,2.0546663847915463,0.0,True,0.0,24,31.947391406748483,16,2000
L24_S990005,112,0.0,DISPERSED,2.0546663847915463,0.0,True,0.0,24,32.97359367939192,16,2064
L24_S990005,116,0.0,DISPERSED,2.0546663847915463,0.0,True,0.0,24,33.40667073599346,16,2128
L24_S990005,120,0.0,DISPERSED,2.0546663847915463,0.0,True,0.0,24,34.361600373966475,16,2192
L24_S990005,124,0.009174311926605505,DISPERSED,2.0546663847915463,0.4508178255670718,False,0.4508178255670718,24,34.19384526672958,16,2256
L24_S990005,0,1.0,DISPERSED,2.0546663847915463,2.0546663847915463,False,85.93812256185169,24,21.73919252184679,64,272
L24_S990005,1,0.9541284403669725,DISPERSED,2.0546663847915463,2.0546663847915463,False,82.0392476436555,24,21.19447801674027,64,336
L24_S990005,2,0.9174311926605505,DISPERSED,2.0546663847915463,2.0546663847915463,False,78.9219051746405,24,21.23067708895596,64,400
L24_S990005,3,0.8807339449541285,DISPERSED,2.0546663847915463,2.054666384791546,False,75.56992795956734,24,20.22531444184218,64,464
L24_S990005,4,0.8532110091743119,DISPERSED,2.0546663847915463,2.0546663847915463,False,72.82329229718036,24,19.26256006216327,64,528
L24_S990005,5,0.8073394495412844,DISPERSED,2.0546663847915463,2.0546663847915463,False,69.44396290851618,24,18.863125253323624,64,592
L24_S990005,6,0.7798165137614679,DISPERSED,2.0546663847915463,2.0546663847915463,False,66.66893939249813,24,17.951504263610587,64,656
L24_S990005,7,0.7431192660550459,DISPERSED,2.0546663847915463,2.0546663847915463,False,63.572411124107035,24,17.59987562254176,64,720
L24_S990005,8,0.7064220183486238,DISPERSED,2.0546663847915463,2.0546663847915463,False,60.44180555889683,24,17.897879341345295,64,784
L24_S990005,9,0.6697247706422018,DISPERSED,2.0546663847915463,2.0546663847915463,False,57.35877040604556,24,17.01288508895799,64,848
L24_S990005,10,0.6330275229357798,DISPERSED,2.0546663847915463,2.0546663847915463,False,54.068971642722296,24,17.217328398174367,64,912
L24_S990005,11,0.5779816513761468,DISPERSED,2.0546663847915463,2.0546663847915463,False,50.17960346260183,24,16.927165186460563,64,976
L24_S990005,12,0.5412844036697247,DISPERSED,2.0546663847915463,2.0546663847915463,False,46.798251850604245,24,17.224169681192322,64,1040
L24_S990005,13,0.5229357798165137,DISPERSED,2.0546663847915463,2.0546663847915463,False,44.5818940210165,24,19.11077739415575,64,1104
L24_S990005,14,0.47706422018348627,DISPERSED,2.0546663847915463,2.0546663847915463,False,41.404376085089666,24,19.380029228222373,64,1168
L24_S990005,15,0.44954128440366975,DISPERSED,2.0546663847915463,2.0546663847915463,False,38.59579924594569,24,19.10999272194147,64,1232
L24_S990005,16,0.4036697247706422,DISPERSED,2.0546663847915463,2.0546663847915467,False,35.32868910619276,24,18.397097558506957,64,1296
L24_S990005,17,0.3761467889908257,DISPERSED,2.0546663847915463,2.0546663847915463,False,32.30459550014525,24,18.71379653160896,64,1360
L24_S990005,18,0.3486238532110092,DISPERSED,2.0546663847915463,2.0546663847915463,False,29.82243086105343,24,18.461543706650627,64,1424
L24_S990005,19,0.30275229357798167,DISPERSED,2.0546663847915463,2.0546663847915463,False,26.2395302692887,24,17.710200148068576,64,1488
L24_S990005,20,0.27522935779816515,DISPERSED,2.0546663847915463,2.0546663847915463,False,23.689352710552498,24,16.449404027305086,64,1552
L24_S990005,21,0.23853211009174313,DISPERSED,2.0546663847915463,2.0546663847915463,False,20.42938591348075,24,18.41677478999911,64,1616
L24_S990005,22,0.22018348623853212,DISPERSED,2.0546663847915463,2.0546663847915463,False,18.18680421698407,24,17.70797207049906,64,1680
L24_S990005,23,0.1834862385321101,DISPERSED,2.0546663847915463,2.0546663847915463,False,15.331870916711255,24,17.603388462481828,64,1744
L24_S990005,24,0.1559633027522936,DISPERSED,2.0546663847915463,2.0546663847915463,False,12.847803626277791,24,18.234788030318153,64,1808
L24_S990005,25,0.12844036697247707,DISPERSED,2.0546663847915463,2.0546663847915463,False,10.305555218633204,24,18.95507889714238,64,1872
L24_S990005,26,0.10091743119266056,DISPERSED,2.0546663847915463,2.054666384791546,False,7.888543939689865,24,19.73126965094268,64,1936
L24_S990005,27,0.08256880733944955,DISPERSED,2.0546663847915463,2.0546663847915463,False,5.977140805742065,24,20.565912837911796,64,2000
L24_S990005,28,0.05504587155963303,DISPERSED,2.0546663847915463,2.0546663847915463,False,3.938418077508195,24,20.441795830455852,64,2064
L24_S990005,29,0.01834862385321101,DISPERSED,2.0546663847915463,1.1439041530300265,False,1.1439041530300265,24,23.016286883181557,64,2128
L24_S990005,30,0.0,DISPERSED,2.0546663847915463,0.0,True,0.0,24,24.259119281830326,64,2192
L24_S990005,31,0.045871559633027525,DISPERSED,2.0546663847915463,2.0546663847915463,False,2.314191098445435,24,24.611571236291944,64,2256
L24_S990006,0,1.0,INTERFACE,2.069083694778991,2.0690836947789912,False,79.02230580124015,24,26.643909271393994,1,272
L24_S990006,64,0.5294117647058824,INTERFACE,2.069083694778991,0.041645009146646816,False,43.28366696549995,24,0.041645009146646816,1,336
L24_S990006,128,0.46078431372549017,INTERFACE,2.069083694778991,0.03501271773965908,False,37.82256181857818,24,0.03501271773965908,1,400
L24_S990006,192,0.4019607843137255,INTERFACE,2.069083694778991,0.030739467806439547,False,33.42131349000123,24,0.030739467806439547,1,464
L24_S990006,256,0.37254901960784315,INTERFACE,2.069083694778991,0.027617711359818498,False,30.577795431155714,24,0.027617711359818498,1,528
L24_S990006,320,0.3235294117647059,INTERFACE,2.069083694778991,0.02523179453966018,False,27.13247761662169,24,0.02523179453966018,1,592
L24_S990006,384,0.28431372549019607,INTERFACE,2.069083694778991,0.023321564792431304,False,24.281015898247574,24,0.023321564792431304,1,656
L24_S990006,448,0.2549019607843137,INTERFACE,2.069083694778991,0.02196951145966819,False,22.028697689422458,24,0.02196951145966819,1,720
L24_S990006,512,0.2549019607843137,INTERFACE,2.069083694778991,0.0209874957991093,False,21.106521656815115,24,0.0209874957991093,1,784
L24_S990006,576,0.21568627450980393,INTERFACE,2.069083694778991,0.020254825604090088,False,18.49883660476952,24,0.020254825604090088,1,848
L24_S990006,640,0.20588235294117646,INTERFACE,2.069083694778991,0.019683859810777804,False,17.255094710794594,24,0.019683859810777804,1,912
L24_S990006,704,0.17647058823529413,INTERFACE,2.069083694778991,0.01923840789682274,False,15.206623781561742,24,0.01923840789682274,1,976
L24_S990006,768,0.16666666666666666,INTERFACE,2.069083694778991,0.01887228129509466,False,14.02643546208405,24,0.01887228129509466,1,1040
L24_S990006,832,0.17647058823529413,INTERFACE,2.069083694778991,0.019040753588666304,False,13.828883195266853,24,0.019040753588666304,1,1104
L24_S990006,896,0.14705882352941177,INTERFACE,2.069083694778991,0.019516118317218334,False,11.991085849431467,24,0.019516118317218334,1,1168
L24_S990006,960,0.14705882352941177,INTERFACE,2.069083694778991,0.019921351304943546,False,11.445692409501156,24,0.019921351304943546,1,1232
L24_S990006,1024,0.10784313725490197,INTERFACE,2.069083694778991,0.020351462708876333,False,9.129840458188587,24,0.020351462708876333,1,1296
L24_S990006,1088,0.11764705882352941,INTERFACE,2.069083694778991,0.020656433055334156,False,9.119216684140122,24,0.020656433055334156,1,1360
L24_S990006,1152,0.09803921568627451,INTERFACE,2.069083694778991,0.020985797674086037,False,7.72875691748934,24,0.020985797674086037,1,1424
L24_S990006,1216,0.0784313725490196,INTERFACE,2.069083694778991,0.02129236181784233,False,6.391004520586003,24,0.02129236181784233,1,1488
L24_S990006,1280,0.06862745098039216,INTERFACE,2.069083694778991,0.0215969168237643,False,5.495276025090547,24,0.0215969168237643,1,1552
L24_S990006,1344,0.058823529411764705,INTERFACE,2.069083694778991,0.02186033172505697,False,4.682848879306268,24,0.02186033172505697,1,1616
L24_S990006,1408,0.049019607843137254,INTERFACE,2.069083694778991,0.022136969860686473,False,3.850986053690085,24,0.022136969860686473,1,1680
L24_S990006,1472,0.058823529411764705,INTERFACE,2.069083694778991,0.0223875259592895,False,3.9243128778173864,24,0.0223875259592895,1,1744
L24_S990006,1536,0.0392156862745098,INTERFACE,2.069083694778991,0.022658175621152687,False,2.66955630249785,24,0.022658175621152687,1,1808
L24_S990006,1600,0.0196078431372549,INTERFACE,2.069083694778991,0.022911683328869725,False,1.407168839736873,24,0.022911683328869725,1,1872
L24_S990006,1664,0.029411764705882353,INTERFACE,2.069083694778991,0.02321503028651284,False,1.4865862469716382,24,0.02321503028651284,1,1936
L24_S990006,1728,0.0,INTERFACE,2.069083694778991,0.0,True,0.0,24,0.09344486209527325,1,2000
L24_S990006,1792,0.0,INTERFACE,2.069083694778991,0.0,True,0.0,24,0.047355108805568924,1,2064
L24_S990006,1856,0.00980392156862745,INTERFACE,2.069083694778991,0.41215199543138736,False,0.4504576738417773,24,0.41215199543138736,1,2128
L24_S990006,1920,0.0,INTERFACE,2.069083694778991,0.0,True,0.0,24,0.048286969592349016,1,2192
L24_S990006,1984,0.0,INTERFACE,2.069083694778991,0.0,True,0.0,24,0.0725660232812102,1,2256
L24_S990006,0,1.0,INTERFACE,2.069083694778991,2.0690836947789912,False,79.02230580124015,24,26.643909271393994,4,272
L24_S990006,16,0.5686274509803921,INTERFACE,2.069083694778991,0.18029203209606082,False,46.74696443389206,24,0.18029203209606082,4,336
L24_S990006,32,0.5196078431372549,INTERFACE,2.069083694778991,0.14631821601961437,False,42.14285857321223,24,0.14631821601961437,4,400
L24_S990006,48,0.4411764705882353,INTERFACE,2.069083694778991,0.12715264920103164,False,36.72871652115684,24,0.12715264920103164,4,464
L24_S990006,64,0.4019607843137255,INTERFACE,2.069083694778991,0.11349685151215871,False,33.239312181168714,24,0.11349685151215871,4,528
L24_S990006,80,0.37254901960784315,INTERFACE,2.069083694778991,0.10309029952427473,False,30.389332766939354,24,0.10309029952427473,4,592
L24_S990006,96,0.3333333333333333,INTERFACE,2.069083694778991,0.09497891561691685,False,27.662706295540396,24,0.09497891561691685,4,656
L24_S990006,112,0.28431372549019607,INTERFACE,2.069083694778991,0.08839516458205088,False,24.44482664305733,24,0.08839516458205088,4,720
L24_S990006,128,0.27450980392156865,INTERFACE,2.069083694778991,0.08367498911837368,False,23.095019507504823,24,0.08367498911837368,4,784
L24_S990006,144,0.24509803921568626,INTERFACE,2.069083694778991,0.08025308139918164,False,20.890108012356528,24,0.08025308139918164,4,848
L24_S990006,160,0.22549019607843138,INTERFACE,2.069083694778991,0.07776157378675275,False,19.310040854080704,24,0.07776157378675275,4,912
L24_S990006,176,0.21568627450980393,INTERFACE,2.069083694778991,0.07572209011091913,False,17.99758391822484,24,0.07572209011091913,4,976
L24_S990006,192,0.18627450980392157,INTERFACE,2.069083694778991,0.07416800921775801,False,16.029329164182283,24,0.07416800921775801,4,1040
L24_S990006,208,0.20588235294117646,INTERFACE,2.069083694778991,0.07288313048113115,False,16.233528421405083,24,0.07288313048113115,4,1104
L24_S990006,224,0.16666666666666666,INTERFACE,2.069083694778991,0.071868990740375,False,13.831772681578414,24,0.071868990740375,4,1168
L24_S990006,240,0.14705882352941177,INTERFACE,2.069083694778991,0.07185724692074569,False,12.49836184081509,24,0.07185724692074569,4,1232
L24_S990006,256,0.14705882352941177,INTERFACE,2.069083694778991,0.07488907516538723,False,11.951257142843817,24,0.07488907516538723,4,1296
L24_S990006,272,0.13725490196078433,INTERFACE,2.069083694778991,0.07555304607389413,False,11.122466419703393,24,0.07555304607389413,4,1360
L24_S990006,288,0.13725490196078433,INTERFACE,2.069083694778991,0.07760194601387715,False,10.577583344607838,24,0.07760194601387715,4,1424
L24_S990006,304,0.10784313725490197,INTERFACE,2.069083694778991,0.07868687089061921,False,8.855051752544107,24,0.07868687089061921,4,1488
L24_S990006,320,0.09803921568627451,INTERFACE,2.069083694778991,0.08037732220739946,False,7.94998961796196,24,0.08037732220739946,4,1552
L24_S990006,336,0.08823529411764706,INTERFACE,2.069083694778991,0.08113297619304594,False,7.244297301628175,24,0.08113297619304594,4,1616
L24_S990006,352,0.0784313725490196,INTERFACE,2.069083694778991,0.08265490056112967,False,6.275348924143202,24,0.08265490056112967,4,1680
L24_S990006,368,0.06862745098039216,INTERFACE,2.069083694778991,0.08376011314657239,False,5.526932535114556,24,0.08376011314657239,4,1744
L24_S990006,384,0.09803921568627451,INTERFACE,2.069083694778991,0.08430405157005272,False,6.514121382543226,24,0.08430405157005272,4,1808
L24_S990006,400,0.09803921568627451,INTERFACE,2.069083694778991,0.0858574239891533,False,6.0097096332405595,24,0.0858574239891533,4,1872
L24_S990006,416,0.049019607843137254,INTERFACE,2.069083694778991,0.08720591968589009,False,3.4017846789256447,24,0.08720591968589009,4,1936
L24_S990006,432,0.0392156862745098,INTERFACE,2.069083694778991,0.08790725669540478,False,2.7558854341469066,24,0.08790725669540478,4,2000
L24_S990006,448,0.049019607843137254,INTERFACE,2.069083694778991,0.08885471984023452,False,2.99921396058965,24,0.08885471984023452,4,2064
L24_S990006,464,0.0784313725490196,INTERFACE,2.069083694778991,0.09073484879882054,False,3.852098149058519,24,0.09073484879882054,4,2128
L24_S990006,480,0.029411764705882353,INTERFACE,2.069083694778991,0.356415295632284,False,1.3551611570709208,24,0.356415295632284,4,2192
L24_S990006,496,0.0,INTERFACE,2.069083694778991,0.0,True,0.0,24,0.09303353220611843,4,2256
L24_S990006,0,1.0,INTERFACE,2.069083694778991,2.0690836947789912,False,79.02230580124015,24,26.643909271393994,16,272
L24_S990006,4,0.8529411764705882,INTERFACE,2.069083694778991,2.069083694778991,False,68.95633747794734,24,19.447396178385745,16,336
L24_S990006,8,0.7352941176470589,INTERFACE,2.069083694778991,2.069083694778991,False,59.25680525468114,24,12.530327870547964,16,400
L24_S990006,12,0.6078431372549019,INTERFACE,2.069083694778991,2.069083694778991,False,48.99548538209601,24,5.829989348577872,16,464
L24_S990006,16,0.49019607843137253,INTERFACE,2.069083694778991,0.5600263375595183,False,39.649855201497125,24,0.5600263375595183,16,528
L24_S990006,20,0.45098039215686275,INTERFACE,2.069083694778991,0.47878985141077945,False,36.67493358137359,24,0.47878985141077945,16,592
L24_S990006,24,0.4117647058823529,INTERFACE,2.069083694778991,0.4268424891922499,False,33.63058268658767,24,0.4268424891922499,16,656
L24_S990006,28,0.37254901960784315,INTERFACE,2.069083694778991,0.3880280875550336,False,30.476699784624447,24,0.3880280875550336,16,720
L24_S990006,32,0.3235294117647059,INTERFACE,2.069083694778991,0.3580773723991537,False,27.07711735762807,24,0.3580773723991537,16,784
L24_S990006,36,0.28431372549019607,INTERFACE,2.069083694778991,0.33366260028269523,False,24.439783385303027,24,0.33366260028269523,16,848
L24_S990006,40,0.27450980392156865,INTERFACE,2.069083694778991,0.31624414888374597,False,22.970256268910923,24,0.31624414888374597,16,912
L24_S990006,44,0.24509803921568626,INTERFACE,2.069083694778991,0.3043094934686409,False,21.06832525926305,24,0.3043094934686409,16,976
L24_S990006,48,0.22549019607843138,INTERFACE,2.069083694778991,0.29565027079401407,False,19.340412523082485,24,0.29565027079401407,16,1040
L24_S990006,52,0.24509803921568626,INTERFACE,2.069083694778991,0.28933277911618316,False,19.489843136427684,24,0.28933277911618316,16,1104
L24_S990006,56,0.21568627450980393,INTERFACE,2.069083694778991,0.2828431072003462,False,17.849602980278505,24,0.2828431072003462,16,1168
L24_S990006,60,0.18627450980392157,INTERFACE,2.069083694778991,0.2791469860749781,False,15.78823739849283,24,0.2791469860749781,16,1232
L24_S990006,64,0.16666666666666666,INTERFACE,2.069083694778991,0.27612315502522344,False,14.188639089719281,24,0.27612315502522344,16,1296
L24_S990006,68,0.14705882352941177,INTERFACE,2.069083694778991,0.2727291631010822,False,12.621366496361249,24,0.2727291631010822,16,1360
L24_S990006,72,0.16666666666666666,INTERFACE,2.069083694778991,0.27530043115633596,False,13.268755025787238,24,0.27530043115633596,16,1424
L24_S990006,76,0.1568627450980392,INTERFACE,2.069083694778991,0.2797427238831006,False,12.442361891621754,24,0.2797427238831006,16,1488
L24_S990006,80,0.12745098039215685,INTERFACE,2.069083694778991,0.2957891882425401,False,10.61566596895494,24,0.2957891882425401,16,1552
L24_S990006,84,0.12745098039215685,INTERFACE,2.069083694778991,0.29583965929326195,False,10.332313746780072,24,0.29583965929326195,16,1616
L24_S990006,88,0.12745098039215685,INTERFACE,2.069083694778991,0.29633458893902676,False,9.91950588645166,24,0.29633458893902676,16,1680
L24_S990006,92,0.11764705882352941,INTERFACE,2.069083694778991,0.31022336782547655,False,9.037212348340244,24,0.31022336782547655,16,1744
L24_S990006,96,0.09803921568627451,INTERFACE,2.069083694778991,0.311529304268937,False,8.019255204851664,24,0.311529304268937,16,1808
L24_S990006,100,0.11764705882352941,INTERFACE,2.069083694778991,0.31435579097891264,False,8.305606868167596,24,0.31435579097891264,16,1872
L24_S990006,104,0.10784313725490197,INTERFACE,2.069083694778991,0.31803649458556604,False,7.8912775572819855,24,0.31803649458556604,16,1936
L24_S990006,108,0.08823529411764706,INTERFACE,2.069083694778991,0.3187367268797556,False,6.978279317355592,24,0.3187367268797556,16,2000
L24_S990006,112,0.0784313725490196,INTERFACE,2.069083694778991,0.33008062344277234,False,5.73169295182059,24,0.33008062344277234,16,2064
L24_S990006,116,0.058823529411764705,INTERFACE,2.069083694778991,0.32724506103470674,False,4.73105481348512,24,0.32724506103470674,16,2128
L24_S990006,120,0.06862745098039216,INTERFACE,2.069083694778991,0.3367170968141321,False,4.655002475542562,24,0.3367170968141321,16,2192
L24_S990006,124,0.049019607843137254,INTERFACE,2.069083694778991,0.34387838295563156,False,3.568214210236179,24,0.34387838295563156,16,2256
L24_S990006,0,1.0,INTERFACE,2.069083694778991,2.0690836947789912,False,79.02230580124015,24,26.643909271393994,64,272
L24_S990006,1,0.9411764705882353,INTERFACE,2.069083694778991,2.069083694778991,False,75.26256498563633,24,25.176012211437133,64,336
L24_S990006,2,0.9019607843137255,INTERFACE,2.069083694778991,2.069083694778991,False,71.71271377090879,24,23.877615670314057,64,400
L24_S990006,3,0.8627450980392157,INTERFACE,2.069083694778991,2.069083694778991,False,68.73878520229783,24,22.644791889668355,64,464
L24_S990006,4,0.8235294117647058,INTERFACE,2.069083694778991,2.069083694778991,False,65.70282401019396,24,21.33440671861141,64,528
L24_S990006,5,0.7941176470588235,INTERFACE,2.069083694778991,2.069083694778991,False,62.82866852112771,24,20.139964835556132,64,592
L24_S990006,6,0.7450980392156863,INTERFACE,2.069083694778991,2.069083694778991,False,59.28956049045697,24,18.86139149893449,64,656
L24_S990006,7,0.7058823529411765,INTERFACE,2.069083694778991,2.069083694778991,False,55.98972377142027,24,17.68062245889114,64,720
L24_S990006,8,0.6666666666666666,INTERFACE,2.069083694778991,2.069083694778991,False,52.51804078655174,24,16.439333851031645,64,784
L24_S990006,9,0.6372549019607843,INTERFACE,2.069083694778991,2.069083694778991,False,49.70045814610918,24,15.175515299890224,64,848
L24_S990006,10,0.5882352941176471,INTERFACE,2.069083694778991,2.069083694778991,False,46.53835713869393,24,13.884036987693547,64,912
L24_S990006,11,0.5588235294117647,INTERFACE,2.069083694778991,2.069083694778991,False,43.415047426159916,24,12.528972586078647,64,976
L24_S990006,12,0.5196078431372549,INTERFACE,2.069083694778991,2.069083694778991,False,40.36946168068969,24,11.365833570201437,64,1040
L24_S990006,13,0.49019607843137253,INTERFACE,2.069083694778991,2.0690836947789912,False,37.50015867730602,24,10.13471883537921,64,1104
L24_S990006,14,0.4411764705882353,INTERFACE,2.069083694778991,2.069083694778991,False,34.27648834965229,24,8.832292430763628,64,1168
L24_S990006,15,0.4019607843137255,INTERFACE,2.069083694778991,2.069083694778991,False,30.702610123861604,24,7.541818761309171,64,1232
L24_S990006,16,0.3627450980392157,INTERFACE,2.069083694778991,2.069083694778991,False,27.382467866247758,24,6.20213725735172,64,1296
L24_S990006,17,0.30392156862745096,INTERFACE,2.069083694778991,2.069083694778991,False,23.296857400204303,24,4.838910481983421,64,1360
L24_S990006,18,0.2647058823529412,INTERFACE,2.069083694778991,2.069083694778991,False,20.040965962946792,24,3.6215145135905407,64,1424
L24_S990006,19,0.22549019607843138,INTERFACE,2.069083694778991,2.069083694778991,False,16.888189199069448,24,2.547895600556374,64,1488
L24_S990006,20,0.18627450980392157,INTERFACE,2.069083694778991,1.6015218310206119,False,14.026752358477705,24,1.6015218310206119,64,1552
L24_S990006,21,0.1568627450980392,INTERFACE,2.069083694778991,1.3246945786784687,False,11.89557369620346,24,1.3246945786784685,64,1616
L24_S990006,22,0.13725490196078433,INTERFACE,2.069083694778991,1.325699008961243,False,10.497283371851983,24,1.325699008961243,64,1680
L24_S990006,23,0.12745098039215685,INTERFACE,2.069083694778991,1.370846574433578,False,9.382828840263091,24,1.370846574433578,64,1744
L24_S990006,24,0.11764705882352941,INTERFACE,2.069083694778991,1.3519716568092945,False,8.626516603085879,24,1.3519716568092945,64,1808
L24_S990006,25,0.09803921568627451,INTERFACE,2.069083694778991,1.397278815593583,False,7.327263089347232,24,1.397278815593583,64,1872
L24_S990006,26,0.0784313725490196,INTERFACE,2.069083694778991,1.4232234728504283,False,5.756258374848918,24,1.4232234728504283,64,1936
L24_S990006,27,0.11764705882352941,INTERFACE,2.069083694778991,1.4039493184729257,False,7.118171548191588,24,1.4039493184729257,64,2000
L24_S990006,28,0.10784313725490197,INTERFACE,2.069083694778991,1.390214212821716,False,6.728590260582303,24,1.3902142128217163,64,2064
L24_S990006,29,0.058823529411764705,INTERFACE,2.069083694778991,1.4171124175290881,False,4.307229013253129,24,1.4171124175290881,64,2128
L24_S990006,30,0.058823529411764705,INTERFACE,2.069083694778991,1.4484653205319897,False,3.5389584347832375,24,1.4484653205319897,64,2192
L24_S990006,31,0.0784313725490196,INTERFACE,2.069083694778991,1.4561784669885196,False,4.258581806216043,24,1.4561784669885196,64,2256
L24_S990006,0,1.0,DISPERSED,2.069083694778991,2.0690836947789912,False,79.02230580124015,24,28.29187446044411,1,272
L24_S990006,64,0.38235294117647056,DISPERSED,2.069083694778991,0.0603398634980753,False,31.533876310916018,24,0.0603398634980753,1,336
L24_S990006,128,0.17647058823529413,DISPERSED,2.069083694778991,0.05848355374576952,False,15.397557595395392,24,0.05848355374576952,1,400
L24_S990006,192,0.0196078431372549,DISPERSED,2.069083694778991,0.07349902534757047,False,1.3613753474661316,24,0.07349902534757047,1,464
L24_S990006,256,0.0,DISPERSED,2.069083694778991,0.0,True,0.0,24,9.926253163383048,1,528
L24_S990006,320,0.0,DISPERSED,2.069083694778991,0.0,True,0.0,24,15.770189005373872,1,592
L24_S990006,384,0.0,DISPERSED,2.069083694778991,0.0,True,0.0,24,18.58170176940724,1,656
L24_S990006,448,0.0,DISPERSED,2.069083694778991,0.0,True,0.0,24,21.556304454381415,1,720
L24_S990006,512,0.0,DISPERSED,2.069083694778991,0.0,True,0.0,24,23.292794881232727,1,784
L24_S990006,576,0.0,DISPERSED,2.069083694778991,0.0,True,0.0,24,24.377029406622892,1,848
L24_S990006,640,0.0,DISPERSED,2.069083694778991,0.0,True,0.0,24,26.203289702183028,1,912
L24_S990006,704,0.0,DISPERSED,2.069083694778991,0.0,True,0.0,24,26.424708823384883,1,976
L24_S990006,768,0.00980392156862745,DISPERSED,2.069083694778991,0.45010725215944203,False,0.45010725215944203,24,27.99067198377696,1,1040
L24_S990006,832,0.0,DISPERSED,2.069083694778991,0.0,True,0.0,24,27.51076104578903,1,1104
L24_S990006,896,0.0,DISPERSED,2.069083694778991,0.0,True,0.0,24,28.360709834387194,1,1168
L24_S990006,960,0.0,DISPERSED,2.069083694778991,0.0,True,0.0,24,28.76435277552082,1,1232
L24_S990006,1024,0.0,DISPERSED,2.069083694778991,0.0,True,0.0,24,30.0054927693981,1,1296
L24_S990006,1088,0.0,DISPERSED,2.069083694778991,0.0,True,0.0,24,30.250071410948564,1,1360
L24_S990006,1152,0.0,DISPERSED,2.069083694778991,0.0,True,0.0,24,29.854027526403293,1,1424
L24_S990006,1216,0.0,DISPERSED,2.069083694778991,0.0,True,0.0,24,30.15201132851425,1,1488
L24_S990006,1280,0.0,DISPERSED,2.069083694778991,0.0,True,0.0,24,30.368547515232294,1,1552
L24_S990006,1344,0.0,DISPERSED,2.069083694778991,0.0,True,0.0,24,30.56742519368839,1,1616
L24_S990006,1408,0.0,DISPERSED,2.069083694778991,0.0,True,0.0,24,32.33611851802476,1,1680
L24_S990006,1472,0.0,DISPERSED,2.069083694778991,0.0,True,0.0,24,33.06537921235107,1,1744
L24_S990006,1536,0.0,DISPERSED,2.069083694778991,0.0,True,0.0,24,34.139360877004805,1,1808
L24_S990006,1600,0.0,DISPERSED,2.069083694778991,0.0,True,0.0,24,34.575572614252316,1,1872
L24_S990006,1664,0.0,DISPERSED,2.069083694778991,0.0,True,0.0,24,35.52172333229324,1,1936
L24_S990006,1728,0.0,DISPERSED,2.069083694778991,0.0,True,0.0,24,36.43486392091527,1,2000
L24_S990006,1792,0.0,DISPERSED,2.069083694778991,0.0,True,0.0,24,35.48608921760283,1,2064
L24_S990006,1856,0.0,DISPERSED,2.069083694778991,0.0,True,0.0,24,36.27032935836558,1,2128
L24_S990006,1920,0.0,DISPERSED,2.069083694778991,0.0,True,0.0,24,37.89506133160767,1,2192
L24_S990006,1984,0.0,DISPERSED,2.069083694778991,0.0,True,0.0,24,38.995975914062555,1,2256
L24_S990006,0,1.0,DISPERSED,2.069083694778991,2.0690836947789912,False,79.02230580124015,24,28.29187446044411,4,272
L24_S990006,16,0.5098039215686274,DISPERSED,2.069083694778991,1.0846188231102878,False,41.9121425617929,24,1.0846188231102878,4,336
L24_S990006,32,0.3137254901960784,DISPERSED,2.069083694778991,0.7998130695361163,False,26.39882524856005,24,0.7998130695361163,4,400
L24_S990006,48,0.14705882352941177,DISPERSED,2.069083694778991,0.23438229776411001,False,12.958748528998548,24,0.23438229776411001,4,464
L24_S990006,64,0.0,DISPERSED,2.069083694778991,0.0,True,0.0,24,2.8204130848264715,4,528
L24_S990006,80,0.0,DISPERSED,2.069083694778991,0.0,True,0.0,24,9.115210313851005,4,592
L24_S990006,96,0.0,DISPERSED,2.069083694778991,0.0,True,0.0,24,15.930475435121563,4,656
L24_S990006,112,0.0,DISPERSED,2.069083694778991,0.0,True,0.0,24,18.930111444819175,4,720
L24_S990006,128,0.0,DISPERSED,2.069083694778991,0.0,True,0.0,24,22.297932647451137,4,784
L24_S990006,144,0.0,DISPERSED,2.069083694778991,0.0,True,0.0,24,23.552994424838133,4,848
L24_S990006,160,0.0,DISPERSED,2.069083694778991,0.0,True,0.0,24,25.34228841432023,4,912
L24_S990006,176,0.0,DISPERSED,2.069083694778991,0.0,True,0.0,24,26.319044714405045,4,976
L24_S990006,192,0.0,DISPERSED,2.069083694778991,0.0,True,0.0,24,26.463782924024905,4,1040
L24_S990006,208,0.0,DISPERSED,2.069083694778991,0.0,True,0.0,24,29.04935204708347,4,1104
L24_S990006,224,0.0,DISPERSED,2.069083694778991,0.0,True,0.0,24,29.44109525996396,4,1168
L24_S990006,240,0.0,DISPERSED,2.069083694778991,0.0,True,0.0,24,29.900337155848522,4,1232
L24_S990006,256,0.0,DISPERSED,2.069083694778991,0.0,True,0.0,24,30.404151679271266,4,1296
L24_S990006,272,0.0,DISPERSED,2.069083694778991,0.0,True,0.0,24,31.36824652374933,4,1360
L24_S990006,288,0.0,DISPERSED,2.069083694778991,0.0,True,0.0,24,31.523916294707053,4,1424
L24_S990006,304,0.0,DISPERSED,2.069083694778991,0.0,True,0.0,24,32.127692012249526,4,1488
L24_S990006,320,0.0,DISPERSED,2.069083694778991,0.0,True,0.0,24,32.50662012531275,4,1552
L24_S990006,336,0.0,DISPERSED,2.069083694778991,0.0,True,0.0,24,33.20329678868248,4,1616
L24_S990006,352,0.0,DISPERSED,2.069083694778991,0.0,True,0.0,24,34.29659693270524,4,1680
L24_S990006,368,0.0,DISPERSED,2.069083694778991,0.0,True,0.0,24,34.39785406053668,4,1744
L24_S990006,384,0.0,DISPERSED,2.069083694778991,0.0,True,0.0,24,35.99249265963573,4,1808
L24_S990006,400,0.0,DISPERSED,2.069083694778991,0.0,True,0.0,24,37.15987845043405,4,1872
L24_S990006,416,0.0,DISPERSED,2.069083694778991,0.0,True,0.0,24,37.27451239366096,4,1936
L24_S990006,432,0.0,DISPERSED,2.069083694778991,0.0,True,0.0,24,37.79162223329696,4,2000
L24_S990006,448,0.0,DISPERSED,2.069083694778991,0.0,True,0.0,24,38.8660228860031,4,2064
L24_S990006,464,0.0,DISPERSED,2.069083694778991,0.0,True,0.0,24,38.92706131638146,4,2128
L24_S990006,480,0.0,DISPERSED,2.069083694778991,0.0,True,0.0,24,41.57490529722767,4,2192
L24_S990006,496,0.00980392156862745,DISPERSED,2.069083694778991,0.450082113428497,False,0.450082113428497,24,41.95519258739643,4,2256
L24_S990006,0,1.0,DISPERSED,2.069083694778991,2.0690836947789912,False,79.02230580124015,24,28.29187446044411,16,272
L24_S990006,4,0.8529411764705882,DISPERSED,2.069083694778991,2.069083694778991,False,69.0883058233731,24,20.811490574119357,16,336
L24_S990006,8,0.7352941176470589,DISPERSED,2.069083694778991,2.0690836947789903,False,59.644918382327724,24,16.930908537892194,16,400
L24_S990006,12,0.6176470588235294,DISPERSED,2.069083694778991,2.069083694778991,False,50.100153908277385,24,14.281816985636715,16,464
L24_S990006,16,0.49019607843137253,DISPERSED,2.069083694778991,2.069083694778991,False,40.20107315262292,24,10.946746067278298,16,528
L24_S990006,20,0.3627450980392157,DISPERSED,2.069083694778991,2.069083694778991,False,30.277442976658133,24,8.10548762628067,16,592
L24_S990006,24,0.24509803921568626,DISPERSED,2.069083694778991,2.0690836947789903,False,20.82412245354546,24,8.379362060870621,16,656
L24_S990006,28,0.12745098039215685,DISPERSED,2.069083694778991,2.069083694778991,False,10.980093983136515,24,7.568993637900685,16,720
L24_S990006,32,0.0196078431372549,DISPERSED,2.069083694778991,1.1805438734820077,False,1.1805438734820077,24,8.437349082296496,16,784
L24_S990006,36,0.0,DISPERSED,2.069083694778991,0.0,True,0.0,24,11.982442566647695,16,848
L24_S990006,40,0.0,DISPERSED,2.069083694778991,0.0,True,0.0,24,16.830677217373765,16,912
L24_S990006,44,0.0196078431372549,DISPERSED,2.069083694778991,0.9142595555181177,False,0.9142595555181177,24,18.910577942942545,16,976
L24_S990006,48,0.0,DISPERSED,2.069083694778991,0.0,True,0.0,24,21.211423728571905,16,1040
L24_S990006,52,0.0,DISPERSED,2.069083694778991,0.0,True,0.0,24,24.009738969127348,16,1104
L24_S990006,56,0.0,DISPERSED,2.069083694778991,0.0,True,0.0,24,24.557456344155987,16,1168
L24_S990006,60,0.0,DISPERSED,2.069083694778991,0.0,True,0.0,24,27.374705188975337,16,1232
L24_S990006,64,0.0,DISPERSED,2.069083694778991,0.0,True,0.0,24,28.785724557752104,16,1296
L24_S990006,68,0.00980392156862745,DISPERSED,2.069083694778991,0.45095232367244653,False,0.45095232367244653,24,29.342383047457552,16,1360
L24_S990006,72,0.00980392156862745,DISPERSED,2.069083694778991,0.45776107038140845,False,0.45776107038140845,24,30.208635755274802,16,1424
L24_S990006,76,0.0,DISPERSED,2.069083694778991,0.0,True,0.0,24,31.393514108141723,16,1488
L24_S990006,80,0.0,DISPERSED,2.069083694778991,0.0,True,0.0,24,32.20634727390872,16,1552
L24_S990006,84,0.0,DISPERSED,2.069083694778991,0.0,True,0.0,24,33.97369024896985,16,1616
L24_S990006,88,0.0,DISPERSED,2.069083694778991,0.0,True,0.0,24,35.334344599423225,16,1680
L24_S990006,92,0.00980392156862745,DISPERSED,2.069083694778991,0.45026157963611174,False,0.45026157963611174,24,35.60495018165957,16,1744
L24_S990006,96,0.0,DISPERSED,2.069083694778991,0.0,True,0.0,24,35.84842741357923,16,1808
L24_S990006,100,0.0,DISPERSED,2.069083694778991,0.0,True,0.0,24,36.419512001908494,16,1872
L24_S990006,104,0.0,DISPERSED,2.069083694778991,0.0,True,0.0,24,36.91830702041738,16,1936
L24_S990006,108,0.0,DISPERSED,2.069083694778991,0.0,True,0.0,24,36.97119811456386,16,2000
L24_S990006,112,0.0,DISPERSED,2.069083694778991,0.0,True,0.0,24,37.72621792573761,16,2064
L24_S990006,116,0.0,DISPERSED,2.069083694778991,0.0,True,0.0,24,37.13055011227046,16,2128
L24_S990006,120,0.0,DISPERSED,2.069083694778991,0.0,True,0.0,24,37.5550673167006,16,2192
L24_S990006,124,0.0,DISPERSED,2.069083694778991,0.0,True,0.0,24,38.491373420767616,16,2256
L24_S990006,0,1.0,DISPERSED,2.069083694778991,2.0690836947789912,False,79.02230580124015,24,28.29187446044411,64,272
L24_S990006,1,0.9411764705882353,DISPERSED,2.069083694778991,2.069083694778991,False,75.30937606392348,24,26.687592777768984,64,336
L24_S990006,2,0.9019607843137255,DISPERSED,2.069083694778991,2.069083694778991,False,71.83309971418484,24,25.104778965390583,64,400
L24_S990006,3,0.8627450980392157,DISPERSED,2.069083694778991,2.069083694778991,False,68.94521684476226,24,25.17203372579088,64,464
L24_S990006,4,0.8235294117647058,DISPERSED,2.069083694778991,2.069083694778991,False,66.0059861581789,24,25.236100560932055,64,528
L24_S990006,5,0.7941176470588235,DISPERSED,2.069083694778991,2.069083694778991,False,63.237868761321955,24,24.799786507405827,64,592
L24_S990006,6,0.7549019607843137,DISPERSED,2.069083694778991,2.069083694778991,False,60.237795225315466,24,23.8987357857545,64,656
L24_S990006,7,0.7058823529411765,DISPERSED,2.069083694778991,2.069083694778991,False,56.59965209893592,24,23.519918346257242,64,720
L24_S990006,8,0.6666666666666666,DISPERSED,2.069083694778991,2.069083694778991,False,53.24709428138199,24,23.692797061678185,64,784
L24_S990006,9,0.6372549019607843,DISPERSED,2.069083694778991,2.069083694778991,False,50.5569933777041,24,23.356313848451062,64,848
L24_S990006,10,0.5882352941176471,DISPERSED,2.069083694778991,2.069083694778991,False,47.47673536868051,24,23.558556640710265,64,912
L24_S990006,11,0.5588235294117647,DISPERSED,2.069083694778991,2.069083694778991,False,44.484189567171434,24,23.73223988464647,64,976
L24_S990006,12,0.5196078431372549,DISPERSED,2.069083694778991,2.069083694778991,False,41.58210048831478,24,22.291146705179376,64,1040
L24_S990006,13,0.4803921568627451,DISPERSED,2.069083694778991,2.069083694778991,False,38.43459958001582,24,23.051959252536175,64,1104
L24_S990006,14,0.4215686274509804,DISPERSED,2.069083694778991,2.069083694778991,False,34.603201657733656,24,21.646034175320334,64,1168
L24_S990006,15,0.39215686274509803,DISPERSED,2.069083694778991,2.069083694778991,False,31.57210924369525,24,21.296276220406405,64,1232
L24_S990006,16,0.3627450980392157,DISPERSED,2.069083694778991,2.069083694778991,False,29.09470820259417,24,21.488168872546684,64,1296
L24_S990006,17,0.3137254901960784,DISPERSED,2.069083694778991,2.069083694778991,False,25.449741378040134,24,22.256115566533452,64,1360
L24_S990006,18,0.28431372549019607,DISPERSED,2.069083694778991,2.069083694778991,False,22.89357396907456,24,22.011563060214023,64,1424
L24_S990006,19,0.24509803921568626,DISPERSED,2.069083694778991,2.069083694778991,False,19.56439088918148,24,23.341677877336785,64,1488
L24_S990006,20,0.21568627450980393,DISPERSED,2.069083694778991,2.069083694778991,False,16.83367976929497,24,23.604516977434336,64,1552
L24_S990006,21,0.18627450980392157,DISPERSED,2.069083694778991,2.069083694778991,False,14.180825813492238,24,23.88755566248011,64,1616
L24_S990006,22,0.14705882352941177,DISPERSED,2.069083694778991,2.069083694778991,False,11.452136509118262,24,24.465492213027517,64,1680
L24_S990006,23,0.11764705882352941,DISPERSED,2.069083694778991,2.069083694778991,False,8.681550921998289,24,24.669615728001368,64,1744
L24_S990006,24,0.10784313725490197,DISPERSED,2.069083694778991,2.069083694778991,False,7.432214418395887,24,23.759820211612617,64,1808
L24_S990006,25,0.06862745098039216,DISPERSED,2.069083694778991,2.069083694778991,False,4.907491131609641,24,24.548472787982497,64,1872
L24_S990006,26,0.0392156862745098,DISPERSED,2.069083694778991,2.069083694778991,False,2.49497230568792,24,24.89114300099273,64,1936
L24_S990006,27,0.00980392156862745,DISPERSED,2.069083694778991,0.47101190850352515,False,0.47101190850352515,24,25.317635110769135,64,2000
L24_S990006,28,0.029411764705882353,DISPERSED,2.069083694778991,1.3753973964375017,False,1.3753973964375017,24,27.00628532802223,64,2064
L24_S990006,29,0.00980392156862745,DISPERSED,2.069083694778991,0.5038940408119228,False,0.5038940408119228,24,27.341976232173838,64,2128
L24_S990006,30,0.0,DISPERSED,2.069083694778991,0.0,True,0.0,24,27.28877302434801,64,2192
L24_S990006,31,0.00980392156862745,DISPERSED,2.069083694778991,0.45199619183898415,False,0.45199619183898415,24,28.035810721996114,64,2256
L24_S990007,0,1.0,INTERFACE,2.022302587044487,2.0223025870444875,False,79.08741242955485,24,22.4725741904954,1,272
L24_S990007,64,0.5922330097087378,INTERFACE,2.022302587044487,0.04027630387727943,False,48.07410179872996,24,0.04027630387727943,1,336
L24_S990007,128,0.5242718446601942,INTERFACE,2.022302587044487,0.03355764598111555,False,42.87447335277785,24,0.03355764598111555,1,400
L24_S990007,192,0.46601941747572817,INTERFACE,2.022302587044487,0.029464451738864805,False,38.57892995738081,24,0.029464451738864805,1,464
L24_S990007,256,0.42718446601941745,INTERFACE,2.022302587044487,0.026505819766478367,False,35.47409868742772,24,0.026505819766478367,1,528
L24_S990007,320,0.39805825242718446,INTERFACE,2.022302587044487,0.024216180516583474,False,33.0998482731755,24,0.024216180516583474,1,592
L24_S990007,384,0.3592233009708738,INTERFACE,2.022302587044487,0.022413889426977418,False,30.315045051846315,24,0.022413889426977418,1,656
L24_S990007,448,0.3300970873786408,INTERFACE,2.022302587044487,0.020975984224839594,False,28.01876536667466,24,0.020975984224839594,1,720
L24_S990007,512,0.30097087378640774,INTERFACE,2.022302587044487,0.01978113470195242,False,25.886070960929732,24,0.01978113470195242,1,784
L24_S990007,576,0.2815533980582524,INTERFACE,2.022302587044487,0.018938001173410046,False,24.2256771538755,24,0.018938001173410046,1,848
L24_S990007,640,0.2815533980582524,INTERFACE,2.022302587044487,0.018335991547050567,False,23.54836008343726,24,0.018335991547050567,1,912
L24_S990007,704,0.2524271844660194,INTERFACE,2.022302587044487,0.01787132882092579,False,21.525957339530105,24,0.01787132882092579,1,976
L24_S990007,768,0.23300970873786409,INTERFACE,2.022302587044487,0.017510068391082156,False,19.97580402889937,24,0.017510068391082156,1,1040
L24_S990007,832,0.21359223300970873,INTERFACE,2.022302587044487,0.017229625527338754,False,18.45648002491173,24,0.017229625527338754,1,1104
L24_S990007,896,0.22330097087378642,INTERFACE,2.022302587044487,0.01699974888521638,False,18.30552660393602,24,0.01699974888521638,1,1168
L24_S990007,960,0.21359223300970873,INTERFACE,2.022302587044487,0.01680953790410611,False,17.3018376568774,24,0.01680953790410611,1,1232
L24_S990007,1024,0.17475728155339806,INTERFACE,2.022302587044487,0.01664233946004201,False,14.943356259074386,24,0.01664233946004201,1,1296
L24_S990007,1088,0.20388349514563106,INTERFACE,2.022302587044487,0.017034680233585564,False,15.836637722260273,24,0.017034680233585564,1,1360
L24_S990007,1152,0.1650485436893204,INTERFACE,2.022302587044487,0.01745735412604099,False,13.615532432229148,24,0.01745735412604099,1,1424
L24_S990007,1216,0.14563106796116504,INTERFACE,2.022302587044487,0.017767488470554538,False,12.303455778484645,24,0.017767488470554538,1,1488
L24_S990007,1280,0.14563106796116504,INTERFACE,2.022302587044487,0.018119113777143814,False,11.904294342123574,24,0.018119113777143814,1,1552
L24_S990007,1344,0.13592233009708737,INTERFACE,2.022302587044487,0.018406233617942913,False,11.066723340740136,24,0.018406233617942913,1,1616
L24_S990007,1408,0.11650485436893204,INTERFACE,2.022302587044487,0.018719782703406906,False,9.807401938765711,24,0.018719782703406906,1,1680
L24_S990007,1472,0.10679611650485436,INTERFACE,2.022302587044487,0.0190341400117785,False,9.007145488959479,24,0.0190341400117785,1,1744
L24_S990007,1536,0.10679611650485436,INTERFACE,2.022302587044487,0.019273742699665974,False,8.657741459440286,24,0.019273742699665974,1,1808
L24_S990007,1600,0.1262135922330097,INTERFACE,2.022302587044487,0.01958072589146087,False,9.204390089912701,24,0.01958072589146087,1,1872
L24_S990007,1664,0.0970873786407767,INTERFACE,2.022302587044487,0.019837307198453114,False,7.507535106320711,24,0.019837307198453114,1,1936
L24_S990007,1728,0.10679611650485436,INTERFACE,2.022302587044487,0.02009421461425731,False,7.640070701902558,24,0.02009421461425731,1,2000
L24_S990007,1792,0.11650485436893204,INTERFACE,2.022302587044487,0.020256198716989915,False,7.8254941265478735,24,0.020256198716989915,1,2064
L24_S990007,1856,0.05825242718446602,INTERFACE,2.022302587044487,0.020555420697595195,False,4.815746254692082,24,0.020555420697595195,1,2128
L24_S990007,1920,0.06796116504854369,INTERFACE,2.022302587044487,0.020799842868451046,False,4.963888815450545,24,0.020799842868451046,1,2192
L24_S990007,1984,0.04854368932038835,INTERFACE,2.022302587044487,0.02102824465181219,False,3.795845475836701,24,0.02102824465181219,1,2256
L24_S990007,0,1.0,INTERFACE,2.022302587044487,2.0223025870444875,False,79.08741242955485,24,22.4725741904954,4,272
L24_S990007,16,0.6310679611650486,INTERFACE,2.022302587044487,0.17021911658945388,False,50.6310475154459,24,0.17021911658945388,4,336
L24_S990007,32,0.5533980582524272,INTERFACE,2.022302587044487,0.1387801513097715,False,44.99981904679733,24,0.1387801513097715,4,400
L24_S990007,48,0.49514563106796117,INTERFACE,2.022302587044487,0.12078719206028299,False,40.65406348244248,24,0.12078719206028299,4,464
L24_S990007,64,0.4368932038834951,INTERFACE,2.022302587044487,0.10823321966511101,False,36.5615359282943,24,0.10823321966511101,4,528
L24_S990007,80,0.4174757281553398,INTERFACE,2.022302587044487,0.09852089899002225,False,34.5796312520713,24,0.09852089899002225,4,592
L24_S990007,96,0.36893203883495146,INTERFACE,2.022302587044487,0.09084545766930952,False,31.24690226049098,24,0.09084545766930952,4,656
L24_S990007,112,0.34951456310679613,INTERFACE,2.022302587044487,0.08474669734471707,False,29.515503959237826,24,0.08474669734471707,4,720
L24_S990007,128,0.32038834951456313,INTERFACE,2.022302587044487,0.0798447046309102,False,27.469229533818016,24,0.0798447046309102,4,784
L24_S990007,144,0.32038834951456313,INTERFACE,2.022302587044487,0.07576568860602195,False,26.472832792089484,24,0.07576568860602195,4,848
L24_S990007,160,0.2912621359223301,INTERFACE,2.022302587044487,0.07299880188311791,False,24.57462393212783,24,0.07299880188311791,4,912
L24_S990007,176,0.27184466019417475,INTERFACE,2.022302587044487,0.07093806570234473,False,22.958333012974887,24,0.07093806570234473,4,976
L24_S990007,192,0.2524271844660194,INTERFACE,2.022302587044487,0.06942297575618617,False,21.47179961267556,24,0.06942297575618617,4,1040
L24_S990007,208,0.23300970873786409,INTERFACE,2.022302587044487,0.0681439488183696,False,19.95457533912095,24,0.0681439488183696,4,1104
L24_S990007,224,0.22330097087378642,INTERFACE,2.022302587044487,0.06713754915148262,False,18.979364128708443,24,0.06713754915148262,4,1168
L24_S990007,240,0.20388349514563106,INTERFACE,2.022302587044487,0.06634422852582034,False,17.45776159978425,24,0.06634422852582034,4,1232
L24_S990007,256,0.20388349514563106,INTERFACE,2.022302587044487,0.06565585868846213,False,17.001530873172513,24,0.06565585868846213,4,1296
L24_S990007,272,0.20388349514563106,INTERFACE,2.022302587044487,0.06511379308155463,False,16.410299055972914,24,0.06511379308155463,4,1360
L24_S990007,288,0.1941747572815534,INTERFACE,2.022302587044487,0.06513908205131669,False,15.533312204657976,24,0.06513908205131669,4,1424
L24_S990007,304,0.17475728155339806,INTERFACE,2.022302587044487,0.06748196814936258,False,14.233309587845598,24,0.06748196814936258,4,1488
L24_S990007,320,0.17475728155339806,INTERFACE,2.022302587044487,0.0682696214467362,False,13.898070353771626,24,0.0682696214467362,4,1552
L24_S990007,336,0.1553398058252427,INTERFACE,2.022302587044487,0.06995288341041506,False,12.598688629072694,24,0.06995288341041506,4,1616
L24_S990007,352,0.14563106796116504,INTERFACE,2.022302587044487,0.07187590750877337,False,11.73488078139667,24,0.07187590750877337,4,1680
L24_S990007,368,0.1262135922330097,INTERFACE,2.022302587044487,0.07281015669149682,False,10.494784286547754,24,0.07281015669149682,4,1744
L24_S990007,384,0.11650485436893204,INTERFACE,2.022302587044487,0.07417533822044453,False,9.724686213673566,24,0.07417533822044453,4,1808
L24_S990007,400,0.11650485436893204,INTERFACE,2.022302587044487,0.07449913165906907,False,9.430158832525729,24,0.07449913165906907,4,1872
L24_S990007,416,0.11650485436893204,INTERFACE,2.022302587044487,0.07555460573473327,False,9.083469519602591,24,0.07555460573473327,4,1936
L24_S990007,432,0.11650485436893204,INTERFACE,2.022302587044487,0.07749554564576189,False,8.682115484747033,24,0.07749554564576189,4,2000
L24_S990007,448,0.10679611650485436,INTERFACE,2.022302587044487,0.0782621693028499,False,7.897922716191172,24,0.0782621693028499,4,2064
L24_S990007,464,0.08737864077669903,INTERFACE,2.022302587044487,0.07888257212827854,False,6.767623747044821,24,0.07888257212827854,4,2128
L24_S990007,480,0.07766990291262135,INTERFACE,2.022302587044487,0.07959330204663861,False,6.127424616186624,24,0.07959330204663861,4,2192
L24_S990007,496,0.06796116504854369,INTERFACE,2.022302587044487,0.08048497248859188,False,5.463100713723506,24,0.08048497248859188,4,2256
L24_S990007,0,1.0,INTERFACE,2.022302587044487,2.0223025870444875,False,79.08741242955485,24,22.4725741904954,16,272
L24_S990007,4,0.8640776699029126,INTERFACE,2.022302587044487,2.022302587044487,False,69.0436112279188,24,15.48546327959629,16,336
L24_S990007,8,0.7475728155339806,INTERFACE,2.022302587044487,2.022302587044487,False,59.59200252693999,24,8.897974965400365,16,400
L24_S990007,12,0.6213592233009708,INTERFACE,2.022302587044487,2.0223025870444875,False,49.473628591706664,24,2.5040102424832162,16,464
L24_S990007,16,0.5436893203883495,INTERFACE,2.022302587044487,0.4936406427411161,False,43.83612881429232,24,0.4936406427411161,16,528
L24_S990007,20,0.5048543689320388,INTERFACE,2.022302587044487,0.4376571311957397,False,40.827708384870384,24,0.4376571311957397,16,592
L24_S990007,24,0.46601941747572817,INTERFACE,2.022302587044487,0.396960199056133,False,38.08735197261495,24,0.396960199056133,16,656
L24_S990007,28,0.42718446601941745,INTERFACE,2.022302587044487,0.36461209126782823,False,35.57025193483668,24,0.36461209126782823,16,720
L24_S990007,32,0.3883495145631068,INTERFACE,2.022302587044487,0.33796640558435165,False,32.5781303478831,24,0.33796640558435165,16,784
L24_S990007,36,0.3592233009708738,INTERFACE,2.022302587044487,0.316518049068892,False,30.319054022945785,24,0.316518049068892,16,848
L24_S990007,40,0.3592233009708738,INTERFACE,2.022302587044487,0.2992808383777179,False,29.676982548139716,24,0.2992808383777179,16,912
L24_S990007,44,0.32038834951456313,INTERFACE,2.022302587044487,0.28531023574673564,False,27.272539346342878,24,0.28531023574673564,16,976
L24_S990007,48,0.2912621359223301,INTERFACE,2.022302587044487,0.27324630160868657,False,25.18593582016129,24,0.27324630160868657,16,1040
L24_S990007,52,0.27184466019417475,INTERFACE,2.022302587044487,0.2662145327194473,False,23.503701735183643,24,0.2662145327194473,16,1104
L24_S990007,56,0.27184466019417475,INTERFACE,2.022302587044487,0.26130749290481226,False,23.00300815666766,24,0.26130749290481226,16,1168
L24_S990007,60,0.2621359223300971,INTERFACE,2.022302587044487,0.25810561327888804,False,22.055216676183516,24,0.25810561327888804,16,1232
L24_S990007,64,0.2524271844660194,INTERFACE,2.022302587044487,0.25446196107531494,False,20.885062636287497,24,0.25446196107531494,16,1296
L24_S990007,68,0.2524271844660194,INTERFACE,2.022302587044487,0.25129543478005867,False,20.720544290820502,24,0.25129543478005867,16,1360
L24_S990007,72,0.22330097087378642,INTERFACE,2.022302587044487,0.24900470991780044,False,18.724868257666177,24,0.24900470991780044,16,1424
L24_S990007,76,0.20388349514563106,INTERFACE,2.022302587044487,0.248064853940975,False,17.278236977530938,24,0.248064853940975,16,1488
L24_S990007,80,0.22330097087378642,INTERFACE,2.022302587044487,0.24597187319176395,False,17.789279082915463,24,0.24597187319176395,16,1552
L24_S990007,84,0.1941747572815534,INTERFACE,2.022302587044487,0.24469567443934803,False,15.846698085554541,24,0.24469567443934803,16,1616
L24_S990007,88,0.17475728155339806,INTERFACE,2.022302587044487,0.24394609215469498,False,14.546415683018983,24,0.24394609215469498,16,1680
L24_S990007,92,0.1650485436893204,INTERFACE,2.022302587044487,0.25211093363758974,False,13.762904682629705,24,0.25211093363758974,16,1744
L24_S990007,96,0.17475728155339806,INTERFACE,2.022302587044487,0.2512155379747347,False,14.047625748751898,24,0.2512155379747347,16,1808
L24_S990007,100,0.1553398058252427,INTERFACE,2.022302587044487,0.26075627189146156,False,12.701167493711827,24,0.26075627189146156,16,1872
L24_S990007,104,0.1553398058252427,INTERFACE,2.022302587044487,0.2702308000745769,False,12.377791771868996,24,0.2702308000745769,16,1936
L24_S990007,108,0.1650485436893204,INTERFACE,2.022302587044487,0.2650438757027128,False,12.668519235685999,24,0.2650438757027128,16,2000
L24_S990007,112,0.14563106796116504,INTERFACE,2.022302587044487,0.2688695694815194,False,11.745365638673853,24,0.2688695694815194,16,2064
L24_S990007,116,0.1262135922330097,INTERFACE,2.022302587044487,0.27898674404786883,False,10.44042799962311,24,0.27898674404786883,16,2128
L24_S990007,120,0.11650485436893204,INTERFACE,2.022302587044487,0.28443318505634474,False,9.610367247527707,24,0.28443318505634474,16,2192
L24_S990007,124,0.13592233009708737,INTERFACE,2.022302587044487,0.28790137684880446,False,9.97551002318282,24,0.28790137684880446,16,2256
L24_S990007,0,1.0,INTERFACE,2.022302587044487,2.0223025870444875,False,79.08741242955485,24,22.4725741904954,64,272
L24_S990007,1,0.941747572815534,INTERFACE,2.022302587044487,2.022302587044487,False,74.89017978464726,24,21.102821144151964,64,336
L24_S990007,2,0.9223300970873787,INTERFACE,2.022302587044487,2.022302587044487,False,72.8412358133722,24,19.82328797540389,64,400
L24_S990007,3,0.8737864077669902,INTERFACE,2.022302587044487,2.022302587044487,False,69.09681239016759,24,18.69969250894596,64,464
L24_S990007,4,0.8252427184466019,INTERFACE,2.022302587044487,2.022302587044487,False,65.56014687230291,24,17.493070794819296,64,528
L24_S990007,5,0.7961165048543689,INTERFACE,2.022302587044487,2.022302587044487,False,62.7471400789878,24,16.34604834124312,64,592
L24_S990007,6,0.7572815533980582,INTERFACE,2.022302587044487,2.022302587044487,False,59.57590678575214,24,15.099054869362527,64,656
L24_S990007,7,0.7184466019417476,INTERFACE,2.022302587044487,2.022302587044487,False,56.49371202340885,24,13.978678407693788,64,720
L24_S990007,8,0.6796116504854369,INTERFACE,2.022302587044487,2.022302587044487,False,53.18555974775862,24,12.252191996750009,64,784
L24_S990007,9,0.6504854368932039,INTERFACE,2.022302587044487,2.0223025870444866,False,50.44103287682319,24,11.00725223419758,64,848
L24_S990007,10,0.6019417475728155,INTERFACE,2.022302587044487,2.022302587044487,False,47.11572405286145,24,9.8617075023454,64,912
L24_S990007,11,0.5728155339805825,INTERFACE,2.022302587044487,2.0223025870444866,False,44.30456051654898,24,9.18052101124554,64,976
L24_S990007,12,0.5339805825242718,INTERFACE,2.022302587044487,2.022302587044487,False,41.19750448490442,24,7.988390686008468,64,1040
L24_S990007,13,0.49514563106796117,INTERFACE,2.022302587044487,2.022302587044487,False,37.88104496764154,24,6.779762001146711,64,1104
L24_S990007,14,0.44660194174757284,INTERFACE,2.022302587044487,2.022302587044487,False,34.732352601043644,24,5.527204539551295,64,1168
L24_S990007,15,0.4077669902912621,INTERFACE,2.022302587044487,2.022302587044487,False,31.26350299731358,24,4.315680650818868,64,1232
L24_S990007,16,0.36893203883495146,INTERFACE,2.022302587044487,2.022302587044487,False,28.20026550530192,24,3.2728011020865457,64,1296
L24_S990007,17,0.3106796116504854,INTERFACE,2.022302587044487,2.022302587044487,False,24.289922728653544,24,2.2992624314004946,64,1360
L24_S990007,18,0.2815533980582524,INTERFACE,2.022302587044487,1.4006046846270421,False,21.850048903730602,24,1.4006046846270421,64,1424
L24_S990007,19,0.2621359223300971,INTERFACE,2.022302587044487,1.1438263973552876,False,20.37092559982508,24,1.1438263973552876,64,1488
L24_S990007,20,0.23300970873786409,INTERFACE,2.022302587044487,1.0998617674277806,False,18.5322363964994,24,1.0998617674277806,64,1552
L24_S990007,21,0.22330097087378642,INTERFACE,2.022302587044487,1.074064109282613,False,17.33650378561304,24,1.074064109282613,64,1616
L24_S990007,22,0.1941747572815534,INTERFACE,2.022302587044487,1.0558369559556104,False,15.528065083420167,24,1.0558369559556104,64,1680
L24_S990007,23,0.18446601941747573,INTERFACE,2.022302587044487,1.0404248343985298,False,14.504822261408803,24,1.0404248343985298,64,1744
L24_S990007,24,0.17475728155339806,INTERFACE,2.022302587044487,1.0362889261099484,False,13.831916018851713,24,1.0362889261099484,64,1808
L24_S990007,25,0.17475728155339806,INTERFACE,2.022302587044487,1.0865156459191707,False,13.465706395073173,24,1.0865156459191707,64,1872
L24_S990007,26,0.17475728155339806,INTERFACE,2.022302587044487,1.1075752611062528,False,13.147390592382724,24,1.1075752611062528,64,1936
L24_S990007,27,0.18446601941747573,INTERFACE,2.022302587044487,1.0773858387953874,False,13.39072762099605,24,1.0773858387953874,64,2000
L24_S990007,28,0.1553398058252427,INTERFACE,2.022302587044487,1.064113886869742,False,11.993960166805877,24,1.064113886869742,64,2064
L24_S990007,29,0.1553398058252427,INTERFACE,2.022302587044487,1.1374681513656042,False,11.441003587014732,24,1.1374681513656042,64,2128
L24_S990007,30,0.13592233009708737,INTERFACE,2.022302587044487,1.13476709337179,False,10.364117142379673,24,1.13476709337179,64,2192
L24_S990007,31,0.11650485436893204,INTERFACE,2.022302587044487,1.1947946893884946,False,9.188045782029052,24,1.1947946893884946,64,2256
L24_S990007,0,1.0,DISPERSED,2.022302587044487,2.0223025870444875,False,79.08741242955485,24,22.472574190495394,1,272
L24_S990007,64,0.49514563106796117,DISPERSED,2.022302587044487,0.05280064573086063,False,40.010487581065874,24,0.05280064573086063,1,336
L24_S990007,128,0.2815533980582524,DISPERSED,2.022302587044487,0.6087687435790187,False,23.761539495085888,24,0.6087687435790187,1,400
L24_S990007,192,0.0970873786407767,DISPERSED,2.022302587044487,0.07249788582501238,False,8.264770290902563,24,0.07249788582501238,1,464
L24_S990007,256,0.0,DISPERSED,2.022302587044487,0.0,True,0.0,24,4.7640091303041645,1,528
L24_S990007,320,0.0,DISPERSED,2.022302587044487,0.0,True,0.0,24,9.45919302844393,1,592
L24_S990007,384,0.0,DISPERSED,2.022302587044487,0.0,True,0.0,24,12.54742537364782,1,656
L24_S990007,448,0.0,DISPERSED,2.022302587044487,0.0,True,0.0,24,16.28889769860379,1,720
L24_S990007,512,0.0,DISPERSED,2.022302587044487,0.0,True,0.0,24,16.162752891756387,1,784
L24_S990007,576,0.0,DISPERSED,2.022302587044487,0.0,True,0.0,24,16.773344792504407,1,848
L24_S990007,640,0.0,DISPERSED,2.022302587044487,0.0,True,0.0,24,19.03702847841146,1,912
L24_S990007,704,0.0,DISPERSED,2.022302587044487,0.0,True,0.0,24,20.80928464019959,1,976
L24_S990007,768,0.0,DISPERSED,2.022302587044487,0.0,True,0.0,24,22.39436293030961,1,1040
L24_S990007,832,0.0,DISPERSED,2.022302587044487,0.0,True,0.0,24,23.798148254118008,1,1104
L24_S990007,896,0.0,DISPERSED,2.022302587044487,0.0,True,0.0,24,24.224215228821816,1,1168
L24_S990007,960,0.0,DISPERSED,2.022302587044487,0.0,True,0.0,24,25.165698768560034,1,1232
L24_S990007,1024,0.0,DISPERSED,2.022302587044487,0.0,True,0.0,24,25.48992726487363,1,1296
L24_S990007,1088,0.0,DISPERSED,2.022302587044487,0.0,True,0.0,24,26.327085813821533,1,1360
L24_S990007,1152,0.0,DISPERSED,2.022302587044487,0.0,True,0.0,24,27.541285608769424,1,1424
L24_S990007,1216,0.0,DISPERSED,2.022302587044487,0.0,True,0.0,24,28.839131981347716,1,1488
L24_S990007,1280,0.0,DISPERSED,2.022302587044487,0.0,True,0.0,24,29.393923948185698,1,1552
L24_S990007,1344,0.0,DISPERSED,2.022302587044487,0.0,True,0.0,24,29.88859554687745,1,1616
L24_S990007,1408,0.0,DISPERSED,2.022302587044487,0.0,True,0.0,24,29.749357706957255,1,1680
L24_S990007,1472,0.0,DISPERSED,2.022302587044487,0.0,True,0.0,24,30.884680571772485,1,1744
L24_S990007,1536,0.0,DISPERSED,2.022302587044487,0.0,True,0.0,24,31.927580662719848,1,1808
L24_S990007,1600,0.0,DISPERSED,2.022302587044487,0.0,True,0.0,24,32.9150606408032,1,1872
L24_S990007,1664,0.0,DISPERSED,2.022302587044487,0.0,True,0.0,24,33.582837877551015,1,1936
L24_S990007,1728,0.0,DISPERSED,2.022302587044487,0.0,True,0.0,24,34.085752395442725,1,2000
L24_S990007,1792,0.0,DISPERSED,2.022302587044487,0.0,True,0.0,24,34.51407815129068,1,2064
L24_S990007,1856,0.009708737864077669,DISPERSED,2.022302587044487,0.45006962487892493,False,0.45006962487892493,24,34.89841570170858,1,2128
L24_S990007,1920,0.0,DISPERSED,2.022302587044487,0.0,True,0.0,24,34.890215867367736,1,2192
L24_S990007,1984,0.0,DISPERSED,2.022302587044487,0.0,True,0.0,24,35.27429080079544,1,2256
L24_S990007,0,1.0,DISPERSED,2.022302587044487,2.0223025870444875,False,79.08741242955485,24,22.472574190495394,4,272
L24_S990007,16,0.5533980582524272,DISPERSED,2.022302587044487,1.8782366345052433,False,44.706658022324554,24,1.8782366345052433,4,336
L24_S990007,32,0.3786407766990291,DISPERSED,2.022302587044487,0.752428280964048,False,30.986422095794893,24,0.752428280964048,4,400
L24_S990007,48,0.24271844660194175,DISPERSED,2.022302587044487,0.23778464302373292,False,19.978224708867018,24,0.23778464302373292,4,464
L24_S990007,64,0.04854368932038835,DISPERSED,2.022302587044487,1.4117959109613873,False,3.9042153163931355,24,1.4117959109613873,4,528
L24_S990007,80,0.0,DISPERSED,2.022302587044487,0.0,True,0.0,24,7.933180768285467,4,592
L24_S990007,96,0.0,DISPERSED,2.022302587044487,0.0,True,0.0,24,12.95441769211227,4,656
L24_S990007,112,0.0,DISPERSED,2.022302587044487,0.0,True,0.0,24,16.158077941081405,4,720
L24_S990007,128,0.0,DISPERSED,2.022302587044487,0.0,True,0.0,24,18.96774132286945,4,784
L24_S990007,144,0.0,DISPERSED,2.022302587044487,0.0,True,0.0,24,20.13315207816818,4,848
L24_S990007,160,0.0,DISPERSED,2.022302587044487,0.0,True,0.0,24,22.999190734775883,4,912
L24_S990007,176,0.0,DISPERSED,2.022302587044487,0.0,True,0.0,24,23.56579115267839,4,976
L24_S990007,192,0.0,DISPERSED,2.022302587044487,0.0,True,0.0,24,25.11744774547813,4,1040
L24_S990007,208,0.0,DISPERSED,2.022302587044487,0.0,True,0.0,24,25.502592543227657,4,1104
L24_S990007,224,0.0,DISPERSED,2.022302587044487,0.0,True,0.0,24,26.170591281305555,4,1168
L24_S990007,240,0.009708737864077669,DISPERSED,2.022302587044487,0.4501385074280213,False,0.4501385074280213,24,27.850112353580673,4,1232
L24_S990007,256,0.0,DISPERSED,2.022302587044487,0.0,True,0.0,24,27.541111379080554,4,1296
L24_S990007,272,0.0,DISPERSED,2.022302587044487,0.0,True,0.0,24,27.832980102899185,4,1360
L24_S990007,288,0.0,DISPERSED,2.022302587044487,0.0,True,0.0,24,28.63504261357938,4,1424
L24_S990007,304,0.0,DISPERSED,2.022302587044487,0.0,True,0.0,24,27.759606717703964,4,1488
L24_S990007,320,0.0,DISPERSED,2.022302587044487,0.0,True,0.0,24,28.881529091836775,4,1552
L24_S990007,336,0.0,DISPERSED,2.022302587044487,0.0,True,0.0,24,29.940444916660027,4,1616
L24_S990007,352,0.0,DISPERSED,2.022302587044487,0.0,True,0.0,24,32.041203085111874,4,1680
L24_S990007,368,0.0,DISPERSED,2.022302587044487,0.0,True,0.0,24,32.45918290764575,4,1744
L24_S990007,384,0.0,DISPERSED,2.022302587044487,0.0,True,0.0,24,31.91698228339677,4,1808
L24_S990007,400,0.0,DISPERSED,2.022302587044487,0.0,True,0.0,24,33.61857181611431,4,1872
L24_S990007,416,0.0,DISPERSED,2.022302587044487,0.0,True,0.0,24,34.07065512612396,4,1936
L24_S990007,432,0.0,DISPERSED,2.022302587044487,0.0,True,0.0,24,34.04203698088872,4,2000
L24_S990007,448,0.0,DISPERSED,2.022302587044487,0.0,True,0.0,24,34.485614965139,4,2064
L24_S990007,464,0.009708737864077669,DISPERSED,2.022302587044487,0.4500984715264626,False,0.4500984715264626,24,34.48385791830373,4,2128
L24_S990007,480,0.0,DISPERSED,2.022302587044487,0.0,True,0.0,24,34.15774931531745,4,2192
L24_S990007,496,0.0,DISPERSED,2.022302587044487,0.0,True,0.0,24,34.62618564629051,4,2256
L24_S990007,0,1.0,DISPERSED,2.022302587044487,2.0223025870444875,False,79.08741242955485,24,22.472574190495394,16,272
L24_S990007,4,0.8640776699029126,DISPERSED,2.022302587044487,2.022302587044487,False,69.14881077589273,24,17.367705174928357,16,336
L24_S990007,8,0.7475728155339806,DISPERSED,2.022302587044487,2.022302587044487,False,59.90970254008218,24,13.701115986439513,16,400
L24_S990007,12,0.6213592233009708,DISPERSED,2.022302587044487,2.022302587044487,False,50.04876920424072,24,10.30478608711125,16,464
L24_S990007,16,0.49514563106796117,DISPERSED,2.022302587044487,2.022302587044487,False,40.228271777934154,24,8.955341209469957,16,528
L24_S990007,20,0.36893203883495146,DISPERSED,2.022302587044487,2.022302587044487,False,30.678350863870374,24,6.972776712801073,16,592
L24_S990007,24,0.2524271844660194,DISPERSED,2.022302587044487,2.022302587044487,False,21.42438254619097,24,6.1103233450597205,16,656
L24_S990007,28,0.13592233009708737,DISPERSED,2.022302587044487,2.0223025870444866,False,11.721344349984337,24,9.90368030422821,16,720
L24_S990007,32,0.038834951456310676,DISPERSED,2.022302587044487,2.022302587044487,False,2.7246892002031693,24,9.169315250049584,16,784
L24_S990007,36,0.0,DISPERSED,2.022302587044487,0.0,True,0.0,24,12.659155292999614,16,848
L24_S990007,40,0.0,DISPERSED,2.022302587044487,0.0,True,0.0,24,16.921959935647678,16,912
L24_S990007,44,0.0,DISPERSED,2.022302587044487,0.0,True,0.0,24,21.765957351257253,16,976
L24_S990007,48,0.0,DISPERSED,2.022302587044487,0.0,True,0.0,24,22.96619610189471,16,1040
L24_S990007,52,0.0,DISPERSED,2.022302587044487,0.0,True,0.0,24,23.90202233709228,16,1104
L24_S990007,56,0.009708737864077669,DISPERSED,2.022302587044487,0.4593429871288702,False,0.4593429871288702,24,25.095680059404256,16,1168
L24_S990007,60,0.0,DISPERSED,2.022302587044487,0.0,True,0.0,24,26.32205489986325,16,1232
L24_S990007,64,0.019417475728155338,DISPERSED,2.022302587044487,0.9025145634931495,False,0.9025145634931495,24,27.40046101010338,16,1296
L24_S990007,68,0.009708737864077669,DISPERSED,2.022302587044487,0.45319726609451527,False,0.45319726609451527,24,27.66615751111422,16,1360
L24_S990007,72,0.0,DISPERSED,2.022302587044487,0.0,True,0.0,24,29.565172148171648,16,1424
L24_S990007,76,0.019417475728155338,DISPERSED,2.022302587044487,0.9091611110967692,False,0.9091611110967692,24,29.526644605262526,16,1488
L24_S990007,80,0.0,DISPERSED,2.022302587044487,0.0,True,0.0,24,29.703311586710313,16,1552
L24_S990007,84,0.009708737864077669,DISPERSED,2.022302587044487,0.4557655848089982,False,0.4557655848089982,24,30.503124399342372,16,1616
L24_S990007,88,0.0,DISPERSED,2.022302587044487,0.0,True,0.0,24,29.22180868440469,16,1680
L24_S990007,92,0.0,DISPERSED,2.022302587044487,0.0,True,0.0,24,30.38673799473619,16,1744
L24_S990007,96,0.0,DISPERSED,2.022302587044487,0.0,True,0.0,24,31.67545126088575,16,1808
L24_S990007,100,0.0,DISPERSED,2.022302587044487,0.0,True,0.0,24,30.58343576241292,16,1872
L24_S990007,104,0.0,DISPERSED,2.022302587044487,0.0,True,0.0,24,31.605690726609144,16,1936
L24_S990007,108,0.0,DISPERSED,2.022302587044487,0.0,True,0.0,24,32.18200651969428,16,2000
L24_S990007,112,0.0,DISPERSED,2.022302587044487,0.0,True,0.0,24,32.652280883398085,16,2064
L24_S990007,116,0.0,DISPERSED,2.022302587044487,0.0,True,0.0,24,33.06832237820499,16,2128
L24_S990007,120,0.009708737864077669,DISPERSED,2.022302587044487,0.4525119068416737,False,0.4525119068416737,24,33.45009080948267,16,2192
L24_S990007,124,0.0,DISPERSED,2.022302587044487,0.0,True,0.0,24,32.92346034327238,16,2256
L24_S990007,0,1.0,DISPERSED,2.022302587044487,2.0223025870444875,False,79.08741242955485,24,22.472574190495394,64,272
L24_S990007,1,0.941747572815534,DISPERSED,2.022302587044487,2.022302587044487,False,74.9285993595441,24,20.946655066225212,64,336
L24_S990007,2,0.9223300970873787,DISPERSED,2.022302587044487,2.022302587044487,False,72.94220384194166,24,21.624704542866823,64,400
L24_S990007,3,0.8737864077669902,DISPERSED,2.022302587044487,2.022302587044487,False,69.27416495756498,24,21.226202821070032,64,464
L24_S990007,4,0.8252427184466019,DISPERSED,2.022302587044487,2.022302587044487,False,65.82415386374103,24,22.461794819531224,64,528
L24_S990007,5,0.7961165048543689,DISPERSED,2.022302587044487,2.0223025870444875,False,63.11618659439025,24,22.625561894963127,64,592
L24_S990007,6,0.7572815533980582,DISPERSED,2.022302587044487,2.022302587044487,False,60.05633224400912,24,22.803771553273926,64,656
L24_S990007,7,0.7184466019417476,DISPERSED,2.022302587044487,2.0223025870444866,False,57.10156058798587,24,21.377529375322666,64,720
L24_S990007,8,0.6796116504854369,DISPERSED,2.022302587044487,2.022302587044487,False,53.929855580274115,24,19.98980955266557,64,784
L24_S990007,9,0.6504854368932039,DISPERSED,2.022302587044487,2.022302587044487,False,51.33078460778504,24,20.81903344976821,64,848
L24_S990007,10,0.6019417475728155,DISPERSED,2.022302587044487,2.022302587044487,False,48.17557770476777,24,20.544258111826565,64,912
L24_S990007,11,0.5728155339805825,DISPERSED,2.022302587044487,2.022302587044487,False,45.54959304211641,24,20.31532823511205,64,976
L24_S990007,12,0.5339805825242718,DISPERSED,2.022302587044487,2.022302587044487,False,42.64367230637945,24,19.01368221881359,64,1040
L24_S990007,13,0.49514563106796117,DISPERSED,2.022302587044487,2.022302587044487,False,39.53900002896517,24,19.36067655677915,64,1104
L24_S990007,14,0.44660194174757284,DISPERSED,2.022302587044487,2.022302587044487,False,36.533331206584585,24,18.700431398932725,64,1168
L24_S990007,15,0.4077669902912621,DISPERSED,2.022302587044487,2.022302587044487,False,33.19548430129182,24,20.68202642010206,64,1232
L24_S990007,16,0.3786407766990291,DISPERSED,2.022302587044487,2.022302587044487,False,30.55042361570787,24,19.914335744763747,64,1296
L24_S990007,17,0.33980582524271846,DISPERSED,2.022302587044487,2.0223025870444875,False,27.566911553498244,24,20.781292064813595,64,1360
L24_S990007,18,0.30097087378640774,DISPERSED,2.022302587044487,2.022302587044487,False,24.587577458481462,24,21.281797775259736,64,1424
L24_S990007,19,0.2621359223300971,DISPERSED,2.022302587044487,2.022302587044487,False,21.22771896649365,24,21.64306512101711,64,1488
L24_S990007,20,0.23300970873786409,DISPERSED,2.022302587044487,2.022302587044487,False,18.540171943988273,24,21.456141986800077,64,1552
L24_S990007,21,0.23300970873786409,DISPERSED,2.022302587044487,2.0223025870444875,False,17.26077525180572,24,21.30666195950864,64,1616
L24_S990007,22,0.1941747572815534,DISPERSED,2.022302587044487,2.022302587044487,False,14.921599339038238,24,22.951561267279747,64,1680
L24_S990007,23,0.1553398058252427,DISPERSED,2.022302587044487,2.022302587044487,False,11.959358587248891,24,22.69176627838037,64,1744
L24_S990007,24,0.11650485436893204,DISPERSED,2.022302587044487,2.0223025870444866,False,8.865108008834774,24,22.946717150008617,64,1808
L24_S990007,25,0.10679611650485436,DISPERSED,2.022302587044487,2.022302587044487,False,7.4070055344023515,24,22.17325116536578,64,1872
L24_S990007,26,0.06796116504854369,DISPERSED,2.022302587044487,2.022302587044487,False,5.154682642450412,24,21.580878691597043,64,1936
L24_S990007,27,0.04854368932038835,DISPERSED,2.022302587044487,2.0223025870444875,False,2.9210806940885417,24,23.137125215175082,64,2000
L24_S990007,28,0.019417475728155338,DISPERSED,2.022302587044487,1.1572520837859859,False,1.1572520837859859,24,24.66592347995735,64,2064
L24_S990007,29,0.019417475728155338,DISPERSED,2.022302587044487,0.9159548739990419,False,0.9159548739990419,24,25.60617930748156,64,2128
L24_S990007,30,0.038834951456310676,DISPERSED,2.022302587044487,1.8531323131219,False,1.8531323131219,24,26.385137112049026,64,2192
L24_S990007,31,0.0,DISPERSED,2.022302587044487,0.0,True,0.0,24,26.456273075288163,64,2256
L24_S990008,0,1.0,INTERFACE,2.052574648278139,2.052574648278139,False,76.81253973965691,24,24.764065448601606,1,272
L24_S990008,64,0.5612244897959183,INTERFACE,2.052574648278139,0.03998330494886981,False,44.12644250448302,24,0.03998330494886981,1,336
L24_S990008,128,0.4897959183673469,INTERFACE,2.052574648278139,0.03332777376908458,False,38.853142513565196,24,0.03332777376908458,1,400
L24_S990008,192,0.42857142857142855,INTERFACE,2.052574648278139,0.02924274149897732,False,34.53822394581771,24,0.02924274149897732,1,464
L24_S990008,256,0.3877551020408163,INTERFACE,2.052574648278139,0.02630001098251744,False,31.35868036822682,24,0.02630001098251744,1,528
L24_S990008,320,0.35714285714285715,INTERFACE,2.052574648278139,0.024075081635621443,False,28.914216134280526,24,0.024075081635621443,1,592
L24_S990008,384,0.32653061224489793,INTERFACE,2.052574648278139,0.022318724462178974,False,26.59662739118869,24,0.022318724462178974,1,656
L24_S990008,448,0.30612244897959184,INTERFACE,2.052574648278139,0.021015565778578993,False,24.81791145094747,24,0.021015565778578993,1,720
L24_S990008,512,0.2755102040816326,INTERFACE,2.052574648278139,0.020090376201149285,False,22.66033905108559,24,0.020090376201149285,1,784
L24_S990008,576,0.2653061224489796,INTERFACE,2.052574648278139,0.019399826546114274,False,21.377229245796144,24,0.019399826546114274,1,848
L24_S990008,640,0.24489795918367346,INTERFACE,2.052574648278139,0.018880519564518305,False,19.734084130355267,24,0.018880519564518305,1,912
L24_S990008,704,0.23469387755102042,INTERFACE,2.052574648278139,0.01847749007195365,False,18.58246854320433,24,0.01847749007195365,1,976
L24_S990008,768,0.20408163265306123,INTERFACE,2.052574648278139,0.01814797069848184,False,16.606879541551514,24,0.01814797069848184,1,1040
L24_S990008,832,0.19387755102040816,INTERFACE,2.052574648278139,0.0178745511577999,False,15.511870718338528,24,0.0178745511577999,1,1104
L24_S990008,896,0.1836734693877551,INTERFACE,2.052574648278139,0.018127399464882177,False,14.526017647096353,24,0.018127399464882177,1,1168
L24_S990008,960,0.16326530612244897,INTERFACE,2.052574648278139,0.01855901907960622,False,13.141490941763523,24,0.01855901907960622,1,1232
L24_S990008,1024,0.15306122448979592,INTERFACE,2.052574648278139,0.018925189777372564,False,12.196215088832455,24,0.018925189777372564,1,1296
L24_S990008,1088,0.15306122448979592,INTERFACE,2.052574648278139,0.019208574077439144,False,11.77209389233147,24,0.019208574077439144,1,1360
L24_S990008,1152,0.1326530612244898,INTERFACE,2.052574648278139,0.01952655889358179,False,10.42319964421096,24,0.01952655889358179,1,1424
L24_S990008,1216,0.1326530612244898,INTERFACE,2.052574648278139,0.019842882906766834,False,9.99812148982745,24,0.019842882906766834,1,1488
L24_S990008,1280,0.11224489795918367,INTERFACE,2.052574648278139,0.020175070100586945,False,8.69538964732461,24,0.020175070100586945,1,1552
L24_S990008,1344,0.11224489795918367,INTERFACE,2.052574648278139,0.02046090405300438,False,8.289835266679042,24,0.02046090405300438,1,1616
L24_S990008,1408,0.10204081632653061,INTERFACE,2.052574648278139,0.02079085370764122,False,7.448423274140445,24,0.02079085370764122,1,1680
L24_S990008,1472,0.12244897959183673,INTERFACE,2.052574648278139,0.021021687516522225,False,7.94930556688176,24,0.021021687516522225,1,1744
L24_S990008,1536,0.10204081632653061,INTERFACE,2.052574648278139,0.02125655815363825,False,6.779574384117127,24,0.02125655815363825,1,1808
L24_S990008,1600,0.061224489795918366,INTERFACE,2.052574648278139,0.02150768729977115,False,4.648395751729094,24,0.02150768729977115,1,1872
L24_S990008,1664,0.05102040816326531,INTERFACE,2.052574648278139,0.021762373518395384,False,3.869481192670087,24,0.021762373518395384,1,1936
L24_S990008,1728,0.05102040816326531,INTERFACE,2.052574648278139,0.022013684497734,False,3.5356571038031364,24,0.022013684497734,1,2000
L24_S990008,1792,0.04081632653061224,INTERFACE,2.052574648278139,0.022268913013375524,False,2.7752175088417457,24,0.022268913013375524,1,2064
L24_S990008,1856,0.030612244897959183,INTERFACE,2.052574648278139,0.022495142446062877,False,2.049179648729565,24,0.022495142446062877,1,2128
L24_S990008,1920,0.02040816326530612,INTERFACE,2.052574648278139,0.02280764738378105,False,1.2719090960449881,24,0.02280764738378105,1,2192
L24_S990008,1984,0.030612244897959183,INTERFACE,2.052574648278139,0.023085831216258845,False,1.4519796652813368,24,0.023085831216258845,1,2256
L24_S990008,0,1.0,INTERFACE,2.052574648278139,2.052574648278139,False,76.81253973965691,24,24.764065448601606,4,272
L24_S990008,16,0.5816326530612245,INTERFACE,2.052574648278139,0.16901331079073212,False,45.664841163929886,24,0.16901331079073212,4,336
L24_S990008,32,0.5204081632653061,INTERFACE,2.052574648278139,0.13793863997766753,False,40.94585226852438,24,0.13793863997766753,4,400
L24_S990008,48,0.45918367346938777,INTERFACE,2.052574648278139,0.12010981430719636,False,36.51164826080396,24,0.12010981430719636,4,464
L24_S990008,64,0.3979591836734694,INTERFACE,2.052574648278139,0.10745746415182045,False,32.19866411657458,24,0.10745746415182045,4,528
L24_S990008,80,0.37755102040816324,INTERFACE,2.052574648278139,0.09787270586574359,False,30.28903737167384,24,0.09787270586574359,4,592
L24_S990008,96,0.32653061224489793,INTERFACE,2.052574648278139,0.09043196121571606,False,26.754282186973064,24,0.09043196121571606,4,656
L24_S990008,112,0.30612244897959184,INTERFACE,2.052574648278139,0.08462270994922849,False,25.25308378950902,24,0.08462270994922849,4,720
L24_S990008,128,0.2857142857142857,INTERFACE,2.052574648278139,0.08049094183176708,False,23.368869061159245,24,0.08049094183176708,4,784
L24_S990008,144,0.2857142857142857,INTERFACE,2.052574648278139,0.07758238322283884,False,22.759982835209293,24,0.07758238322283884,4,848
L24_S990008,160,0.24489795918367346,INTERFACE,2.052574648278139,0.07530599904726454,False,20.158022436211937,24,0.07530599904726454,4,912
L24_S990008,176,0.23469387755102042,INTERFACE,2.052574648278139,0.07359362880816689,False,19.07995789659363,24,0.07359362880816689,4,976
L24_S990008,192,0.23469387755102042,INTERFACE,2.052574648278139,0.07222502634459771,False,18.3143557404885,24,0.07222502634459771,4,1040
L24_S990008,208,0.20408163265306123,INTERFACE,2.052574648278139,0.0711543965509931,False,16.35328104242686,24,0.0711543965509931,4,1104
L24_S990008,224,0.1836734693877551,INTERFACE,2.052574648278139,0.07015073101588121,False,14.983474551463283,24,0.07015073101588121,4,1168
L24_S990008,240,0.17346938775510204,INTERFACE,2.052574648278139,0.07112504044853385,False,14.002104814910718,24,0.07112504044853385,4,1232
L24_S990008,256,0.17346938775510204,INTERFACE,2.052574648278139,0.07293970681007056,False,13.505954625613882,24,0.07293970681007056,4,1296
L24_S990008,272,0.15306122448979592,INTERFACE,2.052574648278139,0.07450359842572019,False,12.164100796645332,24,0.07450359842572019,4,1360
L24_S990008,288,0.14285714285714285,INTERFACE,2.052574648278139,0.07555320987033165,False,11.347221568639263,24,0.07555320987033165,4,1424
L24_S990008,304,0.16326530612244897,INTERFACE,2.052574648278139,0.07662995038191311,False,11.799134205316362,24,0.07662995038191311,4,1488
L24_S990008,320,0.15306122448979592,INTERFACE,2.052574648278139,0.07798848518384294,False,11.013167941736576,24,0.07798848518384294,4,1552
L24_S990008,336,0.15306122448979592,INTERFACE,2.052574648278139,0.07928837066860395,False,10.54811067902027,24,0.07928837066860395,4,1616
L24_S990008,352,0.14285714285714285,INTERFACE,2.052574648278139,0.07991103188135673,False,9.71951710382144,24,0.07991103188135673,4,1680
L24_S990008,368,0.11224489795918367,INTERFACE,2.052574648278139,0.0812524349329855,False,7.9783373944760925,24,0.0812524349329855,4,1744
L24_S990008,384,0.08163265306122448,INTERFACE,2.052574648278139,0.08281088488589405,False,6.398923216880804,24,0.08281088488589405,4,1808
L24_S990008,400,0.08163265306122448,INTERFACE,2.052574648278139,0.08297123877261647,False,6.269784425825594,24,0.08297123877261647,4,1872
L24_S990008,416,0.11224489795918367,INTERFACE,2.052574648278139,0.08425697458015091,False,7.184201187793023,24,0.08425697458015091,4,1936
L24_S990008,432,0.1326530612244898,INTERFACE,2.052574648278139,0.08545597040896413,False,7.548349573471517,24,0.08545597040896413,4,2000
L24_S990008,448,0.04081632653061224,INTERFACE,2.052574648278139,0.08676708711140901,False,3.215311727138811,24,0.08676708711140901,4,2064
L24_S990008,464,0.05102040816326531,INTERFACE,2.052574648278139,0.087455957634344,False,3.521260378175329,24,0.087455957634344,4,2128
L24_S990008,480,0.08163265306122448,INTERFACE,2.052574648278139,0.0883905898375954,False,4.619803365195158,24,0.0883905898375954,4,2192
L24_S990008,496,0.09183673469387756,INTERFACE,2.052574648278139,0.08954728095218378,False,4.568561883738537,24,0.08954728095218378,4,2256
L24_S990008,0,1.0,INTERFACE,2.052574648278139,2.052574648278139,False,76.81253973965691,24,24.764065448601606,16,272
L24_S990008,4,0.8469387755102041,INTERFACE,2.052574648278139,2.0525746482781395,False,66.27123133788729,24,17.627821204508756,16,336
L24_S990008,8,0.7244897959183674,INTERFACE,2.052574648278139,2.0525746482781395,False,56.36023241852869,24,10.973371374780452,16,400
L24_S990008,12,0.6020408163265306,INTERFACE,2.052574648278139,2.052574648278139,False,46.53291946089581,24,4.304671524066722,16,464
L24_S990008,16,0.5102040816326531,INTERFACE,2.052574648278139,0.49607759946867225,False,39.4999505928249,24,0.49607759946867225,16,528
L24_S990008,20,0.46938775510204084,INTERFACE,2.052574648278139,0.43925450436121394,False,36.70383072216732,24,0.43925450436121394,16,592
L24_S990008,24,0.42857142857142855,INTERFACE,2.052574648278139,0.39672353135559135,False,33.70835274351509,24,0.39672353135559135,16,656
L24_S990008,28,0.3877551020408163,INTERFACE,2.052574648278139,0.3635862465515496,False,30.89834415355577,24,0.3635862465515496,16,720
L24_S990008,32,0.3469387755102041,INTERFACE,2.052574648278139,0.33767166182656194,False,27.87906371782906,24,0.33767166182656194,16,784
L24_S990008,36,0.3163265306122449,INTERFACE,2.052574648278139,0.3165147364335029,False,25.884816913992648,24,0.3165147364335029,16,848
L24_S990008,40,0.2857142857142857,INTERFACE,2.052574648278139,0.30172679232046673,False,23.462817596338787,24,0.30172679232046673,16,912
L24_S990008,44,0.2755102040816326,INTERFACE,2.052574648278139,0.2917342477688176,False,22.462197147293,24,0.2917342477688176,16,976
L24_S990008,48,0.2755102040816326,INTERFACE,2.052574648278139,0.2854376359297389,False,21.777634816308566,24,0.2854376359297389,16,1040
L24_S990008,52,0.2653061224489796,INTERFACE,2.052574648278139,0.2797450641796547,False,20.544919443172788,24,0.2797450641796547,16,1104
L24_S990008,56,0.23469387755102042,INTERFACE,2.052574648278139,0.2750807863201088,False,18.666030339990893,24,0.2750807863201088,16,1168
L24_S990008,60,0.21428571428571427,INTERFACE,2.052574648278139,0.2718336544141098,False,17.052723386661313,24,0.2718336544141098,16,1232
L24_S990008,64,0.21428571428571427,INTERFACE,2.052574648278139,0.2695839348150536,False,16.52873354804293,24,0.2695839348150536,16,1296
L24_S990008,68,0.20408163265306123,INTERFACE,2.052574648278139,0.2660694238080018,False,15.722896139437196,24,0.2660694238080018,16,1360
L24_S990008,72,0.20408163265306123,INTERFACE,2.052574648278139,0.27136891433579136,False,15.21071704308575,24,0.27136891433579136,16,1424
L24_S990008,76,0.17346938775510204,INTERFACE,2.052574648278139,0.26580478765933335,False,13.756509777941815,24,0.26580478765933335,16,1488
L24_S990008,80,0.16326530612244897,INTERFACE,2.052574648278139,0.2813175889772953,False,12.733163625627483,24,0.2813175889772953,16,1552
L24_S990008,84,0.16326530612244897,INTERFACE,2.052574648278139,0.291338495202508,False,12.26199083315937,24,0.291338495202508,16,1616
L24_S990008,88,0.15306122448979592,INTERFACE,2.052574648278139,0.288920145769606,False,11.741437138766463,24,0.288920145769606,16,1680
L24_S990008,92,0.1326530612244898,INTERFACE,2.052574648278139,0.2945617947540583,False,10.40752145389024,24,0.2945617947540583,16,1744
L24_S990008,96,0.1326530612244898,INTERFACE,2.052574648278139,0.3000048424419691,False,10.070425602716245,24,0.3000048424419691,16,1808
L24_S990008,100,0.1326530612244898,INTERFACE,2.052574648278139,0.3055508729026386,False,9.710409064534145,24,0.3055508729026386,16,1872
L24_S990008,104,0.1326530612244898,INTERFACE,2.052574648278139,0.30909269808385564,False,9.14204103350314,24,0.30909269808385564,16,1936
L24_S990008,108,0.1326530612244898,INTERFACE,2.052574648278139,0.3097174322044113,False,9.299620408023248,24,0.3097174322044113,16,2000
L24_S990008,112,0.11224489795918367,INTERFACE,2.052574648278139,0.3101566251905724,False,8.257883558482657,24,0.3101566251905724,16,2064
L24_S990008,116,0.08163265306122448,INTERFACE,2.052574648278139,0.3241213354259215,False,6.367193752163704,24,0.3241213354259215,16,2128
L24_S990008,120,0.08163265306122448,INTERFACE,2.052574648278139,0.3260286122248498,False,6.104302455099833,24,0.3260286122248498,16,2192
L24_S990008,124,0.061224489795918366,INTERFACE,2.052574648278139,0.3323420845356264,False,4.784930596825093,24,0.3323420845356264,16,2256
L24_S990008,0,1.0,INTERFACE,2.052574648278139,2.052574648278139,False,76.81253973965691,24,24.764065448601606,64,272
L24_S990008,1,0.9489795918367347,INTERFACE,2.052574648278139,2.052574648278139,False,73.26960408105964,24,23.30461960325858,64,336
L24_S990008,2,0.9183673469387755,INTERFACE,2.052574648278139,2.052574648278139,False,70.36950447423013,24,22.039573224904508,64,400
L24_S990008,3,0.8673469387755102,INTERFACE,2.052574648278139,2.052574648278139,False,66.90356318739178,24,20.718590133844724,64,464
L24_S990008,4,0.8367346938775511,INTERFACE,2.052574648278139,2.052574648278139,False,64.02909003431455,24,19.527552704992395,64,528
L24_S990008,5,0.7959183673469388,INTERFACE,2.052574648278139,2.052574648278139,False,60.792181601787014,24,18.272651297829743,64,592
L24_S990008,6,0.7551020408163265,INTERFACE,2.052574648278139,2.0525746482781386,False,57.52547859932666,24,17.055595459999367,64,656
L24_S990008,7,0.7142857142857143,INTERFACE,2.052574648278139,2.0525746482781386,False,54.41725999567046,24,15.194552904071305,64,720
L24_S990008,8,0.673469387755102,INTERFACE,2.052574648278139,2.052574648278139,False,51.011338706699135,24,14.078434593671439,64,784
L24_S990008,9,0.6326530612244898,INTERFACE,2.052574648278139,2.052574648278139,False,47.80859136051269,24,13.417657614770153,64,848
L24_S990008,10,0.6020408163265306,INTERFACE,2.052574648278139,2.052574648278139,False,45.19990121199913,24,12.168943578721283,64,912
L24_S990008,11,0.5612244897959183,INTERFACE,2.052574648278139,2.0525746482781395,False,41.83559452940334,24,10.975574586268753,64,976
L24_S990008,12,0.5204081632653061,INTERFACE,2.052574648278139,2.052574648278139,False,38.5701582426083,24,9.703636749566034,64,1040
L24_S990008,13,0.46938775510204084,INTERFACE,2.052574648278139,2.052574648278139,False,34.892946161370524,24,8.37812562675129,64,1104
L24_S990008,14,0.42857142857142855,INTERFACE,2.052574648278139,2.052574648278139,False,31.483112923947093,24,7.127539924518125,64,1168
L24_S990008,15,0.3877551020408163,INTERFACE,2.052574648278139,2.052574648278139,False,28.247767609493586,24,5.826931515105144,64,1232
L24_S990008,16,0.3469387755102041,INTERFACE,2.052574648278139,2.052574648278139,False,24.82106020672978,24,4.500158397518696,64,1296
L24_S990008,17,0.29591836734693877,INTERFACE,2.052574648278139,2.052574648278139,False,21.497189536060795,24,3.3234255831457977,64,1360
L24_S990008,18,0.2653061224489796,INTERFACE,2.052574648278139,2.052574648278139,False,18.683385970599378,24,2.2843883265413707,64,1424
L24_S990008,19,0.22448979591836735,INTERFACE,2.052574648278139,1.3790997580611948,False,16.11343343349684,24,1.379099758061195,64,1488
L24_S990008,20,0.21428571428571427,INTERFACE,2.052574648278139,1.1810626761763166,False,15.071554713631182,24,1.1810626761763168,64,1552
L24_S990008,21,0.17346938775510204,INTERFACE,2.052574648278139,1.1483076407857653,False,12.99167097964679,24,1.1483076407857653,64,1616
L24_S990008,22,0.17346938775510204,INTERFACE,2.052574648278139,1.2464116687685256,False,12.29947531376942,24,1.2464116687685256,64,1680
L24_S990008,23,0.15306122448979592,INTERFACE,2.052574648278139,1.2389356937964693,False,11.081031984937942,24,1.2389356937964693,64,1744
L24_S990008,24,0.12244897959183673,INTERFACE,2.052574648278139,1.2953726731765927,False,9.17854867265132,24,1.2953726731765927,64,1808
L24_S990008,25,0.14285714285714285,INTERFACE,2.052574648278139,1.335883634646584,False,9.354747375662168,24,1.335883634646584,64,1872
L24_S990008,26,0.14285714285714285,INTERFACE,2.052574648278139,1.3204342298222844,False,9.468679139630126,24,1.3204342298222844,64,1936
L24_S990008,27,0.11224489795918367,INTERFACE,2.052574648278139,1.267470693380393,False,8.056826449327975,24,1.267470693380393,64,2000
L24_S990008,28,0.1326530612244898,INTERFACE,2.052574648278139,1.3186306980030071,False,8.387858383838072,24,1.318630698003007,64,2064
L24_S990008,29,0.10204081632653061,INTERFACE,2.052574648278139,1.3041978214974104,False,6.986296231604704,24,1.3041978214974104,64,2128
L24_S990008,30,0.09183673469387756,INTERFACE,2.052574648278139,1.3454251032587072,False,6.069592269941298,24,1.3454251032587072,64,2192
L24_S990008,31,0.10204081632653061,INTERFACE,2.052574648278139,1.3691899259160254,False,6.1053543329178535,24,1.3691899259160254,64,2256
L24_S990008,0,1.0,DISPERSED,2.052574648278139,2.052574648278139,False,76.81253973965691,24,25.311220481858477,1,272
L24_S990008,64,0.42857142857142855,DISPERSED,2.052574648278139,0.05227584022755094,False,34.0101074629058,24,0.05227584022755094,1,336
L24_S990008,128,0.22448979591836735,DISPERSED,2.052574648278139,0.060603487785086396,False,17.94206962504303,24,0.060603487785086396,1,400
L24_S990008,192,0.0,DISPERSED,2.052574648278139,0.0,True,0.0,24,0.746704591056211,1,464
L24_S990008,256,0.0,DISPERSED,2.052574648278139,0.0,True,0.0,24,8.423336734209027,1,528
L24_S990008,320,0.0,DISPERSED,2.052574648278139,0.0,True,0.0,24,14.458045523840147,1,592
L24_S990008,384,0.0,DISPERSED,2.052574648278139,0.0,True,0.0,24,17.41850553809475,1,656
L24_S990008,448,0.0,DISPERSED,2.052574648278139,0.0,True,0.0,24,20.829644507664643,1,720
L24_S990008,512,0.0,DISPERSED,2.052574648278139,0.0,True,0.0,24,22.55291920742315,1,784
L24_S990008,576,0.0,DISPERSED,2.052574648278139,0.0,True,0.0,24,22.50968941841805,1,848
L24_S990008,640,0.0,DISPERSED,2.052574648278139,0.0,True,0.0,24,22.406274601082885,1,912
L24_S990008,704,0.0,DISPERSED,2.052574648278139,0.0,True,0.0,24,23.42094197223995,1,976
L24_S990008,768,0.0,DISPERSED,2.052574648278139,0.0,True,0.0,24,24.764676878606895,1,1040
L24_S990008,832,0.0,DISPERSED,2.052574648278139,0.0,True,0.0,24,24.840293766351188,1,1104
L24_S990008,896,0.0,DISPERSED,2.052574648278139,0.0,True,0.0,24,26.20241735087282,1,1168
L24_S990008,960,0.0,DISPERSED,2.052574648278139,0.0,True,0.0,24,26.474488173002836,1,1232
L24_S990008,1024,0.0,DISPERSED,2.052574648278139,0.0,True,0.0,24,27.11463526522748,1,1296
L24_S990008,1088,0.0,DISPERSED,2.052574648278139,0.0,True,0.0,24,27.848484590440343,1,1360
L24_S990008,1152,0.0,DISPERSED,2.052574648278139,0.0,True,0.0,24,28.95663002092615,1,1424
L24_S990008,1216,0.0,DISPERSED,2.052574648278139,0.0,True,0.0,24,29.655597200931386,1,1488
L24_S990008,1280,0.0,DISPERSED,2.052574648278139,0.0,True,0.0,24,30.16026512157154,1,1552
L24_S990008,1344,0.0,DISPERSED,2.052574648278139,0.0,True,0.0,24,31.163105270064463,1,1616
L24_S990008,1408,0.0,DISPERSED,2.052574648278139,0.0,True,0.0,24,30.723448099572433,1,1680
L24_S990008,1472,0.0,DISPERSED,2.052574648278139,0.0,True,0.0,24,31.269419435641442,1,1744
L24_S990008,1536,0.0,DISPERSED,2.052574648278139,0.0,True,0.0,24,31.46512068093801,1,1808
L24_S990008,1600,0.0,DISPERSED,2.052574648278139,0.0,True,0.0,24,33.1042080767908,1,1872
L24_S990008,1664,0.0,DISPERSED,2.052574648278139,0.0,True,0.0,24,33.55322351603978,1,1936
L24_S990008,1728,0.0,DISPERSED,2.052574648278139,0.0,True,0.0,24,34.06172949673498,1,2000
L24_S990008,1792,0.0,DISPERSED,2.052574648278139,0.0,True,0.0,24,34.68590820515804,1,2064
L24_S990008,1856,0.0,DISPERSED,2.052574648278139,0.0,True,0.0,24,35.67558027103227,1,2128
L24_S990008,1920,0.0,DISPERSED,2.052574648278139,0.0,True,0.0,24,36.058441839748504,1,2192
L24_S990008,1984,0.0,DISPERSED,2.052574648278139,0.0,True,0.0,24,36.40810786888843,1,2256
L24_S990008,0,1.0,DISPERSED,2.052574648278139,2.052574648278139,False,76.81253973965691,24,25.311220481858477,4,272
L24_S990008,16,0.5102040816326531,DISPERSED,2.052574648278139,0.7702396168727629,False,39.67947267199786,24,0.7702396168727629,4,336
L24_S990008,32,0.30612244897959184,DISPERSED,2.052574648278139,0.8005844260728592,False,24.5235595881057,24,0.8005844260728592,4,400
L24_S990008,48,0.1326530612244898,DISPERSED,2.052574648278139,1.9249837085303272,False,10.450647218503304,24,1.9249837085303272,4,464
L24_S990008,64,0.0,DISPERSED,2.052574648278139,0.0,True,0.0,24,5.5156654904522675,4,528
L24_S990008,80,0.0,DISPERSED,2.052574648278139,0.0,True,0.0,24,11.428140737637195,4,592
L24_S990008,96,0.0,DISPERSED,2.052574648278139,0.0,True,0.0,24,14.999934445550743,4,656
L24_S990008,112,0.0,DISPERSED,2.052574648278139,0.0,True,0.0,24,18.01052334488126,4,720
L24_S990008,128,0.0,DISPERSED,2.052574648278139,0.0,True,0.0,24,23.314092470153135,4,784
L24_S990008,144,0.0,DISPERSED,2.052574648278139,0.0,True,0.0,24,24.53337477052471,4,848
L24_S990008,160,0.0,DISPERSED,2.052574648278139,0.0,True,0.0,24,25.054653138355263,4,912
L24_S990008,176,0.0,DISPERSED,2.052574648278139,0.0,True,0.0,24,25.910606696570632,4,976
L24_S990008,192,0.0,DISPERSED,2.052574648278139,0.0,True,0.0,24,25.722932496582636,4,1040
L24_S990008,208,0.0,DISPERSED,2.052574648278139,0.0,True,0.0,24,26.658638701086875,4,1104
L24_S990008,224,0.0,DISPERSED,2.052574648278139,0.0,True,0.0,24,26.58865819506343,4,1168
L24_S990008,240,0.0,DISPERSED,2.052574648278139,0.0,True,0.0,24,28.066024441820495,4,1232
L24_S990008,256,0.0,DISPERSED,2.052574648278139,0.0,True,0.0,24,28.63938641871094,4,1296
L24_S990008,272,0.0,DISPERSED,2.052574648278139,0.0,True,0.0,24,28.795661335549628,4,1360
L24_S990008,288,0.0,DISPERSED,2.052574648278139,0.0,True,0.0,24,29.922633297446833,4,1424
L24_S990008,304,0.0,DISPERSED,2.052574648278139,0.0,True,0.0,24,29.883224845654663,4,1488
L24_S990008,320,0.01020408163265306,DISPERSED,2.052574648278139,0.4501085628441682,False,0.4501085628441682,24,30.349582677825968,4,1552
L24_S990008,336,0.0,DISPERSED,2.052574648278139,0.0,True,0.0,24,30.05746488982289,4,1616
L24_S990008,352,0.0,DISPERSED,2.052574648278139,0.0,True,0.0,24,30.579977627961185,4,1680
L24_S990008,368,0.0,DISPERSED,2.052574648278139,0.0,True,0.0,24,31.20364713677297,4,1744
L24_S990008,384,0.0,DISPERSED,2.052574648278139,0.0,True,0.0,24,32.226340597893596,4,1808
L24_S990008,400,0.0,DISPERSED,2.052574648278139,0.0,True,0.0,24,32.64835880288665,4,1872
L24_S990008,416,0.0,DISPERSED,2.052574648278139,0.0,True,0.0,24,32.650395834552235,4,1936
L24_S990008,432,0.0,DISPERSED,2.052574648278139,0.0,True,0.0,24,33.618298189050314,4,2000
L24_S990008,448,0.01020408163265306,DISPERSED,2.052574648278139,0.4501454226002421,False,0.4501454226002421,24,33.56302664042126,4,2064
L24_S990008,464,0.0,DISPERSED,2.052574648278139,0.0,True,0.0,24,34.714872527442246,4,2128
L24_S990008,480,0.0,DISPERSED,2.052574648278139,0.0,True,0.0,24,35.68061817711445,4,2192
L24_S990008,496,0.0,DISPERSED,2.052574648278139,0.0,True,0.0,24,36.21102677679315,4,2256
L24_S990008,0,1.0,DISPERSED,2.052574648278139,2.052574648278139,False,76.81253973965691,24,25.311220481858477,16,272
L24_S990008,4,0.8469387755102041,DISPERSED,2.052574648278139,2.052574648278139,False,66.36285536139319,24,18.912113112327155,16,336
L24_S990008,8,0.7244897959183674,DISPERSED,2.052574648278139,2.052574648278139,False,56.646310933643015,24,16.134153284939547,16,400
L24_S990008,12,0.6020408163265306,DISPERSED,2.052574648278139,2.052574648278139,False,47.13979878666267,24,11.480596384234868,16,464
L24_S990008,16,0.47959183673469385,DISPERSED,2.052574648278139,2.052574648278139,False,37.70634247397067,24,10.466779158903083,16,528
L24_S990008,20,0.35714285714285715,DISPERSED,2.052574648278139,2.0525746482781395,False,28.315612086665634,24,8.117153530697568,16,592
L24_S990008,24,0.23469387755102042,DISPERSED,2.052574648278139,2.052574648278139,False,18.898687116340046,24,7.191932928257553,16,656
L24_S990008,28,0.11224489795918367,DISPERSED,2.052574648278139,2.052574648278139,False,9.141416469481083,24,8.780294739576972,16,720
L24_S990008,32,0.0,DISPERSED,2.052574648278139,0.0,True,0.0,24,7.236650064289632,16,784
L24_S990008,36,0.0,DISPERSED,2.052574648278139,0.0,True,0.0,24,13.259823370800591,16,848
L24_S990008,40,0.0,DISPERSED,2.052574648278139,0.0,True,0.0,24,16.822364306943577,16,912
L24_S990008,44,0.0,DISPERSED,2.052574648278139,0.0,True,0.0,24,19.114975015439445,16,976
L24_S990008,48,0.0,DISPERSED,2.052574648278139,0.0,True,0.0,24,21.634659577457168,16,1040
L24_S990008,52,0.0,DISPERSED,2.052574648278139,0.0,True,0.0,24,23.560993486211068,16,1104
L24_S990008,56,0.0,DISPERSED,2.052574648278139,0.0,True,0.0,24,25.63949580875248,16,1168
L24_S990008,60,0.01020408163265306,DISPERSED,2.052574648278139,0.4583882905395255,False,0.4583882905395255,24,27.00557325701759,16,1232
L24_S990008,64,0.0,DISPERSED,2.052574648278139,0.0,True,0.0,24,28.52893705420496,16,1296
L24_S990008,68,0.0,DISPERSED,2.052574648278139,0.0,True,0.0,24,28.137399133821223,16,1360
L24_S990008,72,0.04081632653061224,DISPERSED,2.052574648278139,1.8094350575646012,False,1.8094350575646012,24,26.99447666962199,16,1424
L24_S990008,76,0.0,DISPERSED,2.052574648278139,0.0,True,0.0,24,27.337401794202123,16,1488
L24_S990008,80,0.0,DISPERSED,2.052574648278139,0.0,True,0.0,24,29.505426249580385,16,1552
L24_S990008,84,0.0,DISPERSED,2.052574648278139,0.0,True,0.0,24,30.325843898242027,16,1616
L24_S990008,88,0.0,DISPERSED,2.052574648278139,0.0,True,0.0,24,30.459184466379575,16,1680
L24_S990008,92,0.0,DISPERSED,2.052574648278139,0.0,True,0.0,24,30.646867392206513,16,1744
L24_S990008,96,0.0,DISPERSED,2.052574648278139,0.0,True,0.0,24,31.29831819146127,16,1808
L24_S990008,100,0.0,DISPERSED,2.052574648278139,0.0,True,0.0,24,31.8199199921525,16,1872
L24_S990008,104,0.0,DISPERSED,2.052574648278139,0.0,True,0.0,24,32.28026474261859,16,1936
L24_S990008,108,0.0,DISPERSED,2.052574648278139,0.0,True,0.0,24,33.25279250729847,16,2000
L24_S990008,112,0.0,DISPERSED,2.052574648278139,0.0,True,0.0,24,33.09777563725936,16,2064
L24_S990008,116,0.0,DISPERSED,2.052574648278139,0.0,True,0.0,24,33.082511256473836,16,2128
L24_S990008,120,0.0,DISPERSED,2.052574648278139,0.0,True,0.0,24,33.51415662756306,16,2192
L24_S990008,124,0.0,DISPERSED,2.052574648278139,0.0,True,0.0,24,33.895986820637496,16,2256
L24_S990008,0,1.0,DISPERSED,2.052574648278139,2.052574648278139,False,76.81253973965691,24,25.311220481858477,64,272
L24_S990008,1,0.9489795918367347,DISPERSED,2.052574648278139,2.052574648278139,False,73.30277965834925,24,24.215903922625046,64,336
L24_S990008,2,0.9183673469387755,DISPERSED,2.052574648278139,2.052574648278139,False,70.45623750645017,24,23.1751129137001,64,400
L24_S990008,3,0.8673469387755102,DISPERSED,2.052574648278139,2.052574648278139,False,67.05881426117031,24,22.16162529832751,64,464
L24_S990008,4,0.8367346938775511,DISPERSED,2.052574648278139,2.052574648278139,False,64.27819631308424,24,23.323794598775667,64,528
L24_S990008,5,0.7959183673469388,DISPERSED,2.052574648278139,2.052574648278139,False,61.14419170805644,24,22.88137883478681,64,592
L24_S990008,6,0.7551020408163265,DISPERSED,2.052574648278139,2.052574648278139,False,57.9868715047425,24,22.99880286587132,64,656
L24_S990008,7,0.7142857142857143,DISPERSED,2.052574648278139,2.052574648278139,False,54.99177670846369,24,21.504430454828473,64,720
L24_S990008,8,0.673469387755102,DISPERSED,2.052574648278139,2.052574648278139,False,51.704486992783494,24,22.209878522124658,64,784
L24_S990008,9,0.6326530612244898,DISPERSED,2.052574648278139,2.052574648278139,False,48.63061741853159,24,21.31028294894799,64,848
L24_S990008,10,0.6020408163265306,DISPERSED,2.052574648278139,2.0525746482781386,False,46.160001838047826,24,22.57448183434378,64,912
L24_S990008,11,0.5612244897959183,DISPERSED,2.052574648278139,2.052574648278139,False,42.960764619342925,24,21.68843607719854,64,976
L24_S990008,12,0.5204081632653061,DISPERSED,2.052574648278139,2.052574648278139,False,39.87661849899743,24,21.37282528391821,64,1040
L24_S990008,13,0.46938775510204084,DISPERSED,2.052574648278139,2.052574648278139,False,36.37568687694719,24,20.53215291633593,64,1104
L24_S990008,14,0.42857142857142855,DISPERSED,2.052574648278139,2.052574648278139,False,33.16120177816309,24,21.34470019571465,64,1168
L24_S990008,15,0.3877551020408163,DISPERSED,2.052574648278139,2.052574648278139,False,30.106661678932117,24,21.62266360906408,64,1232
L24_S990008,16,0.3469387755102041,DISPERSED,2.052574648278139,2.0525746482781395,False,26.814959422561802,24,23.5256719105799,64,1296
L24_S990008,17,0.3163265306122449,DISPERSED,2.052574648278139,2.052574648278139,False,24.306565939741347,24,22.818384261136696,64,1360
L24_S990008,18,0.2755102040816326,DISPERSED,2.052574648278139,2.0525746482781386,False,21.012771509897636,24,22.50917655214717,64,1424
L24_S990008,19,0.24489795918367346,DISPERSED,2.052574648278139,2.052574648278139,False,18.30886926509073,24,21.697278233629625,64,1488
L24_S990008,20,0.21428571428571427,DISPERSED,2.052574648278139,2.052574648278139,False,15.656107456558518,24,22.036511926162298,64,1552
L24_S990008,21,0.1836734693877551,DISPERSED,2.052574648278139,2.052574648278139,False,13.230751118755402,24,22.10236396961186,64,1616
L24_S990008,22,0.15306122448979592,DISPERSED,2.052574648278139,2.052574648278139,False,10.78757055602484,24,22.12467736329926,64,1680
L24_S990008,23,0.12244897959183673,DISPERSED,2.052574648278139,2.052574648278139,False,8.560890926289614,24,22.275133571606585,64,1744
L24_S990008,24,0.09183673469387756,DISPERSED,2.052574648278139,2.052574648278139,False,6.064216137120913,24,23.593117771697457,64,1808
L24_S990008,25,0.07142857142857142,DISPERSED,2.052574648278139,2.0525746482781386,False,4.446838505233568,24,23.875228612605454,64,1872
L24_S990008,26,0.030612244897959183,DISPERSED,2.052574648278139,1.8629072940129672,False,1.8629072940129672,24,24.76824683256232,64,1936
L24_S990008,27,0.01020408163265306,DISPERSED,2.052574648278139,0.45071973465457066,False,0.45071973465457066,24,25.526156176515833,64,2000
L24_S990008,28,0.02040816326530612,DISPERSED,2.052574648278139,0.914145866783238,False,0.914145866783238,24,26.747554320565925,64,2064
L24_S990008,29,0.030612244897959183,DISPERSED,2.052574648278139,1.3954289867254852,False,1.3954289867254852,24,26.873482368082023,64,2128
L24_S990008,30,0.02040816326530612,DISPERSED,2.052574648278139,0.9316062402242145,False,0.9316062402242145,24,27.257361155856074,64,2192
L24_S990008,31,0.0,DISPERSED,2.052574648278139,0.0,True,0.0,24,28.470105181206574,64,2256
L32_S990100,0,1.0,INTERFACE,3.7398028157053815,3.739802815705382,False,150.27377688363995,32,38.29034775495764,1,272
L32_S990100,64,0.6542553191489362,INTERFACE,3.7398028157053815,0.050535216384732795,False,100.5189097755802,32,0.050535216384732795,1,336
L32_S990100,128,0.6063829787234043,INTERFACE,3.7398028157053815,0.04219031401642204,False,93.77012078078441,32,0.04219031401642204,1,400
L32_S990100,192,0.5797872340425532,INTERFACE,3.7398028157053815,0.03710490695763258,False,89.28748154893864,32,0.03710490695763258,1,464
L32_S990100,256,0.5425531914893617,INTERFACE,3.7398028157053815,0.03350157445697577,False,84.41033756366464,32,0.03350157445697577,1,528
L32_S990100,320,0.5159574468085106,INTERFACE,3.7398028157053815,0.030749260169139037,False,80.62076161404025,32,0.030749260169139037,1,592
L32_S990100,384,0.5,INTERFACE,3.7398028157053815,0.028547598266660534,False,77.9529004574861,32,0.028547598266660534,1,656
L32_S990100,448,0.48936170212765956,INTERFACE,3.7398028157053815,0.026727750673099404,False,75.90481825270429,32,0.026727750673099404,1,720
L32_S990100,512,0.46808510638297873,INTERFACE,3.7398028157053815,0.025187463701851875,False,72.9391662660609,32,0.025187463701851875,1,784
L32_S990100,576,0.44148936170212766,INTERFACE,3.7398028157053815,0.02386089571487915,False,69.60579231315056,32,0.02386089571487915,1,848
L32_S990100,640,0.4308510638297872,INTERFACE,3.7398028157053815,0.022701633401411403,False,67.72751352611793,32,0.022701633401411403,1,912
L32_S990100,704,0.4148936170212766,INTERFACE,3.7398028157053815,0.02167326352377441,False,65.4454399595979,32,0.02167326352377441,1,976
L32_S990100,768,0.40425531914893614,INTERFACE,3.7398028157053815,0.0207554565104775,False,63.66400409693212,32,0.0207554565104775,1,1040
L32_S990100,832,0.3882978723404255,INTERFACE,3.7398028157053815,0.01993562271728766,False,61.47401698019319,32,0.01993562271728766,1,1104
L32_S990100,896,0.3776595744680851,INTERFACE,3.7398028157053815,0.019204115552031054,False,59.775564594886106,32,0.019204115552031054,1,1168
L32_S990100,960,0.3617021276595745,INTERFACE,3.7398028157053815,0.018551425482127293,False,57.59081383345945,32,0.018551425482127293,1,1232
L32_S990100,1024,0.35638297872340424,INTERFACE,3.7398028157053815,0.017968525331489404,False,56.40720447124417,32,0.017968525331489404,1,1296
L32_S990100,1088,0.3351063829787234,INTERFACE,3.7398028157053815,0.01744694502963262,False,53.86127460922615,32,0.01744694502963262,1,1360
L32_S990100,1152,0.324468085106383,INTERFACE,3.7398028157053815,0.01696832894673994,False,52.288778495992105,32,0.01696832894673994,1,1424
L32_S990100,1216,0.324468085106383,INTERFACE,3.7398028157053815,0.016541183050037378,False,51.64772483542367,32,0.016541183050037378,1,1488
L32_S990100,1280,0.30851063829787234,INTERFACE,3.7398028157053815,0.016168715452896443,False,49.61851535052103,32,0.016168715452896443,1,1552
L32_S990100,1344,0.30319148936170215,INTERFACE,3.7398028157053815,0.015846245900892342,False,48.550335142566894,32,0.015846245900892342,1,1616
L32_S990100,1408,0.2925531914893617,INTERFACE,3.7398028157053815,0.015568433995826303,False,47.03174198528175,32,0.015568433995826303,1,1680
L32_S990100,1472,0.2872340425531915,INTERFACE,3.7398028157053815,0.015327775338278005,False,45.966126136385526,32,0.015327775338278005,1,1744
L32_S990100,1536,0.2872340425531915,INTERFACE,3.7398028157053815,0.015118011505591222,False,45.361887636647694,32,0.015118011505591222,1,1808
L32_S990100,1600,0.2712765957446808,INTERFACE,3.7398028157053815,0.014934227121188193,False,43.45258584501014,32,0.014934227121188193,1,1872
L32_S990100,1664,0.26595744680851063,INTERFACE,3.7398028157053815,0.014771635778142778,False,42.431416128166006,32,0.014771635778142778,1,1936
L32_S990100,1728,0.26063829787234044,INTERFACE,3.7398028157053815,0.014626861265067737,False,41.440570983348756,32,0.014626861265067737,1,2000
L32_S990100,1792,0.2553191489361702,INTERFACE,3.7398028157053815,0.014497414742362436,False,40.4360136359012,32,0.014497414742362436,1,2064
L32_S990100,1856,0.2553191489361702,INTERFACE,3.7398028157053815,0.014380765413491647,False,39.9271566959183,32,0.014380765413491647,1,2128
L32_S990100,1920,0.25,INTERFACE,3.7398028157053815,0.014274336741288307,False,38.943191282726715,32,0.014274336741288307,1,2192
L32_S990100,1984,0.23404255319148937,INTERFACE,3.7398028157053815,0.014175536191694205,False,37.09519037845313,32,0.014175536191694205,1,2256
L32_S990100,0,1.0,INTERFACE,3.7398028157053815,3.739802815705382,False,150.27377688363995,32,38.29034775495764,4,272
L32_S990100,16,0.675531914893617,INTERFACE,3.7398028157053815,0.21014983375077434,False,103.68086738656652,32,0.21014983375077434,4,336
L32_S990100,32,0.6329787234042553,INTERFACE,3.7398028157053815,0.17296411879526397,False,97.46048155786326,32,0.17296411879526397,4,400
L32_S990100,48,0.5957446808510638,INTERFACE,3.7398028157053815,0.15117734295360408,False,91.85275048979429,32,0.15117734295360408,4,464
L32_S990100,64,0.5638297872340425,INTERFACE,3.7398028157053815,0.13600258032960233,False,87.40110334598921,32,0.13600258032960233,4,528
L32_S990100,80,0.5319148936170213,INTERFACE,3.7398028157053815,0.12452548091750804,False,83.08239153253464,32,0.12452548091750804,4,592
L32_S990100,96,0.5212765957446809,INTERFACE,3.7398028157053815,0.11541354148691407,False,80.68232055309097,32,0.11541354148691407,4,656
L32_S990100,112,0.5,INTERFACE,3.7398028157053815,0.10792864889162501,False,77.69823712611156,32,0.10792864889162501,4,720
L32_S990100,128,0.4787234042553192,INTERFACE,3.7398028157053815,0.1016199232517736,False,74.81498617572291,32,0.1016199232517736,4,784
L32_S990100,144,0.46808510638297873,INTERFACE,3.7398028157053815,0.09620107644648701,False,72.94780429485017,32,0.09620107644648701,4,848
L32_S990100,160,0.44680851063829785,INTERFACE,3.7398028157053815,0.09147998197671425,False,70.18723716399118,32,0.09147998197671425,4,912
L32_S990100,176,0.4308510638297872,INTERFACE,3.7398028157053815,0.08731984340968069,False,67.97591926752422,32,0.08731984340968069,4,976
L32_S990100,192,0.4148936170212766,INTERFACE,3.7398028157053815,0.0836018546518662,False,65.54887235475076,32,0.0836018546518662,4,1040
L32_S990100,208,0.40425531914893614,INTERFACE,3.7398028157053815,0.08025943079466857,False,63.89694879977595,32,0.08025943079466857,4,1104
L32_S990100,224,0.39893617021276595,INTERFACE,3.7398028157053815,0.07725648736523139,False,62.67470238860476,32,0.07725648736523139,4,1168
L32_S990100,240,0.3882978723404255,INTERFACE,3.7398028157053815,0.0745653004764375,False,60.970605412406705,32,0.0745653004764375,4,1232
L32_S990100,256,0.3670212765957447,INTERFACE,3.7398028157053815,0.07215880079206338,False,58.43718677799454,32,0.07215880079206338,4,1296
L32_S990100,272,0.3670212765957447,INTERFACE,3.7398028157053815,0.07000346424737258,False,57.714427916660156,32,0.07000346424737258,4,1360
L32_S990100,288,0.35106382978723405,INTERFACE,3.7398028157053815,0.06807151307320247,False,55.694892978639224,32,0.06807151307320247,4,1424
L32_S990100,304,0.32978723404255317,INTERFACE,3.7398028157053815,0.06633136427993536,False,53.26004481193419,32,0.06633136427993536,4,1488
L32_S990100,320,0.3191489361702128,INTERFACE,3.7398028157053815,0.0647181049765374,False,51.64053661447254,32,0.0647181049765374,4,1552
L32_S990100,336,0.32978723404255317,INTERFACE,3.7398028157053815,0.06328614392286214,False,52.025930348676326,32,0.06328614392286214,4,1616
L32_S990100,352,0.30319148936170215,INTERFACE,3.7398028157053815,0.062033555425636155,False,48.98525312264212,32,0.062033555425636155,4,1680
L32_S990100,368,0.2978723404255319,INTERFACE,3.7398028157053815,0.06095586272709874,False,48.015436853201734,32,0.06095586272709874,4,1744
L32_S990100,384,0.2925531914893617,INTERFACE,3.7398028157053815,0.06003266683744768,False,47.04097456547438,32,0.06003266683744768,4,1808
L32_S990100,400,0.2872340425531915,INTERFACE,3.7398028157053815,0.05921928266277521,False,45.869333195475086,32,0.05921928266277521,4,1872
L32_S990100,416,0.2872340425531915,INTERFACE,3.7398028157053815,0.05851772861495519,False,45.34747177747342,32,0.05851772861495519,4,1936
L32_S990100,432,0.2872340425531915,INTERFACE,3.7398028157053815,0.057902662360605595,False,44.82427272674474,32,0.057902662360605595,4,2000
L32_S990100,448,0.2712765957446808,INTERFACE,3.7398028157053815,0.057351385955704326,False,42.98610889792604,32,0.057351385955704326,4,2064
L32_S990100,464,0.26595744680851063,INTERFACE,3.7398028157053815,0.05686405237045744,False,42.08040123082719,32,0.05686405237045744,4,2128
L32_S990100,480,0.26063829787234044,INTERFACE,3.7398028157053815,0.056425816628806635,False,41.10443025162497,32,0.056425816628806635,4,2192
L32_S990100,496,0.2553191489361702,INTERFACE,3.7398028157053815,0.05602487513300469,False,40.060293424610485,32,0.05602487513300469,4,2256
L32_S990100,0,1.0,INTERFACE,3.7398028157053815,3.739802815705382,False,150.27377688363995,32,38.29034775495764,16,272
L32_S990100,4,0.8670212765957447,INTERFACE,3.7398028157053815,3.739802815705381,False,131.40507163309343,32,24.94266103987873,16,336
L32_S990100,8,0.7446808510638298,INTERFACE,3.7398028157053815,3.739802815705381,False,113.5084913571385,32,12.149651997643348,16,400
L32_S990100,12,0.6329787234042553,INTERFACE,3.7398028157053815,0.6796878914056184,False,97.0021867069574,32,0.6796878914056184,16,464
L32_S990100,16,0.6117021276595744,INTERFACE,3.7398028157053815,0.5934277574535979,False,93.55937537843856,32,0.5934277574535979,16,528
L32_S990100,20,0.5904255319148937,INTERFACE,3.7398028157053815,0.534192339942858,False,90.12965525134159,32,0.534192339942858,16,592
L32_S990100,24,0.5691489361702128,INTERFACE,3.7398028157053815,0.4894698143017352,False,87.08543944896749,32,0.4894698143017352,16,656
L32_S990100,28,0.5478723404255319,INTERFACE,3.7398028157053815,0.4539777436234552,False,84.26872188465263,32,0.4539777436234552,16,720
L32_S990100,32,0.526595744680851,INTERFACE,3.7398028157053815,0.42487856863531204,False,81.41637050402116,32,0.42487856863531204,16,784
L32_S990100,36,0.5053191489361702,INTERFACE,3.7398028157053815,0.40042258667953456,False,78.32475823956776,32,0.40042258667953456,16,848
L32_S990100,40,0.48404255319148937,INTERFACE,3.7398028157053815,0.37942774817798686,False,75.17729955366335,32,0.37942774817798686,16,912
L32_S990100,44,0.46808510638297873,INTERFACE,3.7398028157053815,0.3611057767619099,False,72.61810816492766,32,0.3611057767619099,16,976
L32_S990100,48,0.44148936170212766,INTERFACE,3.7398028157053815,0.344925314375508,False,69.56286245287588,32,0.344925314375508,16,1040
L32_S990100,52,0.425531914893617,INTERFACE,3.7398028157053815,0.3304905453225949,False,67.34629325476877,32,0.3304905453225949,16,1104
L32_S990100,56,0.425531914893617,INTERFACE,3.7398028157053815,0.31744319449701497,False,66.8435318979965,32,0.31744319449701497,16,1168
L32_S990100,60,0.40425531914893614,INTERFACE,3.7398028157053815,0.3056805760154746,False,64.05182055949814,32,0.3056805760154746,16,1232
L32_S990100,64,0.39893617021276595,INTERFACE,3.7398028157053815,0.29503176980057544,False,62.83907761555569,32,0.29503176980057544,16,1296
L32_S990100,68,0.39361702127659576,INTERFACE,3.7398028157053815,0.2853885004514243,False,61.380343918235816,32,0.2853885004514243,16,1360
L32_S990100,72,0.3829787234042553,INTERFACE,3.7398028157053815,0.27670766911001077,False,60.257539080826895,32,0.27670766911001077,16,1424
L32_S990100,76,0.3670212765957447,INTERFACE,3.7398028157053815,0.2689316110850333,False,57.93126475915646,32,0.2689316110850333,16,1488
L32_S990100,80,0.3617021276595745,INTERFACE,3.7398028157053815,0.26195066641705766,False,57.0049327368337,32,0.26195066641705766,16,1552
L32_S990100,84,0.35106382978723405,INTERFACE,3.7398028157053815,0.2556872236204756,False,55.580655988143945,32,0.2556872236204756,16,1616
L32_S990100,88,0.32978723404255317,INTERFACE,3.7398028157053815,0.25001418872226044,False,52.9999705165795,32,0.25001418872226044,16,1680
L32_S990100,92,0.324468085106383,INTERFACE,3.7398028157053815,0.24460435238553824,False,51.59043791725353,32,0.24460435238553824,16,1744
L32_S990100,96,0.324468085106383,INTERFACE,3.7398028157053815,0.23999865239464535,False,51.299149352275705,32,0.23999865239464535,16,1808
L32_S990100,100,0.3191489361702128,INTERFACE,3.7398028157053815,0.2361819202209392,False,50.597044082595495,32,0.2361819202209392,16,1872
L32_S990100,104,0.30319148936170215,INTERFACE,3.7398028157053815,0.23251764325051216,False,48.52491201639942,32,0.23251764325051216,16,1936
L32_S990100,108,0.2978723404255319,INTERFACE,3.7398028157053815,0.22937973363808573,False,47.3444957666342,32,0.22937973363808573,16,2000
L32_S990100,112,0.30319148936170215,INTERFACE,3.7398028157053815,0.22676462052578894,False,47.29681819542943,32,0.22676462052578894,16,2064
L32_S990100,116,0.30319148936170215,INTERFACE,3.7398028157053815,0.22431313034664835,False,46.8640241940171,32,0.22431313034664835,16,2128
L32_S990100,120,0.2765957446808511,INTERFACE,3.7398028157053815,0.22232454008252311,False,44.10074943338317,32,0.22232454008252311,16,2192
L32_S990100,124,0.28191489361702127,INTERFACE,3.7398028157053815,0.22055568747844767,False,44.03913763998863,32,0.22055568747844767,16,2256
L32_S990100,0,1.0,INTERFACE,3.7398028157053815,3.739802815705382,False,150.27377688363995,32,38.29034775495764,64,272
L32_S990100,1,0.9627659574468085,INTERFACE,3.7398028157053815,3.7398028157053824,False,144.20477181391107,32,35.48889253524226,64,336
L32_S990100,2,0.9095744680851063,INTERFACE,3.7398028157053815,3.7398028157053815,False,137.22726581725945,32,32.87403308632444,64,400
L32_S990100,3,0.8776595744680851,INTERFACE,3.7398028157053815,3.739802815705382,False,131.71174973474976,32,30.414266250222056,64,464
L32_S990100,4,0.8351063829787234,INTERFACE,3.7398028157053815,3.7398028157053815,False,126.02135968065184,32,27.922609053933133,64,528
L32_S990100,5,0.8031914893617021,INTERFACE,3.7398028157053815,3.7398028157053815,False,120.65876461625709,32,25.308134711421978,64,592
L32_S990100,6,0.7712765957446809,INTERFACE,3.7398028157053815,3.7398028157053815,False,115.59793229083712,32,22.840751112669533,64,656
L32_S990100,7,0.7287234042553191,INTERFACE,3.7398028157053815,3.7398028157053815,False,109.84054218447669,32,20.3235754436073,64,720
L32_S990100,8,0.6968085106382979,INTERFACE,3.7398028157053815,3.739802815705381,False,104.08505886564716,32,17.777223899766966,64,784
L32_S990100,9,0.6542553191489362,INTERFACE,3.7398028157053815,3.7398028157053815,False,98.48060895779096,32,15.223958816021188,64,848
L32_S990100,10,0.6223404255319149,INTERFACE,3.7398028157053815,3.7398028157053815,False,93.01952179105807,32,12.660445048834697,64,912
L32_S990100,11,0.5904255319148937,INTERFACE,3.7398028157053815,3.7398028157053815,False,87.92813309071148,32,10.100705552471043,64,976
L32_S990100,12,0.5585106382978723,INTERFACE,3.7398028157053815,3.7398028157053815,False,82.78294301605082,32,7.519752816229612,64,1040
L32_S990100,13,0.5212765957446809,INTERFACE,3.7398028157053815,3.7398028157053815,False,77.37555556712327,32,4.918003936130065,64,1104
L32_S990100,14,0.48404255319148937,INTERFACE,3.7398028157053815,2.6737782712875147,False,71.75010183318862,32,2.673778271287515,64,1168
L32_S990100,15,0.4574468085106383,INTERFACE,3.7398028157053815,1.6029183883245768,False,68.43482103989835,32,1.602918388324577,64,1232
L32_S990100,16,0.43617021276595747,INTERFACE,3.7398028157053815,1.49352489932968,False,66.01290013441265,32,1.49352489932968,64,1296
L32_S990100,17,0.425531914893617,INTERFACE,3.7398028157053815,1.406004792353893,False,63.99754365580785,32,1.406004792353893,64,1360
L32_S990100,18,0.4095744680851064,INTERFACE,3.7398028157053815,1.3322117913823524,False,61.926525890742,32,1.3322117913823524,64,1424
L32_S990100,19,0.39893617021276595,INTERFACE,3.7398028157053815,1.268647897369993,False,60.09679900172324,32,1.268647897369993,64,1488
L32_S990100,20,0.3882978723404255,INTERFACE,3.7398028157053815,1.2134857218335056,False,58.583197772992406,32,1.2134857218335056,64,1552
L32_S990100,21,0.3723404255319149,INTERFACE,3.7398028157053815,1.1654960341342526,False,56.53806739674317,32,1.1654960341342526,64,1616
L32_S990100,22,0.35638297872340424,INTERFACE,3.7398028157053815,1.12362124301076,False,54.40068810344265,32,1.12362124301076,64,1680
L32_S990100,23,0.3404255319148936,INTERFACE,3.7398028157053815,1.0869909398403874,False,52.31349632626285,32,1.0869909398403874,64,1744
L32_S990100,24,0.32978723404255317,INTERFACE,3.7398028157053815,1.0535981063475148,False,50.94188388078637,32,1.0535981063475148,64,1808
L32_S990100,25,0.31382978723404253,INTERFACE,3.7398028157053815,1.0239459623458456,False,48.89189821529582,32,1.0239459623458456,64,1872
L32_S990100,26,0.31382978723404253,INTERFACE,3.7398028157053815,0.998370133437318,False,48.091400662433514,32,0.9983701334373181,64,1936
L32_S990100,27,0.30319148936170215,INTERFACE,3.7398028157053815,0.9778120230552362,False,46.84585993758247,32,0.9778120230552362,64,2000
L32_S990100,28,0.2978723404255319,INTERFACE,3.7398028157053815,0.9604121537624808,False,45.6894341949637,32,0.9604121537624809,64,2064
L32_S990100,29,0.2978723404255319,INTERFACE,3.7398028157053815,0.9452816177795744,False,45.414972450907555,32,0.9452816177795744,64,2128
L32_S990100,30,0.28191489361702127,INTERFACE,3.7398028157053815,0.9325965518185392,False,43.586354680679314,32,0.9325965518185392,64,2192
L32_S990100,31,0.2765957446808511,INTERFACE,3.7398028157053815,0.9217998754937106,False,42.41870923220723,32,0.9217998754937106,64,2256
L32_S990100,0,1.0,DISPERSED,3.7398028157053815,3.739802815705382,False,150.27377688363995,32,38.290347754957644,1,272
L32_S990100,64,0.5851063829787234,DISPERSED,3.7398028157053815,0.06641886244810169,False,90.40540841597831,32,0.06641886244810169,1,336
L32_S990100,128,0.44148936170212766,DISPERSED,3.7398028157053815,0.07798813933801219,False,69.13954150177125,32,0.07798813933801219,1,400
L32_S990100,192,0.28191489361702127,DISPERSED,3.7398028157053815,0.09120397425805793,False,44.62175092307411,32,0.09120397425805793,1,464
L32_S990100,256,0.1702127659574468,DISPERSED,3.7398028157053815,0.0862498791587295,False,27.516663439663894,32,0.0862498791587295,1,528
L32_S990100,320,0.015957446808510637,DISPERSED,3.7398028157053815,0.11499705387848669,False,2.5598370980913954,32,0.11499705387848669,1,592
L32_S990100,384,0.0,DISPERSED,3.7398028157053815,0.0,True,0.0,32,9.958488875517181,1,656
L32_S990100,448,0.0,DISPERSED,3.7398028157053815,0.0,True,0.0,32,17.37306593500095,1,720
L32_S990100,512,0.0,DISPERSED,3.7398028157053815,0.0,True,0.0,32,24.15299234908284,1,784
L32_S990100,576,0.0,DISPERSED,3.7398028157053815,0.0,True,0.0,32,30.684777051003696,1,848
L32_S990100,640,0.0,DISPERSED,3.7398028157053815,0.0,True,0.0,32,35.44348717501515,1,912
L32_S990100,704,0.005319148936170213,DISPERSED,3.7398028157053815,0.4501283584763957,False,0.4501283584763957,32,37.95693284457252,1,976
L32_S990100,768,0.0,DISPERSED,3.7398028157053815,0.0,True,0.0,32,38.35684328486718,1,1040
L32_S990100,832,0.0,DISPERSED,3.7398028157053815,0.0,True,0.0,32,39.853650468681884,1,1104
L32_S990100,896,0.0,DISPERSED,3.7398028157053815,0.0,True,0.0,32,40.58025215445587,1,1168
L32_S990100,960,0.0,DISPERSED,3.7398028157053815,0.0,True,0.0,32,42.6905336221966,1,1232
L32_S990100,1024,0.0,DISPERSED,3.7398028157053815,0.0,True,0.0,32,44.50764283999011,1,1296
L32_S990100,1088,0.0,DISPERSED,3.7398028157053815,0.0,True,0.0,32,46.25772664102079,1,1360
L32_S990100,1152,0.0,DISPERSED,3.7398028157053815,0.0,True,0.0,32,48.04314226759992,1,1424
L32_S990100,1216,0.0,DISPERSED,3.7398028157053815,0.0,True,0.0,32,49.21021835255983,1,1488
L32_S990100,1280,0.0,DISPERSED,3.7398028157053815,0.0,True,0.0,32,50.746134259672935,1,1552
L32_S990100,1344,0.0,DISPERSED,3.7398028157053815,0.0,True,0.0,32,50.338076165841656,1,1616
L32_S990100,1408,0.0,DISPERSED,3.7398028157053815,0.0,True,0.0,32,52.05639389478247,1,1680
L32_S990100,1472,0.0,DISPERSED,3.7398028157053815,0.0,True,0.0,32,52.98858376735109,1,1744
L32_S990100,1536,0.0,DISPERSED,3.7398028157053815,0.0,True,0.0,32,54.12178242143768,1,1808
L32_S990100,1600,0.0,DISPERSED,3.7398028157053815,0.0,True,0.0,32,55.00666195260386,1,1872
L32_S990100,1664,0.0,DISPERSED,3.7398028157053815,0.0,True,0.0,32,55.03510611547808,1,1936
L32_S990100,1728,0.0,DISPERSED,3.7398028157053815,0.0,True,0.0,32,55.86693338872563,1,2000
L32_S990100,1792,0.0,DISPERSED,3.7398028157053815,0.0,True,0.0,32,56.588837233105004,1,2064
L32_S990100,1856,0.0,DISPERSED,3.7398028157053815,0.0,True,0.0,32,56.863152389880405,1,2128
L32_S990100,1920,0.0,DISPERSED,3.7398028157053815,0.0,True,0.0,32,57.137485539081574,1,2192
L32_S990100,1984,0.0,DISPERSED,3.7398028157053815,0.0,True,0.0,32,57.51477180728103,1,2256
L32_S990100,0,1.0,DISPERSED,3.7398028157053815,3.739802815705382,False,150.27377688363995,32,38.290347754957644,4,272
L32_S990100,16,0.6276595744680851,DISPERSED,3.7398028157053815,0.8161005684843647,False,96.73576619799444,32,0.8161005684843647,4,336
L32_S990100,32,0.5,DISPERSED,3.7398028157053815,0.860612248699744,False,77.49501994186346,32,0.860612248699744,4,400
L32_S990100,48,0.3617021276595745,DISPERSED,3.7398028157053815,0.3530572556426441,False,56.43649548559743,32,0.3530572556426441,4,464
L32_S990100,64,0.2553191489361702,DISPERSED,3.7398028157053815,0.3573575004459879,False,40.70949246321904,32,0.3573575004459879,4,528
L32_S990100,80,0.12234042553191489,DISPERSED,3.7398028157053815,0.907294204091219,False,20.324689658679983,32,0.907294204091219,4,592
L32_S990100,96,0.010638297872340425,DISPERSED,3.7398028157053815,0.4437696548465181,False,1.4467247927244593,32,0.4437696548465181,4,656
L32_S990100,112,0.0,DISPERSED,3.7398028157053815,0.0,True,0.0,32,10.545054543479385,4,720
L32_S990100,128,0.0,DISPERSED,3.7398028157053815,0.0,True,0.0,32,18.223972597699756,4,784
L32_S990100,144,0.0,DISPERSED,3.7398028157053815,0.0,True,0.0,32,26.10260348365771,4,848
L32_S990100,160,0.0,DISPERSED,3.7398028157053815,0.0,True,0.0,32,31.7307909531825,4,912
L32_S990100,176,0.0,DISPERSED,3.7398028157053815,0.0,True,0.0,32,35.547590548277704,4,976
L32_S990100,192,0.0,DISPERSED,3.7398028157053815,0.0,True,0.0,32,38.16307093695729,4,1040
L32_S990100,208,0.0,DISPERSED,3.7398028157053815,0.0,True,0.0,32,42.5623928804025,4,1104
L32_S990100,224,0.0,DISPERSED,3.7398028157053815,0.0,True,0.0,32,45.00105346968899,4,1168
L32_S990100,240,0.0,DISPERSED,3.7398028157053815,0.0,True,0.0,32,46.36631280783315,4,1232
L32_S990100,256,0.0,DISPERSED,3.7398028157053815,0.0,True,0.0,32,47.85297930810802,4,1296
L32_S990100,272,0.0,DISPERSED,3.7398028157053815,0.0,True,0.0,32,50.113226846883,4,1360
L32_S990100,288,0.0,DISPERSED,3.7398028157053815,0.0,True,0.0,32,50.68006037886184,4,1424
L32_S990100,304,0.0,DISPERSED,3.7398028157053815,0.0,True,0.0,32,51.72695265928403,4,1488
L32_S990100,320,0.0,DISPERSED,3.7398028157053815,0.0,True,0.0,32,51.48831096162481,4,1552
L32_S990100,336,0.0,DISPERSED,3.7398028157053815,0.0,True,0.0,32,52.52075298571742,4,1616
L32_S990100,352,0.005319148936170213,DISPERSED,3.7398028157053815,0.450225574075446,False,0.450225574075446,32,53.413469559199676,4,1680
L32_S990100,368,0.0,DISPERSED,3.7398028157053815,0.0,True,0.0,32,53.47265334558528,4,1744
L32_S990100,384,0.0,DISPERSED,3.7398028157053815,0.0,True,0.0,32,53.99626584074312,4,1808
L32_S990100,400,0.0,DISPERSED,3.7398028157053815,0.0,True,0.0,32,54.88152035921933,4,1872
L32_S990100,416,0.0,DISPERSED,3.7398028157053815,0.0,True,0.0,32,56.203760504894134,4,1936
L32_S990100,432,0.0,DISPERSED,3.7398028157053815,0.0,True,0.0,32,56.12374663385232,4,2000
L32_S990100,448,0.0,DISPERSED,3.7398028157053815,0.0,True,0.0,32,58.043434355302935,4,2064
L32_S990100,464,0.0,DISPERSED,3.7398028157053815,0.0,True,0.0,32,58.9311067975926,4,2128
L32_S990100,480,0.0,DISPERSED,3.7398028157053815,0.0,True,0.0,32,59.676247086692115,4,2192
L32_S990100,496,0.0,DISPERSED,3.7398028157053815,0.0,True,0.0,32,60.33541203841371,4,2256
L32_S990100,0,1.0,DISPERSED,3.7398028157053815,3.739802815705382,False,150.27377688363995,32,38.290347754957644,16,272
L32_S990100,4,0.8670212765957447,DISPERSED,3.7398028157053815,3.739802815705382,False,131.54372917760764,32,27.647653609144065,16,336
L32_S990100,8,0.7446808510638298,DISPERSED,3.7398028157053815,3.7398028157053815,False,113.98099496444945,32,17.77958735047283,16,400
L32_S990100,12,0.6276595744680851,DISPERSED,3.7398028157053815,3.7398028157053815,False,96.48250822498309,32,12.04467260799048,16,464
L32_S990100,16,0.5106382978723404,DISPERSED,3.7398028157053815,3.7398028157053815,False,78.77661034245499,32,7.741529441084324,16,528
L32_S990100,20,0.39893617021276595,DISPERSED,3.7398028157053815,3.7398028157053815,False,61.94695627919811,32,7.172621266260528,16,592
L32_S990100,24,0.28191489361702127,DISPERSED,3.7398028157053815,2.8873151238223427,False,44.90293557876078,32,2.8873151238223427,16,656
L32_S990100,28,0.18617021276595744,DISPERSED,3.7398028157053815,3.7398028157053815,False,29.92730455567367,32,4.506647604347687,16,720
L32_S990100,32,0.09574468085106383,DISPERSED,3.7398028157053815,3.7398028157053815,False,14.429789162563592,32,4.37464847215444,16,784
L32_S990100,36,0.0,DISPERSED,3.7398028157053815,0.0,True,0.0,32,8.294066594102103,16,848
L32_S990100,40,0.005319148936170213,DISPERSED,3.7398028157053815,0.46468359707909185,False,0.46468359707909185,32,16.978840811426732,16,912
L32_S990100,44,0.0,DISPERSED,3.7398028157053815,0.0,True,0.0,32,23.824868356904688,16,976
L32_S990100,48,0.0,DISPERSED,3.7398028157053815,0.0,True,0.0,32,29.058291631565766,16,1040
L32_S990100,52,0.0,DISPERSED,3.7398028157053815,0.0,True,0.0,32,32.43526089963239,16,1104
L32_S990100,56,0.0,DISPERSED,3.7398028157053815,0.0,True,0.0,32,34.26859824687015,16,1168
L32_S990100,60,0.0,DISPERSED,3.7398028157053815,0.0,True,0.0,32,36.497018882726955,16,1232
L32_S990100,64,0.0,DISPERSED,3.7398028157053815,0.0,True,0.0,32,37.2841056088742,16,1296
L32_S990100,68,0.0,DISPERSED,3.7398028157053815,0.0,True,0.0,32,40.31751665513831,16,1360
L32_S990100,72,0.0,DISPERSED,3.7398028157053815,0.0,True,0.0,32,43.85786196598672,16,1424
L32_S990100,76,0.0,DISPERSED,3.7398028157053815,0.0,True,0.0,32,46.25345859778308,16,1488
L32_S990100,80,0.005319148936170213,DISPERSED,3.7398028157053815,0.4510200598312452,False,0.4510200598312452,32,47.508479712815145,16,1552
L32_S990100,84,0.0,DISPERSED,3.7398028157053815,0.0,True,0.0,32,48.15310949312734,16,1616
L32_S990100,88,0.0,DISPERSED,3.7398028157053815,0.0,True,0.0,32,50.458830922618525,16,1680
L32_S990100,92,0.0,DISPERSED,3.7398028157053815,0.0,True,0.0,32,52.571388234657555,16,1744
L32_S990100,96,0.0,DISPERSED,3.7398028157053815,0.0,True,0.0,32,52.22423316667191,16,1808
L32_S990100,100,0.005319148936170213,DISPERSED,3.7398028157053815,0.4502215887258808,False,0.4502215887258808,32,53.794895149716204,16,1872
L32_S990100,104,0.0,DISPERSED,3.7398028157053815,0.0,True,0.0,32,54.429066305273786,16,1936
L32_S990100,108,0.0,DISPERSED,3.7398028157053815,0.0,True,0.0,32,55.89496158640672,16,2000
L32_S990100,112,0.0,DISPERSED,3.7398028157053815,0.0,True,0.0,32,56.673785156634914,16,2064
L32_S990100,116,0.0,DISPERSED,3.7398028157053815,0.0,True,0.0,32,56.61088780020031,16,2128
L32_S990100,120,0.0,DISPERSED,3.7398028157053815,0.0,True,0.0,32,58.51008267323213,16,2192
L32_S990100,124,0.0,DISPERSED,3.7398028157053815,0.0,True,0.0,32,59.41736993120054,16,2256
L32_S990100,0,1.0,DISPERSED,3.7398028157053815,3.739802815705382,False,150.27377688363995,32,38.290347754957644,64,272
L32_S990100,1,0.9627659574468085,DISPERSED,3.7398028157053815,3.739802815705382,False,144.2465739454401,32,37.30068029085742,64,336
L32_S990100,2,0.9095744680851063,DISPERSED,3.7398028157053815,3.7398028157053815,False,137.36501268396447,32,35.32373967828523,64,400
L32_S990100,3,0.8776595744680851,DISPERSED,3.7398028157053815,3.739802815705382,False,131.97365963528316,32,32.87655768358015,64,464
L32_S990100,4,0.8351063829787234,DISPERSED,3.7398028157053815,3.7398028157053815,False,126.4235075415649,32,32.08383689586999,64,528
L32_S990100,5,0.8031914893617021,DISPERSED,3.7398028157053815,3.739802815705381,False,121.21840709470166,32,29.721264448056555,64,592
L32_S990100,6,0.7712765957446809,DISPERSED,3.7398028157053815,3.739802815705382,False,116.32833211646555,32,28.5161972262209,64,656
L32_S990100,7,0.7287234042553191,DISPERSED,3.7398028157053815,3.7398028157053815,False,110.72902854763092,32,30.645780942488383,64,720
L32_S990100,8,0.6968085106382979,DISPERSED,3.7398028157053815,3.739802815705381,False,105.16110845746144,32,30.023799211385555,64,784
L32_S990100,9,0.6542553191489362,DISPERSED,3.7398028157053815,3.7398028157053815,False,99.74816202726721,32,28.957264839541107,64,848
L32_S990100,10,0.6276595744680851,DISPERSED,3.7398028157053815,3.739802815705381,False,94.92265869840843,32,28.572432641647783,64,912
L32_S990100,11,0.5904255319148937,DISPERSED,3.7398028157053815,3.7398028157053815,False,89.58038887604562,32,28.57157726582089,64,976
L32_S990100,12,0.5585106382978723,DISPERSED,3.7398028157053815,3.7398028157053815,False,84.65548125297839,32,27.64375207472999,64,1040
L32_S990100,13,0.5212765957446809,DISPERSED,3.7398028157053815,3.7398028157053815,False,79.44646366232081,32,27.204000158986293,64,1104
L32_S990100,14,0.48404255319148937,DISPERSED,3.7398028157053815,3.7398028157053815,False,73.65930000506307,32,25.745598904786497,64,1168
L32_S990100,15,0.44148936170212766,DISPERSED,3.7398028157053815,3.7398028157053815,False,68.28617548855215,32,26.563063115687637,64,1232
L32_S990100,16,0.4148936170212766,DISPERSED,3.7398028157053815,3.7398028157053806,False,63.23783350685635,32,25.666983978040353,64,1296
L32_S990100,17,0.3829787234042553,DISPERSED,3.7398028157053815,3.7398028157053815,False,58.61507248779664,32,24.82841185698173,64,1360
L32_S990100,18,0.34574468085106386,DISPERSED,3.7398028157053815,3.7398028157053815,False,53.38887890703298,32,27.42262814938301,64,1424
L32_S990100,19,0.30851063829787234,DISPERSED,3.7398028157053815,3.739802815705382,False,47.895205457108915,32,27.87032594212928,64,1488
L32_S990100,20,0.2765957446808511,DISPERSED,3.7398028157053815,3.7398028157053815,False,42.724519532297165,32,26.521942165122795,64,1552
L32_S990100,21,0.25,DISPERSED,3.7398028157053815,3.739802815705382,False,38.32061920569081,32,24.670820548352033,64,1616
L32_S990100,22,0.21808510638297873,DISPERSED,3.7398028157053815,3.739802815705382,False,33.35248853278463,32,28.325234891167614,64,1680
L32_S990100,23,0.18085106382978725,DISPERSED,3.7398028157053815,3.739802815705381,False,27.902101404798643,32,28.247727168045444,64,1744
L32_S990100,24,0.15425531914893617,DISPERSED,3.7398028157053815,3.7398028157053815,False,22.734313944762704,32,27.58266915307422,64,1808
L32_S990100,25,0.11702127659574468,DISPERSED,3.7398028157053815,3.7398028157053815,False,17.612762594971212,32,29.294856813519637,64,1872
L32_S990100,26,0.09574468085106383,DISPERSED,3.7398028157053815,3.7398028157053815,False,13.168520355324521,32,28.05627856827518,64,1936
L32_S990100,27,0.07446808510638298,DISPERSED,3.7398028157053815,3.739802815705381,False,9.919563735935803,32,29.779118601179338,64,2000
L32_S990100,28,0.047872340425531915,DISPERSED,3.7398028157053815,3.739802815705382,False,6.021817282453531,32,29.999224068181054,64,2064
L32_S990100,29,0.015957446808510637,DISPERSED,3.7398028157053815,1.7123698937740954,False,1.7123698937740954,32,34.670023609310896,64,2128
L32_S990100,30,0.015957446808510637,DISPERSED,3.7398028157053815,1.366051792503872,False,1.366051792503872,32,36.610193964317986,64,2192
L32_S990100,31,0.010638297872340425,DISPERSED,3.7398028157053815,0.9295135200910309,False,0.9295135200910309,32,37.546391407914214,64,2256
L32_S990101,0,1.0,INTERFACE,3.644772040640138,3.6447720406401376,False,139.3461351659659,32,39.00178260329039,1,272
L32_S990101,64,0.6285714285714286,INTERFACE,3.644772040640138,0.05007039711854855,False,90.32199846684095,32,0.05007039711854855,1,336
L32_S990101,128,0.5771428571428572,INTERFACE,3.644772040640138,0.0420237625434543,False,83.52131036746472,32,0.0420237625434543,1,400
L32_S990101,192,0.5428571428571428,INTERFACE,3.644772040640138,0.03705831492684619,False,78.70855609545993,32,0.03705831492684619,1,464
L32_S990101,256,0.52,INTERFACE,3.644772040640138,0.03351790241324748,False,75.0826781857509,32,0.03351790241324748,1,528
L32_S990101,320,0.49714285714285716,INTERFACE,3.644772040640138,0.030796015353169337,False,71.87898906510853,32,0.030796015353169337,1,592
L32_S990101,384,0.46285714285714286,INTERFACE,3.644772040640138,0.02860409245711848,False,67.80179827125322,32,0.02860409245711848,1,656
L32_S990101,448,0.44571428571428573,INTERFACE,3.644772040640138,0.026776165907623217,False,65.24606584993727,32,0.026776165907623217,1,720
L32_S990101,512,0.4342857142857143,INTERFACE,3.644772040640138,0.025216772520323172,False,63.17157595887773,32,0.025216772520323172,1,784
L32_S990101,576,0.41714285714285715,INTERFACE,3.644772040640138,0.023869550964483954,False,60.81051145777457,32,0.023869550964483954,1,848
L32_S990101,640,0.3942857142857143,INTERFACE,3.644772040640138,0.02269806921859685,False,57.96087155686247,32,0.02269806921859685,1,912
L32_S990101,704,0.37714285714285717,INTERFACE,3.644772040640138,0.021674488822153504,False,55.62718889692374,32,0.021674488822153504,1,976
L32_S990101,768,0.36,INTERFACE,3.644772040640138,0.020772672322596053,False,53.414462451238165,32,0.020772672322596053,1,1040
L32_S990101,832,0.34285714285714286,INTERFACE,3.644772040640138,0.019966405438518242,False,51.23299335513199,32,0.019966405438518242,1,1104
L32_S990101,896,0.3314285714285714,INTERFACE,3.644772040640138,0.0192641952279895,False,49.49607577933525,32,0.0192641952279895,1,1168
L32_S990101,960,0.32571428571428573,INTERFACE,3.644772040640138,0.018660706935962557,False,48.26939020186758,32,0.018660706935962557,1,1232
L32_S990101,1024,0.32,INTERFACE,3.644772040640138,0.018144641086192848,False,47.05490997383838,32,0.018144641086192848,1,1296
L32_S990101,1088,0.30857142857142855,INTERFACE,3.644772040640138,0.017702396890173278,False,45.40948573780805,32,0.017702396890173278,1,1360
L32_S990101,1152,0.29714285714285715,INTERFACE,3.644772040640138,0.017321832705015083,False,43.86494067434231,32,0.017321832705015083,1,1424
L32_S990101,1216,0.2914285714285714,INTERFACE,3.644772040640138,0.0169917355597472,False,42.709052196342014,32,0.0169917355597472,1,1488
L32_S990101,1280,0.2742857142857143,INTERFACE,3.644772040640138,0.016703185110372165,False,40.677303996344904,32,0.016703185110372165,1,1552
L32_S990101,1344,0.2742857142857143,INTERFACE,3.644772040640138,0.016449342898457786,False,40.05328820152551,32,0.016449342898457786,1,1616
L32_S990101,1408,0.2742857142857143,INTERFACE,3.644772040640138,0.016223891280277236,False,39.36200831883531,32,0.016223891280277236,1,1680
L32_S990101,1472,0.25142857142857145,INTERFACE,3.644772040640138,0.016019457231698397,False,36.97742031183744,32,0.016019457231698397,1,1744
L32_S990101,1536,0.2571428571428571,INTERFACE,3.644772040640138,0.015834603620555443,False,36.85479176456906,32,0.015834603620555443,1,1808
L32_S990101,1600,0.2342857142857143,INTERFACE,3.644772040640138,0.01573020891369581,False,34.57367506353802,32,0.01573020891369581,1,1872
L32_S990101,1664,0.22857142857142856,INTERFACE,3.644772040640138,0.015657081016939856,False,33.53868192738289,32,0.015657081016939856,1,1936
L32_S990101,1728,0.21714285714285714,INTERFACE,3.644772040640138,0.01562827983945858,False,32.16267007040587,32,0.01562827983945858,1,2000
L32_S990101,1792,0.21142857142857144,INTERFACE,3.644772040640138,0.015613413286385214,False,31.198357933413646,32,0.015613413286385214,1,2064
L32_S990101,1856,0.21142857142857144,INTERFACE,3.644772040640138,0.015616599870101,False,30.67321939484546,32,0.015616599870101,1,2128
L32_S990101,1920,0.21142857142857144,INTERFACE,3.644772040640138,0.015626879557968376,False,30.18861228879942,32,0.015626879557968376,1,2192
L32_S990101,1984,0.19428571428571428,INTERFACE,3.644772040640138,0.015648778792940576,False,28.36421717392718,32,0.015648778792940576,1,2256
L32_S990101,0,1.0,INTERFACE,3.644772040640138,3.6447720406401376,False,139.3461351659659,32,39.00178260329039,4,272
L32_S990101,16,0.6514285714285715,INTERFACE,3.644772040640138,0.20828669638595887,False,93.35868908332314,32,0.20828669638595887,4,336
L32_S990101,32,0.6057142857142858,INTERFACE,3.644772040640138,0.17234738665680882,False,86.94717963688129,32,0.17234738665680882,4,400
L32_S990101,48,0.5657142857142857,INTERFACE,3.644772040640138,0.15102639928816042,False,81.75087256062945,32,0.15102639928816042,4,464
L32_S990101,64,0.5314285714285715,INTERFACE,3.644772040640138,0.13610052569592823,False,77.1543384617005,32,0.13610052569592823,4,528
L32_S990101,80,0.5085714285714286,INTERFACE,3.644772040640138,0.12475285160329408,False,73.59739607439793,32,0.12475285160329408,4,592
L32_S990101,96,0.4857142857142857,INTERFACE,3.644772040640138,0.11568397011264464,False,70.52152411004194,32,0.11568397011264464,4,656
L32_S990101,112,0.45714285714285713,INTERFACE,3.644772040640138,0.10818496759261176,False,67.0772641646332,32,0.10818496759261176,4,720
L32_S990101,128,0.44571428571428573,INTERFACE,3.644772040640138,0.10180791872974382,False,65.13163879560295,32,0.10180791872974382,4,784
L32_S990101,144,0.4342857142857143,INTERFACE,3.644772040640138,0.09629648023146009,False,63.0681083393345,32,0.09629648023146009,4,848
L32_S990101,160,0.41714285714285715,INTERFACE,3.644772040640138,0.09149000390651296,False,60.768772459491515,32,0.09149000390651296,4,912
L32_S990101,176,0.4,INTERFACE,3.644772040640138,0.0872828967485928,False,58.44243481217328,32,0.0872828967485928,4,976
L32_S990101,192,0.38857142857142857,INTERFACE,3.644772040640138,0.08358890550701559,False,56.45598069861637,32,0.08358890550701559,4,1040
L32_S990101,208,0.3657142857142857,INTERFACE,3.644772040640138,0.08033728393210093,False,54.0818442059118,32,0.08033728393210093,4,1104
L32_S990101,224,0.34285714285714286,INTERFACE,3.644772040640138,0.07740152928599908,False,51.43134970387464,32,0.07740152928599908,4,1168
L32_S990101,240,0.33714285714285713,INTERFACE,3.644772040640138,0.07481545308316062,False,50.08609517986575,32,0.07481545308316062,4,1232
L32_S990101,256,0.32571428571428573,INTERFACE,3.644772040640138,0.07259330922197138,False,48.54715621294729,32,0.07259330922197138,4,1296
L32_S990101,272,0.3142857142857143,INTERFACE,3.644772040640138,0.07067693154436128,False,46.89594933521498,32,0.07067693154436128,4,1360
L32_S990101,288,0.3142857142857143,INTERFACE,3.644772040640138,0.06904046419792065,False,46.099252944897984,32,0.06904046419792065,4,1424
L32_S990101,304,0.3028571428571429,INTERFACE,3.644772040640138,0.06763610009547905,False,44.63714834865408,32,0.06763610009547905,4,1488
L32_S990101,320,0.2857142857142857,INTERFACE,3.644772040640138,0.06641826741027967,False,42.56471853219872,32,0.06641826741027967,4,1552
L32_S990101,336,0.2914285714285714,INTERFACE,3.644772040640138,0.06535771463540974,False,42.41377656286807,32,0.06535771463540974,4,1616
L32_S990101,352,0.2857142857142857,INTERFACE,3.644772040640138,0.06442095036000695,False,41.39040755345263,32,0.06442095036000695,4,1680
L32_S990101,368,0.2742857142857143,INTERFACE,3.644772040640138,0.0635942359200633,False,39.73012887384412,32,0.0635942359200633,4,1744
L32_S990101,384,0.25142857142857145,INTERFACE,3.644772040640138,0.06284646252553239,False,37.336972939548644,32,0.06284646252553239,4,1808
L32_S990101,400,0.25142857142857145,INTERFACE,3.644772040640138,0.062163006812268495,False,36.91703371358014,32,0.062163006812268495,4,1872
L32_S990101,416,0.25142857142857145,INTERFACE,3.644772040640138,0.061629495835836656,False,36.407348462256145,32,0.061629495835836656,4,1936
L32_S990101,432,0.2342857142857143,INTERFACE,3.644772040640138,0.06122191072009198,False,34.46218881066169,32,0.06122191072009198,4,2000
L32_S990101,448,0.2342857142857143,INTERFACE,3.644772040640138,0.06096066057497529,False,33.9952753733299,32,0.06096066057497529,4,2064
L32_S990101,464,0.22857142857142856,INTERFACE,3.644772040640138,0.060874050268754476,False,33.06995930220577,32,0.060874050268754476,4,2128
L32_S990101,480,0.22285714285714286,INTERFACE,3.644772040640138,0.06086994966213921,False,32.123441810043005,32,0.06086994966213921,4,2192
L32_S990101,496,0.21142857142857144,INTERFACE,3.644772040640138,0.06087531714436356,False,30.691453556226428,32,0.06087531714436356,4,2256
L32_S990101,0,1.0,INTERFACE,3.644772040640138,3.6447720406401376,False,139.3461351659659,32,39.00178260329039,16,272
L32_S990101,4,0.8685714285714285,INTERFACE,3.644772040640138,3.644772040640138,False,122.17137507652974,32,25.53039740779775,16,336
L32_S990101,8,0.7428571428571429,INTERFACE,3.644772040640138,3.644772040640138,False,104.68472756626517,32,13.569405100871998,16,400
L32_S990101,12,0.6171428571428571,INTERFACE,3.644772040640138,1.221505099037426,False,87.33461815246248,32,1.221505099037426,16,464
L32_S990101,16,0.5885714285714285,INTERFACE,3.644772040640138,0.5961748865298937,False,83.66248421961745,32,0.5961748865298937,16,528
L32_S990101,20,0.5657142857142857,INTERFACE,3.644772040640138,0.5366974018676546,False,80.54726023805276,32,0.5366974018676546,16,592
L32_S990101,24,0.5428571428571428,INTERFACE,3.644772040640138,0.4919057047765044,False,77.38468978049085,32,0.4919057047765044,16,656
L32_S990101,28,0.52,INTERFACE,3.644772040640138,0.45626009181520255,False,74.23696873105243,32,0.45626009181520255,16,720
L32_S990101,32,0.49714285714285716,INTERFACE,3.644772040640138,0.42686205502133634,False,71.26317635478247,32,0.42686205502133634,16,784
L32_S990101,36,0.4742857142857143,INTERFACE,3.644772040640138,0.4020130210399572,False,68.66756555151363,32,0.4020130210399572,16,848
L32_S990101,40,0.4514285714285714,INTERFACE,3.644772040640138,0.38053250926720983,False,65.72009766481791,32,0.38053250926720983,16,912
L32_S990101,44,0.42857142857142855,INTERFACE,3.644772040640138,0.3616265401273958,False,62.608506973499345,32,0.3616265401273958,16,976
L32_S990101,48,0.4057142857142857,INTERFACE,3.644772040640138,0.344898406301297,False,59.420385170236365,32,0.344898406301297,16,1040
L32_S990101,52,0.41714285714285715,INTERFACE,3.644772040640138,0.3301103914981123,False,59.56372729295337,32,0.3301103914981123,16,1104
L32_S990101,56,0.4,INTERFACE,3.644772040640138,0.31704977414746893,False,57.92153706524388,32,0.31704977414746893,16,1168
L32_S990101,60,0.37714285714285717,INTERFACE,3.644772040640138,0.3055200191133167,False,55.13575798843549,32,0.3055200191133167,16,1232
L32_S990101,64,0.35428571428571426,INTERFACE,3.644772040640138,0.29526466812785424,False,52.6725583488309,32,0.29526466812785424,16,1296
L32_S990101,68,0.33714285714285713,INTERFACE,3.644772040640138,0.2859192557002215,False,50.34725879507146,32,0.2859192557002215,16,1360
L32_S990101,72,0.3314285714285714,INTERFACE,3.644772040640138,0.27781464146546464,False,49.30870979806585,32,0.27781464146546464,16,1424
L32_S990101,76,0.3142857142857143,INTERFACE,3.644772040640138,0.27088335287086507,False,46.899660058219204,32,0.27088335287086507,16,1488
L32_S990101,80,0.32,INTERFACE,3.644772040640138,0.2650962246119196,False,46.85241354363554,32,0.2650962246119196,16,1552
L32_S990101,84,0.3028571428571429,INTERFACE,3.644772040640138,0.2601044693664756,False,44.70273939239733,32,0.2601044693664756,16,1616
L32_S990101,88,0.2914285714285714,INTERFACE,3.644772040640138,0.255886389532329,False,43.225526530795854,32,0.255886389532329,16,1680
L32_S990101,92,0.2914285714285714,INTERFACE,3.644772040640138,0.2521939796918976,False,42.65873444605364,32,0.2521939796918976,16,1744
L32_S990101,96,0.2914285714285714,INTERFACE,3.644772040640138,0.24908017429758322,False,42.37772212826654,32,0.24908017429758322,16,1808
L32_S990101,100,0.2742857142857143,INTERFACE,3.644772040640138,0.24617139099706797,False,40.32112523170074,32,0.24617139099706797,16,1872
L32_S990101,104,0.26857142857142857,INTERFACE,3.644772040640138,0.24352572371150905,False,39.154505191955124,32,0.24352572371150905,16,1936
L32_S990101,108,0.2571428571428571,INTERFACE,3.644772040640138,0.24111097831586892,False,37.777009234929096,32,0.24111097831586892,16,2000
L32_S990101,112,0.24571428571428572,INTERFACE,3.644772040640138,0.2389264931906846,False,36.21287897592016,32,0.2389264931906846,16,2064
L32_S990101,116,0.24,INTERFACE,3.644772040640138,0.2365400242421164,False,35.21415384940601,32,0.2365400242421164,16,2128
L32_S990101,120,0.24571428571428572,INTERFACE,3.644772040640138,0.23631969771260242,False,35.23968015383689,32,0.23631969771260242,16,2192
L32_S990101,124,0.2342857142857143,INTERFACE,3.644772040640138,0.23518011439503894,False,33.80918680971922,32,0.23518011439503894,16,2256
L32_S990101,0,1.0,INTERFACE,3.644772040640138,3.6447720406401376,False,139.3461351659659,32,39.00178260329039,64,272
L32_S990101,1,0.96,INTERFACE,3.644772040640138,3.644772040640138,False,133.47229997380876,32,36.38160740742154,64,336
L32_S990101,2,0.9257142857142857,INTERFACE,3.644772040640138,3.644772040640138,False,128.4034667328329,32,33.90849445416549,64,400
L32_S990101,3,0.8857142857142857,INTERFACE,3.644772040640138,3.6447720406401376,False,123.04442804736341,32,31.47868269764469,64,464
L32_S990101,4,0.8457142857142858,INTERFACE,3.644772040640138,3.644772040640138,False,117.53706400851577,32,29.169832969543865,64,528
L32_S990101,5,0.8,INTERFACE,3.644772040640138,3.644772040640137,False,111.54571797606086,32,26.70896904237582,64,592
L32_S990101,6,0.76,INTERFACE,3.644772040640138,3.644772040640138,False,105.94362123498415,32,24.31539148982529,64,656
L32_S990101,7,0.7257142857142858,INTERFACE,3.644772040640138,3.6447720406401385,False,100.69823527160322,32,21.82070432627269,64,720
L32_S990101,8,0.6857142857142857,INTERFACE,3.644772040640138,3.6447720406401376,False,95.6577733231996,32,19.29733622280073,64,784
L32_S990101,9,0.6514285714285715,INTERFACE,3.644772040640138,3.644772040640138,False,90.07187209698168,32,16.936997928527568,64,848
L32_S990101,10,0.6114285714285714,INTERFACE,3.644772040640138,3.644772040640138,False,84.85916585903405,32,14.466162692311986,64,912
L32_S990101,11,0.5657142857142857,INTERFACE,3.644772040640138,3.644772040640138,False,78.85273285593345,32,11.98489005890221,64,976
L32_S990101,12,0.5371428571428571,INTERFACE,3.644772040640138,3.644772040640139,False,73.66345043111473,32,9.429288020135534,64,1040
L32_S990101,13,0.49142857142857144,INTERFACE,3.644772040640138,3.644772040640137,False,67.96975910201759,32,6.870051385261848,64,1104
L32_S990101,14,0.4514285714285714,INTERFACE,3.644772040640138,3.644772040640138,False,62.31597113864909,32,4.4317998656766715,64,1168
L32_S990101,15,0.4228571428571429,INTERFACE,3.644772040640138,2.2755384792963103,False,57.781338043989386,32,2.2755384792963103,64,1232
L32_S990101,16,0.3942857142857143,INTERFACE,3.644772040640138,1.5394044011187251,False,54.70136160149172,32,1.5394044011187251,64,1296
L32_S990101,17,0.37142857142857144,INTERFACE,3.644772040640138,1.4347155548397827,False,51.79996250687765,32,1.4347155548397827,64,1360
L32_S990101,18,0.35428571428571426,INTERFACE,3.644772040640138,1.3493432710614996,False,49.66487376321424,32,1.3493432710614996,64,1424
L32_S990101,19,0.33714285714285713,INTERFACE,3.644772040640138,1.2787144006749014,False,47.533918219004406,32,1.2787144006749014,64,1488
L32_S990101,20,0.32,INTERFACE,3.644772040640138,1.2207643101320422,False,45.360102418422315,32,1.2207643101320422,64,1552
L32_S990101,21,0.30857142857142855,INTERFACE,3.644772040640138,1.1742632546898566,False,43.60147216670145,32,1.1742632546898568,64,1616
L32_S990101,22,0.29714285714285715,INTERFACE,3.644772040640138,1.1368131210206571,False,42.14656746145532,32,1.1368131210206571,64,1680
L32_S990101,23,0.29714285714285715,INTERFACE,3.644772040640138,1.1062357725482141,False,41.343382763756544,32,1.1062357725482141,64,1744
L32_S990101,24,0.2857142857142857,INTERFACE,3.644772040640138,1.0815167678570603,False,40.0631412205626,32,1.0815167678570603,64,1808
L32_S990101,25,0.29714285714285715,INTERFACE,3.644772040640138,1.0602264623683546,False,40.533412154566356,32,1.0602264623683546,64,1872
L32_S990101,26,0.26857142857142857,INTERFACE,3.644772040640138,1.0417373886113457,False,37.96468365256752,32,1.0417373886113457,64,1936
L32_S990101,27,0.25142857142857145,INTERFACE,3.644772040640138,1.0252261654430188,False,35.83167946054866,32,1.0252261654430188,64,2000
L32_S990101,28,0.2342857142857143,INTERFACE,3.644772040640138,1.0106397235033406,False,33.83988495150877,32,1.0106397235033406,64,2064
L32_S990101,29,0.22857142857142856,INTERFACE,3.644772040640138,1.0012036917945064,False,32.612632211452734,32,1.0012036917945064,64,2128
L32_S990101,30,0.22285714285714286,INTERFACE,3.644772040640138,0.9998503620411093,False,31.53235415113142,32,0.9998503620411093,64,2192
L32_S990101,31,0.2571428571428571,INTERFACE,3.644772040640138,1.0021899410236825,False,33.77158957311307,32,1.0021899410236825,64,2256
L32_S990101,0,1.0,DISPERSED,3.644772040640138,3.6447720406401376,False,139.3461351659659,32,39.001782603290366,1,272
L32_S990101,64,0.5828571428571429,DISPERSED,3.644772040640138,0.05969411859067164,False,83.73522923995549,32,0.05969411859067164,1,336
L32_S990101,128,0.4114285714285714,DISPERSED,3.644772040640138,0.6224924050770971,False,59.65590386439564,32,0.6224924050770971,1,400
L32_S990101,192,0.2742857142857143,DISPERSED,3.644772040640138,0.07482669720031299,False,40.41280893808058,32,0.07482669720031299,1,464
L32_S990101,256,0.16,DISPERSED,3.644772040640138,0.07322546696921584,False,24.278731380798664,32,0.07322546696921584,1,528
L32_S990101,320,0.0,DISPERSED,3.644772040640138,0.0,True,0.0,32,0.10783565915441906,1,592
L32_S990101,384,0.0,DISPERSED,3.644772040640138,0.0,True,0.0,32,9.787713054524245,1,656
L32_S990101,448,0.0,DISPERSED,3.644772040640138,0.0,True,0.0,32,16.031108430514358,1,720
L32_S990101,512,0.0,DISPERSED,3.644772040640138,0.0,True,0.0,32,21.02362188841955,1,784
L32_S990101,576,0.0,DISPERSED,3.644772040640138,0.0,True,0.0,32,25.118813623711343,1,848
L32_S990101,640,0.0,DISPERSED,3.644772040640138,0.0,True,0.0,32,29.40248992708657,1,912
L32_S990101,704,0.0,DISPERSED,3.644772040640138,0.0,True,0.0,32,33.063261737896624,1,976
L32_S990101,768,0.0,DISPERSED,3.644772040640138,0.0,True,0.0,32,35.11899714839962,1,1040
L32_S990101,832,0.0,DISPERSED,3.644772040640138,0.0,True,0.0,32,36.12178328109869,1,1104
L32_S990101,896,0.0,DISPERSED,3.644772040640138,0.0,True,0.0,32,37.291714629469475,1,1168
L32_S990101,960,0.0,DISPERSED,3.644772040640138,0.0,True,0.0,32,39.068436887840726,1,1232
L32_S990101,1024,0.0,DISPERSED,3.644772040640138,0.0,True,0.0,32,40.264684541071176,1,1296
L32_S990101,1088,0.0,DISPERSED,3.644772040640138,0.0,True,0.0,32,40.7384077852189,1,1360
L32_S990101,1152,0.0,DISPERSED,3.644772040640138,0.0,True,0.0,32,42.445862052554176,1,1424
L32_S990101,1216,0.0,DISPERSED,3.644772040640138,0.0,True,0.0,32,43.37964740646283,1,1488
L32_S990101,1280,0.0,DISPERSED,3.644772040640138,0.0,True,0.0,32,44.32585417729132,1,1552
L32_S990101,1344,0.0,DISPERSED,3.644772040640138,0.0,True,0.0,32,44.072870456085525,1,1616
L32_S990101,1408,0.0,DISPERSED,3.644772040640138,0.0,True,0.0,32,44.9777058934456,1,1680
L32_S990101,1472,0.0,DISPERSED,3.644772040640138,0.0,True,0.0,32,45.73395446102299,1,1744
L32_S990101,1536,0.0,DISPERSED,3.644772040640138,0.0,True,0.0,32,45.96937548348715,1,1808
L32_S990101,1600,0.0,DISPERSED,3.644772040640138,0.0,True,0.0,32,46.356722134331754,1,1872
L32_S990101,1664,0.0,DISPERSED,3.644772040640138,0.0,True,0.0,32,46.8935230957984,1,1936
L32_S990101,1728,0.0,DISPERSED,3.644772040640138,0.0,True,0.0,32,48.31121459225663,1,2000
L32_S990101,1792,0.0,DISPERSED,3.644772040640138,0.0,True,0.0,32,48.43528845981492,1,2064
L32_S990101,1856,0.0,DISPERSED,3.644772040640138,0.0,True,0.0,32,49.20349372173085,1,2128
L32_S990101,1920,0.0,DISPERSED,3.644772040640138,0.0,True,0.0,32,51.47539073856301,1,2192
L32_S990101,1984,0.0,DISPERSED,3.644772040640138,0.0,True,0.0,32,51.612880786542654,1,2256
L32_S990101,0,1.0,DISPERSED,3.644772040640138,3.6447720406401376,False,139.3461351659659,32,39.001782603290366,4,272
L32_S990101,16,0.6285714285714286,DISPERSED,3.644772040640138,0.24939648738098563,False,89.92678006434349,32,0.24939648738098563,4,336
L32_S990101,32,0.49714285714285716,DISPERSED,3.644772040640138,1.3921752584616232,False,71.76482751090009,32,1.3921752584616232,4,400
L32_S990101,48,0.33714285714285713,DISPERSED,3.644772040640138,0.8680263590618942,False,49.94968986279381,32,0.8680263590618942,4,464
L32_S990101,64,0.24,DISPERSED,3.644772040640138,0.2941506164040676,False,36.27071792520291,32,0.2941506164040676,4,528
L32_S990101,80,0.14857142857142858,DISPERSED,3.644772040640138,2.479129899515077,False,22.590294525201337,32,2.479129899515077,4,592
L32_S990101,96,0.0,DISPERSED,3.644772040640138,0.0,True,0.0,32,2.899925802169734,4,656
L32_S990101,112,0.0,DISPERSED,3.644772040640138,0.0,True,0.0,32,10.207072957233823,4,720
L32_S990101,128,0.0,DISPERSED,3.644772040640138,0.0,True,0.0,32,16.39378657263191,4,784
L32_S990101,144,0.0,DISPERSED,3.644772040640138,0.0,True,0.0,32,21.879393125179348,4,848
L32_S990101,160,0.0,DISPERSED,3.644772040640138,0.0,True,0.0,32,27.98807269458493,4,912
L32_S990101,176,0.0,DISPERSED,3.644772040640138,0.0,True,0.0,32,33.12121191331076,4,976
L32_S990101,192,0.0,DISPERSED,3.644772040640138,0.0,True,0.0,32,35.86169955697217,4,1040
L32_S990101,208,0.0,DISPERSED,3.644772040640138,0.0,True,0.0,32,38.289681288749186,4,1104
L32_S990101,224,0.0,DISPERSED,3.644772040640138,0.0,True,0.0,32,39.58019862742307,4,1168
L32_S990101,240,0.0,DISPERSED,3.644772040640138,0.0,True,0.0,32,41.39813810392786,4,1232
L32_S990101,256,0.0,DISPERSED,3.644772040640138,0.0,True,0.0,32,42.32179709190043,4,1296
L32_S990101,272,0.0,DISPERSED,3.644772040640138,0.0,True,0.0,32,41.81292308683666,4,1360
L32_S990101,288,0.0,DISPERSED,3.644772040640138,0.0,True,0.0,32,43.21718578981195,4,1424
L32_S990101,304,0.0,DISPERSED,3.644772040640138,0.0,True,0.0,32,45.409938259910476,4,1488
L32_S990101,320,0.0,DISPERSED,3.644772040640138,0.0,True,0.0,32,46.32195468835286,4,1552
L32_S990101,336,0.0,DISPERSED,3.644772040640138,0.0,True,0.0,32,46.205634872692265,4,1616
L32_S990101,352,0.0,DISPERSED,3.644772040640138,0.0,True,0.0,32,47.24800121031297,4,1680
L32_S990101,368,0.0,DISPERSED,3.644772040640138,0.0,True,0.0,32,47.64244330575864,4,1744
L32_S990101,384,0.0,DISPERSED,3.644772040640138,0.0,True,0.0,32,48.41832773500795,4,1808
L32_S990101,400,0.0,DISPERSED,3.644772040640138,0.0,True,0.0,32,49.22737302761615,4,1872
L32_S990101,416,0.0,DISPERSED,3.644772040640138,0.0,True,0.0,32,49.281038797880115,4,1936
L32_S990101,432,0.0,DISPERSED,3.644772040640138,0.0,True,0.0,32,51.273777547390594,4,2000
L32_S990101,448,0.0,DISPERSED,3.644772040640138,0.0,True,0.0,32,52.546676556452304,4,2064
L32_S990101,464,0.0,DISPERSED,3.644772040640138,0.0,True,0.0,32,52.61580999269417,4,2128
L32_S990101,480,0.005714285714285714,DISPERSED,3.644772040640138,0.45105094184110633,False,0.45105094184110633,32,51.78499304312857,4,2192
L32_S990101,496,0.0,DISPERSED,3.644772040640138,0.0,True,0.0,32,51.72717497639211,4,2256
L32_S990101,0,1.0,DISPERSED,3.644772040640138,3.6447720406401376,False,139.3461351659659,32,39.001782603290366,16,272
L32_S990101,4,0.8685714285714285,DISPERSED,3.644772040640138,3.644772040640139,False,122.27726619260265,32,28.237107808089007,16,336
L32_S990101,8,0.7428571428571429,DISPERSED,3.644772040640138,3.6447720406401385,False,105.03001689910597,32,17.409609997898222,16,400
L32_S990101,12,0.6171428571428571,DISPERSED,3.644772040640138,3.644772040640138,False,87.9255752501392,32,10.999689627808056,16,464
L32_S990101,16,0.49142857142857144,DISPERSED,3.644772040640138,3.644772040640138,False,70.6788007181625,32,8.953042532130008,16,528
L32_S990101,20,0.3657142857142857,DISPERSED,3.644772040640138,3.6447720406401385,False,53.47526087926185,32,5.029368740323198,16,592
L32_S990101,24,0.26857142857142857,DISPERSED,3.644772040640138,2.7263616669819903,False,39.58615199033088,32,2.72636166698199,16,656
L32_S990101,28,0.18285714285714286,DISPERSED,3.644772040640138,3.644772040640138,False,27.017874384537812,32,6.632125435260169,16,720
L32_S990101,32,0.06857142857142857,DISPERSED,3.644772040640138,3.644772040640138,False,10.169992838180145,32,6.97487617178913,16,784
L32_S990101,36,0.005714285714285714,DISPERSED,3.644772040640138,0.462803292328201,False,0.462803292328201,32,8.760566415484009,16,848
L32_S990101,40,0.0,DISPERSED,3.644772040640138,0.0,True,0.0,32,13.697486953029038,16,912
L32_S990101,44,0.0,DISPERSED,3.644772040640138,0.0,True,0.0,32,18.63156341896075,16,976
L32_S990101,48,0.0,DISPERSED,3.644772040640138,0.0,True,0.0,32,24.45589754289286,16,1040
L32_S990101,52,0.0,DISPERSED,3.644772040640138,0.0,True,0.0,32,30.082343882753058,16,1104
L32_S990101,56,0.005714285714285714,DISPERSED,3.644772040640138,0.4600602237568198,False,0.4600602237568198,32,31.65655930464766,16,1168
L32_S990101,60,0.0,DISPERSED,3.644772040640138,0.0,True,0.0,32,33.27465497436292,16,1232
L32_S990101,64,0.011428571428571429,DISPERSED,3.644772040640138,0.9005615825289639,False,0.9005615825289639,32,36.153102784617374,16,1296
L32_S990101,68,0.0,DISPERSED,3.644772040640138,0.0,True,0.0,32,36.62463033900017,16,1360
L32_S990101,72,0.0,DISPERSED,3.644772040640138,0.0,True,0.0,32,39.64859672331516,16,1424
L32_S990101,76,0.0,DISPERSED,3.644772040640138,0.0,True,0.0,32,41.02804101552853,16,1488
L32_S990101,80,0.0,DISPERSED,3.644772040640138,0.0,True,0.0,32,41.640310521918295,16,1552
L32_S990101,84,0.0,DISPERSED,3.644772040640138,0.0,True,0.0,32,43.51663996379961,16,1616
L32_S990101,88,0.0,DISPERSED,3.644772040640138,0.0,True,0.0,32,44.55521962447488,16,1680
L32_S990101,92,0.0,DISPERSED,3.644772040640138,0.0,True,0.0,32,46.51335641297851,16,1744
L32_S990101,96,0.0,DISPERSED,3.644772040640138,0.0,True,0.0,32,47.27223748127175,16,1808
L32_S990101,100,0.005714285714285714,DISPERSED,3.644772040640138,0.45098137622295126,False,0.45098137622295126,32,48.14837773955905,16,1872
L32_S990101,104,0.005714285714285714,DISPERSED,3.644772040640138,0.4502192508612675,False,0.4502192508612675,32,48.03091775158498,16,1936
L32_S990101,108,0.0,DISPERSED,3.644772040640138,0.0,True,0.0,32,48.377304016823324,16,2000
L32_S990101,112,0.0,DISPERSED,3.644772040640138,0.0,True,0.0,32,50.152681262498874,16,2064
L32_S990101,116,0.0,DISPERSED,3.644772040640138,0.0,True,0.0,32,50.201114681607685,16,2128
L32_S990101,120,0.005714285714285714,DISPERSED,3.644772040640138,0.45101022620179027,False,0.45101022620179027,32,49.841061770787064,16,2192
L32_S990101,124,0.0,DISPERSED,3.644772040640138,0.0,True,0.0,32,49.75437516145071,16,2256
L32_S990101,0,1.0,DISPERSED,3.644772040640138,3.6447720406401376,False,139.3461351659659,32,39.001782603290366,64,272
L32_S990101,1,0.96,DISPERSED,3.644772040640138,3.644772040640138,False,133.5121214100026,32,36.54134182414368,64,336
L32_S990101,2,0.9257142857142857,DISPERSED,3.644772040640138,3.6447720406401376,False,128.51000756230823,32,35.205185899719666,64,400
L32_S990101,3,0.8857142857142857,DISPERSED,3.644772040640138,3.644772040640138,False,123.23685781937341,32,32.81341477842861,64,464
L32_S990101,4,0.8457142857142858,DISPERSED,3.644772040640138,3.644772040640138,False,117.8313781334618,32,31.536281251665763,64,528
L32_S990101,5,0.8,DISPERSED,3.644772040640138,3.644772040640138,False,111.95451330559467,32,30.297930936321634,64,592
L32_S990101,6,0.76,DISPERSED,3.644772040640138,3.644772040640138,False,106.47717862350189,32,29.62898141370101,64,656
L32_S990101,7,0.7257142857142858,DISPERSED,3.644772040640138,3.644772040640138,False,101.36434117915974,32,30.072335098943547,64,720
L32_S990101,8,0.6857142857142857,DISPERSED,3.644772040640138,3.6447720406401376,False,96.49459812874892,32,30.045157331473423,64,784
L32_S990101,9,0.6514285714285715,DISPERSED,3.644772040640138,3.644772040640138,False,91.08903405137052,32,28.977677792646922,64,848
L32_S990101,10,0.6114285714285714,DISPERSED,3.644772040640138,3.644772040640138,False,86.07297762188696,32,29.58103776363289,64,912
L32_S990101,11,0.5657142857142857,DISPERSED,3.644772040640138,3.6447720406401385,False,80.23041916739271,32,27.596263903504532,64,976
L32_S990101,12,0.5371428571428571,DISPERSED,3.644772040640138,3.644772040640138,False,75.22758073672284,32,28.156506089562647,64,1040
L32_S990101,13,0.49714285714285716,DISPERSED,3.644772040640138,3.644772040640138,False,70.1777530139777,32,26.04039445821355,64,1104
L32_S990101,14,0.4514285714285714,DISPERSED,3.644772040640138,3.6447720406401376,False,64.16811291244291,32,24.544112631280402,64,1168
L32_S990101,15,0.4228571428571429,DISPERSED,3.644772040640138,3.644772040640138,False,59.456339267234505,32,23.629165016940913,64,1232
L32_S990101,16,0.37714285714285717,DISPERSED,3.644772040640138,3.644772040640138,False,53.81186181914604,32,22.201117202533354,64,1296
L32_S990101,17,0.34285714285714286,DISPERSED,3.644772040640138,3.644772040640138,False,49.008302920779684,32,23.509776093794812,64,1360
L32_S990101,18,0.3028571428571429,DISPERSED,3.644772040640138,3.644772040640138,False,43.44896352020422,32,24.279014237380004,64,1424
L32_S990101,19,0.26857142857142857,DISPERSED,3.644772040640138,3.644772040640138,False,38.30582864873771,32,25.589729682839394,64,1488
L32_S990101,20,0.2342857142857143,DISPERSED,3.644772040640138,3.6447720406401376,False,33.5759260782895,32,25.343979248780286,64,1552
L32_S990101,21,0.2,DISPERSED,3.644772040640138,3.644772040640138,False,28.300597408320805,32,26.223378133337725,64,1616
L32_S990101,22,0.1657142857142857,DISPERSED,3.644772040640138,3.6447720406401376,False,22.969155058741386,32,24.94087906392734,64,1680
L32_S990101,23,0.13714285714285715,DISPERSED,3.644772040640138,3.644772040640138,False,18.524858619405315,32,24.44450250186469,64,1744
L32_S990101,24,0.10285714285714286,DISPERSED,3.644772040640138,3.644772040640138,False,13.845629808857424,32,24.82399495579473,64,1808
L32_S990101,25,0.07428571428571429,DISPERSED,3.644772040640138,3.644772040640138,False,9.327108693290889,32,26.942094150504044,64,1872
L32_S990101,26,0.05714285714285714,DISPERSED,3.644772040640138,3.6447720406401376,False,6.398816022055617,32,25.918416937540652,64,1936
L32_S990101,27,0.017142857142857144,DISPERSED,3.644772040640138,1.9284874691717966,False,1.9284874691717966,32,26.239556076979248,64,2000
L32_S990101,28,0.0,DISPERSED,3.644772040640138,0.0,True,0.0,32,29.121938066046905,64,2064
L32_S990101,29,0.022857142857142857,DISPERSED,3.644772040640138,1.8415989012299383,False,1.8415989012299385,32,33.34539846025569,64,2128
L32_S990101,30,0.02857142857142857,DISPERSED,3.644772040640138,2.302043205714668,False,2.3020432057146683,32,35.29809673451612,64,2192
L32_S990101,31,0.011428571428571429,DISPERSED,3.644772040640138,0.9062276177056854,False,0.9062276177056854,32,35.81095948696871,64,2256
L32_S990102,0,1.0,INTERFACE,3.6469080556787157,3.6469080556787152,False,153.8690771504802,32,34.34052323329755,1,272
L32_S990102,64,0.694300518134715,INTERFACE,3.6469080556787157,0.046364924709731414,False,109.21896542339367,32,0.046364924709731414,1,336
L32_S990102,128,0.6528497409326425,INTERFACE,3.6469080556787157,0.03916061727623965,False,102.9276856760309,32,0.03916061727623965,1,400
L32_S990102,192,0.6113989637305699,INTERFACE,3.6469080556787157,0.034621136026853794,False,97.2478026556666,32,0.034621136026853794,1,464
L32_S990102,256,0.5906735751295337,INTERFACE,3.6469080556787157,0.03134713938147016,False,93.75767972866126,32,0.03134713938147016,1,528
L32_S990102,320,0.5751295336787565,INTERFACE,3.6469080556787157,0.02882253791991707,False,90.92696744100387,32,0.02882253791991707,1,592
L32_S990102,384,0.5595854922279793,INTERFACE,3.6469080556787157,0.026795006012800715,False,88.38327162466456,32,0.026795006012800715,1,656
L32_S990102,448,0.5284974093264249,INTERFACE,3.6469080556787157,0.025120019313251918,False,84.54499133441841,32,0.025120019313251918,1,720
L32_S990102,512,0.5129533678756477,INTERFACE,3.6469080556787157,0.023706779365377795,False,82.10359837269789,32,0.023706779365377795,1,784
L32_S990102,576,0.5181347150259067,INTERFACE,3.6469080556787157,0.022493316368634275,False,81.54203236370944,32,0.022493316368634275,1,848
L32_S990102,640,0.49740932642487046,INTERFACE,3.6469080556787157,0.021435805704360322,False,78.79007085131136,32,0.021435805704360322,1,912
L32_S990102,704,0.48186528497409326,INTERFACE,3.6469080556787157,0.020502890286298703,False,76.60273849870163,32,0.020502890286298703,1,976
L32_S990102,768,0.46632124352331605,INTERFACE,3.6469080556787157,0.019671973156586087,False,74.39985632731558,32,0.019671973156586087,1,1040
L32_S990102,832,0.44559585492227977,INTERFACE,3.6469080556787157,0.01892656545290572,False,71.84498372550185,32,0.01892656545290572,1,1104
L32_S990102,896,0.43523316062176165,INTERFACE,3.6469080556787157,0.018254227342270002,False,70.1582864691584,32,0.018254227342270002,1,1168
L32_S990102,960,0.42487046632124353,INTERFACE,3.6469080556787157,0.017642510017861546,False,68.54820062346826,32,0.017642510017861546,1,1232
L32_S990102,1024,0.41450777202072536,INTERFACE,3.6469080556787157,0.017083093003886107,False,66.91843257799567,32,0.017083093003886107,1,1296
L32_S990102,1088,0.39896373056994816,INTERFACE,3.6469080556787157,0.016572039867450927,False,64.91903819863931,32,0.016572039867450927,1,1360
L32_S990102,1152,0.38860103626943004,INTERFACE,3.6469080556787157,0.01610641355564757,False,63.33747637976222,32,0.01610641355564757,1,1424
L32_S990102,1216,0.37823834196891193,INTERFACE,3.6469080556787157,0.015683206462762556,False,61.81230644446599,32,0.015683206462762556,1,1488
L32_S990102,1280,0.36787564766839376,INTERFACE,3.6469080556787157,0.015299393238513592,False,60.274421980425714,32,0.015299393238513592,1,1552
L32_S990102,1344,0.3626943005181347,INTERFACE,3.6469080556787157,0.014951698060962526,False,59.218234788214424,32,0.014951698060962526,1,1616
L32_S990102,1408,0.36787564766839376,INTERFACE,3.6469080556787157,0.014636843944754063,False,59.10617366357515,32,0.014636843944754063,1,1680
L32_S990102,1472,0.35233160621761656,INTERFACE,3.6469080556787157,0.014351563364009778,False,57.16050369596347,32,0.014351563364009778,1,1744
L32_S990102,1536,0.33678756476683935,INTERFACE,3.6469080556787157,0.014092708875742654,False,55.29664871308043,32,0.014092708875742654,1,1808
L32_S990102,1600,0.32642487046632124,INTERFACE,3.6469080556787157,0.013853775094742615,False,53.82822620879071,32,0.013853775094742615,1,1872
L32_S990102,1664,0.32642487046632124,INTERFACE,3.6469080556787157,0.013630429855464032,False,53.323940962696845,32,0.013630429855464032,1,1936
L32_S990102,1728,0.3160621761658031,INTERFACE,3.6469080556787157,0.01342946068384876,False,51.9021936117673,32,0.01342946068384876,1,2000
L32_S990102,1792,0.31088082901554404,INTERFACE,3.6469080556787157,0.013253468525547207,False,51.00006959116866,32,0.013253468525547207,1,2064
L32_S990102,1856,0.30569948186528495,INTERFACE,3.6469080556787157,0.013100965571378298,False,50.049471300539814,32,0.013100965571378298,1,2128
L32_S990102,1920,0.29533678756476683,INTERFACE,3.6469080556787157,0.012968582234812454,False,48.656933192596235,32,0.012968582234812454,1,2192
L32_S990102,1984,0.29533678756476683,INTERFACE,3.6469080556787157,0.012853216915560628,False,48.18960462606619,32,0.012853216915560628,1,2256
L32_S990102,0,1.0,INTERFACE,3.6469080556787157,3.6469080556787152,False,153.8690771504802,32,34.34052323329755,4,272
L32_S990102,16,0.7046632124352331,INTERFACE,3.6469080556787157,0.19151273055146778,False,110.93259689714942,32,0.19151273055146778,4,336
L32_S990102,32,0.6683937823834197,INTERFACE,3.6469080556787157,0.15987790968591964,False,104.93212552410922,32,0.15987790968591964,4,400
L32_S990102,48,0.6217616580310881,INTERFACE,3.6469080556787157,0.14060488207548194,False,98.84442133636212,32,0.14060488207548194,4,464
L32_S990102,64,0.5958549222797928,INTERFACE,3.6469080556787157,0.12690979584479667,False,94.73416851192185,32,0.12690979584479667,4,528
L32_S990102,80,0.5958549222797928,INTERFACE,3.6469080556787157,0.11644064587424541,False,93.45326085781407,32,0.11644064587424541,4,592
L32_S990102,96,0.5647668393782384,INTERFACE,3.6469080556787157,0.10808377104418332,False,89.48519373252132,32,0.10808377104418332,4,656
L32_S990102,112,0.5440414507772021,INTERFACE,3.6469080556787157,0.10121181923625555,False,86.27279973160901,32,0.10121181923625555,4,720
L32_S990102,128,0.5284974093264249,INTERFACE,3.6469080556787157,0.09543428095773254,False,84.1146176328953,32,0.09543428095773254,4,784
L32_S990102,144,0.5129533678756477,INTERFACE,3.6469080556787157,0.09048950618845109,False,81.71568540590633,32,0.09048950618845109,4,848
L32_S990102,160,0.49740932642487046,INTERFACE,3.6469080556787157,0.08619253848451558,False,79.62055419476938,32,0.08619253848451558,4,912
L32_S990102,176,0.48704663212435234,INTERFACE,3.6469080556787157,0.08241018081164342,False,77.60309922941028,32,0.08241018081164342,4,976
L32_S990102,192,0.47150259067357514,INTERFACE,3.6469080556787157,0.07904602227383395,False,75.4611176554089,32,0.07904602227383395,4,1040
L32_S990102,208,0.45595854922279794,INTERFACE,3.6469080556787157,0.07602913472440298,False,73.40700936945477,32,0.07602913472440298,4,1104
L32_S990102,224,0.45077720207253885,INTERFACE,3.6469080556787157,0.07330791516732182,False,72.22574669681924,32,0.07330791516732182,4,1168
L32_S990102,240,0.43005181347150256,INTERFACE,3.6469080556787157,0.07084151998439703,False,69.72907549453079,32,0.07084151998439703,4,1232
L32_S990102,256,0.43005181347150256,INTERFACE,3.6469080556787157,0.06858879713817212,False,69.09362819186063,32,0.06858879713817212,4,1296
L32_S990102,272,0.40932642487046633,INTERFACE,3.6469080556787157,0.06652128222185705,False,66.49382050585056,32,0.06652128222185705,4,1360
L32_S990102,288,0.39896373056994816,INTERFACE,3.6469080556787157,0.06462585254977449,False,64.88605897264118,32,0.06462585254977449,4,1424
L32_S990102,304,0.39896373056994816,INTERFACE,3.6469080556787157,0.06289307998554994,False,64.41272087698971,32,0.06289307998554994,4,1488
L32_S990102,320,0.38860103626943004,INTERFACE,3.6469080556787157,0.06131627755832547,False,62.80197017314387,32,0.06131627755832547,4,1552
L32_S990102,336,0.38860103626943004,INTERFACE,3.6469080556787157,0.059883394591368155,False,62.216308439528454,32,0.059883394591368155,4,1616
L32_S990102,352,0.36787564766839376,INTERFACE,3.6469080556787157,0.05858385704729152,False,59.75806959945357,32,0.05858385704729152,4,1680
L32_S990102,368,0.3626943005181347,INTERFACE,3.6469080556787157,0.057404984916634816,False,58.787823124090465,32,0.057404984916634816,4,1744
L32_S990102,384,0.35233160621761656,INTERFACE,3.6469080556787157,0.05633743519146073,False,57.34904365380997,32,0.05633743519146073,4,1808
L32_S990102,400,0.3471502590673575,INTERFACE,3.6469080556787157,0.055367645375051566,False,56.384809119772825,32,0.055367645375051566,4,1872
L32_S990102,416,0.3316062176165803,INTERFACE,3.6469080556787157,0.05448373398756545,False,54.47777814184402,32,0.05448373398756545,4,1936
L32_S990102,432,0.32642487046632124,INTERFACE,3.6469080556787157,0.05364682911958785,False,53.55530203080428,32,0.05364682911958785,4,2000
L32_S990102,448,0.32124352331606215,INTERFACE,3.6469080556787157,0.05287585598882838,False,52.64790837172496,32,0.05287585598882838,4,2064
L32_S990102,464,0.3160621761658031,INTERFACE,3.6469080556787157,0.05219300756863077,False,51.62092243537866,32,0.05219300756863077,4,2128
L32_S990102,480,0.30569948186528495,INTERFACE,3.6469080556787157,0.051603462213382634,False,50.35455412268178,32,0.051603462213382634,4,2192
L32_S990102,496,0.3160621761658031,INTERFACE,3.6469080556787157,0.05108700937016308,False,50.73843066581405,32,0.05108700937016308,4,2256
L32_S990102,0,1.0,INTERFACE,3.6469080556787157,3.6469080556787152,False,153.8690771504802,32,34.34052323329755,16,272
L32_S990102,4,0.8756476683937824,INTERFACE,3.6469080556787157,3.6469080556787157,False,136.11115426469354,32,21.418736024856642,16,336
L32_S990102,8,0.7616580310880829,INTERFACE,3.6469080556787157,3.6469080556787157,False,118.67310767271752,32,8.823307593006824,16,400
L32_S990102,12,0.6787564766839378,INTERFACE,3.6469080556787157,0.6206699087440654,False,105.85825610321432,32,0.6206699087440654,16,464
L32_S990102,16,0.6580310880829016,INTERFACE,3.6469080556787157,0.5461385086895713,False,102.70025122108798,32,0.5461385086895713,16,528
L32_S990102,20,0.6373056994818653,INTERFACE,3.6469080556787157,0.4936511143919128,False,99.55063663169443,32,0.4936511143919128,16,592
L32_S990102,24,0.616580310880829,INTERFACE,3.6469080556787157,0.45358376993108107,False,96.7858305634357,32,0.45358376993108107,16,656
L32_S990102,28,0.5958549222797928,INTERFACE,3.6469080556787157,0.42162547489890967,False,93.75777899997827,32,0.42162547489890967,16,720
L32_S990102,32,0.5751295336787565,INTERFACE,3.6469080556787157,0.3953737687112385,False,90.7717839764465,32,0.3953737687112385,16,784
L32_S990102,36,0.5544041450777202,INTERFACE,3.6469080556787157,0.3733241801307132,False,87.77532556803891,32,0.3733241801307132,16,848
L32_S990102,40,0.533678756476684,INTERFACE,3.6469080556787157,0.35446753013812105,False,85.07692449294453,32,0.35446753013812105,16,912
L32_S990102,44,0.5129533678756477,INTERFACE,3.6469080556787157,0.3381028485184855,False,82.09944533833581,32,0.3381028485184855,16,976
L32_S990102,48,0.49740932642487046,INTERFACE,3.6469080556787157,0.3237112837755881,False,79.75161451765757,32,0.3237112837755881,16,1040
L32_S990102,52,0.49740932642487046,INTERFACE,3.6469080556787157,0.3108914488718655,False,79.04922565177215,32,0.3108914488718655,16,1104
L32_S990102,56,0.48186528497409326,INTERFACE,3.6469080556787157,0.2993567826115978,False,77.19137528332,32,0.2993567826115978,16,1168
L32_S990102,60,0.46632124352331605,INTERFACE,3.6469080556787157,0.2889075557498204,False,74.8653755336172,32,0.2889075557498204,16,1232
L32_S990102,64,0.46113989637305697,INTERFACE,3.6469080556787157,0.2793966086022043,False,73.54495474033173,32,0.2793966086022043,16,1296
L32_S990102,68,0.46632124352331605,INTERFACE,3.6469080556787157,0.2707102627604596,False,73.84995175816206,32,0.2707102627604596,16,1360
L32_S990102,72,0.44559585492227977,INTERFACE,3.6469080556787157,0.26276180933643134,False,71.57620386179455,32,0.26276180933643134,16,1424
L32_S990102,76,0.42487046632124353,INTERFACE,3.6469080556787157,0.2554732556425151,False,69.01829799362315,32,0.2554732556425151,16,1488
L32_S990102,80,0.41450777202072536,INTERFACE,3.6469080556787157,0.24871155910046283,False,67.19724133725235,32,0.24871155910046283,16,1552
L32_S990102,84,0.39896373056994816,INTERFACE,3.6469080556787157,0.242414935896204,False,65.15323499741766,32,0.242414935896204,16,1616
L32_S990102,88,0.40414507772020725,INTERFACE,3.6469080556787157,0.23661278914374584,False,65.24043414603946,32,0.23661278914374584,16,1680
L32_S990102,92,0.38860103626943004,INTERFACE,3.6469080556787157,0.23129652045454507,False,63.36206853083234,32,0.23129652045454507,16,1744
L32_S990102,96,0.38341968911917096,INTERFACE,3.6469080556787157,0.226428746314413,False,62.23457346883296,32,0.226428746314413,16,1808
L32_S990102,100,0.37823834196891193,INTERFACE,3.6469080556787157,0.22201370842874113,False,61.12704041722759,32,0.22201370842874113,16,1872
L32_S990102,104,0.37823834196891193,INTERFACE,3.6469080556787157,0.2180212217151296,False,60.84309419003397,32,0.2180212217151296,16,1936
L32_S990102,108,0.3626943005181347,INTERFACE,3.6469080556787157,0.21440674553757744,False,58.90653109252747,32,0.21440674553757744,16,2000
L32_S990102,112,0.35751295336787564,INTERFACE,3.6469080556787157,0.21110774848888136,False,58.00774008769085,32,0.21110774848888136,16,2064
L32_S990102,116,0.35233160621761656,INTERFACE,3.6469080556787157,0.20807962180994133,False,57.06754473265633,32,0.20807962180994133,16,2128
L32_S990102,120,0.3471502590673575,INTERFACE,3.6469080556787157,0.2053085453582676,False,56.03898875666339,32,0.2053085453582676,16,2192
L32_S990102,124,0.3316062176165803,INTERFACE,3.6469080556787157,0.2027735274145661,False,54.31065992119524,32,0.2027735274145661,16,2256
L32_S990102,0,1.0,INTERFACE,3.6469080556787157,3.6469080556787152,False,153.8690771504802,32,34.34052323329755,64,272
L32_S990102,1,0.9585492227979274,INTERFACE,3.6469080556787157,3.6469080556787157,False,147.58446495973342,32,31.71935862513418,64,336
L32_S990102,2,0.917098445595855,INTERFACE,3.6469080556787157,3.6469080556787157,False,141.40430263311976,32,29.242264985989365,64,400
L32_S990102,3,0.8756476683937824,INTERFACE,3.6469080556787157,3.6469080556787157,False,135.4902590704114,32,26.707226007937166,64,464
L32_S990102,4,0.844559585492228,INTERFACE,3.6469080556787157,3.6469080556787152,False,129.95454724640067,32,24.187964678165326,64,528
L32_S990102,5,0.8031088082901554,INTERFACE,3.6469080556787157,3.6469080556787157,False,124.27144400719489,32,21.773783420944373,64,592
L32_S990102,6,0.772020725388601,INTERFACE,3.6469080556787157,3.6469080556787152,False,118.48522948693105,32,19.362600983738925,64,656
L32_S990102,7,0.7357512953367875,INTERFACE,3.6469080556787157,3.6469080556787157,False,113.41907640690928,32,16.860806166061273,64,720
L32_S990102,8,0.7046632124352331,INTERFACE,3.6469080556787157,3.6469080556787157,False,108.10542592303382,32,14.348191632303848,64,784
L32_S990102,9,0.6735751295336787,INTERFACE,3.6469080556787157,3.6469080556787152,False,103.1024396447755,32,11.895306695115396,64,848
L32_S990102,10,0.6321243523316062,INTERFACE,3.6469080556787157,3.6469080556787157,False,97.22162744968774,32,9.332457051024374,64,912
L32_S990102,11,0.5958549222797928,INTERFACE,3.6469080556787157,3.6469080556787157,False,91.271859217296,32,6.8206885021497135,64,976
L32_S990102,12,0.5647668393782384,INTERFACE,3.6469080556787157,3.6469080556787157,False,86.31102922708753,32,4.366817014725552,64,1040
L32_S990102,13,0.5284974093264249,INTERFACE,3.6469080556787157,2.1944318588621905,False,81.15610758568779,32,2.194431858862191,64,1104
L32_S990102,14,0.5077720207253886,INTERFACE,3.6469080556787157,1.5152977705757325,False,78.31715566677555,32,1.5152977705757325,64,1168
L32_S990102,15,0.49740932642487046,INTERFACE,3.6469080556787157,1.4147397025648534,False,76.55815058117312,32,1.4147397025648534,64,1232
L32_S990102,16,0.48186528497409326,INTERFACE,3.6469080556787157,1.3350776508540492,False,74.42314113558591,32,1.3350776508540492,64,1296
L32_S990102,17,0.46632124352331605,INTERFACE,3.6469080556787157,1.2687353576821914,False,72.28568136400408,32,1.2687353576821911,64,1360
L32_S990102,18,0.45077720207253885,INTERFACE,3.6469080556787157,1.2119344752649797,False,70.12134558549204,32,1.2119344752649797,64,1424
L32_S990102,19,0.43523316062176165,INTERFACE,3.6469080556787157,1.1624117089827841,False,68.1113174321297,32,1.1624117089827841,64,1488
L32_S990102,20,0.41968911917098445,INTERFACE,3.6469080556787157,1.1185518523060582,False,66.03675149829813,32,1.1185518523060582,64,1552
L32_S990102,21,0.40932642487046633,INTERFACE,3.6469080556787157,1.0789708125993176,False,64.34281439436408,32,1.0789708125993176,64,1616
L32_S990102,22,0.39896373056994816,INTERFACE,3.6469080556787157,1.0431393182813276,False,62.99160982193201,32,1.0431393182813276,64,1680
L32_S990102,23,0.40932642487046633,INTERFACE,3.6469080556787157,1.010776541180337,False,63.13840181445139,32,1.010776541180337,64,1744
L32_S990102,24,0.38860103626943004,INTERFACE,3.6469080556787157,0.981752467474404,False,61.120108265589316,32,0.981752467474404,64,1808
L32_S990102,25,0.37823834196891193,INTERFACE,3.6469080556787157,0.9560340461830825,False,59.532423135627404,32,0.9560340461830825,64,1872
L32_S990102,26,0.36787564766839376,INTERFACE,3.6469080556787157,0.9330056292052726,False,58.17789087680685,32,0.9330056292052726,64,1936
L32_S990102,27,0.36787564766839376,INTERFACE,3.6469080556787157,0.9122485322294508,False,57.467437441519756,32,0.9122485322294508,64,2000
L32_S990102,28,0.35233160621761656,INTERFACE,3.6469080556787157,0.8935246345868185,False,55.831384484110465,32,0.8935246345868185,64,2064
L32_S990102,29,0.3471502590673575,INTERFACE,3.6469080556787157,0.8765856007879533,False,54.708344184303144,32,0.8765856007879533,64,2128
L32_S990102,30,0.32642487046632124,INTERFACE,3.6469080556787157,0.8612228866503319,False,52.538620984378475,32,0.8612228866503319,64,2192
L32_S990102,31,0.3316062176165803,INTERFACE,3.6469080556787157,0.8461245039069718,False,52.334549189198846,32,0.8461245039069718,64,2256
L32_S990102,0,1.0,DISPERSED,3.6469080556787157,3.6469080556787152,False,153.8690771504802,32,34.34052323329755,1,272
L32_S990102,64,0.6010362694300518,DISPERSED,3.6469080556787157,0.07160079431191502,False,95.13475971538725,32,0.07160079431191502,1,336
L32_S990102,128,0.44041450777202074,DISPERSED,3.6469080556787157,0.09421418949172844,False,70.09732272573228,32,0.09421418949172844,1,400
L32_S990102,192,0.32124352331606215,DISPERSED,3.6469080556787157,0.07481064380327285,False,52.16463932087619,32,0.07481064380327285,1,464
L32_S990102,256,0.15544041450777202,DISPERSED,3.6469080556787157,0.09629796151910242,False,26.23725901986357,32,0.09629796151910242,1,528
L32_S990102,320,0.02072538860103627,DISPERSED,3.6469080556787157,0.12421943907932509,False,3.441081689411501,32,0.12421943907932509,1,592
L32_S990102,384,0.0,DISPERSED,3.6469080556787157,0.0,True,0.0,32,10.307137621884806,1,656
L32_S990102,448,0.0,DISPERSED,3.6469080556787157,0.0,True,0.0,32,19.25761342506389,1,720
L32_S990102,512,0.0,DISPERSED,3.6469080556787157,0.0,True,0.0,32,27.996040751736967,1,784
L32_S990102,576,0.0,DISPERSED,3.6469080556787157,0.0,True,0.0,32,33.820218897415764,1,848
L32_S990102,640,0.0,DISPERSED,3.6469080556787157,0.0,True,0.0,32,38.69574832936626,1,912
L32_S990102,704,0.0,DISPERSED,3.6469080556787157,0.0,True,0.0,32,40.429652893775405,1,976
L32_S990102,768,0.0,DISPERSED,3.6469080556787157,0.0,True,0.0,32,40.989809451169556,1,1040
L32_S990102,832,0.0,DISPERSED,3.6469080556787157,0.0,True,0.0,32,43.32703732337656,1,1104
L32_S990102,896,0.0,DISPERSED,3.6469080556787157,0.0,True,0.0,32,45.25695258412533,1,1168
L32_S990102,960,0.0,DISPERSED,3.6469080556787157,0.0,True,0.0,32,47.22812870167929,1,1232
L32_S990102,1024,0.0,DISPERSED,3.6469080556787157,0.0,True,0.0,32,48.11872539764743,1,1296
L32_S990102,1088,0.0051813471502590676,DISPERSED,3.6469080556787157,0.4504644238843806,False,0.4504644238843806,32,49.1253484063897,1,1360
L32_S990102,1152,0.0,DISPERSED,3.6469080556787157,0.0,True,0.0,32,49.55897755692328,1,1424
L32_S990102,1216,0.0,DISPERSED,3.6469080556787157,0.0,True,0.0,32,49.45995808896899,1,1488
L32_S990102,1280,0.0,DISPERSED,3.6469080556787157,0.0,True,0.0,32,51.21892476851674,1,1552
L32_S990102,1344,0.0,DISPERSED,3.6469080556787157,0.0,True,0.0,32,52.22353117905675,1,1616
L32_S990102,1408,0.0,DISPERSED,3.6469080556787157,0.0,True,0.0,32,53.84831170339704,1,1680
L32_S990102,1472,0.0,DISPERSED,3.6469080556787157,0.0,True,0.0,32,54.74066533655555,1,1744
L32_S990102,1536,0.0,DISPERSED,3.6469080556787157,0.0,True,0.0,32,54.82309580862392,1,1808
L32_S990102,1600,0.0,DISPERSED,3.6469080556787157,0.0,True,0.0,32,56.22614891227154,1,1872
L32_S990102,1664,0.0,DISPERSED,3.6469080556787157,0.0,True,0.0,32,56.42094085344218,1,1936
L32_S990102,1728,0.0,DISPERSED,3.6469080556787157,0.0,True,0.0,32,56.67852084654214,1,2000
L32_S990102,1792,0.0,DISPERSED,3.6469080556787157,0.0,True,0.0,32,57.15921520491479,1,2064
L32_S990102,1856,0.0,DISPERSED,3.6469080556787157,0.0,True,0.0,32,57.601788262944176,1,2128
L32_S990102,1920,0.0,DISPERSED,3.6469080556787157,0.0,True,0.0,32,60.222873044256566,1,2192
L32_S990102,1984,0.0,DISPERSED,3.6469080556787157,0.0,True,0.0,32,60.99429258099471,1,2256
L32_S990102,0,1.0,DISPERSED,3.6469080556787157,3.6469080556787152,False,153.8690771504802,32,34.34052323329755,4,272
L32_S990102,16,0.6528497409326425,DISPERSED,3.6469080556787157,0.8207513727570496,False,102.49244220441228,32,0.8207513727570496,4,336
L32_S990102,32,0.49740932642487046,DISPERSED,3.6469080556787157,0.36326093478054844,False,79.3027435804802,32,0.36326093478054844,4,400
L32_S990102,48,0.36787564766839376,DISPERSED,3.6469080556787157,0.3369289193748438,False,59.21244936139819,32,0.3369289193748438,4,464
L32_S990102,64,0.24870466321243523,DISPERSED,3.6469080556787157,1.9831376746344755,False,40.68649564589319,32,1.9831376746344753,4,528
L32_S990102,80,0.11917098445595854,DISPERSED,3.6469080556787157,1.4423700829941528,False,20.049026799742435,32,1.4423700829941526,4,592
L32_S990102,96,0.0,DISPERSED,3.6469080556787157,0.0,True,0.0,32,4.516847711582733,4,656
L32_S990102,112,0.0,DISPERSED,3.6469080556787157,0.0,True,0.0,32,14.086899105451703,4,720
L32_S990102,128,0.0,DISPERSED,3.6469080556787157,0.0,True,0.0,32,23.256416506281763,4,784
L32_S990102,144,0.0,DISPERSED,3.6469080556787157,0.0,True,0.0,32,30.320910564502125,4,848
L32_S990102,160,0.0,DISPERSED,3.6469080556787157,0.0,True,0.0,32,35.78811729812615,4,912
L32_S990102,176,0.0,DISPERSED,3.6469080556787157,0.0,True,0.0,32,38.62152855321057,4,976
L32_S990102,192,0.0,DISPERSED,3.6469080556787157,0.0,True,0.0,32,41.632586630890394,4,1040
L32_S990102,208,0.0,DISPERSED,3.6469080556787157,0.0,True,0.0,32,43.35647308249498,4,1104
L32_S990102,224,0.0,DISPERSED,3.6469080556787157,0.0,True,0.0,32,45.56389518318223,4,1168
L32_S990102,240,0.0,DISPERSED,3.6469080556787157,0.0,True,0.0,32,46.55239156501156,4,1232
L32_S990102,256,0.0,DISPERSED,3.6469080556787157,0.0,True,0.0,32,48.268560731847266,4,1296
L32_S990102,272,0.0,DISPERSED,3.6469080556787157,0.0,True,0.0,32,49.27881116417417,4,1360
L32_S990102,288,0.0,DISPERSED,3.6469080556787157,0.0,True,0.0,32,51.08134210895014,4,1424
L32_S990102,304,0.0,DISPERSED,3.6469080556787157,0.0,True,0.0,32,51.7498424332411,4,1488
L32_S990102,320,0.0,DISPERSED,3.6469080556787157,0.0,True,0.0,32,52.39254740260019,4,1552
L32_S990102,336,0.0,DISPERSED,3.6469080556787157,0.0,True,0.0,32,53.04024818302696,4,1616
L32_S990102,352,0.0,DISPERSED,3.6469080556787157,0.0,True,0.0,32,54.606493737881046,4,1680
L32_S990102,368,0.0,DISPERSED,3.6469080556787157,0.0,True,0.0,32,56.03811345772276,4,1744
L32_S990102,384,0.0,DISPERSED,3.6469080556787157,0.0,True,0.0,32,56.435135767730266,4,1808
L32_S990102,400,0.0,DISPERSED,3.6469080556787157,0.0,True,0.0,32,57.399672163038574,4,1872
L32_S990102,416,0.0,DISPERSED,3.6469080556787157,0.0,True,0.0,32,58.41709715831635,4,1936
L32_S990102,432,0.0,DISPERSED,3.6469080556787157,0.0,True,0.0,32,59.407734346166094,4,2000
L32_S990102,448,0.0,DISPERSED,3.6469080556787157,0.0,True,0.0,32,59.64119038010867,4,2064
L32_S990102,464,0.0,DISPERSED,3.6469080556787157,0.0,True,0.0,32,60.88868375693734,4,2128
L32_S990102,480,0.0,DISPERSED,3.6469080556787157,0.0,True,0.0,32,61.53267045975971,4,2192
L32_S990102,496,0.0,DISPERSED,3.6469080556787157,0.0,True,0.0,32,61.76802380176629,4,2256
L32_S990102,0,1.0,DISPERSED,3.6469080556787157,3.6469080556787152,False,153.8690771504802,32,34.34052323329755,16,272
L32_S990102,4,0.8756476683937824,DISPERSED,3.6469080556787157,3.6469080556787157,False,136.22343616105792,32,24.059045022220843,16,336
L32_S990102,8,0.7616580310880829,DISPERSED,3.6469080556787157,3.646908055678716,False,119.08380438907658,32,17.14788589446767,16,400
L32_S990102,12,0.6476683937823834,DISPERSED,3.6469080556787157,3.6469080556787157,False,101.83738546495613,32,12.953782174123816,16,464
L32_S990102,16,0.538860103626943,DISPERSED,3.6469080556787157,3.646908055678716,False,85.00543037723413,32,9.692650938781853,16,528
L32_S990102,20,0.42487046632124353,DISPERSED,3.6469080556787157,3.6469080556787157,False,68.00286854991671,32,4.552536479032904,16,592
L32_S990102,24,0.3160621761658031,DISPERSED,3.6469080556787157,3.6469080556787157,False,51.33857420471885,32,7.134494837309791,16,656
L32_S990102,28,0.21243523316062177,DISPERSED,3.6469080556787157,3.6469080556787157,False,34.99624006360586,32,5.800601926489404,16,720
L32_S990102,32,0.10880829015544041,DISPERSED,3.6469080556787157,3.6469080556787152,False,18.212813249846306,32,7.259073516541583,16,784
L32_S990102,36,0.02072538860103627,DISPERSED,3.6469080556787157,2.8973329463742656,False,2.8973329463742656,32,8.511143686115044,16,848
L32_S990102,40,0.0,DISPERSED,3.6469080556787157,0.0,True,0.0,32,17.416326503167756,16,912
L32_S990102,44,0.0,DISPERSED,3.6469080556787157,0.0,True,0.0,32,21.873667002851516,16,976
L32_S990102,48,0.0051813471502590676,DISPERSED,3.6469080556787157,0.4526119998252162,False,0.4526119998252162,32,28.71194961271644,16,1040
L32_S990102,52,0.0,DISPERSED,3.6469080556787157,0.0,True,0.0,32,33.4162664981666,16,1104
L32_S990102,56,0.0,DISPERSED,3.6469080556787157,0.0,True,0.0,32,38.02443437619539,16,1168
L32_S990102,60,0.0,DISPERSED,3.6469080556787157,0.0,True,0.0,32,40.165608574482974,16,1232
L32_S990102,64,0.0,DISPERSED,3.6469080556787157,0.0,True,0.0,32,43.42778499421003,16,1296
L32_S990102,68,0.0,DISPERSED,3.6469080556787157,0.0,True,0.0,32,45.31203950918503,16,1360
L32_S990102,72,0.010362694300518135,DISPERSED,3.6469080556787157,0.9104650140779282,False,0.9104650140779282,32,46.11897025970795,16,1424
L32_S990102,76,0.0051813471502590676,DISPERSED,3.6469080556787157,0.4500508230922025,False,0.4500508230922025,32,46.20895808042878,16,1488
L32_S990102,80,0.0051813471502590676,DISPERSED,3.6469080556787157,0.4505985825151853,False,0.4505985825151853,32,46.548840416765,16,1552
L32_S990102,84,0.0,DISPERSED,3.6469080556787157,0.0,True,0.0,32,47.98510896157064,16,1616
L32_S990102,88,0.0,DISPERSED,3.6469080556787157,0.0,True,0.0,32,48.96953744758942,16,1680
L32_S990102,92,0.0,DISPERSED,3.6469080556787157,0.0,True,0.0,32,50.77044437248967,16,1744
L32_S990102,96,0.0,DISPERSED,3.6469080556787157,0.0,True,0.0,32,51.794649229688744,16,1808
L32_S990102,100,0.0,DISPERSED,3.6469080556787157,0.0,True,0.0,32,52.685691189831026,16,1872
L32_S990102,104,0.0051813471502590676,DISPERSED,3.6469080556787157,0.4504272127808118,False,0.4504272127808118,32,53.81617992666786,16,1936
L32_S990102,108,0.0,DISPERSED,3.6469080556787157,0.0,True,0.0,32,54.9451923543631,16,2000
L32_S990102,112,0.0,DISPERSED,3.6469080556787157,0.0,True,0.0,32,56.338941836261135,16,2064
L32_S990102,116,0.0,DISPERSED,3.6469080556787157,0.0,True,0.0,32,57.08818933293461,16,2128
L32_S990102,120,0.0,DISPERSED,3.6469080556787157,0.0,True,0.0,32,58.872979555259924,16,2192
L32_S990102,124,0.0,DISPERSED,3.6469080556787157,0.0,True,0.0,32,58.74389506396485,16,2256
L32_S990102,0,1.0,DISPERSED,3.6469080556787157,3.6469080556787152,False,153.8690771504802,32,34.34052323329755,64,272
L32_S990102,1,0.9585492227979274,DISPERSED,3.6469080556787157,3.646908055678716,False,147.6239647335926,32,33.46745025565856,64,336
L32_S990102,2,0.917098445595855,DISPERSED,3.6469080556787157,3.646908055678716,False,141.5237193770909,32,31.572566695344133,64,400
L32_S990102,3,0.8756476683937824,DISPERSED,3.6469080556787157,3.6469080556787152,False,135.7137214371526,32,29.722197730188768,64,464
L32_S990102,4,0.844559585492228,DISPERSED,3.6469080556787157,3.6469080556787157,False,130.29937635109007,32,30.6247585560176,64,528
L32_S990102,5,0.8031088082901554,DISPERSED,3.6469080556787157,3.6469080556787157,False,124.77380119709406,32,31.569160734414936,64,592
L32_S990102,6,0.772020725388601,DISPERSED,3.6469080556787157,3.6469080556787157,False,119.16446425786988,32,30.37310017006882,64,656
L32_S990102,7,0.7357512953367875,DISPERSED,3.6469080556787157,3.6469080556787157,False,114.28761968275603,32,30.851538217837675,64,720
L32_S990102,8,0.7046632124352331,DISPERSED,3.6469080556787157,3.6469080556787157,False,109.16937990950201,32,29.730551216534366,64,784
L32_S990102,9,0.6735751295336787,DISPERSED,3.6469080556787157,3.646908055678716,False,104.37878967449693,32,29.2020084238293,64,848
L32_S990102,10,0.6321243523316062,DISPERSED,3.6469080556787157,3.6469080556787157,False,98.72624719206611,32,28.19122601464756,64,912
L32_S990102,11,0.5958549222797928,DISPERSED,3.6469080556787157,3.6469080556787157,False,93.03333689555367,32,27.231818831725814,64,976
L32_S990102,12,0.5647668393782384,DISPERSED,3.6469080556787157,3.6469080556787152,False,88.29626960766565,32,27.92173287456292,64,1040
L32_S990102,13,0.5284974093264249,DISPERSED,3.6469080556787157,3.6469080556787157,False,83.00330504439007,32,26.585277822670474,64,1104
L32_S990102,14,0.49740932642487046,DISPERSED,3.6469080556787157,3.6469080556787157,False,77.92179961965894,32,26.423700497897197,64,1168
L32_S990102,15,0.46632124352331605,DISPERSED,3.6469080556787157,3.6469080556787152,False,73.22579815106249,32,28.880030537896552,64,1232
L32_S990102,16,0.43523316062176165,DISPERSED,3.6469080556787157,3.6469080556787152,False,68.38057632733194,32,28.244417724345013,64,1296
L32_S990102,17,0.40414507772020725,DISPERSED,3.6469080556787157,3.6469080556787157,False,63.58819659048173,32,26.9646540980445,64,1360
L32_S990102,18,0.36787564766839376,DISPERSED,3.6469080556787157,3.6469080556787157,False,58.16447824863227,32,26.73714577438243,64,1424
L32_S990102,19,0.3316062176165803,DISPERSED,3.6469080556787157,3.6469080556787152,False,52.832600889457424,32,27.145470001578044,64,1488
L32_S990102,20,0.29533678756476683,DISPERSED,3.6469080556787157,3.6469080556787157,False,47.270679015267014,32,28.18740916116864,64,1552
L32_S990102,21,0.2694300518134715,DISPERSED,3.6469080556787157,3.6469080556787157,False,42.52941220073118,32,26.80680251136684,64,1616
L32_S990102,22,0.23834196891191708,DISPERSED,3.6469080556787157,3.646908055678716,False,37.92382201350431,32,25.530889954859582,64,1680
L32_S990102,23,0.20725388601036268,DISPERSED,3.6469080556787157,3.646908055678716,False,32.761551029584545,32,27.156953069160313,64,1744
L32_S990102,24,0.17616580310880828,DISPERSED,3.6469080556787157,3.646908055678716,False,27.419585985482783,32,25.892351254561174,64,1808
L32_S990102,25,0.15544041450777202,DISPERSED,3.6469080556787157,3.6469080556787157,False,23.22383564024702,32,25.78696501119892,64,1872
L32_S990102,26,0.11917098445595854,DISPERSED,3.6469080556787157,3.6469080556787152,False,18.157843916098123,32,28.544625222046314,64,1936
L32_S990102,27,0.08808290155440414,DISPERSED,3.6469080556787157,3.6469080556787157,False,13.17320307431152,32,28.95005809101482,64,2000
L32_S990102,28,0.06735751295336788,DISPERSED,3.6469080556787157,3.6469080556787152,False,9.066912841763214,32,30.024778979266227,64,2064
L32_S990102,29,0.04145077720207254,DISPERSED,3.6469080556787157,3.646908055678716,False,5.503301119047293,32,31.223938124048065,64,2128
L32_S990102,30,0.010362694300518135,DISPERSED,3.6469080556787157,1.148478914964502,False,1.148478914964502,32,31.405678823328333,64,2192
L32_S990102,31,0.015544041450777202,DISPERSED,3.6469080556787157,1.4244040718490734,False,1.4244040718490734,32,32.693459622345436,64,2256
L32_S990103,0,1.0,INTERFACE,3.7040635342011408,3.7040635342011403,False,153.8278372318995,32,36.74212034789182,1,272
L32_S990103,64,0.6875,INTERFACE,3.7040635342011408,0.04928561767695683,False,107.88564445769538,32,0.04928561767695683,1,336
L32_S990103,128,0.640625,INTERFACE,3.7040635342011408,0.04126612544837582,False,100.99798816974712,32,0.04126612544837582,1,400
L32_S990103,192,0.6041666666666666,INTERFACE,3.7040635342011408,0.03641535889800751,False,95.63274530120195,32,0.03641535889800751,1,464
L32_S990103,256,0.5885416666666666,INTERFACE,3.7040635342011408,0.032989033405553814,False,92.45404830791274,32,0.032989033405553814,1,528
L32_S990103,320,0.5625,INTERFACE,3.7040635342011408,0.030372815945126197,False,88.70243445007884,32,0.030372815945126197,1,592
L32_S990103,384,0.5364583333333334,INTERFACE,3.7040635342011408,0.02827866875414331,False,85.14117086264139,32,0.02827866875414331,1,656
L32_S990103,448,0.5208333333333334,INTERFACE,3.7040635342011408,0.02654782978372472,False,82.60343624323954,32,0.02654782978372472,1,720
L32_S990103,512,0.5052083333333334,INTERFACE,3.7040635342011408,0.02508206443842964,False,80.02682793219745,32,0.02508206443842964,1,784
L32_S990103,576,0.484375,INTERFACE,3.7040635342011408,0.023816544172419296,False,77.22590707968004,32,0.023816544172419296,1,848
L32_S990103,640,0.46875,INTERFACE,3.7040635342011408,0.02270734058011803,False,74.84798115774605,32,0.02270734058011803,1,912
L32_S990103,704,0.4583333333333333,INTERFACE,3.7040635342011408,0.02172394046105297,False,72.96599836263537,32,0.02172394046105297,1,976
L32_S990103,768,0.4375,INTERFACE,3.7040635342011408,0.020844442698203514,False,70.2584154201467,32,0.020844442698203514,1,1040
L32_S990103,832,0.4166666666666667,INTERFACE,3.7040635342011408,0.020051249145508376,False,67.5963972909074,32,0.020051249145508376,1,1104
L32_S990103,896,0.4114583333333333,INTERFACE,3.7040635342011408,0.01932926690923986,False,66.31763716249844,32,0.01932926690923986,1,1168
L32_S990103,960,0.40625,INTERFACE,3.7040635342011408,0.01867168123168672,False,65.08025210235024,32,0.01867168123168672,1,1232
L32_S990103,1024,0.3854166666666667,INTERFACE,3.7040635342011408,0.018073805713895608,False,62.55022191005462,32,0.018073805713895608,1,1296
L32_S990103,1088,0.3802083333333333,INTERFACE,3.7040635342011408,0.017531473217913707,False,61.34275016938487,32,0.017531473217913707,1,1360
L32_S990103,1152,0.3697916666666667,INTERFACE,3.7040635342011408,0.017040330872548637,False,59.767569465457804,32,0.017040330872548637,1,1424
L32_S990103,1216,0.3645833333333333,INTERFACE,3.7040635342011408,0.016595872202912365,False,58.62478167395704,32,0.016595872202912365,1,1488
L32_S990103,1280,0.34375,INTERFACE,3.7040635342011408,0.016193981472176433,False,56.18086139491105,32,0.016193981472176433,1,1552
L32_S990103,1344,0.3385416666666667,INTERFACE,3.7040635342011408,0.015830960284872964,False,55.04624959329986,32,0.015830960284872964,1,1616
L32_S990103,1408,0.3229166666666667,INTERFACE,3.7040635342011408,0.015494081936233028,False,53.11494065899193,32,0.015494081936233028,1,1680
L32_S990103,1472,0.3177083333333333,INTERFACE,3.7040635342011408,0.015186249063111279,False,51.991376582895406,32,0.015186249063111279,1,1744
L32_S990103,1536,0.3125,INTERFACE,3.7040635342011408,0.014914689739675357,False,51.00120463976563,32,0.014914689739675357,1,1808
L32_S990103,1600,0.3072916666666667,INTERFACE,3.7040635342011408,0.01467793040007126,False,49.96952717658851,32,0.01467793040007126,1,1872
L32_S990103,1664,0.3020833333333333,INTERFACE,3.7040635342011408,0.014472377584067941,False,48.93313326288537,32,0.014472377584067941,1,1936
L32_S990103,1728,0.2864583333333333,INTERFACE,3.7040635342011408,0.014293786656891183,False,47.071351101784344,32,0.014293786656891183,1,2000
L32_S990103,1792,0.2864583333333333,INTERFACE,3.7040635342011408,0.014137499794311892,False,46.4960531017865,32,0.014137499794311892,1,2064
L32_S990103,1856,0.2864583333333333,INTERFACE,3.7040635342011408,0.013999891101680317,False,45.991460869488066,32,0.013999891101680317,1,2128
L32_S990103,1920,0.2708333333333333,INTERFACE,3.7040635342011408,0.013877974640231217,False,44.134722241644134,32,0.013877974640231217,1,2192
L32_S990103,1984,0.265625,INTERFACE,3.7040635342011408,0.013768898333572643,False,43.17026876688044,32,0.013768898333572643,1,2256
L32_S990103,0,1.0,INTERFACE,3.7040635342011408,3.7040635342011403,False,153.8278372318995,32,36.74212034789182,4,272
L32_S990103,16,0.6979166666666666,INTERFACE,3.7040635342011408,0.2038811959475194,False,109.56912372457313,32,0.2038811959475194,4,336
L32_S990103,32,0.6614583333333334,INTERFACE,3.7040635342011408,0.16867431473746364,False,103.47301510466492,32,0.16867431473746364,4,400
L32_S990103,48,0.6197916666666666,INTERFACE,3.7040635342011408,0.14804478062071935,False,97.5604765864156,32,0.14804478062071935,4,464
L32_S990103,64,0.5885416666666666,INTERFACE,3.7040635342011408,0.1336830692861226,False,92.98451318289317,32,0.1336830692861226,4,528
L32_S990103,80,0.5729166666666666,INTERFACE,3.7040635342011408,0.12281245496541948,False,90.29860989628227,32,0.12281245496541948,4,592
L32_S990103,96,0.5520833333333334,INTERFACE,3.7040635342011408,0.114165064377587,False,87.02960809096177,32,0.114165064377587,4,656
L32_S990103,112,0.546875,INTERFACE,3.7040635342011408,0.1070515261112619,False,85.47908055351246,32,0.1070515261112619,4,720
L32_S990103,128,0.5208333333333334,INTERFACE,3.7040635342011408,0.10105337106091683,False,81.93932856033628,32,0.10105337106091683,4,784
L32_S990103,144,0.5052083333333334,INTERFACE,3.7040635342011408,0.09589317783937068,False,79.55370947247278,32,0.09589317783937068,4,848
L32_S990103,160,0.484375,INTERFACE,3.7040635342011408,0.09138068062965765,False,76.88468624076054,32,0.09138068062965765,4,912
L32_S990103,176,0.46875,INTERFACE,3.7040635342011408,0.08738676576940185,False,74.64843099682234,32,0.08738676576940185,4,976
L32_S990103,192,0.453125,INTERFACE,3.7040635342011408,0.08381826565920747,False,72.30099732568075,32,0.08381826565920747,4,1040
L32_S990103,208,0.4322916666666667,INTERFACE,3.7040635342011408,0.08060672265600566,False,69.64435190046984,32,0.08060672265600566,4,1104
L32_S990103,224,0.421875,INTERFACE,3.7040635342011408,0.07769285593565356,False,68.00576666220933,32,0.07769285593565356,4,1168
L32_S990103,240,0.4427083333333333,INTERFACE,3.7040635342011408,0.07502919045226764,False,68.8670349893949,32,0.07502919045226764,4,1232
L32_S990103,256,0.3958333333333333,INTERFACE,3.7040635342011408,0.07259688352101124,False,64.25793815778361,32,0.07259688352101124,4,1296
L32_S990103,272,0.390625,INTERFACE,3.7040635342011408,0.07038182221143419,False,63.0313331148109,32,0.07038182221143419,4,1360
L32_S990103,288,0.3802083333333333,INTERFACE,3.7040635342011408,0.06836718309227119,False,61.46003651440099,32,0.06836718309227119,4,1424
L32_S990103,304,0.3645833333333333,INTERFACE,3.7040635342011408,0.06654347727394483,False,59.28862817046028,32,0.06654347727394483,4,1488
L32_S990103,320,0.359375,INTERFACE,3.7040635342011408,0.06488932171583528,False,58.292257250360535,32,0.06488932171583528,4,1552
L32_S990103,336,0.3645833333333333,INTERFACE,3.7040635342011408,0.06339221116387694,False,58.11212307519275,32,0.06339221116387694,4,1616
L32_S990103,352,0.34375,INTERFACE,3.7040635342011408,0.06203781712040968,False,55.610416680463565,32,0.06203781712040968,4,1680
L32_S990103,368,0.3333333333333333,INTERFACE,3.7040635342011408,0.06079705323121998,False,54.18576601553775,32,0.06079705323121998,4,1744
L32_S990103,384,0.328125,INTERFACE,3.7040635342011408,0.059629154163071685,False,53.21536558707702,32,0.059629154163071685,4,1808
L32_S990103,400,0.3125,INTERFACE,3.7040635342011408,0.05859360153950943,False,51.30477228362777,32,0.05859360153950943,4,1872
L32_S990103,416,0.3072916666666667,INTERFACE,3.7040635342011408,0.05767952018982092,False,50.27548032016681,32,0.05767952018982092,4,1936
L32_S990103,432,0.3072916666666667,INTERFACE,3.7040635342011408,0.05688214489550636,False,49.72851706874981,32,0.05688214489550636,4,2000
L32_S990103,448,0.3020833333333333,INTERFACE,3.7040635342011408,0.056191604988307664,False,48.76307860389998,32,0.056191604988307664,4,2064
L32_S990103,464,0.2916666666666667,INTERFACE,3.7040635342011408,0.05559297441256861,False,47.37084723350566,32,0.05559297441256861,4,2128
L32_S990103,480,0.2864583333333333,INTERFACE,3.7040635342011408,0.05505661167282805,False,46.245013591028545,32,0.05505661167282805,4,2192
L32_S990103,496,0.2760416666666667,INTERFACE,3.7040635342011408,0.05458832364722288,False,44.90442006263104,32,0.05458832364722288,4,2256
L32_S990103,0,1.0,INTERFACE,3.7040635342011408,3.7040635342011403,False,153.8278372318995,32,36.74212034789182,16,272
L32_S990103,4,0.875,INTERFACE,3.7040635342011408,3.7040635342011403,False,135.6863546979324,32,23.66123278333554,16,336
L32_S990103,8,0.7604166666666666,INTERFACE,3.7040635342011408,3.7040635342011408,False,117.86058917001748,32,10.992971270440359,16,400
L32_S990103,12,0.6614583333333334,INTERFACE,3.7040635342011408,0.6571044158473515,False,102.89829685866273,32,0.6571044158473515,16,464
L32_S990103,16,0.640625,INTERFACE,3.7040635342011408,0.5778843696029625,False,99.62883789689303,32,0.5778843696029625,16,528
L32_S990103,20,0.6197916666666666,INTERFACE,3.7040635342011408,0.522846153355727,False,96.50638275620668,32,0.522846153355727,16,592
L32_S990103,24,0.5989583333333334,INTERFACE,3.7040635342011408,0.48102287585199677,False,93.43118344925499,32,0.48102287585199677,16,656
L32_S990103,28,0.578125,INTERFACE,3.7040635342011408,0.4476794481216525,False,90.39154069633636,32,0.4476794481216525,16,720
L32_S990103,32,0.5572916666666666,INTERFACE,3.7040635342011408,0.42022835600363173,False,87.333777455746,32,0.42022835600363173,16,784
L32_S990103,36,0.5364583333333334,INTERFACE,3.7040635342011408,0.3970779697315552,False,84.59090804934101,32,0.3970779697315552,16,848
L32_S990103,40,0.515625,INTERFACE,3.7040635342011408,0.37718841579176365,False,81.54069494031319,32,0.37718841579176365,16,912
L32_S990103,44,0.4947916666666667,INTERFACE,3.7040635342011408,0.35981117900618786,False,78.52812475725943,32,0.35981117900618786,16,976
L32_S990103,48,0.4739583333333333,INTERFACE,3.7040635342011408,0.3444090621396654,False,75.46694583977866,32,0.3444090621396654,16,1040
L32_S990103,52,0.4583333333333333,INTERFACE,3.7040635342011408,0.3306077792497103,False,73.11948844428645,32,0.3306077792497103,16,1104
L32_S990103,56,0.46875,INTERFACE,3.7040635342011408,0.3181398480569806,False,73.55380080703956,32,0.3181398480569806,16,1168
L32_S990103,60,0.453125,INTERFACE,3.7040635342011408,0.3068189846054472,False,71.87273631177554,32,0.3068189846054472,16,1232
L32_S990103,64,0.4322916666666667,INTERFACE,3.7040635342011408,0.29650767734719874,False,69.34423158916174,32,0.29650767734719874,16,1296
L32_S990103,68,0.4114583333333333,INTERFACE,3.7040635342011408,0.28702548463704247,False,66.41138426323681,32,0.28702548463704247,16,1360
L32_S990103,72,0.4010416666666667,INTERFACE,3.7040635342011408,0.27824961301214035,False,64.80508447778855,32,0.27824961301214035,16,1424
L32_S990103,76,0.390625,INTERFACE,3.7040635342011408,0.27017432389341356,False,63.18212430704044,32,0.27017432389341356,16,1488
L32_S990103,80,0.3854166666666667,INTERFACE,3.7040635342011408,0.2628206956705762,False,62.07455155419064,32,0.2628206956705762,16,1552
L32_S990103,84,0.375,INTERFACE,3.7040635342011408,0.25613544063310933,False,60.6748247139858,32,0.25613544063310933,16,1616
L32_S990103,88,0.375,INTERFACE,3.7040635342011408,0.2500893155596897,False,60.055089411423396,32,0.2500893155596897,16,1680
L32_S990103,92,0.359375,INTERFACE,3.7040635342011408,0.24464266212354302,False,58.23263479657038,32,0.24464266212354302,16,1744
L32_S990103,96,0.3489583333333333,INTERFACE,3.7040635342011408,0.2397055917121349,False,56.66923983131474,32,0.2397055917121349,16,1808
L32_S990103,100,0.34375,INTERFACE,3.7040635342011408,0.2352386268063137,False,55.71818375019755,32,0.2352386268063137,16,1872
L32_S990103,104,0.34375,INTERFACE,3.7040635342011408,0.2311842279475439,False,55.09677693762463,32,0.2311842279475439,16,1936
L32_S990103,108,0.3385416666666667,INTERFACE,3.7040635342011408,0.22733495265556092,False,54.273225268844094,32,0.22733495265556092,16,2000
L32_S990103,112,0.3177083333333333,INTERFACE,3.7040635342011408,0.22381509290180646,False,51.84002782891038,32,0.22381509290180646,16,2064
L32_S990103,116,0.3125,INTERFACE,3.7040635342011408,0.22043812593916656,False,51.07196693360546,32,0.22043812593916656,16,2128
L32_S990103,120,0.3072916666666667,INTERFACE,3.7040635342011408,0.21764087683063826,False,49.95780792499648,32,0.21764087683063826,16,2192
L32_S990103,124,0.296875,INTERFACE,3.7040635342011408,0.21505194907769154,False,48.51969121376667,32,0.21505194907769154,16,2256
L32_S990103,0,1.0,INTERFACE,3.7040635342011408,3.7040635342011403,False,153.8278372318995,32,36.74212034789182,64,272
L32_S990103,1,0.9583333333333334,INTERFACE,3.7040635342011408,3.70406353420114,False,147.45552009944316,32,34.03852184881481,64,336
L32_S990103,2,0.921875,INTERFACE,3.7040635342011408,3.704063534201141,False,141.71915030169495,32,31.45743726473201,64,400
L32_S990103,3,0.8854166666666666,INTERFACE,3.7040635342011408,3.7040635342011408,False,136.31226039097123,32,28.87864625159827,64,464
L32_S990103,4,0.8541666666666666,INTERFACE,3.7040635342011408,3.704063534201141,False,130.67313046011375,32,26.313726299220793,64,528
L32_S990103,5,0.8125,INTERFACE,3.7040635342011408,3.7040635342011408,False,124.98245091130728,32,23.90458826871398,64,592
L32_S990103,6,0.78125,INTERFACE,3.7040635342011408,3.7040635342011408,False,119.21109813893489,32,21.498414768117573,64,656
L32_S990103,7,0.734375,INTERFACE,3.7040635342011408,3.7040635342011408,False,113.04330739458538,32,18.946058347280378,64,720
L32_S990103,8,0.7083333333333334,INTERFACE,3.7040635342011408,3.7040635342011408,False,107.80198529601797,32,16.54796523786955,64,784
L32_S990103,9,0.671875,INTERFACE,3.7040635342011408,3.7040635342011408,False,102.4683962486481,32,14.027524110622384,64,848
L32_S990103,10,0.6302083333333334,INTERFACE,3.7040635342011408,3.7040635342011408,False,96.36517938906431,32,11.497185700787314,64,912
L32_S990103,11,0.6041666666666666,INTERFACE,3.7040635342011408,3.7040635342011408,False,91.12786284527228,32,8.967316403132136,64,976
L32_S990103,12,0.5677083333333334,INTERFACE,3.7040635342011408,3.7040635342011408,False,85.78966588346582,32,6.359811812926685,64,1040
L32_S990103,13,0.53125,INTERFACE,3.7040635342011408,3.7040635342011403,False,80.19352479343233,32,3.977605090267624,64,1104
L32_S990103,14,0.5,INTERFACE,3.7040635342011408,1.8601319250045099,False,75.60061986037692,32,1.8601319250045099,64,1168
L32_S990103,15,0.484375,INTERFACE,3.7040635342011408,1.5586343144381463,False,73.45606641738217,32,1.5586343144381463,64,1232
L32_S990103,16,0.46875,INTERFACE,3.7040635342011408,1.4619000634156225,False,71.13930216308276,32,1.4619000634156225,64,1296
L32_S990103,17,0.453125,INTERFACE,3.7040635342011408,1.383399275056,False,68.9151614814181,32,1.383399275056,64,1360
L32_S990103,18,0.4322916666666667,INTERFACE,3.7040635342011408,1.3167761732625891,False,66.65667337692233,32,1.3167761732625891,64,1424
L32_S990103,19,0.421875,INTERFACE,3.7040635342011408,1.258761549453744,False,64.8481864098151,32,1.258761549453744,64,1488
L32_S990103,20,0.4114583333333333,INTERFACE,3.7040635342011408,1.2071784138717536,False,63.35126974315115,32,1.2071784138717536,64,1552
L32_S990103,21,0.3958333333333333,INTERFACE,3.7040635342011408,1.1610395152413777,False,61.331164260163774,32,1.1610395152413777,64,1616
L32_S990103,22,0.3802083333333333,INTERFACE,3.7040635342011408,1.1197768904113408,False,59.23697382628872,32,1.1197768904113408,64,1680
L32_S990103,23,0.3697916666666667,INTERFACE,3.7040635342011408,1.0829723994260507,False,57.54189839931144,32,1.0829723994260507,64,1744
L32_S990103,24,0.3645833333333333,INTERFACE,3.7040635342011408,1.0502103782699916,False,56.6172261822952,32,1.0502103782699919,64,1808
L32_S990103,25,0.3541666666666667,INTERFACE,3.7040635342011408,1.021107419703263,False,55.263282396566616,32,1.021107419703263,64,1872
L32_S990103,26,0.34375,INTERFACE,3.7040635342011408,0.9953879109552807,False,53.654693236917545,32,0.9953879109552807,64,1936
L32_S990103,27,0.328125,INTERFACE,3.7040635342011408,0.9725038242758643,False,51.93200996101471,32,0.9725038242758643,64,2000
L32_S990103,28,0.3177083333333333,INTERFACE,3.7040635342011408,0.9505140303266623,False,50.3343581427678,32,0.9505140303266623,64,2064
L32_S990103,29,0.3177083333333333,INTERFACE,3.7040635342011408,0.9315947194029808,False,49.87182686171757,32,0.9315947194029808,64,2128
L32_S990103,30,0.3072916666666667,INTERFACE,3.7040635342011408,0.915545597368117,False,48.50641823508567,32,0.915545597368117,64,2192
L32_S990103,31,0.3020833333333333,INTERFACE,3.7040635342011408,0.9009823820253036,False,47.65591581303117,32,0.9009823820253036,64,2256
L32_S990103,0,1.0,DISPERSED,3.7040635342011408,3.7040635342011403,False,153.8278372318995,32,37.28979576191631,1,272
L32_S990103,64,0.625,DISPERSED,3.7040635342011408,1.1602041801503329,False,98.10880479263271,32,1.1602041801503329,1,336
L32_S990103,128,0.5,DISPERSED,3.7040635342011408,0.06814542099057808,False,78.91007963088497,32,0.06814542099057808,1,400
L32_S990103,192,0.3802083333333333,DISPERSED,3.7040635342011408,0.07408734353014523,False,60.61246797673041,32,0.07408734353014523,1,464
L32_S990103,256,0.23958333333333334,DISPERSED,3.7040635342011408,0.6320910277774696,False,39.54043157178488,32,0.6320910277774696,1,528
L32_S990103,320,0.14583333333333334,DISPERSED,3.7040635342011408,0.07414171113620205,False,24.450602887941574,32,0.07414171113620205,1,592
L32_S990103,384,0.005208333333333333,DISPERSED,3.7040635342011408,0.581476654639884,False,0.581476654639884,32,0.6501208402305909,1,656
L32_S990103,448,0.0,DISPERSED,3.7040635342011408,0.0,True,0.0,32,11.630033482031932,1,720
L32_S990103,512,0.0,DISPERSED,3.7040635342011408,0.0,True,0.0,32,17.064086901571606,1,784
L32_S990103,576,0.0,DISPERSED,3.7040635342011408,0.0,True,0.0,32,22.465120197357127,1,848
L32_S990103,640,0.0,DISPERSED,3.7040635342011408,0.0,True,0.0,32,26.57465539498334,1,912
L32_S990103,704,0.0,DISPERSED,3.7040635342011408,0.0,True,0.0,32,31.63246403690939,1,976
L32_S990103,768,0.0,DISPERSED,3.7040635342011408,0.0,True,0.0,32,35.19784560827866,1,1040
L32_S990103,832,0.0,DISPERSED,3.7040635342011408,0.0,True,0.0,32,36.41428294826603,1,1104
L32_S990103,896,0.0,DISPERSED,3.7040635342011408,0.0,True,0.0,32,37.010918748470615,1,1168
L32_S990103,960,0.0,DISPERSED,3.7040635342011408,0.0,True,0.0,32,38.971251563583195,1,1232
L32_S990103,1024,0.0,DISPERSED,3.7040635342011408,0.0,True,0.0,32,40.3109803680001,1,1296
L32_S990103,1088,0.0,DISPERSED,3.7040635342011408,0.0,True,0.0,32,41.42220048292781,1,1360
L32_S990103,1152,0.0,DISPERSED,3.7040635342011408,0.0,True,0.0,32,41.27287897809145,1,1424
L32_S990103,1216,0.0,DISPERSED,3.7040635342011408,0.0,True,0.0,32,42.5141766690423,1,1488
L32_S990103,1280,0.0,DISPERSED,3.7040635342011408,0.0,True,0.0,32,42.80987366285808,1,1552
L32_S990103,1344,0.0,DISPERSED,3.7040635342011408,0.0,True,0.0,32,44.489920488247876,1,1616
L32_S990103,1408,0.0,DISPERSED,3.7040635342011408,0.0,True,0.0,32,45.61617228550016,1,1680
L32_S990103,1472,0.0,DISPERSED,3.7040635342011408,0.0,True,0.0,32,45.94458197156766,1,1744
L32_S990103,1536,0.0,DISPERSED,3.7040635342011408,0.0,True,0.0,32,46.269146238091665,1,1808
L32_S990103,1600,0.0,DISPERSED,3.7040635342011408,0.0,True,0.0,32,46.77217010474317,1,1872
L32_S990103,1664,0.0,DISPERSED,3.7040635342011408,0.0,True,0.0,32,47.276200039030684,1,1936
L32_S990103,1728,0.0,DISPERSED,3.7040635342011408,0.0,True,0.0,32,48.81032037892635,1,2000
L32_S990103,1792,0.0,DISPERSED,3.7040635342011408,0.0,True,0.0,32,48.449766042308845,1,2064
L32_S990103,1856,0.0,DISPERSED,3.7040635342011408,0.0,True,0.0,32,49.63707914646394,1,2128
L32_S990103,1920,0.0,DISPERSED,3.7040635342011408,0.0,True,0.0,32,50.21622861997826,1,2192
L32_S990103,1984,0.0,DISPERSED,3.7040635342011408,0.0,True,0.0,32,50.90974280657927,1,2256
L32_S990103,0,1.0,DISPERSED,3.7040635342011408,3.7040635342011403,False,153.8278372318995,32,37.28979576191631,4,272
L32_S990103,16,0.65625,DISPERSED,3.7040635342011408,0.2524289722949621,False,102.44452496470883,32,0.2524289722949621,4,336
L32_S990103,32,0.5572916666666666,DISPERSED,3.7040635342011408,0.7978730472865588,False,87.01417742861875,32,0.7978730472865588,4,400
L32_S990103,48,0.4427083333333333,DISPERSED,3.7040635342011408,0.8210196904293837,False,70.1618045401032,32,0.8210196904293837,4,464
L32_S990103,64,0.3229166666666667,DISPERSED,3.7040635342011408,0.3159323968010036,False,52.451509536934495,32,0.3159323968010036,4,528
L32_S990103,80,0.21354166666666666,DISPERSED,3.7040635342011408,0.8722404990650773,False,35.677863037975754,32,0.8722404990650773,4,592
L32_S990103,96,0.10416666666666667,DISPERSED,3.7040635342011408,1.991557827561367,False,17.89518965299801,32,1.991557827561367,4,656
L32_S990103,112,0.0,DISPERSED,3.7040635342011408,0.0,True,0.0,32,3.4768854507406046,4,720
L32_S990103,128,0.0,DISPERSED,3.7040635342011408,0.0,True,0.0,32,13.041097994488865,4,784
L32_S990103,144,0.005208333333333333,DISPERSED,3.7040635342011408,0.451143039338525,False,0.451143039338525,32,19.732177264410527,4,848
L32_S990103,160,0.0,DISPERSED,3.7040635342011408,0.0,True,0.0,32,24.8478522518341,4,912
L32_S990103,176,0.0,DISPERSED,3.7040635342011408,0.0,True,0.0,32,31.402091144278796,4,976
L32_S990103,192,0.0,DISPERSED,3.7040635342011408,0.0,True,0.0,32,35.798780687298,4,1040
L32_S990103,208,0.0,DISPERSED,3.7040635342011408,0.0,True,0.0,32,39.58118846731462,4,1104
L32_S990103,224,0.0,DISPERSED,3.7040635342011408,0.0,True,0.0,32,41.07614762823875,4,1168
L32_S990103,240,0.0,DISPERSED,3.7040635342011408,0.0,True,0.0,32,41.34466768628675,4,1232
L32_S990103,256,0.0,DISPERSED,3.7040635342011408,0.0,True,0.0,32,43.24575006668659,4,1296
L32_S990103,272,0.0,DISPERSED,3.7040635342011408,0.0,True,0.0,32,44.55002658200327,4,1360
L32_S990103,288,0.0,DISPERSED,3.7040635342011408,0.0,True,0.0,32,44.90464901117908,4,1424
L32_S990103,304,0.0,DISPERSED,3.7040635342011408,0.0,True,0.0,32,46.55811838547671,4,1488
L32_S990103,320,0.0,DISPERSED,3.7040635342011408,0.0,True,0.0,32,47.66696559998244,4,1552
L32_S990103,336,0.0,DISPERSED,3.7040635342011408,0.0,True,0.0,32,47.26114890704871,4,1616
L32_S990103,352,0.0,DISPERSED,3.7040635342011408,0.0,True,0.0,32,48.27989882989337,4,1680
L32_S990103,368,0.005208333333333333,DISPERSED,3.7040635342011408,0.4500984949382949,False,0.4500984949382949,32,49.6730293501666,4,1744
L32_S990103,384,0.0,DISPERSED,3.7040635342011408,0.0,True,0.0,32,50.60617258128662,4,1808
L32_S990103,400,0.005208333333333333,DISPERSED,3.7040635342011408,0.4500776048206733,False,0.4500776048206733,32,51.00594081869308,4,1872
L32_S990103,416,0.0,DISPERSED,3.7040635342011408,0.0,True,0.0,32,51.24264341645306,4,1936
L32_S990103,432,0.0,DISPERSED,3.7040635342011408,0.0,True,0.0,32,52.09469110333738,4,2000
L32_S990103,448,0.0,DISPERSED,3.7040635342011408,0.0,True,0.0,32,52.98892547657757,4,2064
L32_S990103,464,0.0,DISPERSED,3.7040635342011408,0.0,True,0.0,32,53.27998682094608,4,2128
L32_S990103,480,0.0,DISPERSED,3.7040635342011408,0.0,True,0.0,32,53.617572802012525,4,2192
L32_S990103,496,0.005208333333333333,DISPERSED,3.7040635342011408,0.4500558873948728,False,0.4500558873948728,32,54.959828605877355,4,2256
L32_S990103,0,1.0,DISPERSED,3.7040635342011408,3.7040635342011403,False,153.8278372318995,32,37.28979576191631,16,272
L32_S990103,4,0.875,DISPERSED,3.7040635342011408,3.7040635342011408,False,135.81166794967285,32,26.890460251371056,16,336
L32_S990103,8,0.7604166666666666,DISPERSED,3.7040635342011408,3.7040635342011408,False,118.24837825990038,32,17.830802719570134,16,400
L32_S990103,12,0.6458333333333334,DISPERSED,3.7040635342011408,3.7040635342011408,False,101.13662558205434,32,10.769243178710667,16,464
L32_S990103,16,0.53125,DISPERSED,3.7040635342011408,3.7040635342011408,False,83.57839690012844,32,5.8464562855692055,16,528
L32_S990103,20,0.421875,DISPERSED,3.7040635342011408,3.7040635342011408,False,66.53615912376868,32,4.228989963654084,16,592
L32_S990103,24,0.3125,DISPERSED,3.7040635342011408,1.9240249256997068,False,50.151386980284585,32,1.9240249256997066,16,656
L32_S990103,28,0.21875,DISPERSED,3.7040635342011408,2.2567685352943636,False,35.875073886893816,32,2.2567685352943636,16,720
L32_S990103,32,0.13541666666666666,DISPERSED,3.7040635342011408,3.7040635342011408,False,22.352573566240387,32,3.983906377912758,16,784
L32_S990103,36,0.03125,DISPERSED,3.7040635342011408,3.7040635342011408,False,4.568151700553838,32,4.899478191459062,16,848
L32_S990103,40,0.005208333333333333,DISPERSED,3.7040635342011408,0.4527396198244833,False,0.4527396198244833,32,13.623276939649617,16,912
L32_S990103,44,0.0,DISPERSED,3.7040635342011408,0.0,True,0.0,32,19.026338554689158,16,976
L32_S990103,48,0.0,DISPERSED,3.7040635342011408,0.0,True,0.0,32,25.33819247967243,16,1040
L32_S990103,52,0.0,DISPERSED,3.7040635342011408,0.0,True,0.0,32,30.843943658792604,16,1104
L32_S990103,56,0.005208333333333333,DISPERSED,3.7040635342011408,0.45508545971633285,False,0.45508545971633285,32,33.23950487584167,16,1168
L32_S990103,60,0.0,DISPERSED,3.7040635342011408,0.0,True,0.0,32,37.75205535529163,16,1232
L32_S990103,64,0.0,DISPERSED,3.7040635342011408,0.0,True,0.0,32,40.26015748007776,16,1296
L32_S990103,68,0.0,DISPERSED,3.7040635342011408,0.0,True,0.0,32,40.045594546012836,16,1360
L32_S990103,72,0.0,DISPERSED,3.7040635342011408,0.0,True,0.0,32,41.557589973112385,16,1424
L32_S990103,76,0.0,DISPERSED,3.7040635342011408,0.0,True,0.0,32,43.419017751495595,16,1488
L32_S990103,80,0.0,DISPERSED,3.7040635342011408,0.0,True,0.0,32,43.65434735900361,16,1552
L32_S990103,84,0.0,DISPERSED,3.7040635342011408,0.0,True,0.0,32,45.346960071429265,16,1616
L32_S990103,88,0.0,DISPERSED,3.7040635342011408,0.0,True,0.0,32,46.284329763293385,16,1680
L32_S990103,92,0.0,DISPERSED,3.7040635342011408,0.0,True,0.0,32,46.87914223189284,16,1744
L32_S990103,96,0.0,DISPERSED,3.7040635342011408,0.0,True,0.0,32,47.0285777400245,16,1808
L32_S990103,100,0.0,DISPERSED,3.7040635342011408,0.0,True,0.0,32,47.99492079301102,16,1872
L32_S990103,104,0.0,DISPERSED,3.7040635342011408,0.0,True,0.0,32,48.804253941119455,16,1936
L32_S990103,108,0.0,DISPERSED,3.7040635342011408,0.0,True,0.0,32,49.527130675442145,16,2000
L32_S990103,112,0.010416666666666666,DISPERSED,3.7040635342011408,0.9082737481341352,False,0.9082737481341352,32,50.190713123654966,16,2064
L32_S990103,116,0.0,DISPERSED,3.7040635342011408,0.0,True,0.0,32,51.29444995703147,16,2128
L32_S990103,120,0.005208333333333333,DISPERSED,3.7040635342011408,0.4502565019747432,False,0.4502565019747432,32,51.58898630246732,16,2192
L32_S990103,124,0.0,DISPERSED,3.7040635342011408,0.0,True,0.0,32,52.47237433512723,16,2256
L32_S990103,0,1.0,DISPERSED,3.7040635342011408,3.7040635342011403,False,153.8278372318995,32,37.28979576191631,64,272
L32_S990103,1,0.9583333333333334,DISPERSED,3.7040635342011408,3.704063534201141,False,147.49879877292224,32,34.735032212988514,64,336
L32_S990103,2,0.921875,DISPERSED,3.7040635342011408,3.7040635342011403,False,141.85044128465134,32,34.41547525696643,64,400
L32_S990103,3,0.8854166666666666,DISPERSED,3.7040635342011408,3.7040635342011403,False,136.56005211543717,32,33.65875188555063,64,464
L32_S990103,4,0.8541666666666666,DISPERSED,3.7040635342011408,3.7040635342011408,False,131.06737620353059,32,32.334790530870215,64,528
L32_S990103,5,0.8177083333333334,DISPERSED,3.7040635342011408,3.7040635342011408,False,125.96518612815353,32,30.599511892934824,64,592
L32_S990103,6,0.7864583333333334,DISPERSED,3.7040635342011408,3.704063534201141,False,120.60594006544586,32,28.817717523519914,64,656
L32_S990103,7,0.7395833333333334,DISPERSED,3.7040635342011408,3.7040635342011408,False,114.4531195653427,32,28.733925066250535,64,720
L32_S990103,8,0.7083333333333334,DISPERSED,3.7040635342011408,3.7040635342011408,False,109.26193686165641,32,27.1584214332802,64,784
L32_S990103,9,0.6770833333333334,DISPERSED,3.7040635342011408,3.7040635342011408,False,104.40396948620511,32,27.163354784336967,64,848
L32_S990103,10,0.6458333333333334,DISPERSED,3.7040635342011408,3.7040635342011408,False,99.6001699863885,32,27.314359547476922,64,912
L32_S990103,11,0.609375,DISPERSED,3.7040635342011408,3.7040635342011408,False,94.14584490421592,32,26.31619656782914,64,976
L32_S990103,12,0.578125,DISPERSED,3.7040635342011408,3.7040635342011408,False,89.09416463975467,32,26.463113842145113,64,1040
L32_S990103,13,0.546875,DISPERSED,3.7040635342011408,3.7040635342011408,False,84.43670208501027,32,24.045798801306578,64,1104
L32_S990103,14,0.5104166666666666,DISPERSED,3.7040635342011408,3.7040635342011408,False,78.94793980894622,32,25.546988917062517,64,1168
L32_S990103,15,0.4791666666666667,DISPERSED,3.7040635342011408,3.7040635342011408,False,73.8590783099677,32,25.243468208554262,64,1232
L32_S990103,16,0.4479166666666667,DISPERSED,3.7040635342011408,3.70406353420114,False,69.40649300085998,32,25.579775873906204,64,1296
L32_S990103,17,0.4114583333333333,DISPERSED,3.7040635342011408,3.7040635342011403,False,63.91332824925106,32,22.868638575106484,64,1360
L32_S990103,18,0.3802083333333333,DISPERSED,3.7040635342011408,3.7040635342011408,False,59.130854808341674,32,22.527340704221075,64,1424
L32_S990103,19,0.3385416666666667,DISPERSED,3.7040635342011408,3.7040635342011408,False,53.36228639301794,32,23.815013042624635,64,1488
L32_S990103,20,0.3072916666666667,DISPERSED,3.7040635342011408,3.704063534201141,False,48.48262223904733,32,22.39178185067169,64,1552
L32_S990103,21,0.2708333333333333,DISPERSED,3.7040635342011408,3.704063534201141,False,42.97976019085692,32,22.103183894322257,64,1616
L32_S990103,22,0.23958333333333334,DISPERSED,3.7040635342011408,3.7040635342011403,False,37.83860110493346,32,23.43521461247604,64,1680
L32_S990103,23,0.20833333333333334,DISPERSED,3.7040635342011408,3.7040635342011408,False,33.094032209538554,32,22.760022821134513,64,1744
L32_S990103,24,0.17708333333333334,DISPERSED,3.7040635342011408,3.7040635342011403,False,27.531306239954166,32,23.61625544582418,64,1808
L32_S990103,25,0.140625,DISPERSED,3.7040635342011408,3.7040635342011408,False,21.91142603153421,32,23.446483778115777,64,1872
L32_S990103,26,0.125,DISPERSED,3.7040635342011408,3.7040635342011403,False,18.205219343091326,32,25.177218010782575,64,1936
L32_S990103,27,0.09375,DISPERSED,3.7040635342011408,3.7040635342011403,False,13.630604284425457,32,24.896557655716983,64,2000
L32_S990103,28,0.06770833333333333,DISPERSED,3.7040635342011408,3.70406353420114,False,9.527197579531668,32,24.952153273721994,64,2064
L32_S990103,29,0.036458333333333336,DISPERSED,3.7040635342011408,3.7040635342011408,False,4.735527376559721,32,25.108531989998795,64,2128
L32_S990103,30,0.015625,DISPERSED,3.7040635342011408,1.4848868927300698,False,1.4848868927300698,32,27.601422238723032,64,2192
L32_S990103,31,0.005208333333333333,DISPERSED,3.7040635342011408,0.4669279022426997,False,0.4669279022426997,32,30.288697373687665,64,2256
L32_S990104,0,1.0,INTERFACE,3.7311725569887515,3.7311725569887515,False,150.09107617809295,32,38.78833667355282,1,272
L32_S990104,64,0.6492146596858639,INTERFACE,3.7311725569887515,0.05453877412075314,False,99.75188400862737,32,0.05453877412075314,1,336
L32_S990104,128,0.6020942408376964,INTERFACE,3.7311725569887515,0.045020233716205116,False,92.87088279028019,32,0.045020233716205116,1,400
L32_S990104,192,0.5602094240837696,INTERFACE,3.7311725569887515,0.03935697865324084,False,87.05916615905913,32,0.03935697865324084,1,464
L32_S990104,256,0.5340314136125655,INTERFACE,3.7311725569887515,0.03540202717412322,False,83.08724261795092,32,0.03540202717412322,1,528
L32_S990104,320,0.5078534031413613,INTERFACE,3.7311725569887515,0.03241226776045225,False,79.31858735816319,32,0.03241226776045225,1,592
L32_S990104,384,0.49214659685863876,INTERFACE,3.7311725569887515,0.030036781569787396,False,76.67910970100658,32,0.030036781569787396,1,656
L32_S990104,448,0.4712041884816754,INTERFACE,3.7311725569887515,0.02808244450700703,False,73.65644847804354,32,0.02808244450700703,1,720
L32_S990104,512,0.44502617801047123,INTERFACE,3.7311725569887515,0.026433622592456074,False,70.24415685694663,32,0.026433622592456074,1,784
L32_S990104,576,0.4293193717277487,INTERFACE,3.7311725569887515,0.025009748144443122,False,67.80471189191366,32,0.025009748144443122,1,848
L32_S990104,640,0.41361256544502617,INTERFACE,3.7311725569887515,0.023760199520933667,False,65.47879291796438,32,0.023760199520933667,1,912
L32_S990104,704,0.4031413612565445,INTERFACE,3.7311725569887515,0.022656344477814727,False,63.671486079121955,32,0.022656344477814727,1,976
L32_S990104,768,0.38219895287958117,INTERFACE,3.7311725569887515,0.021679229607000083,False,60.90898594574783,32,0.021679229607000083,1,1040
L32_S990104,832,0.36649214659685864,INTERFACE,3.7311725569887515,0.02081405272938186,False,58.69615517379356,32,0.02081405272938186,1,1104
L32_S990104,896,0.3612565445026178,INTERFACE,3.7311725569887515,0.020046188092558537,False,57.41731971262455,32,0.020046188092558537,1,1168
L32_S990104,960,0.3403141361256545,INTERFACE,3.7311725569887515,0.019348225847614975,False,54.896369093874426,32,0.019348225847614975,1,1232
L32_S990104,1024,0.3298429319371728,INTERFACE,3.7311725569887515,0.018732335779410247,False,53.24420760373242,32,0.018732335779410247,1,1296
L32_S990104,1088,0.3193717277486911,INTERFACE,3.7311725569887515,0.01819958174609293,False,51.66602292287664,32,0.01819958174609293,1,1360
L32_S990104,1152,0.3036649214659686,INTERFACE,3.7311725569887515,0.017741007871507897,False,49.57960172893766,32,0.017741007871507897,1,1424
L32_S990104,1216,0.29842931937172773,INTERFACE,3.7311725569887515,0.017346468551865724,False,48.46791342084287,32,0.017346468551865724,1,1488
L32_S990104,1280,0.2879581151832461,INTERFACE,3.7311725569887515,0.01700601894079734,False,46.9055211587618,32,0.01700601894079734,1,1552
L32_S990104,1344,0.2879581151832461,INTERFACE,3.7311725569887515,0.016710796311211307,False,46.24537941256092,32,0.016710796311211307,1,1616
L32_S990104,1408,0.2774869109947644,INTERFACE,3.7311725569887515,0.016452807535804026,False,44.71191091088307,32,0.016452807535804026,1,1680
L32_S990104,1472,0.2774869109947644,INTERFACE,3.7311725569887515,0.016225715816546638,False,44.11838662295517,32,0.016225715816546638,1,1744
L32_S990104,1536,0.2617801047120419,INTERFACE,3.7311725569887515,0.01602490264389711,False,42.18073187298995,32,0.01602490264389711,1,1808
L32_S990104,1600,0.2670157068062827,INTERFACE,3.7311725569887515,0.01584473124948349,False,42.035342199099546,32,0.01584473124948349,1,1872
L32_S990104,1664,0.2617801047120419,INTERFACE,3.7311725569887515,0.015680870929362656,False,41.034451267556186,32,0.015680870929362656,1,1936
L32_S990104,1728,0.2356020942408377,INTERFACE,3.7311725569887515,0.015517297813523845,False,38.25774472488808,32,0.015517297813523845,1,2000
L32_S990104,1792,0.2356020942408377,INTERFACE,3.7311725569887515,0.015411419744209565,False,37.74810814721388,32,0.015411419744209565,1,2064
L32_S990104,1856,0.24607329842931938,INTERFACE,3.7311725569887515,0.015372434793732292,False,38.192281482065546,32,0.015372434793732292,1,2128
L32_S990104,1920,0.2198952879581152,INTERFACE,3.7311725569887515,0.015349057547511369,False,35.436497448156004,32,0.015349057547511369,1,2192
L32_S990104,1984,0.225130890052356,INTERFACE,3.7311725569887515,0.015350809426819323,False,35.40230419171479,32,0.015350809426819323,1,2256
L32_S990104,0,1.0,INTERFACE,3.7311725569887515,3.7311725569887515,False,150.09107617809295,32,38.78833667355282,4,272
L32_S990104,16,0.6858638743455497,INTERFACE,3.7311725569887515,0.2311740526599121,False,104.10619630665559,32,0.2311740526599121,4,336
L32_S990104,32,0.6335078534031413,INTERFACE,3.7311725569887515,0.1861375181852808,False,97.04527682876797,32,0.1861375181852808,4,400
L32_S990104,48,0.5916230366492147,INTERFACE,3.7311725569887515,0.1611908191332726,False,91.36780658039653,32,0.1611908191332726,4,464
L32_S990104,64,0.5549738219895288,INTERFACE,3.7311725569887515,0.1442351924307569,False,86.44293813285545,32,0.1442351924307569,4,528
L32_S990104,80,0.5287958115183246,INTERFACE,3.7311725569887515,0.1316097889653305,False,82.51580076720433,32,0.1316097889653305,4,592
L32_S990104,96,0.5026178010471204,INTERFACE,3.7311725569887515,0.12169169380713563,False,78.65765095263677,32,0.12169169380713563,4,656
L32_S990104,112,0.4869109947643979,INTERFACE,3.7311725569887515,0.1135979323235744,False,75.99741049878172,32,0.1135979323235744,4,720
L32_S990104,128,0.46596858638743455,INTERFACE,3.7311725569887515,0.1068059065512641,False,73.11145210011333,32,0.1068059065512641,4,784
L32_S990104,144,0.4397905759162304,INTERFACE,3.7311725569887515,0.10099039768281237,False,69.90879251010098,32,0.10099039768281237,4,848
L32_S990104,160,0.43455497382198954,INTERFACE,3.7311725569887515,0.09590323455350869,False,68.55820424615295,32,0.09590323455350869,4,912
L32_S990104,176,0.41361256544502617,INTERFACE,3.7311725569887515,0.09139759318643259,False,65.81349229527977,32,0.09139759318643259,4,976
L32_S990104,192,0.39790575916230364,INTERFACE,3.7311725569887515,0.08738700638755847,False,63.59571307422398,32,0.08738700638755847,4,1040
L32_S990104,208,0.387434554973822,INTERFACE,3.7311725569887515,0.08381726724949101,False,61.84202601224101,32,0.08381726724949101,4,1104
L32_S990104,224,0.3769633507853403,INTERFACE,3.7311725569887515,0.08064136056768267,False,60.10542861346462,32,0.08064136056768267,4,1168
L32_S990104,240,0.35602094240837695,INTERFACE,3.7311725569887515,0.0778202578797691,False,57.455724340779696,32,0.0778202578797691,4,1232
L32_S990104,256,0.3507853403141361,INTERFACE,3.7311725569887515,0.07527478334842108,False,56.41207243298326,32,0.07527478334842108,4,1296
L32_S990104,272,0.33507853403141363,INTERFACE,3.7311725569887515,0.07296286111943773,False,54.26794526493712,32,0.07296286111943773,4,1360
L32_S990104,288,0.32460732984293195,INTERFACE,3.7311725569887515,0.07095095899199866,False,52.79111843047418,32,0.07095095899199866,4,1424
L32_S990104,304,0.31413612565445026,INTERFACE,3.7311725569887515,0.06920074243325658,False,51.06053927746596,32,0.06920074243325658,4,1488
L32_S990104,320,0.3193717277486911,INTERFACE,3.7311725569887515,0.0676956019774585,False,50.88846998115232,32,0.0676956019774585,4,1552
L32_S990104,336,0.3036649214659686,INTERFACE,3.7311725569887515,0.06639603803624261,False,48.88362873576831,32,0.06639603803624261,4,1616
L32_S990104,352,0.2931937172774869,INTERFACE,3.7311725569887515,0.06526622506948665,False,47.34678850282902,32,0.06526622506948665,4,1680
L32_S990104,368,0.28272251308900526,INTERFACE,3.7311725569887515,0.06428656955328615,False,45.87821555085867,32,0.06428656955328615,4,1744
L32_S990104,384,0.29842931937172773,INTERFACE,3.7311725569887515,0.06343555610366136,False,46.69195215334355,32,0.06343555610366136,4,1808
L32_S990104,400,0.27225130890052357,INTERFACE,3.7311725569887515,0.06266613026753642,False,43.80262856000838,32,0.06266613026753642,4,1872
L32_S990104,416,0.2670157068062827,INTERFACE,3.7311725569887515,0.062000595245454315,False,42.8521003544324,32,0.062000595245454315,4,1936
L32_S990104,432,0.25654450261780104,INTERFACE,3.7311725569887515,0.061392473522084656,False,41.32419705415217,32,0.061392473522084656,4,2000
L32_S990104,448,0.2513089005235602,INTERFACE,3.7311725569887515,0.060841478938561955,False,40.51042075345322,32,0.060841478938561955,4,2064
L32_S990104,464,0.2513089005235602,INTERFACE,3.7311725569887515,0.060319517024748914,False,39.8856157285572,32,0.060319517024748914,4,2128
L32_S990104,480,0.2356020942408377,INTERFACE,3.7311725569887515,0.059775328498004154,False,38.05142828741927,32,0.059775328498004154,4,2192
L32_S990104,496,0.23036649214659685,INTERFACE,3.7311725569887515,0.05953699417478486,False,37.144650613156436,32,0.05953699417478486,4,2256
L32_S990104,0,1.0,INTERFACE,3.7311725569887515,3.7311725569887515,False,150.09107617809295,32,38.78833667355282,16,272
L32_S990104,4,0.8691099476439791,INTERFACE,3.7311725569887515,3.7311725569887515,False,131.49915104144208,32,25.43995431480852,16,336
L32_S990104,8,0.7486910994764397,INTERFACE,3.7311725569887515,3.7311725569887515,False,113.6308580647554,32,12.68483444593187,16,400
L32_S990104,12,0.6387434554973822,INTERFACE,3.7311725569887515,0.7713871821951932,False,97.05419945253088,32,0.7713871821951932,16,464
L32_S990104,16,0.612565445026178,INTERFACE,3.7311725569887515,0.6492107925634631,False,93.17258422894302,32,0.6492107925634631,16,528
L32_S990104,20,0.5916230366492147,INTERFACE,3.7311725569887515,0.5759256381636504,False,90.03012028030479,32,0.5759256381636504,16,592
L32_S990104,24,0.5654450261780105,INTERFACE,3.7311725569887515,0.523390369725108,False,86.6171575912746,32,0.523390369725108,16,656
L32_S990104,28,0.5445026178010471,INTERFACE,3.7311725569887515,0.48288008812764105,False,83.82371195939554,32,0.48288008812764105,16,720
L32_S990104,32,0.5235602094240838,INTERFACE,3.7311725569887515,0.4502767370030606,False,80.78134859384947,32,0.4502767370030606,16,784
L32_S990104,36,0.5026178010471204,INTERFACE,3.7311725569887515,0.4231697581127972,False,77.93805729574912,32,0.4231697581127972,16,848
L32_S990104,40,0.47643979057591623,INTERFACE,3.7311725569887515,0.40006210249337615,False,74.50062047691938,32,0.40006210249337615,16,912
L32_S990104,44,0.45549738219895286,INTERFACE,3.7311725569887515,0.37999774943145015,False,71.71400975544134,32,0.37999774943145015,16,976
L32_S990104,48,0.43455497382198954,INTERFACE,3.7311725569887515,0.3623417639716957,False,68.97287183805693,32,0.3623417639716957,16,1040
L32_S990104,52,0.41361256544502617,INTERFACE,3.7311725569887515,0.3464922431315738,False,65.99974997090109,32,0.3464922431315738,16,1104
L32_S990104,56,0.39790575916230364,INTERFACE,3.7311725569887515,0.33219079714599953,False,63.73908362396333,32,0.33219079714599953,16,1168
L32_S990104,60,0.387434554973822,INTERFACE,3.7311725569887515,0.3193653652993229,False,61.860021243996925,32,0.3193653652993229,16,1232
L32_S990104,64,0.39267015706806285,INTERFACE,3.7311725569887515,0.3078959423591022,False,62.144158421847756,32,0.3078959423591022,16,1296
L32_S990104,68,0.3717277486910995,INTERFACE,3.7311725569887515,0.2976751852756526,False,59.54220050174519,32,0.2976751852756526,16,1360
L32_S990104,72,0.35602094240837695,INTERFACE,3.7311725569887515,0.2885648353872823,False,57.27409249974456,32,0.2885648353872823,16,1424
L32_S990104,76,0.3403141361256545,INTERFACE,3.7311725569887515,0.2801874870469685,False,55.272488407000424,32,0.2801874870469685,16,1488
L32_S990104,80,0.3298429319371728,INTERFACE,3.7311725569887515,0.2726524425972754,False,53.66226055949033,32,0.2726524425972754,16,1552
L32_S990104,84,0.3298429319371728,INTERFACE,3.7311725569887515,0.2660771458248734,False,52.674934978869985,32,0.2660771458248734,16,1616
L32_S990104,88,0.3298429319371728,INTERFACE,3.7311725569887515,0.2607083874137406,False,52.52328482018351,32,0.2607083874137406,16,1680
L32_S990104,92,0.3193717277486911,INTERFACE,3.7311725569887515,0.2559422431985041,False,51.21200986857701,32,0.2559422431985041,16,1744
L32_S990104,96,0.3089005235602094,INTERFACE,3.7311725569887515,0.25171714392547573,False,49.640711274689295,32,0.25171714392547573,16,1808
L32_S990104,100,0.2931937172774869,INTERFACE,3.7311725569887515,0.2478936330703917,False,47.522034541974044,32,0.2478936330703917,16,1872
L32_S990104,104,0.28272251308900526,INTERFACE,3.7311725569887515,0.24459421094436362,False,45.88425401319963,32,0.24459421094436362,16,1936
L32_S990104,108,0.2931937172774869,INTERFACE,3.7311725569887515,0.2418624631451236,False,46.34706409380251,32,0.2418624631451236,16,2000
L32_S990104,112,0.2774869109947644,INTERFACE,3.7311725569887515,0.23930968801021946,False,44.65633684811204,32,0.23930968801021946,16,2064
L32_S990104,116,0.27225130890052357,INTERFACE,3.7311725569887515,0.2371930852090799,False,43.739195915514166,32,0.2371930852090799,16,2128
L32_S990104,120,0.2670157068062827,INTERFACE,3.7311725569887515,0.23527142816945779,False,42.607437769251504,32,0.23527142816945779,16,2192
L32_S990104,124,0.2617801047120419,INTERFACE,3.7311725569887515,0.2334241849315437,False,41.706333431806065,32,0.2334241849315437,16,2256
L32_S990104,0,1.0,INTERFACE,3.7311725569887515,3.7311725569887515,False,150.09107617809295,32,38.78833667355282,64,272
L32_S990104,1,0.9581151832460733,INTERFACE,3.7311725569887515,3.7311725569887515,False,143.91726862777614,32,36.017868145758314,64,336
L32_S990104,2,0.9109947643979057,INTERFACE,3.7311725569887515,3.731172556988751,False,137.309761550683,32,33.47745999302647,64,400
L32_S990104,3,0.8795811518324608,INTERFACE,3.7311725569887515,3.7311725569887515,False,131.90197799652927,32,30.914642652401778,64,464
L32_S990104,4,0.8429319371727748,INTERFACE,3.7311725569887515,3.7311725569887515,False,126.52321922956872,32,28.41376885178716,64,528
L32_S990104,5,0.806282722513089,INTERFACE,3.7311725569887515,3.731172556988752,False,120.8071715442036,32,25.86230078235339,64,592
L32_S990104,6,0.7696335078534031,INTERFACE,3.7311725569887515,3.731172556988752,False,115.32152505778627,32,23.303433566154396,64,656
L32_S990104,7,0.7382198952879581,INTERFACE,3.7311725569887515,3.731172556988752,False,110.05267523592441,32,20.786361504851573,64,720
L32_S990104,8,0.7068062827225131,INTERFACE,3.7311725569887515,3.731172556988751,False,105.00906180551367,32,18.291345547310026,64,784
L32_S990104,9,0.6596858638743456,INTERFACE,3.7311725569887515,3.731172556988752,False,98.8421760807425,32,15.794515518895667,64,848
L32_S990104,10,0.6282722513089005,INTERFACE,3.7311725569887515,3.7311725569887515,False,93.19032370985317,32,13.2826985557746,64,912
L32_S990104,11,0.5863874345549738,INTERFACE,3.7311725569887515,3.731172556988752,False,87.48454142501079,32,10.133404234982853,64,976
L32_S990104,12,0.5497382198952879,INTERFACE,3.7311725569887515,3.7311725569887515,False,81.7585130493034,32,7.519652972187043,64,1040
L32_S990104,13,0.5130890052356021,INTERFACE,3.7311725569887515,3.731172556988751,False,76.31212243594246,32,5.489448037123453,64,1104
L32_S990104,14,0.4816753926701571,INTERFACE,3.7311725569887515,3.3428610261507115,False,71.2076080694029,32,3.3428610261507115,64,1168
L32_S990104,15,0.44502617801047123,INTERFACE,3.7311725569887515,1.8114920412965176,False,66.99176978203029,32,1.8114920412965174,64,1232
L32_S990104,16,0.42408376963350786,INTERFACE,3.7311725569887515,1.6489025487734943,False,64.06245877207377,32,1.6489025487734943,64,1296
L32_S990104,17,0.4083769633507853,INTERFACE,3.7311725569887515,1.5299614526701606,False,61.844534294372615,32,1.5299614526701606,64,1360
L32_S990104,18,0.39790575916230364,INTERFACE,3.7311725569887515,1.4350533308665754,False,60.1364519621957,32,1.4350533308665754,64,1424
L32_S990104,19,0.38219895287958117,INTERFACE,3.7311725569887515,1.3566278194700887,False,58.01336398254111,32,1.3566278194700887,64,1488
L32_S990104,20,0.36649214659685864,INTERFACE,3.7311725569887515,1.2907546292897591,False,55.87071366161137,32,1.2907546292897591,64,1552
L32_S990104,21,0.34554973821989526,INTERFACE,3.7311725569887515,1.2343390278758424,False,53.54774825476759,32,1.2343390278758424,64,1616
L32_S990104,22,0.33507853403141363,INTERFACE,3.7311725569887515,1.1845680685761844,False,51.80970113268376,32,1.1845680685761844,64,1680
L32_S990104,23,0.32460732984293195,INTERFACE,3.7311725569887515,1.1418272977548778,False,50.362976458059606,32,1.1418272977548778,64,1744
L32_S990104,24,0.3089005235602094,INTERFACE,3.7311725569887515,1.1064260452105317,False,48.24790277744502,32,1.1064260452105317,64,1808
L32_S990104,25,0.29842931937172773,INTERFACE,3.7311725569887515,1.077524882846567,False,46.52119195326414,32,1.077524882846567,64,1872
L32_S990104,26,0.29842931937172773,INTERFACE,3.7311725569887515,1.0539672258688322,False,46.032937771775366,32,1.0539672258688322,64,1936
L32_S990104,27,0.2931937172774869,INTERFACE,3.7311725569887515,1.0347867747456279,False,45.2553377013043,32,1.0347867747456279,64,2000
L32_S990104,28,0.28272251308900526,INTERFACE,3.7311725569887515,1.0186817653773197,False,43.92126829955407,32,1.0186817653773197,64,2064
L32_S990104,29,0.28272251308900526,INTERFACE,3.7311725569887515,1.0042259490958925,False,43.199002013454276,32,1.0042259490958925,64,2128
L32_S990104,30,0.2670157068062827,INTERFACE,3.7311725569887515,0.9916198139125697,False,41.568992351820256,32,0.9916198139125697,64,2192
L32_S990104,31,0.2670157068062827,INTERFACE,3.7311725569887515,0.9800118415109798,False,40.84097613548793,32,0.9800118415109796,64,2256
L32_S990104,0,1.0,DISPERSED,3.7311725569887515,3.7311725569887515,False,150.09107617809295,32,38.78833667355281,1,272
L32_S990104,64,0.5759162303664922,DISPERSED,3.7311725569887515,0.06751382285245766,False,88.29559361444346,32,0.06751382285245766,1,336
L32_S990104,128,0.450261780104712,DISPERSED,3.7311725569887515,0.07469792393484975,False,70.11823797039791,32,0.07469792393484975,1,400
L32_S990104,192,0.31413612565445026,DISPERSED,3.7311725569887515,0.0788615017099561,False,49.5435267345143,32,0.0788615017099561,1,464
L32_S990104,256,0.17801047120418848,DISPERSED,3.7311725569887515,0.08288100206195914,False,28.93315160558388,32,0.08288100206195914,1,528
L32_S990104,320,0.041884816753926704,DISPERSED,3.7311725569887515,0.10017560066028375,False,6.935088218981789,32,0.10017560066028375,1,592
L32_S990104,384,0.0,DISPERSED,3.7311725569887515,0.0,True,0.0,32,7.710053094468884,1,656
L32_S990104,448,0.0,DISPERSED,3.7311725569887515,0.0,True,0.0,32,13.662769645350059,1,720
L32_S990104,512,0.0,DISPERSED,3.7311725569887515,0.0,True,0.0,32,21.07193264001613,1,784
L32_S990104,576,0.0,DISPERSED,3.7311725569887515,0.0,True,0.0,32,25.918046938823167,1,848
L32_S990104,640,0.0,DISPERSED,3.7311725569887515,0.0,True,0.0,32,28.225156805841706,1,912
L32_S990104,704,0.0,DISPERSED,3.7311725569887515,0.0,True,0.0,32,29.614204739250567,1,976
L32_S990104,768,0.0,DISPERSED,3.7311725569887515,0.0,True,0.0,32,31.28928314821792,1,1040
L32_S990104,832,0.0,DISPERSED,3.7311725569887515,0.0,True,0.0,32,33.42260208305625,1,1104
L32_S990104,896,0.0,DISPERSED,3.7311725569887515,0.0,True,0.0,32,35.923549944064,1,1168
L32_S990104,960,0.0,DISPERSED,3.7311725569887515,0.0,True,0.0,32,37.03405669149489,1,1232
L32_S990104,1024,0.0,DISPERSED,3.7311725569887515,0.0,True,0.0,32,37.595383064448185,1,1296
L32_S990104,1088,0.0,DISPERSED,3.7311725569887515,0.0,True,0.0,32,38.83938464767801,1,1360
L32_S990104,1152,0.0,DISPERSED,3.7311725569887515,0.0,True,0.0,32,39.985829830128054,1,1424
L32_S990104,1216,0.0,DISPERSED,3.7311725569887515,0.0,True,0.0,32,41.441510596458215,1,1488
L32_S990104,1280,0.0,DISPERSED,3.7311725569887515,0.0,True,0.0,32,42.12220486050749,1,1552
L32_S990104,1344,0.0,DISPERSED,3.7311725569887515,0.0,True,0.0,32,43.916167707328846,1,1616
L32_S990104,1408,0.0,DISPERSED,3.7311725569887515,0.0,True,0.0,32,44.83341026080138,1,1680
L32_S990104,1472,0.0,DISPERSED,3.7311725569887515,0.0,True,0.0,32,44.50627137266197,1,1744
L32_S990104,1536,0.0,DISPERSED,3.7311725569887515,0.0,True,0.0,32,45.015642872337374,1,1808
L32_S990104,1600,0.0,DISPERSED,3.7311725569887515,0.0,True,0.0,32,46.324614577935385,1,1872
L32_S990104,1664,0.0,DISPERSED,3.7311725569887515,0.0,True,0.0,32,46.4307034105381,1,1936
L32_S990104,1728,0.0,DISPERSED,3.7311725569887515,0.0,True,0.0,32,47.275651469847254,1,2000
L32_S990104,1792,0.0,DISPERSED,3.7311725569887515,0.0,True,0.0,32,48.65855593455262,1,2064
L32_S990104,1856,0.0,DISPERSED,3.7311725569887515,0.0,True,0.0,32,48.996477419880804,1,2128
L32_S990104,1920,0.0,DISPERSED,3.7311725569887515,0.0,True,0.0,32,49.64327592099398,1,2192
L32_S990104,1984,0.0,DISPERSED,3.7311725569887515,0.0,True,0.0,32,49.83986557651319,1,2256
L32_S990104,0,1.0,DISPERSED,3.7311725569887515,3.7311725569887515,False,150.09107617809295,32,38.78833667355281,4,272
L32_S990104,16,0.6282722513089005,DISPERSED,3.7311725569887515,0.2823913642046919,False,96.11127927872438,32,0.2823913642046919,4,336
L32_S990104,32,0.5130890052356021,DISPERSED,3.7311725569887515,1.3830375291104486,False,79.24939570143997,32,1.3830375291104486,4,400
L32_S990104,48,0.387434554973822,DISPERSED,3.7311725569887515,0.8761692146288437,False,60.678358544882144,32,0.8761692146288437,4,464
L32_S990104,64,0.2774869109947644,DISPERSED,3.7311725569887515,1.4284240588303678,False,43.93912480924048,32,1.4284240588303678,4,528
L32_S990104,80,0.14659685863874344,DISPERSED,3.7311725569887515,0.8711403652457982,False,23.970702160233824,32,0.8711403652457982,4,592
L32_S990104,96,0.015706806282722512,DISPERSED,3.7311725569887515,2.543213949526187,False,2.543213949526187,32,2.6079626249857424,4,656
L32_S990104,112,0.0,DISPERSED,3.7311725569887515,0.0,True,0.0,32,11.57605158517606,4,720
L32_S990104,128,0.0,DISPERSED,3.7311725569887515,0.0,True,0.0,32,19.122077913867532,4,784
L32_S990104,144,0.0,DISPERSED,3.7311725569887515,0.0,True,0.0,32,24.88624929414098,4,848
L32_S990104,160,0.0,DISPERSED,3.7311725569887515,0.0,True,0.0,32,27.36576361973976,4,912
L32_S990104,176,0.0,DISPERSED,3.7311725569887515,0.0,True,0.0,32,32.506207479778915,4,976
L32_S990104,192,0.0,DISPERSED,3.7311725569887515,0.0,True,0.0,32,35.11759755304036,4,1040
L32_S990104,208,0.0,DISPERSED,3.7311725569887515,0.0,True,0.0,32,36.03755116725558,4,1104
L32_S990104,224,0.0,DISPERSED,3.7311725569887515,0.0,True,0.0,32,36.84073754498755,4,1168
L32_S990104,240,0.0,DISPERSED,3.7311725569887515,0.0,True,0.0,32,38.493580955221205,4,1232
L32_S990104,256,0.0,DISPERSED,3.7311725569887515,0.0,True,0.0,32,38.69593758654368,4,1296
L32_S990104,272,0.0,DISPERSED,3.7311725569887515,0.0,True,0.0,32,40.00923728242894,4,1360
L32_S990104,288,0.0,DISPERSED,3.7311725569887515,0.0,True,0.0,32,42.17307491022077,4,1424
L32_S990104,304,0.0,DISPERSED,3.7311725569887515,0.0,True,0.0,32,43.241748025559204,4,1488
L32_S990104,320,0.0,DISPERSED,3.7311725569887515,0.0,True,0.0,32,44.29158556265528,4,1552
L32_S990104,336,0.0,DISPERSED,3.7311725569887515,0.0,True,0.0,32,46.265716557792096,4,1616
L32_S990104,352,0.0,DISPERSED,3.7311725569887515,0.0,True,0.0,32,47.1733331611102,4,1680
L32_S990104,368,0.0,DISPERSED,3.7311725569887515,0.0,True,0.0,32,46.540854838658696,4,1744
L32_S990104,384,0.0,DISPERSED,3.7311725569887515,0.0,True,0.0,32,46.96292831152171,4,1808
L32_S990104,400,0.0,DISPERSED,3.7311725569887515,0.0,True,0.0,32,48.33847374441826,4,1872
L32_S990104,416,0.0,DISPERSED,3.7311725569887515,0.0,True,0.0,32,48.66461601493401,4,1936
L32_S990104,432,0.0,DISPERSED,3.7311725569887515,0.0,True,0.0,32,50.45005983846796,4,2000
L32_S990104,448,0.0,DISPERSED,3.7311725569887515,0.0,True,0.0,32,50.51580190885849,4,2064
L32_S990104,464,0.0,DISPERSED,3.7311725569887515,0.0,True,0.0,32,50.49412950814896,4,2128
L32_S990104,480,0.0,DISPERSED,3.7311725569887515,0.0,True,0.0,32,51.229632714005696,4,2192
L32_S990104,496,0.0,DISPERSED,3.7311725569887515,0.0,True,0.0,32,52.012239169890805,4,2256
L32_S990104,0,1.0,DISPERSED,3.7311725569887515,3.7311725569887515,False,150.09107617809295,32,38.78833667355281,16,272
L32_S990104,4,0.8691099476439791,DISPERSED,3.7311725569887515,3.731172556988751,False,131.637370823482,32,29.27225427829306,16,336
L32_S990104,8,0.7539267015706806,DISPERSED,3.7311725569887515,3.731172556988751,False,114.53165467896287,32,20.52162432430204,16,400
L32_S990104,12,0.6387434554973822,DISPERSED,3.7311725569887515,3.7311725569887515,False,97.29761013115855,32,10.16350476645501,16,464
L32_S990104,16,0.518324607329843,DISPERSED,3.7311725569887515,3.731172556988751,False,79.54424302113338,32,6.859273194383015,16,528
L32_S990104,20,0.4031413612565445,DISPERSED,3.7311725569887515,3.7311725569887515,False,62.50956988090282,32,4.680242494823289,16,592
L32_S990104,24,0.29842931937172773,DISPERSED,3.7311725569887515,2.9952475123367215,False,46.86970155021774,32,2.9952475123367215,16,656
L32_S990104,28,0.18324607329842932,DISPERSED,3.7311725569887515,3.731172556988752,False,29.53267786268138,32,6.1730072613424944,16,720
L32_S990104,32,0.08376963350785341,DISPERSED,3.7311725569887515,3.731172556988752,False,13.202264129156847,32,5.894263436639606,16,784
L32_S990104,36,0.0,DISPERSED,3.7311725569887515,0.0,True,0.0,32,5.555447022040054,16,848
L32_S990104,40,0.005235602094240838,DISPERSED,3.7311725569887515,0.4661357509271159,False,0.4661357509271159,32,17.920677811721927,16,912
L32_S990104,44,0.0,DISPERSED,3.7311725569887515,0.0,True,0.0,32,25.21132032759162,16,976
L32_S990104,48,0.0,DISPERSED,3.7311725569887515,0.0,True,0.0,32,27.620070656377333,16,1040
L32_S990104,52,0.0,DISPERSED,3.7311725569887515,0.0,True,0.0,32,31.08028264427079,16,1104
L32_S990104,56,0.0,DISPERSED,3.7311725569887515,0.0,True,0.0,32,33.11415813610334,16,1168
L32_S990104,60,0.0,DISPERSED,3.7311725569887515,0.0,True,0.0,32,34.728271941179464,16,1232
L32_S990104,64,0.0,DISPERSED,3.7311725569887515,0.0,True,0.0,32,37.71306172580913,16,1296
L32_S990104,68,0.005235602094240838,DISPERSED,3.7311725569887515,0.4508588010478931,False,0.4508588010478931,32,38.042228420056446,16,1360
L32_S990104,72,0.005235602094240838,DISPERSED,3.7311725569887515,0.45334644704862315,False,0.45334644704862315,32,39.882788779575336,16,1424
L32_S990104,76,0.0,DISPERSED,3.7311725569887515,0.0,True,0.0,32,40.58927050787349,16,1488
L32_S990104,80,0.005235602094240838,DISPERSED,3.7311725569887515,0.45112428239434416,False,0.45112428239434416,32,41.55968727094045,16,1552
L32_S990104,84,0.0,DISPERSED,3.7311725569887515,0.0,True,0.0,32,42.06322200358109,16,1616
L32_S990104,88,0.005235602094240838,DISPERSED,3.7311725569887515,0.45425458204562946,False,0.45425458204562946,32,43.083087823429906,16,1680
L32_S990104,92,0.0,DISPERSED,3.7311725569887515,0.0,True,0.0,32,43.85151034746262,16,1744
L32_S990104,96,0.0,DISPERSED,3.7311725569887515,0.0,True,0.0,32,45.36839511921719,16,1808
L32_S990104,100,0.0,DISPERSED,3.7311725569887515,0.0,True,0.0,32,46.19945369511458,16,1872
L32_S990104,104,0.0,DISPERSED,3.7311725569887515,0.0,True,0.0,32,46.015848049586864,16,1936
L32_S990104,108,0.0,DISPERSED,3.7311725569887515,0.0,True,0.0,32,46.96800445961069,16,2000
L32_S990104,112,0.0,DISPERSED,3.7311725569887515,0.0,True,0.0,32,48.2611784455514,16,2064
L32_S990104,116,0.0,DISPERSED,3.7311725569887515,0.0,True,0.0,32,48.92431072976807,16,2128
L32_S990104,120,0.0,DISPERSED,3.7311725569887515,0.0,True,0.0,32,49.65420867827837,16,2192
L32_S990104,124,0.005235602094240838,DISPERSED,3.7311725569887515,0.4516919828776428,False,0.4516919828776428,32,50.83795762082797,16,2256
L32_S990104,0,1.0,DISPERSED,3.7311725569887515,3.7311725569887515,False,150.09107617809295,32,38.78833667355281,64,272
L32_S990104,1,0.9581151832460733,DISPERSED,3.7311725569887515,3.731172556988752,False,143.96862257115336,32,36.75094625207702,64,336
L32_S990104,2,0.9109947643979057,DISPERSED,3.7311725569887515,3.731172556988752,False,137.44316862009254,32,37.50203104382766,64,400
L32_S990104,3,0.8795811518324608,DISPERSED,3.7311725569887515,3.7311725569887515,False,132.15164557769552,32,35.552440926133855,64,464
L32_S990104,4,0.8429319371727748,DISPERSED,3.7311725569887515,3.731172556988751,False,126.90990461775222,32,33.689910893979736,64,528
L32_S990104,5,0.806282722513089,DISPERSED,3.7311725569887515,3.731172556988752,False,121.32767667612646,32,31.922616085279206,64,592
L32_S990104,6,0.7696335078534031,DISPERSED,3.7311725569887515,3.731172556988752,False,115.97871841088356,32,30.100827176999143,64,656
L32_S990104,7,0.7382198952879581,DISPERSED,3.7311725569887515,3.731172556988752,False,110.8795566990513,32,28.889388630952265,64,720
L32_S990104,8,0.7068062827225131,DISPERSED,3.7311725569887515,3.731172556988751,False,106.02308452883575,32,28.2597763108416,64,784
L32_S990104,9,0.6596858638743456,DISPERSED,3.7311725569887515,3.7311725569887515,False,100.04130474033728,32,26.589918024609958,64,848
L32_S990104,10,0.6282722513089005,DISPERSED,3.7311725569887515,3.731172556988751,False,94.59882529431682,32,27.67738133277219,64,912
L32_S990104,11,0.5916230366492147,DISPERSED,3.7311725569887515,3.731172556988752,False,89.57012499340843,32,27.64467754916289,64,976
L32_S990104,12,0.5549738219895288,DISPERSED,3.7311725569887515,3.731172556988751,False,84.0944221552526,32,26.56084557871361,64,1040
L32_S990104,13,0.518324607329843,DISPERSED,3.7311725569887515,3.731172556988752,False,78.83420408740943,32,25.50213587348771,64,1104
L32_S990104,14,0.4816753926701571,DISPERSED,3.7311725569887515,3.7311725569887515,False,73.14041195145553,32,24.518255067426498,64,1168
L32_S990104,15,0.4397905759162304,DISPERSED,3.7311725569887515,3.731172556988752,False,67.86457400953248,32,23.677291330577226,64,1232
L32_S990104,16,0.41361256544502617,DISPERSED,3.7311725569887515,3.7311725569887515,False,62.90235257807497,32,22.83204712949219,64,1296
L32_S990104,17,0.3769633507853403,DISPERSED,3.7311725569887515,3.7311725569887515,False,57.87853226426553,32,25.747106191572463,64,1360
L32_S990104,18,0.3403141361256545,DISPERSED,3.7311725569887515,3.731172556988751,False,52.45551103842821,32,25.969663422292555,64,1424
L32_S990104,19,0.3036649214659686,DISPERSED,3.7311725569887515,3.7311725569887515,False,47.194222399591986,32,25.19309364851966,64,1488
L32_S990104,20,0.27225130890052357,DISPERSED,3.7311725569887515,3.731172556988752,False,41.803157173312016,32,25.986501295104755,64,1552
L32_S990104,21,0.23036649214659685,DISPERSED,3.7311725569887515,3.731172556988752,False,36.211344399210034,32,25.359503741781346,64,1616
L32_S990104,22,0.19895287958115182,DISPERSED,3.7311725569887515,3.731172556988752,False,30.467979390797378,32,23.971327810868143,64,1680
L32_S990104,23,0.17801047120418848,DISPERSED,3.7311725569887515,3.731172556988751,False,26.513451417405786,32,25.392677621664944,64,1744
L32_S990104,24,0.14136125654450263,DISPERSED,3.7311725569887515,3.7311725569887515,False,21.105293817033587,32,25.701245474415288,64,1808
L32_S990104,25,0.11518324607329843,DISPERSED,3.7311725569887515,3.7311725569887515,False,16.629885630246378,32,25.970164657153667,64,1872
L32_S990104,26,0.08376963350785341,DISPERSED,3.7311725569887515,3.7311725569887515,False,11.8765763812841,32,25.239588207785662,64,1936
L32_S990104,27,0.05759162303664921,DISPERSED,3.7311725569887515,3.731172556988752,False,7.48321357831096,32,25.240958095330647,64,2000
L32_S990104,28,0.031413612565445025,DISPERSED,3.7311725569887515,3.6622468060247435,False,3.6622468060247435,32,27.044736675197655,64,2064
L32_S990104,29,0.010471204188481676,DISPERSED,3.7311725569887515,0.9259562922597582,False,0.9259562922597582,32,27.86197334767402,64,2128
L32_S990104,30,0.02617801047120419,DISPERSED,3.7311725569887515,2.3071521983017425,False,2.307152198301743,32,30.92024016127062,64,2192
L32_S990104,31,0.0,DISPERSED,3.7311725569887515,0.0,True,0.0,32,32.12110259907192,64,2256
L32_S990105,0,1.0,INTERFACE,3.7186003929829026,3.7186003929829026,False,151.7477495657979,32,39.45426548473433,1,272
L32_S990105,64,0.6649214659685864,INTERFACE,3.7186003929829026,0.05027268588676226,False,102.92741158143174,32,0.05027268588676226,1,336
L32_S990105,128,0.612565445026178,INTERFACE,3.7186003929829026,0.04204099854443899,False,95.69308108897131,32,0.04204099854443899,1,400
L32_S990105,192,0.581151832460733,INTERFACE,3.7186003929829026,0.03695199056918552,False,90.75344511146076,32,0.03695199056918552,1,464
L32_S990105,256,0.5445026178010471,INTERFACE,3.7186003929829026,0.033325186552921826,False,85.84914279059757,32,0.033325186552921826,1,528
L32_S990105,320,0.5287958115183246,INTERFACE,3.7186003929829026,0.030547585781674158,False,83.04136498322035,32,0.030547585781674158,1,592
L32_S990105,384,0.5026178010471204,INTERFACE,3.7186003929829026,0.028323843929112802,False,79.52211505098606,32,0.028323843929112802,1,656
L32_S990105,448,0.49214659685863876,INTERFACE,3.7186003929829026,0.02648634513218584,False,77.41497823664315,32,0.02648634513218584,1,720
L32_S990105,512,0.4712041884816754,INTERFACE,3.7186003929829026,0.024931817689626157,False,74.54651397646553,32,0.024931817689626157,1,784
L32_S990105,576,0.4607329842931937,INTERFACE,3.7186003929829026,0.023593774511785348,False,72.53623338775975,32,0.023593774511785348,1,848
L32_S990105,640,0.43455497382198954,INTERFACE,3.7186003929829026,0.022426854006978858,False,69.38985928819926,32,0.022426854006978858,1,912
L32_S990105,704,0.418848167539267,INTERFACE,3.7186003929829026,0.021394991755624093,False,67.1441894711276,32,0.021394991755624093,1,976
L32_S990105,768,0.43455497382198954,INTERFACE,3.7186003929829026,0.020474552425291614,False,67.62932707677315,32,0.020474552425291614,1,1040
L32_S990105,832,0.39790575916230364,INTERFACE,3.7186003929829026,0.019650893930441615,False,63.69969884237806,32,0.019650893930441615,1,1104
L32_S990105,896,0.38219895287958117,INTERFACE,3.7186003929829026,0.018914241802734155,False,61.562133342680454,32,0.018914241802734155,1,1168
L32_S990105,960,0.3769633507853403,INTERFACE,3.7186003929829026,0.018256508286203732,False,60.31900827654539,32,0.018256508286203732,1,1232
L32_S990105,1024,0.36649214659685864,INTERFACE,3.7186003929829026,0.017669635915295245,False,58.695019658757815,32,0.017669635915295245,1,1296
L32_S990105,1088,0.3612565445026178,INTERFACE,3.7186003929829026,0.017145748865049937,False,57.55722629498177,32,0.017145748865049937,1,1360
L32_S990105,1152,0.3403141361256545,INTERFACE,3.7186003929829026,0.016675421384347522,False,55.102533966233686,32,0.016675421384347522,1,1424
L32_S990105,1216,0.3298429319371728,INTERFACE,3.7186003929829026,0.016245354370326148,False,53.590695092254585,32,0.016245354370326148,1,1488
L32_S990105,1280,0.3298429319371728,INTERFACE,3.7186003929829026,0.015862012541426274,False,52.95774211148689,32,0.015862012541426274,1,1552
L32_S990105,1344,0.31413612565445026,INTERFACE,3.7186003929829026,0.015526810465928187,False,51.01336536649378,32,0.015526810465928187,1,1616
L32_S990105,1408,0.31413612565445026,INTERFACE,3.7186003929829026,0.015236232137155747,False,50.48877478177204,32,0.015236232137155747,1,1680
L32_S990105,1472,0.3036649214659686,INTERFACE,3.7186003929829026,0.01498455530063203,False,48.98395937220892,32,0.01498455530063203,1,1744
L32_S990105,1536,0.29842931937172773,INTERFACE,3.7186003929829026,0.014766017177150759,False,48.03374838316042,32,0.014766017177150759,1,1808
L32_S990105,1600,0.2931937172774869,INTERFACE,3.7186003929829026,0.014574947074003752,False,47.01653634467416,32,0.014574947074003752,1,1872
L32_S990105,1664,0.2931937172774869,INTERFACE,3.7186003929829026,0.014407185464028749,False,46.47471098258571,32,0.014407185464028749,1,1936
L32_S990105,1728,0.28272251308900526,INTERFACE,3.7186003929829026,0.014258678828995786,False,45.03479533582488,32,0.014258678828995786,1,2000
L32_S990105,1792,0.2774869109947644,INTERFACE,3.7186003929829026,0.014126307646362135,False,44.061538495678846,32,0.014126307646362135,1,2064
L32_S990105,1856,0.27225130890052357,INTERFACE,3.7186003929829026,0.014007693672930643,False,43.1628995828569,32,0.014007693672930643,1,2128
L32_S990105,1920,0.27225130890052357,INTERFACE,3.7186003929829026,0.013900672785653767,False,42.63221004704955,32,0.013900672785653767,1,2192
L32_S990105,1984,0.2617801047120419,INTERFACE,3.7186003929829026,0.013802980549410648,False,41.25917800596779,32,0.013802980549410648,1,2256
L32_S990105,0,1.0,INTERFACE,3.7186003929829026,3.7186003929829026,False,151.7477495657979,32,39.45426548473433,4,272
L32_S990105,16,0.680628272251309,INTERFACE,3.7186003929829026,0.2092614535942705,False,105.11659740041468,32,0.2092614535942705,4,336
L32_S990105,32,0.6335078534031413,INTERFACE,3.7186003929829026,0.172461462092369,False,98.38277967051265,32,0.172461462092369,4,400
L32_S990105,48,0.5916230366492147,INTERFACE,3.7186003929829026,0.15063282130640532,False,92.5071640228832,32,0.15063282130640532,4,464
L32_S990105,64,0.5602094240837696,INTERFACE,3.7186003929829026,0.13534875024740756,False,87.96650027828882,32,0.13534875024740756,4,528
L32_S990105,80,0.5340314136125655,INTERFACE,3.7186003929829026,0.12376123994341914,False,84.03041049329714,32,0.12376123994341914,4,592
L32_S990105,96,0.518324607329843,INTERFACE,3.7186003929829026,0.1145511876903369,False,81.26940130618354,32,0.1145511876903369,4,656
L32_S990105,112,0.5026178010471204,INTERFACE,3.7186003929829026,0.10698397388994829,False,79.227208406991,32,0.10698397388994829,4,720
L32_S990105,128,0.4816753926701571,INTERFACE,3.7186003929829026,0.10060895840932016,False,75.93623194966814,32,0.10060895840932016,4,784
L32_S990105,144,0.46596858638743455,INTERFACE,3.7186003929829026,0.09513643073752542,False,73.60722586054379,32,0.09513643073752542,4,848
L32_S990105,160,0.4607329842931937,INTERFACE,3.7186003929829026,0.09037304123447054,False,72.35994672083866,32,0.09037304123447054,4,912
L32_S990105,176,0.4293193717277487,INTERFACE,3.7186003929829026,0.08618214974593119,False,68.62817785075183,32,0.08618214974593119,4,976
L32_S990105,192,0.42408376963350786,INTERFACE,3.7186003929829026,0.08244532209037836,False,67.3866668941319,32,0.08244532209037836,4,1040
L32_S990105,208,0.4083769633507853,INTERFACE,3.7186003929829026,0.07909429116253897,False,65.18339094187263,32,0.07909429116253897,4,1104
L32_S990105,224,0.39267015706806285,INTERFACE,3.7186003929829026,0.07608394110537031,False,63.185387261537876,32,0.07608394110537031,4,1168
L32_S990105,240,0.38219895287958117,INTERFACE,3.7186003929829026,0.07338458138804371,False,61.53440074064745,32,0.07338458138804371,4,1232
L32_S990105,256,0.3769633507853403,INTERFACE,3.7186003929829026,0.07096852877291315,False,60.37491709705128,32,0.07096852877291315,4,1296
L32_S990105,272,0.3612565445026178,INTERFACE,3.7186003929829026,0.06881126730934961,False,58.233467394216575,32,0.06881126730934961,4,1360
L32_S990105,288,0.35602094240837695,INTERFACE,3.7186003929829026,0.06688022671553973,False,57.190106232386405,32,0.06688022671553973,4,1424
L32_S990105,304,0.34554973821989526,INTERFACE,3.7186003929829026,0.06515134838663472,False,55.705064461396645,32,0.06515134838663472,4,1488
L32_S990105,320,0.3298429319371728,INTERFACE,3.7186003929829026,0.06355622064080801,False,53.68978064653915,32,0.06355622064080801,4,1552
L32_S990105,336,0.33507853403141363,INTERFACE,3.7186003929829026,0.0621284332918417,False,53.6818470856686,32,0.0621284332918417,4,1616
L32_S990105,352,0.3298429319371728,INTERFACE,3.7186003929829026,0.06086485577573053,False,52.51215475202981,32,0.06086485577573053,4,1680
L32_S990105,368,0.31413612565445026,INTERFACE,3.7186003929829026,0.059771108715857446,False,50.6493125195049,32,0.059771108715857446,4,1744
L32_S990105,384,0.3089005235602094,INTERFACE,3.7186003929829026,0.05882073144371858,False,49.66884955354442,32,0.05882073144371858,4,1808
L32_S990105,400,0.31413612565445026,INTERFACE,3.7186003929829026,0.05799622360481094,False,49.473325316101736,32,0.05799622360481094,4,1872
L32_S990105,416,0.2931937172774869,INTERFACE,3.7186003929829026,0.057278752549802525,False,47.2719988924871,32,0.057278752549802525,4,1936
L32_S990105,432,0.2931937172774869,INTERFACE,3.7186003929829026,0.056654111041332667,False,46.70522143497025,32,0.056654111041332667,4,2000
L32_S990105,448,0.2879581151832461,INTERFACE,3.7186003929829026,0.05609697537983993,False,45.73402479682996,32,0.05609697537983993,4,2064
L32_S990105,464,0.28272251308900526,INTERFACE,3.7186003929829026,0.05560252040687319,False,44.80485573790353,32,0.05560252040687319,4,2128
L32_S990105,480,0.28272251308900526,INTERFACE,3.7186003929829026,0.055155003663383106,False,44.39258530027907,32,0.055155003663383106,4,2192
L32_S990105,496,0.2670157068062827,INTERFACE,3.7186003929829026,0.054752799984730816,False,42.539700105288674,32,0.054752799984730816,4,2256
L32_S990105,0,1.0,INTERFACE,3.7186003929829026,3.7186003929829026,False,151.7477495657979,32,39.45426548473433,16,272
L32_S990105,4,0.8743455497382199,INTERFACE,3.7186003929829026,3.7186003929829026,False,134.08088330150284,32,26.225350165010198,16,336
L32_S990105,8,0.7643979057591623,INTERFACE,3.7186003929829026,3.7186003929829026,False,117.00175280274472,32,13.457787892779157,16,400
L32_S990105,12,0.6492146596858639,INTERFACE,3.7186003929829026,0.847128292984232,False,99.43311441808002,32,0.847128292984232,16,464
L32_S990105,16,0.6178010471204188,INTERFACE,3.7186003929829026,0.5923659116562839,False,95.43839198313295,32,0.5923659116562839,16,528
L32_S990105,20,0.5968586387434555,INTERFACE,3.7186003929829026,0.5321893567323178,False,92.3380194556029,32,0.5321893567323178,16,592
L32_S990105,24,0.5759162303664922,INTERFACE,3.7186003929829026,0.48682753661585954,False,89.1292549414595,32,0.48682753661585954,16,656
L32_S990105,28,0.5549738219895288,INTERFACE,3.7186003929829026,0.4508557992573742,False,86.1163863598133,32,0.4508557992573742,16,720
L32_S990105,32,0.5392670157068062,INTERFACE,3.7186003929829026,0.42137992674734004,False,83.98644954630062,32,0.42137992674734004,16,784
L32_S990105,36,0.518324607329843,INTERFACE,3.7186003929829026,0.39664542185967355,False,81.10449539211743,32,0.39664542185967355,16,848
L32_S990105,40,0.4973821989528796,INTERFACE,3.7186003929829026,0.375471730321589,False,78.21039045863306,32,0.375471730321589,16,912
L32_S990105,44,0.47643979057591623,INTERFACE,3.7186003929829026,0.3570299186212773,False,75.0885652819382,32,0.3570299186212773,16,976
L32_S990105,48,0.46596858638743455,INTERFACE,3.7186003929829026,0.3407542364341082,False,72.96614760299558,32,0.3407542364341082,16,1040
L32_S990105,52,0.450261780104712,INTERFACE,3.7186003929829026,0.326261051789956,False,71.17316749611282,32,0.326261051789956,16,1104
L32_S990105,56,0.4293193717277487,INTERFACE,3.7186003929829026,0.31326607845343457,False,68.61468468409134,32,0.31326607845343457,16,1168
L32_S990105,60,0.418848167539267,INTERFACE,3.7186003929829026,0.30146032151052105,False,66.75734350081689,32,0.30146032151052105,16,1232
L32_S990105,64,0.41361256544502617,INTERFACE,3.7186003929829026,0.29073276565324546,False,66.05124765621845,32,0.29073276565324546,16,1296
L32_S990105,68,0.4031413612565445,INTERFACE,3.7186003929829026,0.28100869460609545,False,64.01561971197484,32,0.28100869460609545,16,1360
L32_S990105,72,0.387434554973822,INTERFACE,3.7186003929829026,0.2722023776533532,False,61.94220530830005,32,0.2722023776533532,16,1424
L32_S990105,76,0.3769633507853403,INTERFACE,3.7186003929829026,0.2642821955402749,False,60.33203326489734,32,0.2642821955402749,16,1488
L32_S990105,80,0.3717277486910995,INTERFACE,3.7186003929829026,0.2572110131905424,False,59.20010221389832,32,0.2572110131905424,16,1552
L32_S990105,84,0.36649214659685864,INTERFACE,3.7186003929829026,0.25089365700155175,False,58.4939107439685,32,0.25089365700155175,16,1616
L32_S990105,88,0.3612565445026178,INTERFACE,3.7186003929829026,0.24519834002344454,False,57.57858663287433,32,0.24519834002344454,16,1680
L32_S990105,92,0.3507853403141361,INTERFACE,3.7186003929829026,0.24007167753583636,False,55.97562779266846,32,0.24007167753583636,16,1744
L32_S990105,96,0.33507853403141363,INTERFACE,3.7186003929829026,0.23533471918700477,False,54.2301187125766,32,0.23533471918700477,16,1808
L32_S990105,100,0.32460732984293195,INTERFACE,3.7186003929829026,0.23087053418183545,False,52.618857471014685,32,0.23087053418183545,16,1872
L32_S990105,104,0.3298429319371728,INTERFACE,3.7186003929829026,0.22689699199111302,False,52.40028371296189,32,0.22689699199111302,16,1936
L32_S990105,108,0.3193717277486911,INTERFACE,3.7186003929829026,0.22369363096360773,False,51.19504664009208,32,0.22369363096360773,16,2000
L32_S990105,112,0.3089005235602094,INTERFACE,3.7186003929829026,0.2209489137905889,False,49.815340366830945,32,0.2209489137905889,16,2064
L32_S990105,116,0.3089005235602094,INTERFACE,3.7186003929829026,0.21848217648235113,False,49.42962360868983,32,0.21848217648235113,16,2128
L32_S990105,120,0.3036649214659686,INTERFACE,3.7186003929829026,0.21622346389878633,False,48.52591032147105,32,0.21622346389878633,16,2192
L32_S990105,124,0.2931937172774869,INTERFACE,3.7186003929829026,0.21421186002495218,False,46.90112497786007,32,0.21421186002495218,16,2256
L32_S990105,0,1.0,INTERFACE,3.7186003929829026,3.7186003929829026,False,151.7477495657979,32,39.45426548473433,64,272
L32_S990105,1,0.9528795811518325,INTERFACE,3.7186003929829026,3.7186003929829026,False,145.16217769394086,32,36.64757031132816,64,336
L32_S990105,2,0.9162303664921466,INTERFACE,3.7186003929829026,3.7186003929829026,False,139.41680113185055,32,34.063108352753915,64,400
L32_S990105,3,0.8848167539267016,INTERFACE,3.7186003929829026,3.7186003929829026,False,134.66352250221482,32,31.657874662083188,64,464
L32_S990105,4,0.837696335078534,INTERFACE,3.7186003929829026,3.7186003929829026,False,127.72119659778637,32,29.143385511410465,64,528
L32_S990105,5,0.806282722513089,INTERFACE,3.7186003929829026,3.7186003929829026,False,122.69316407317353,32,26.649868669096975,64,592
L32_S990105,6,0.774869109947644,INTERFACE,3.7186003929829026,3.7186003929829017,False,117.36256146206922,32,24.111712188859215,64,656
L32_S990105,7,0.7382198952879581,INTERFACE,3.7186003929829026,3.7186003929829026,False,112.09556412701083,32,21.62299562807323,64,720
L32_S990105,8,0.7015706806282722,INTERFACE,3.7186003929829026,3.7186003929829017,False,106.16808083700242,32,19.01926352584668,64,784
L32_S990105,9,0.6701570680628273,INTERFACE,3.7186003929829026,3.7186003929829026,False,101.14565901480104,32,16.478865842490556,64,848
L32_S990105,10,0.6335078534031413,INTERFACE,3.7186003929829026,3.7186003929829026,False,95.58994719973114,32,13.874905746506476,64,912
L32_S990105,11,0.5968586387434555,INTERFACE,3.7186003929829026,3.7186003929829026,False,89.85533390891216,32,11.30123865576819,64,976
L32_S990105,12,0.5549738219895288,INTERFACE,3.7186003929829026,3.7186003929829026,False,83.87804748081531,32,8.716435550487752,64,1040
L32_S990105,13,0.5235602094240838,INTERFACE,3.7186003929829026,3.7186003929829026,False,78.47731788327542,32,6.060519204421171,64,1104
L32_S990105,14,0.49214659685863876,INTERFACE,3.7186003929829026,3.6633537628521573,False,73.58518324600118,32,3.663353762852157,64,1168
L32_S990105,15,0.450261780104712,INTERFACE,3.7186003929829026,1.616453399210271,False,68.12229440504325,32,1.6164533992102712,64,1232
L32_S990105,16,0.43455497382198954,INTERFACE,3.7186003929829026,1.499300842988562,False,66.20483583789606,32,1.499300842988562,64,1296
L32_S990105,17,0.418848167539267,INTERFACE,3.7186003929829026,1.4066157495406395,False,63.86793578829876,32,1.4066157495406395,64,1360
L32_S990105,18,0.4031413612565445,INTERFACE,3.7186003929829026,1.3289456832006414,False,61.711566743834155,32,1.3289456832006414,64,1424
L32_S990105,19,0.39267015706806285,INTERFACE,3.7186003929829026,1.2623498217991953,False,60.03390736340185,32,1.2623498217991953,64,1488
L32_S990105,20,0.3769633507853403,INTERFACE,3.7186003929829026,1.2048084386462974,False,57.89553427152727,32,1.2048084386462974,64,1552
L32_S990105,21,0.36649214659685864,INTERFACE,3.7186003929829026,1.154951174410792,False,56.139641884231665,32,1.154951174410792,64,1616
L32_S990105,22,0.35602094240837695,INTERFACE,3.7186003929829026,1.1116889544231081,False,54.74021345386709,32,1.1116889544231081,64,1680
L32_S990105,23,0.3403141361256545,INTERFACE,3.7186003929829026,1.0740477807184363,False,52.86264188810755,32,1.0740477807184363,64,1744
L32_S990105,24,0.3298429319371728,INTERFACE,3.7186003929829026,1.039513900322777,False,51.2084458251043,32,1.039513900322777,64,1808
L32_S990105,25,0.32460732984293195,INTERFACE,3.7186003929829026,1.0093994850730454,False,50.30704968088753,32,1.0093994850730454,64,1872
L32_S990105,26,0.32460732984293195,INTERFACE,3.7186003929829026,0.9844099441123392,False,49.86991326029186,32,0.9844099441123391,64,1936
L32_S990105,27,0.31413612565445026,INTERFACE,3.7186003929829026,0.9644350472035617,False,48.69574243786945,32,0.9644350472035617,64,2000
L32_S990105,28,0.3089005235602094,INTERFACE,3.7186003929829026,0.9466961140891444,False,47.54072078737327,32,0.9466961140891444,64,2064
L32_S990105,29,0.29842931937172773,INTERFACE,3.7186003929829026,0.9307228695054353,False,46.23489375823394,32,0.9307228695054353,64,2128
L32_S990105,30,0.2931937172774869,INTERFACE,3.7186003929829026,0.9173978609996516,False,45.3595612445537,32,0.9173978609996516,64,2192
L32_S990105,31,0.29842931937172773,INTERFACE,3.7186003929829026,0.9055485203277338,False,45.391385253088025,32,0.9055485203277338,64,2256
L32_S990105,0,1.0,DISPERSED,3.7186003929829026,3.7186003929829026,False,151.7477495657979,32,39.454265484734314,1,272
L32_S990105,64,0.5706806282722513,DISPERSED,3.7186003929829026,0.07848347739750772,False,88.87571101690301,32,0.07848347739750772,1,336
L32_S990105,128,0.4293193717277487,DISPERSED,3.7186003929829026,0.6400971390655839,False,68.00774350678743,32,0.6400971390655839,1,400
L32_S990105,192,0.2670157068062827,DISPERSED,3.7186003929829026,0.0931027865429036,False,42.71179204104272,32,0.0931027865429036,1,464
L32_S990105,256,0.1256544502617801,DISPERSED,3.7186003929829026,0.10299222962357868,False,20.48853413614114,32,0.10299222962357868,1,528
L32_S990105,320,0.0,DISPERSED,3.7186003929829026,0.0,True,0.0,32,2.5860551663228724,1,592
L32_S990105,384,0.0,DISPERSED,3.7186003929829026,0.0,True,0.0,32,11.073559197037033,1,656
L32_S990105,448,0.0,DISPERSED,3.7186003929829026,0.0,True,0.0,32,17.26294447223122,1,720
L32_S990105,512,0.0,DISPERSED,3.7186003929829026,0.0,True,0.0,32,26.349624622368335,1,784
L32_S990105,576,0.0,DISPERSED,3.7186003929829026,0.0,True,0.0,32,30.055183236256653,1,848
L32_S990105,640,0.0,DISPERSED,3.7186003929829026,0.0,True,0.0,32,33.604205917635014,1,912
L32_S990105,704,0.0,DISPERSED,3.7186003929829026,0.0,True,0.0,32,34.96628820537417,1,976
L32_S990105,768,0.0,DISPERSED,3.7186003929829026,0.0,True,0.0,32,36.686649976379336,1,1040
L32_S990105,832,0.0,DISPERSED,3.7186003929829026,0.0,True,0.0,32,37.991724726372695,1,1104
L32_S990105,896,0.0,DISPERSED,3.7186003929829026,0.0,True,0.0,32,39.82142437983514,1,1168
L32_S990105,960,0.0,DISPERSED,3.7186003929829026,0.0,True,0.0,32,40.74023404569271,1,1232
L32_S990105,1024,0.0,DISPERSED,3.7186003929829026,0.0,True,0.0,32,42.05086959742661,1,1296
L32_S990105,1088,0.0,DISPERSED,3.7186003929829026,0.0,True,0.0,32,42.790854276074306,1,1360
L32_S990105,1152,0.0,DISPERSED,3.7186003929829026,0.0,True,0.0,32,43.86362036794656,1,1424
L32_S990105,1216,0.0,DISPERSED,3.7186003929829026,0.0,True,0.0,32,44.331715738921375,1,1488
L32_S990105,1280,0.0,DISPERSED,3.7186003929829026,0.0,True,0.0,32,45.89056539010384,1,1552
L32_S990105,1344,0.0,DISPERSED,3.7186003929829026,0.0,True,0.0,32,47.930710403952105,1,1616
L32_S990105,1408,0.0,DISPERSED,3.7186003929829026,0.0,True,0.0,32,47.896787018673585,1,1680
L32_S990105,1472,0.0,DISPERSED,3.7186003929829026,0.0,True,0.0,32,49.28616485641106,1,1744
L32_S990105,1536,0.0,DISPERSED,3.7186003929829026,0.0,True,0.0,32,49.01804748956357,1,1808
L32_S990105,1600,0.0,DISPERSED,3.7186003929829026,0.0,True,0.0,32,49.28608215780454,1,1872
L32_S990105,1664,0.0,DISPERSED,3.7186003929829026,0.0,True,0.0,32,50.23830581352397,1,1936
L32_S990105,1728,0.0,DISPERSED,3.7186003929829026,0.0,True,0.0,32,51.634790385903145,1,2000
L32_S990105,1792,0.0,DISPERSED,3.7186003929829026,0.0,True,0.0,32,52.29447519323228,1,2064
L32_S990105,1856,0.0,DISPERSED,3.7186003929829026,0.0,True,0.0,32,53.429932998337506,1,2128
L32_S990105,1920,0.0,DISPERSED,3.7186003929829026,0.0,True,0.0,32,54.12443358423759,1,2192
L32_S990105,1984,0.0,DISPERSED,3.7186003929829026,0.0,True,0.0,32,54.35226163529708,1,2256
L32_S990105,0,1.0,DISPERSED,3.7186003929829026,3.7186003929829026,False,151.7477495657979,32,39.454265484734314,4,272
L32_S990105,16,0.612565445026178,DISPERSED,3.7186003929829026,1.3871594458830034,False,95.35164371673456,32,1.3871594458830034,4,336
L32_S990105,32,0.47643979057591623,DISPERSED,3.7186003929829026,0.8909276355446398,False,75.25354606881669,32,0.8909276355446398,4,400
L32_S990105,48,0.3507853403141361,DISPERSED,3.7186003929829026,0.37250722884455145,False,55.69008645082192,32,0.37250722884455145,4,464
L32_S990105,64,0.19895287958115182,DISPERSED,3.7186003929829026,0.40509926469406976,False,31.548051398403,32,0.40509926469406976,4,528
L32_S990105,80,0.07329842931937172,DISPERSED,3.7186003929829026,2.029513897278383,False,12.038543501480952,32,2.029513897278383,4,592
L32_S990105,96,0.005235602094240838,DISPERSED,3.7186003929829026,0.4550724988413188,False,0.4550724988413188,32,6.261226182332643,4,656
L32_S990105,112,0.005235602094240838,DISPERSED,3.7186003929829026,0.4532749088739225,False,0.4532749088739225,32,11.749439402469104,4,720
L32_S990105,128,0.0,DISPERSED,3.7186003929829026,0.0,True,0.0,32,21.60854015862918,4,784
L32_S990105,144,0.0,DISPERSED,3.7186003929829026,0.0,True,0.0,32,28.20549168115025,4,848
L32_S990105,160,0.0,DISPERSED,3.7186003929829026,0.0,True,0.0,32,33.35725886699236,4,912
L32_S990105,176,0.0,DISPERSED,3.7186003929829026,0.0,True,0.0,32,34.972640468536596,4,976
L32_S990105,192,0.0,DISPERSED,3.7186003929829026,0.0,True,0.0,32,36.31445774890893,4,1040
L32_S990105,208,0.0,DISPERSED,3.7186003929829026,0.0,True,0.0,32,37.15699939211672,4,1104
L32_S990105,224,0.0,DISPERSED,3.7186003929829026,0.0,True,0.0,32,39.353855249029266,4,1168
L32_S990105,240,0.0,DISPERSED,3.7186003929829026,0.0,True,0.0,32,40.3030775236271,4,1232
L32_S990105,256,0.0,DISPERSED,3.7186003929829026,0.0,True,0.0,32,41.09429142054367,4,1296
L32_S990105,272,0.0,DISPERSED,3.7186003929829026,0.0,True,0.0,32,42.28233378952508,4,1360
L32_S990105,288,0.0,DISPERSED,3.7186003929829026,0.0,True,0.0,32,42.37826339409547,4,1424
L32_S990105,304,0.0,DISPERSED,3.7186003929829026,0.0,True,0.0,32,43.88181933164013,4,1488
L32_S990105,320,0.0,DISPERSED,3.7186003929829026,0.0,True,0.0,32,44.173204126676346,4,1552
L32_S990105,336,0.0,DISPERSED,3.7186003929829026,0.0,True,0.0,32,45.63702766816986,4,1616
L32_S990105,352,0.0,DISPERSED,3.7186003929829026,0.0,True,0.0,32,46.968489715808865,4,1680
L32_S990105,368,0.0,DISPERSED,3.7186003929829026,0.0,True,0.0,32,47.414525815904604,4,1744
L32_S990105,384,0.0,DISPERSED,3.7186003929829026,0.0,True,0.0,32,47.823250016755416,4,1808
L32_S990105,400,0.0,DISPERSED,3.7186003929829026,0.0,True,0.0,32,49.14798892048832,4,1872
L32_S990105,416,0.0,DISPERSED,3.7186003929829026,0.0,True,0.0,32,50.36185479816507,4,1936
L32_S990105,432,0.0,DISPERSED,3.7186003929829026,0.0,True,0.0,32,51.51370047572412,4,2000
L32_S990105,448,0.0,DISPERSED,3.7186003929829026,0.0,True,0.0,32,51.647788666060485,4,2064
L32_S990105,464,0.0,DISPERSED,3.7186003929829026,0.0,True,0.0,32,52.45056816677308,4,2128
L32_S990105,480,0.0,DISPERSED,3.7186003929829026,0.0,True,0.0,32,53.077032687049844,4,2192
L32_S990105,496,0.0,DISPERSED,3.7186003929829026,0.0,True,0.0,32,54.17724324407243,4,2256
L32_S990105,0,1.0,DISPERSED,3.7186003929829026,3.7186003929829026,False,151.7477495657979,32,39.454265484734314,16,272
L32_S990105,4,0.8743455497382199,DISPERSED,3.7186003929829026,3.7186003929829017,False,134.2130439338491,32,29.979953148287027,16,336
L32_S990105,8,0.7643979057591623,DISPERSED,3.7186003929829026,3.7186003929829035,False,117.48412048140129,32,21.79310306669221,16,400
L32_S990105,12,0.6492146596858639,DISPERSED,3.7186003929829026,3.718600392982903,False,100.34287662779707,32,14.765455028973832,16,464
L32_S990105,16,0.5287958115183246,DISPERSED,3.7186003929829026,3.718600392982903,False,83.14716799787846,32,8.426639536924503,16,528
L32_S990105,20,0.418848167539267,DISPERSED,3.7186003929829026,3.7186003929829026,False,66.09538397899487,32,7.634009116095552,16,592
L32_S990105,24,0.3089005235602094,DISPERSED,3.7186003929829026,3.7186003929829026,False,48.82740080729404,32,7.653639107154881,16,656
L32_S990105,28,0.193717277486911,DISPERSED,3.7186003929829026,3.7186003929829026,False,30.925273782395198,32,7.175959922806552,16,720
L32_S990105,32,0.08900523560209424,DISPERSED,3.7186003929829026,3.718600392982902,False,14.144986320009124,32,6.353533329287711,16,784
L32_S990105,36,0.005235602094240838,DISPERSED,3.7186003929829026,0.4547508967937436,False,0.4547508967937436,32,5.207555340151957,16,848
L32_S990105,40,0.0,DISPERSED,3.7186003929829026,0.0,True,0.0,32,16.07050737559999,16,912
L32_S990105,44,0.005235602094240838,DISPERSED,3.7186003929829026,0.45371032608439177,False,0.45371032608439177,32,22.06443391992951,16,976
L32_S990105,48,0.0,DISPERSED,3.7186003929829026,0.0,True,0.0,32,27.4929087048899,16,1040
L32_S990105,52,0.0,DISPERSED,3.7186003929829026,0.0,True,0.0,32,30.929095548046284,16,1104
L32_S990105,56,0.0,DISPERSED,3.7186003929829026,0.0,True,0.0,32,33.61237258627859,16,1168
L32_S990105,60,0.0,DISPERSED,3.7186003929829026,0.0,True,0.0,32,35.68856601833202,16,1232
L32_S990105,64,0.0,DISPERSED,3.7186003929829026,0.0,True,0.0,32,36.37948853732679,16,1296
L32_S990105,68,0.0,DISPERSED,3.7186003929829026,0.0,True,0.0,32,37.58923087468982,16,1360
L32_S990105,72,0.0,DISPERSED,3.7186003929829026,0.0,True,0.0,32,39.75818337739166,16,1424
L32_S990105,76,0.0,DISPERSED,3.7186003929829026,0.0,True,0.0,32,41.22390749298894,16,1488
L32_S990105,80,0.0,DISPERSED,3.7186003929829026,0.0,True,0.0,32,41.244375351719256,16,1552
L32_S990105,84,0.005235602094240838,DISPERSED,3.7186003929829026,0.45139002068696604,False,0.45139002068696604,32,41.968143897494926,16,1616
L32_S990105,88,0.0,DISPERSED,3.7186003929829026,0.0,True,0.0,32,42.47577712493785,16,1680
L32_S990105,92,0.0,DISPERSED,3.7186003929829026,0.0,True,0.0,32,43.41880803393689,16,1744
L32_S990105,96,0.005235602094240838,DISPERSED,3.7186003929829026,0.45334742150122387,False,0.45334742150122387,32,44.453200545145584,16,1808
L32_S990105,100,0.0,DISPERSED,3.7186003929829026,0.0,True,0.0,32,46.11427151105225,16,1872
L32_S990105,104,0.0,DISPERSED,3.7186003929829026,0.0,True,0.0,32,47.49373786652543,16,1936
L32_S990105,108,0.0,DISPERSED,3.7186003929829026,0.0,True,0.0,32,48.2220963338439,16,2000
L32_S990105,112,0.0,DISPERSED,3.7186003929829026,0.0,True,0.0,32,48.886048753148046,16,2064
L32_S990105,116,0.0,DISPERSED,3.7186003929829026,0.0,True,0.0,32,48.75553737928724,16,2128
L32_S990105,120,0.005235602094240838,DISPERSED,3.7186003929829026,0.4503074215910149,False,0.4503074215910149,32,50.58336044032954,16,2192
L32_S990105,124,0.0,DISPERSED,3.7186003929829026,0.0,True,0.0,32,51.393891314633514,16,2256
L32_S990105,0,1.0,DISPERSED,3.7186003929829026,3.7186003929829026,False,151.7477495657979,32,39.454265484734314,64,272
L32_S990105,1,0.9528795811518325,DISPERSED,3.7186003929829026,3.718600392982903,False,145.2031562448606,32,39.0311110864281,64,336
L32_S990105,2,0.9162303664921466,DISPERSED,3.7186003929829026,3.7186003929829026,False,139.5377969478124,32,38.13994280009914,64,400
L32_S990105,3,0.8848167539267016,DISPERSED,3.7186003929829026,3.7186003929829026,False,134.90744979654545,32,36.78158518233685,64,464
L32_S990105,4,0.837696335078534,DISPERSED,3.7186003929829026,3.7186003929829026,False,128.11237033308382,32,34.370663187968255,64,528
L32_S990105,5,0.806282722513089,DISPERSED,3.7186003929829026,3.7186003929829026,False,123.25196832792344,32,33.11422531400895,64,592
L32_S990105,6,0.774869109947644,DISPERSED,3.7186003929829026,3.7186003929829026,False,118.11104761052133,32,32.41942525148833,64,656
L32_S990105,7,0.7382198952879581,DISPERSED,3.7186003929829026,3.7186003929829026,False,113.04572451363605,32,31.76704449928379,64,720
L32_S990105,8,0.7015706806282722,DISPERSED,3.7186003929829026,3.718600392982903,False,107.33439826490266,32,31.695102195211216,64,784
L32_S990105,9,0.6701570680628273,DISPERSED,3.7186003929829026,3.7186003929829026,False,102.54423504981877,32,31.649532272512477,64,848
L32_S990105,10,0.6335078534031413,DISPERSED,3.7186003929829026,3.7186003929829026,False,97.23362145360227,32,31.591243443350354,64,912
L32_S990105,11,0.5968586387434555,DISPERSED,3.7186003929829026,3.718600392982903,False,91.76061641917488,32,29.395125036432926,64,976
L32_S990105,12,0.5602094240837696,DISPERSED,3.7186003929829026,3.718600392982903,False,86.4977624569201,32,28.861222059566796,64,1040
L32_S990105,13,0.5235602094240838,DISPERSED,3.7186003929829026,3.718600392982902,False,81.0663029728744,32,28.391331134327594,64,1104
L32_S990105,14,0.4869109947643979,DISPERSED,3.7186003929829026,3.7186003929829026,False,75.55253848530906,32,26.858899189484912,64,1168
L32_S990105,15,0.45549738219895286,DISPERSED,3.7186003929829026,3.7186003929829026,False,70.61243854871377,32,26.579076244724778,64,1232
L32_S990105,16,0.42408376963350786,DISPERSED,3.7186003929829026,3.7186003929829026,False,65.79712165429477,32,29.037497961194905,64,1296
L32_S990105,17,0.387434554973822,DISPERSED,3.7186003929829026,3.7186003929829026,False,60.322706599516195,32,28.167684052650856,64,1360
L32_S990105,18,0.35602094240837695,DISPERSED,3.7186003929829026,3.7186003929829026,False,55.357320780527296,32,28.500215844879367,64,1424
L32_S990105,19,0.32460732984293195,DISPERSED,3.7186003929829026,3.7186003929829026,False,50.48422823801757,32,28.85841572266644,64,1488
L32_S990105,20,0.2879581151832461,DISPERSED,3.7186003929829026,3.7186003929829026,False,44.938684171247054,32,29.115723550557615,64,1552
L32_S990105,21,0.2670157068062827,DISPERSED,3.7186003929829026,3.718600392982902,False,40.69149099291818,32,30.980333146226098,64,1616
L32_S990105,22,0.225130890052356,DISPERSED,3.7186003929829026,3.7186003929829026,False,35.39905557922118,32,29.931988567315937,64,1680
L32_S990105,23,0.20418848167539266,DISPERSED,3.7186003929829026,3.718600392982902,False,30.67349038972183,32,30.35487054301615,64,1744
L32_S990105,24,0.16753926701570682,DISPERSED,3.7186003929829026,3.7186003929829026,False,25.566107809583457,32,28.74109725431046,64,1808
L32_S990105,25,0.13612565445026178,DISPERSED,3.7186003929829026,3.7186003929829026,False,19.948944929627793,32,27.65868830732808,64,1872
L32_S990105,26,0.1099476439790576,DISPERSED,3.7186003929829026,3.718600392982902,False,15.869181647377587,32,25.841185370797636,64,1936
L32_S990105,27,0.08376963350785341,DISPERSED,3.7186003929829026,3.7186003929829026,False,11.454521876848109,32,27.73710839919143,64,2000
L32_S990105,28,0.05759162303664921,DISPERSED,3.7186003929829026,3.718600392982902,False,7.400330696385496,32,28.736158987468983,64,2064
L32_S990105,29,0.031413612565445025,DISPERSED,3.7186003929829026,3.3681957469682144,False,3.368195746968215,32,29.376733235657763,64,2128
L32_S990105,30,0.0,DISPERSED,3.7186003929829026,0.0,True,0.0,32,32.05438236475268,64,2192
L32_S990105,31,0.020942408376963352,DISPERSED,3.7186003929829026,1.8566917042056101,False,1.8566917042056104,32,35.209483753618024,64,2256
L32_S990106,0,1.0,INTERFACE,3.714426348636496,3.714426348636496,False,156.05360111051775,32,34.131146553988415,1,272
L32_S990106,64,0.7128205128205128,INTERFACE,3.714426348636496,0.04702990548987074,False,112.23457539598192,32,0.04702990548987074,1,336
L32_S990106,128,0.6717948717948717,INTERFACE,3.714426348636496,0.03946440915465543,False,105.94192784035187,32,0.03946440915465543,1,400
L32_S990106,192,0.6307692307692307,INTERFACE,3.714426348636496,0.034930795922868074,False,100.34934279588309,32,0.034930795922868074,1,464
L32_S990106,256,0.6102564102564103,INTERFACE,3.714426348636496,0.03172551998781192,False,96.88425173950746,32,0.03172551998781192,1,528
L32_S990106,320,0.5846153846153846,INTERFACE,3.714426348636496,0.029267504968683578,False,93.11562344084541,32,0.029267504968683578,1,592
L32_S990106,384,0.5743589743589743,INTERFACE,3.714426348636496,0.027290769532714143,False,91.00714107289129,32,0.027290769532714143,1,656
L32_S990106,448,0.5538461538461539,INTERFACE,3.714426348636496,0.02565041474394736,False,87.95167117827543,32,0.02565041474394736,1,720
L32_S990106,512,0.5384615384615384,INTERFACE,3.714426348636496,0.02425817804807351,False,85.54802972161907,32,0.02425817804807351,1,784
L32_S990106,576,0.5128205128205128,INTERFACE,3.714426348636496,0.023056315182623854,False,82.283489239832,32,0.023056315182623854,1,848
L32_S990106,640,0.5025641025641026,INTERFACE,3.714426348636496,0.02200376597170617,False,80.39103202770715,32,0.02200376597170617,1,912
L32_S990106,704,0.48205128205128206,INTERFACE,3.714426348636496,0.021070425748954458,False,77.6677323008101,32,0.021070425748954458,1,976
L32_S990106,768,0.4717948717948718,INTERFACE,3.714426348636496,0.020234394341695494,False,75.87191113162466,32,0.020234394341695494,1,1040
L32_S990106,832,0.4564102564102564,INTERFACE,3.714426348636496,0.019479744506053942,False,73.73876251012845,32,0.019479744506053942,1,1104
L32_S990106,896,0.4461538461538462,INTERFACE,3.714426348636496,0.0187947985655198,False,72.0680513832925,32,0.0187947985655198,1,1168
L32_S990106,960,0.4256410256410256,INTERFACE,3.714426348636496,0.018170684304891882,False,69.51280614123453,32,0.018170684304891882,1,1232
L32_S990106,1024,0.41025641025641024,INTERFACE,3.714426348636496,0.01759783782360036,False,67.41633957242516,32,0.01759783782360036,1,1296
L32_S990106,1088,0.40512820512820513,INTERFACE,3.714426348636496,0.01706933863277016,False,66.30569435274764,32,0.01706933863277016,1,1360
L32_S990106,1152,0.39487179487179486,INTERFACE,3.714426348636496,0.01658294806971039,False,64.71509649488101,32,0.01658294806971039,1,1424
L32_S990106,1216,0.38974358974358975,INTERFACE,3.714426348636496,0.016137026255873543,False,63.6093253597876,32,0.016137026255873543,1,1488
L32_S990106,1280,0.37435897435897436,INTERFACE,3.714426348636496,0.015729627261506174,False,61.60292022011419,32,0.015729627261506174,1,1552
L32_S990106,1344,0.36923076923076925,INTERFACE,3.714426348636496,0.01535866484894055,False,60.54633249512403,32,0.01535866484894055,1,1616
L32_S990106,1408,0.3641025641025641,INTERFACE,3.714426348636496,0.015021550980339193,False,59.474480100630636,32,0.015021550980339193,1,1680
L32_S990106,1472,0.35384615384615387,INTERFACE,3.714426348636496,0.01471547568786613,False,57.974609247306006,32,0.01471547568786613,1,1744
L32_S990106,1536,0.3487179487179487,INTERFACE,3.714426348636496,0.014437590812026002,False,56.99714079926565,32,0.014437590812026002,1,1808
L32_S990106,1600,0.3384615384615385,INTERFACE,3.714426348636496,0.014185079106482146,False,55.50624549331838,32,0.014185079106482146,1,1872
L32_S990106,1664,0.31794871794871793,INTERFACE,3.714426348636496,0.013949137978643944,False,53.1750508072012,32,0.013949137978643944,1,1936
L32_S990106,1728,0.31794871794871793,INTERFACE,3.714426348636496,0.013729535148144456,False,52.619589703133556,32,0.013729535148144456,1,2000
L32_S990106,1792,0.3076923076923077,INTERFACE,3.714426348636496,0.013533405872995452,False,51.24322788940953,32,0.013533405872995452,1,2064
L32_S990106,1856,0.30256410256410254,INTERFACE,3.714426348636496,0.01336236860100104,False,50.28132555633193,32,0.01336236860100104,1,2128
L32_S990106,1920,0.29743589743589743,INTERFACE,3.714426348636496,0.013214157858038478,False,49.319450955225676,32,0.013214157858038478,1,2192
L32_S990106,1984,0.2923076923076923,INTERFACE,3.714426348636496,0.013086108607751279,False,48.380556728717636,32,0.013086108607751279,1,2256
L32_S990106,0,1.0,INTERFACE,3.714426348636496,3.714426348636496,False,156.05360111051775,32,34.131146553988415,4,272
L32_S990106,16,0.7282051282051282,INTERFACE,3.714426348636496,0.1947151709280006,False,114.41208807519304,32,0.1947151709280006,4,336
L32_S990106,32,0.6871794871794872,INTERFACE,3.714426348636496,0.16115624136997198,False,108.18444055014584,32,0.16115624136997198,4,400
L32_S990106,48,0.6564102564102564,INTERFACE,3.714426348636496,0.14181298786722252,False,103.23264810882789,32,0.14181298786722252,4,464
L32_S990106,64,0.6205128205128205,INTERFACE,3.714426348636496,0.12837677961601968,False,98.54312970683787,32,0.12837677961601968,4,528
L32_S990106,80,0.5948717948717949,INTERFACE,3.714426348636496,0.1181765008997181,False,94.73094727831453,32,0.1181765008997181,4,592
L32_S990106,96,0.5846153846153846,INTERFACE,3.714426348636496,0.11002913421597016,False,92.44520698147137,32,0.11002913421597016,4,656
L32_S990106,112,0.5641025641025641,INTERFACE,3.714426348636496,0.10330249161780869,False,89.62108185111893,32,0.10330249161780869,4,720
L32_S990106,128,0.5487179487179488,INTERFACE,3.714426348636496,0.09761565157491436,False,87.08378539619363,32,0.09761565157491436,4,784
L32_S990106,144,0.5282051282051282,INTERFACE,3.714426348636496,0.0927205871846809,False,84.51353788918287,32,0.0927205871846809,4,848
L32_S990106,160,0.517948717948718,INTERFACE,3.714426348636496,0.0884477415710917,False,82.51509577823931,32,0.0884477415710917,4,912
L32_S990106,176,0.49230769230769234,INTERFACE,3.714426348636496,0.08466995074822137,False,79.37791947897495,32,0.08466995074822137,4,976
L32_S990106,192,0.48717948717948717,INTERFACE,3.714426348636496,0.08129294796198083,False,78.07041028842794,32,0.08129294796198083,4,1040
L32_S990106,208,0.4666666666666667,INTERFACE,3.714426348636496,0.07824647776969307,False,75.48600148828808,32,0.07824647776969307,4,1104
L32_S990106,224,0.4564102564102564,INTERFACE,3.714426348636496,0.07548079799198826,False,73.82027977149504,32,0.07548079799198826,4,1168
L32_S990106,240,0.4461538461538462,INTERFACE,3.714426348636496,0.07295931620014806,False,72.122978950384,32,0.07295931620014806,4,1232
L32_S990106,256,0.441025641025641,INTERFACE,3.714426348636496,0.07065386732581969,False,71.10340832474945,32,0.07065386732581969,4,1296
L32_S990106,272,0.4205128205128205,INTERFACE,3.714426348636496,0.0685360838445368,False,68.46501351520602,32,0.0685360838445368,4,1360
L32_S990106,288,0.40512820512820513,INTERFACE,3.714426348636496,0.06657298491147456,False,66.55626725680092,32,0.06657298491147456,4,1424
L32_S990106,304,0.39487179487179486,INTERFACE,3.714426348636496,0.0647590082265278,False,65.03364722448708,32,0.0647590082265278,4,1488
L32_S990106,320,0.38461538461538464,INTERFACE,3.714426348636496,0.06308925476498095,False,63.39452311564639,32,0.06308925476498095,4,1552
L32_S990106,336,0.38461538461538464,INTERFACE,3.714426348636496,0.06156031084364055,False,62.87717877432428,32,0.06156031084364055,4,1616
L32_S990106,352,0.37435897435897436,INTERFACE,3.714426348636496,0.06016378536673106,False,61.249912392775265,32,0.06016378536673106,4,1680
L32_S990106,368,0.37435897435897436,INTERFACE,3.714426348636496,0.05889213464112519,False,60.79594931525939,32,0.05889213464112519,4,1744
L32_S990106,384,0.36923076923076925,INTERFACE,3.714426348636496,0.05773637177385149,False,59.65155050298985,32,0.05773637177385149,4,1808
L32_S990106,400,0.3487179487179487,INTERFACE,3.714426348636496,0.05668491267836573,False,57.38125124689541,32,0.05668491267836573,4,1872
L32_S990106,416,0.3384615384615385,INTERFACE,3.714426348636496,0.05572862138697521,False,55.91531605182498,32,0.05572862138697521,4,1936
L32_S990106,432,0.3282051282051282,INTERFACE,3.714426348636496,0.054856322077435404,False,54.42192291811776,32,0.054856322077435404,4,2000
L32_S990106,448,0.31794871794871793,INTERFACE,3.714426348636496,0.05403707935001689,False,53.0536150384489,32,0.05403707935001689,4,2064
L32_S990106,464,0.31794871794871793,INTERFACE,3.714426348636496,0.05326384026530295,False,52.63979006305954,32,0.05326384026530295,4,2128
L32_S990106,480,0.3230769230769231,INTERFACE,3.714426348636496,0.05257587053677282,False,52.50024710468845,32,0.05257587053677282,4,2192
L32_S990106,496,0.3076923076923077,INTERFACE,3.714426348636496,0.05197503713577678,False,50.715743066971314,32,0.05197503713577678,4,2256
L32_S990106,0,1.0,INTERFACE,3.714426348636496,3.714426348636496,False,156.05360111051775,32,34.131146553988415,16,272
L32_S990106,4,0.8769230769230769,INTERFACE,3.714426348636496,3.714426348636496,False,137.91948058909963,32,20.943797111574785,16,336
L32_S990106,8,0.7692307692307693,INTERFACE,3.714426348636496,3.714426348636496,False,120.02405769657457,32,8.151029940492576,16,400
L32_S990106,12,0.6923076923076923,INTERFACE,3.714426348636496,0.6253887902805731,False,108.23888579767355,32,0.6253887902805731,16,464
L32_S990106,16,0.6717948717948717,INTERFACE,3.714426348636496,0.5513839927480255,False,104.8246579373392,32,0.5513839927480255,16,528
L32_S990106,20,0.6512820512820513,INTERFACE,3.714426348636496,0.49999154291670844,False,101.61209625411992,32,0.49999154291670844,16,592
L32_S990106,24,0.6256410256410256,INTERFACE,3.714426348636496,0.4608950410187428,False,98.3544399015764,32,0.4608950410187428,16,656
L32_S990106,28,0.6051282051282051,INTERFACE,3.714426348636496,0.4296440770440788,False,95.33625116671924,32,0.4296440770440788,16,720
L32_S990106,32,0.5846153846153846,INTERFACE,3.714426348636496,0.403852889437637,False,92.38778501462598,32,0.403852889437637,16,784
L32_S990106,36,0.5641025641025641,INTERFACE,3.714426348636496,0.38206831049712786,False,89.36130861072962,32,0.38206831049712786,16,848
L32_S990106,40,0.5435897435897435,INTERFACE,3.714426348636496,0.36332970905128403,False,86.3912941869466,32,0.36332970905128403,16,912
L32_S990106,44,0.5230769230769231,INTERFACE,3.714426348636496,0.34697200963845576,False,83.86422291470306,32,0.34697200963845576,16,976
L32_S990106,48,0.5025641025641026,INTERFACE,3.714426348636496,0.3325198508405075,False,80.85778397867146,32,0.3325198508405075,16,1040
L32_S990106,52,0.48205128205128206,INTERFACE,3.714426348636496,0.3195945335279421,False,77.86808583465424,32,0.3195945335279421,16,1104
L32_S990106,56,0.5128205128205128,INTERFACE,3.714426348636496,0.3079076646307405,False,80.20962140731785,32,0.3079076646307405,16,1168
L32_S990106,60,0.5025641025641026,INTERFACE,3.714426348636496,0.29726237010320955,False,79.13810939986006,32,0.29726237010320955,16,1232
L32_S990106,64,0.48205128205128206,INTERFACE,3.714426348636496,0.28753654643883064,False,77.00345585321956,32,0.28753654643883064,16,1296
L32_S990106,68,0.46153846153846156,INTERFACE,3.714426348636496,0.2786170224531618,False,74.25241913611848,32,0.2786170224531618,16,1360
L32_S990106,72,0.4461538461538462,INTERFACE,3.714426348636496,0.27040912199187506,False,72.04050276797311,32,0.27040912199187506,16,1424
L32_S990106,76,0.4461538461538462,INTERFACE,3.714426348636496,0.26284212974621424,False,71.60270848422633,32,0.26284212974621424,16,1488
L32_S990106,80,0.4256410256410256,INTERFACE,3.714426348636496,0.25586911536003865,False,69.2986017941986,32,0.25586911536003865,16,1552
L32_S990106,84,0.40512820512820513,INTERFACE,3.714426348636496,0.2493875523007455,False,66.53243482465868,32,0.2493875523007455,16,1616
L32_S990106,88,0.4,INTERFACE,3.714426348636496,0.24331216848318737,False,65.45191508409118,32,0.24331216848318737,16,1680
L32_S990106,92,0.38974358974358975,INTERFACE,3.714426348636496,0.23765521324641237,False,63.93870268952538,32,0.23765521324641237,16,1744
L32_S990106,96,0.38461538461538464,INTERFACE,3.714426348636496,0.23246234119496367,False,63.19933279105403,32,0.23246234119496367,16,1808
L32_S990106,100,0.37435897435897436,INTERFACE,3.714426348636496,0.22774852222811381,False,61.450504047390076,32,0.22774852222811381,16,1872
L32_S990106,104,0.36923076923076925,INTERFACE,3.714426348636496,0.22344736628938477,False,60.72193365338199,32,0.22344736628938477,16,1936
L32_S990106,108,0.358974358974359,INTERFACE,3.714426348636496,0.21952212256733816,False,58.960235522664874,32,0.21952212256733816,16,2000
L32_S990106,112,0.358974358974359,INTERFACE,3.714426348636496,0.21593627053678066,False,58.51935297920525,32,0.21593627053678066,16,2064
L32_S990106,116,0.35384615384615387,INTERFACE,3.714426348636496,0.21265996690775668,False,57.59910293299025,32,0.21265996690775668,16,2128
L32_S990106,120,0.3435897435897436,INTERFACE,3.714426348636496,0.20966977535580578,False,56.08052592719124,32,0.20966977535580578,16,2192
L32_S990106,124,0.3333333333333333,INTERFACE,3.714426348636496,0.20694671648185092,False,54.73629270788421,32,0.20694671648185092,16,2256
L32_S990106,0,1.0,INTERFACE,3.714426348636496,3.714426348636496,False,156.05360111051775,32,34.131146553988415,64,272
L32_S990106,1,0.9641025641025641,INTERFACE,3.714426348636496,3.7144263486364966,False,150.12348939865277,32,31.435810657957216,64,336
L32_S990106,2,0.9282051282051282,INTERFACE,3.714426348636496,3.7144263486364966,False,144.54313548361324,32,28.823595599175096,64,400
L32_S990106,3,0.8974358974358975,INTERFACE,3.714426348636496,3.7144263486364957,False,138.96750770357033,32,26.215023286199923,64,464
L32_S990106,4,0.8615384615384616,INTERFACE,3.714426348636496,3.714426348636496,False,133.66984364086505,32,23.631018587836426,64,528
L32_S990106,5,0.8256410256410256,INTERFACE,3.714426348636496,3.714426348636496,False,127.76148714917673,32,21.155180471324368,64,592
L32_S990106,6,0.7948717948717948,INTERFACE,3.714426348636496,3.7144263486364957,False,122.72756702733874,32,18.76799356724979,64,656
L32_S990106,7,0.764102564102564,INTERFACE,3.714426348636496,3.714426348636496,False,117.38296498483366,32,16.225964913618537,64,720
L32_S990106,8,0.7333333333333333,INTERFACE,3.714426348636496,3.714426348636496,False,112.64275599221028,32,13.741882364787664,64,784
L32_S990106,9,0.6974358974358974,INTERFACE,3.714426348636496,3.714426348636496,False,106.80368971527085,32,11.231222614197213,64,848
L32_S990106,10,0.6666666666666666,INTERFACE,3.714426348636496,3.7144263486364957,False,101.74729831051935,32,8.63586730603388,64,912
L32_S990106,11,0.6205128205128205,INTERFACE,3.714426348636496,3.714426348636496,False,95.51049943213381,32,6.0792849716752215,64,976
L32_S990106,12,0.5897435897435898,INTERFACE,3.714426348636496,3.7077269403629485,False,89.93978201051944,32,3.707726940362948,64,1040
L32_S990106,13,0.5538461538461539,INTERFACE,3.714426348636496,1.6407343030273596,False,85.1280198616089,32,1.6407343030273596,64,1104
L32_S990106,14,0.5282051282051282,INTERFACE,3.714426348636496,1.5218993737720954,False,82.37067852860214,32,1.5218993737720954,64,1168
L32_S990106,15,0.517948717948718,INTERFACE,3.714426348636496,1.4302986930192283,False,80.32526967009458,32,1.4302986930192283,64,1232
L32_S990106,16,0.5076923076923077,INTERFACE,3.714426348636496,1.355529682826985,False,78.6764284847671,32,1.355529682826985,64,1296
L32_S990106,17,0.49230769230769234,INTERFACE,3.714426348636496,1.2923136148246823,False,76.61405867694536,32,1.2923136148246825,64,1360
L32_S990106,18,0.47692307692307695,INTERFACE,3.714426348636496,1.2375182328203786,False,74.53269982081827,32,1.2375182328203786,64,1424
L32_S990106,19,0.46153846153846156,INTERFACE,3.714426348636496,1.1891490842772958,False,72.4050515622534,32,1.1891490842772958,64,1488
L32_S990106,20,0.4461538461538462,INTERFACE,3.714426348636496,1.1459133552217593,False,70.25870942011399,32,1.1459133552217593,64,1552
L32_S990106,21,0.4307692307692308,INTERFACE,3.714426348636496,1.1069494180848254,False,68.28789184899904,32,1.1069494180848254,64,1616
L32_S990106,22,0.4153846153846154,INTERFACE,3.714426348636496,1.0715302381924632,False,66.26349609554251,32,1.0715302381924632,64,1680
L32_S990106,23,0.40512820512820513,INTERFACE,3.714426348636496,1.038834213081024,False,64.59725993356273,32,1.038834213081024,64,1744
L32_S990106,24,0.40512820512820513,INTERFACE,3.714426348636496,1.0087065888376539,False,64.15412434209983,32,1.0087065888376539,64,1808
L32_S990106,25,0.4,INTERFACE,3.714426348636496,0.9811799477105559,False,63.42445203898598,32,0.9811799477105559,64,1872
L32_S990106,26,0.38974358974358975,INTERFACE,3.714426348636496,0.9564534990181619,False,62.153109373728554,32,0.9564534990181619,64,1936
L32_S990106,27,0.38461538461538464,INTERFACE,3.714426348636496,0.9341557466028882,False,60.98653717549084,32,0.9341557466028882,64,2000
L32_S990106,28,0.36923076923076925,INTERFACE,3.714426348636496,0.9138353249321297,False,59.12249330826128,32,0.9138353249321297,64,2064
L32_S990106,29,0.3641025641025641,INTERFACE,3.714426348636496,0.8952893820381012,False,57.99186842251952,32,0.8952893820381012,64,2128
L32_S990106,30,0.35384615384615387,INTERFACE,3.714426348636496,0.8784140328707438,False,56.59461631575815,32,0.8784140328707438,64,2192
L32_S990106,31,0.3435897435897436,INTERFACE,3.714426348636496,0.8631157897689147,False,55.27086104073324,32,0.8631157897689147,64,2256
L32_S990106,0,1.0,DISPERSED,3.714426348636496,3.714426348636496,False,156.05360111051775,32,34.68036145796966,1,272
L32_S990106,64,0.6410256410256411,DISPERSED,3.714426348636496,0.6135934444521587,False,101.09609120448927,32,0.6135934444521587,1,336
L32_S990106,128,0.517948717948718,DISPERSED,3.714426348636496,0.6136092120247411,False,82.30715757033431,32,0.6136092120247411,1,400
L32_S990106,192,0.39487179487179486,DISPERSED,3.714426348636496,1.1737101319378351,False,63.60639400837974,32,1.1737101319378351,1,464
L32_S990106,256,0.26153846153846155,DISPERSED,3.714426348636496,0.6267964948166574,False,43.488025426665956,32,0.6267964948166574,1,528
L32_S990106,320,0.11794871794871795,DISPERSED,3.714426348636496,0.08189199179037032,False,20.589812022524015,32,0.08189199179037032,1,592
L32_S990106,384,0.005128205128205128,DISPERSED,3.714426348636496,0.5378630191592585,False,0.5378630191592585,32,0.6479068987947695,1,656
L32_S990106,448,0.0,DISPERSED,3.714426348636496,0.0,True,0.0,32,8.880420311200044,1,720
L32_S990106,512,0.0,DISPERSED,3.714426348636496,0.0,True,0.0,32,15.928861131047034,1,784
L32_S990106,576,0.0,DISPERSED,3.714426348636496,0.0,True,0.0,32,21.67078481038041,1,848
L32_S990106,640,0.0,DISPERSED,3.714426348636496,0.0,True,0.0,32,32.19951504374068,1,912
L32_S990106,704,0.0,DISPERSED,3.714426348636496,0.0,True,0.0,32,34.11514125491627,1,976
L32_S990106,768,0.0,DISPERSED,3.714426348636496,0.0,True,0.0,32,34.230255135866244,1,1040
L32_S990106,832,0.0,DISPERSED,3.714426348636496,0.0,True,0.0,32,36.93495338683072,1,1104
L32_S990106,896,0.0,DISPERSED,3.714426348636496,0.0,True,0.0,32,38.17554121847122,1,1168
L32_S990106,960,0.0,DISPERSED,3.714426348636496,0.0,True,0.0,32,40.216660892162544,1,1232
L32_S990106,1024,0.0,DISPERSED,3.714426348636496,0.0,True,0.0,32,41.39769402798945,1,1296
L32_S990106,1088,0.0,DISPERSED,3.714426348636496,0.0,True,0.0,32,41.75702552051685,1,1360
L32_S990106,1152,0.0,DISPERSED,3.714426348636496,0.0,True,0.0,32,42.58435316525006,1,1424
L32_S990106,1216,0.0,DISPERSED,3.714426348636496,0.0,True,0.0,32,43.77383568105146,1,1488
L32_S990106,1280,0.0,DISPERSED,3.714426348636496,0.0,True,0.0,32,44.82231568003813,1,1552
L32_S990106,1344,0.0,DISPERSED,3.714426348636496,0.0,True,0.0,32,46.681324576243476,1,1616
L32_S990106,1408,0.0,DISPERSED,3.714426348636496,0.0,True,0.0,32,47.083161918998584,1,1680
L32_S990106,1472,0.0,DISPERSED,3.714426348636496,0.0,True,0.0,32,48.97903742791434,1,1744
L32_S990106,1536,0.0,DISPERSED,3.714426348636496,0.0,True,0.0,32,48.91393630767796,1,1808
L32_S990106,1600,0.0,DISPERSED,3.714426348636496,0.0,True,0.0,32,50.59369540592992,1,1872
L32_S990106,1664,0.0,DISPERSED,3.714426348636496,0.0,True,0.0,32,51.9895483613556,1,1936
L32_S990106,1728,0.0,DISPERSED,3.714426348636496,0.0,True,0.0,32,51.8996983043315,1,2000
L32_S990106,1792,0.0,DISPERSED,3.714426348636496,0.0,True,0.0,32,53.757762584425734,1,2064
L32_S990106,1856,0.0,DISPERSED,3.714426348636496,0.0,True,0.0,32,53.676658158209634,1,2128
L32_S990106,1920,0.0,DISPERSED,3.714426348636496,0.0,True,0.0,32,54.09282716413929,1,2192
L32_S990106,1984,0.0,DISPERSED,3.714426348636496,0.0,True,0.0,32,55.33331515819501,1,2256
L32_S990106,0,1.0,DISPERSED,3.714426348636496,3.714426348636496,False,156.05360111051775,32,34.68036145796966,4,272
L32_S990106,16,0.6717948717948717,DISPERSED,3.714426348636496,1.3462181871169565,False,105.65032245792062,32,1.3462181871169565,4,336
L32_S990106,32,0.5435897435897435,DISPERSED,3.714426348636496,0.2658692048780732,False,86.05468142731834,32,0.2658692048780732,4,400
L32_S990106,48,0.441025641025641,DISPERSED,3.714426348636496,0.8365903311908015,False,70.20949542512457,32,0.8365903311908015,4,464
L32_S990106,64,0.31794871794871793,DISPERSED,3.714426348636496,1.4207890416422169,False,52.29814824509293,32,1.4207890416422169,4,528
L32_S990106,80,0.2,DISPERSED,3.714426348636496,0.8792412831038424,False,33.566447286941184,32,0.8792412831038424,4,592
L32_S990106,96,0.08205128205128205,DISPERSED,3.714426348636496,1.9907707312634493,False,14.109270752608841,32,1.9907707312634493,4,656
L32_S990106,112,0.0,DISPERSED,3.714426348636496,0.0,True,0.0,32,5.36484020927041,4,720
L32_S990106,128,0.0,DISPERSED,3.714426348636496,0.0,True,0.0,32,11.463915235976724,4,784
L32_S990106,144,0.0,DISPERSED,3.714426348636496,0.0,True,0.0,32,18.1180658914747,4,848
L32_S990106,160,0.0,DISPERSED,3.714426348636496,0.0,True,0.0,32,27.576030967537292,4,912
L32_S990106,176,0.0,DISPERSED,3.714426348636496,0.0,True,0.0,32,33.47283219814479,4,976
L32_S990106,192,0.0,DISPERSED,3.714426348636496,0.0,True,0.0,32,35.98650975159814,4,1040
L32_S990106,208,0.0,DISPERSED,3.714426348636496,0.0,True,0.0,32,38.616524583925674,4,1104
L32_S990106,224,0.0,DISPERSED,3.714426348636496,0.0,True,0.0,32,40.08453372308944,4,1168
L32_S990106,240,0.0,DISPERSED,3.714426348636496,0.0,True,0.0,32,41.056094848144625,4,1232
L32_S990106,256,0.0,DISPERSED,3.714426348636496,0.0,True,0.0,32,42.839753275248405,4,1296
L32_S990106,272,0.0,DISPERSED,3.714426348636496,0.0,True,0.0,32,43.65293094149807,4,1360
L32_S990106,288,0.0,DISPERSED,3.714426348636496,0.0,True,0.0,32,45.825989808054494,4,1424
L32_S990106,304,0.0,DISPERSED,3.714426348636496,0.0,True,0.0,32,46.43310337239776,4,1488
L32_S990106,320,0.0,DISPERSED,3.714426348636496,0.0,True,0.0,32,47.31950905314948,4,1552
L32_S990106,336,0.0,DISPERSED,3.714426348636496,0.0,True,0.0,32,48.43766296197745,4,1616
L32_S990106,352,0.0,DISPERSED,3.714426348636496,0.0,True,0.0,32,49.43260667064292,4,1680
L32_S990106,368,0.0,DISPERSED,3.714426348636496,0.0,True,0.0,32,49.960267385699574,4,1744
L32_S990106,384,0.0,DISPERSED,3.714426348636496,0.0,True,0.0,32,50.94981680321947,4,1808
L32_S990106,400,0.0,DISPERSED,3.714426348636496,0.0,True,0.0,32,51.870971413066854,4,1872
L32_S990106,416,0.0,DISPERSED,3.714426348636496,0.0,True,0.0,32,53.21310530643498,4,1936
L32_S990106,432,0.0,DISPERSED,3.714426348636496,0.0,True,0.0,32,53.56427667808952,4,2000
L32_S990106,448,0.0,DISPERSED,3.714426348636496,0.0,True,0.0,32,54.947818565336625,4,2064
L32_S990106,464,0.0,DISPERSED,3.714426348636496,0.0,True,0.0,32,55.07665748107342,4,2128
L32_S990106,480,0.0,DISPERSED,3.714426348636496,0.0,True,0.0,32,55.31024119831066,4,2192
L32_S990106,496,0.0,DISPERSED,3.714426348636496,0.0,True,0.0,32,55.96783829049984,4,2256
L32_S990106,0,1.0,DISPERSED,3.714426348636496,3.714426348636496,False,156.05360111051775,32,34.68036145796966,16,272
L32_S990106,4,0.8769230769230769,DISPERSED,3.714426348636496,3.7144263486364957,False,138.07455030186634,32,24.866711307322298,16,336
L32_S990106,8,0.7692307692307693,DISPERSED,3.714426348636496,3.7144263486364952,False,120.5058025797096,32,16.90985929786433,16,400
L32_S990106,12,0.6615384615384615,DISPERSED,3.714426348636496,3.7144263486364966,False,103.25751226753901,32,10.320469576748701,16,464
L32_S990106,16,0.5384615384615384,DISPERSED,3.714426348636496,3.714426348636496,False,85.31192886298194,32,5.017371943851458,16,528
L32_S990106,20,0.4307692307692308,DISPERSED,3.714426348636496,3.714426348636496,False,68.8878850037867,32,3.7384167912182007,16,592
L32_S990106,24,0.3230769230769231,DISPERSED,3.714426348636496,1.7294637973325453,False,52.46897774169989,32,1.7294637973325453,16,656
L32_S990106,28,0.23076923076923078,DISPERSED,3.714426348636496,3.714426348636496,False,38.334139700785016,32,3.8383052452538013,16,720
L32_S990106,32,0.1282051282051282,DISPERSED,3.714426348636496,3.714426348636496,False,21.699244657099705,32,4.501030751255209,16,784
L32_S990106,36,0.03076923076923077,DISPERSED,3.714426348636496,3.7144263486364966,False,5.040348351719985,32,4.845248343992884,16,848
L32_S990106,40,0.005128205128205128,DISPERSED,3.714426348636496,0.47520253841610255,False,0.47520253841610255,32,10.867253886790227,16,912
L32_S990106,44,0.0,DISPERSED,3.714426348636496,0.0,True,0.0,32,16.597721758234425,16,976
L32_S990106,48,0.0,DISPERSED,3.714426348636496,0.0,True,0.0,32,26.359356510836076,16,1040
L32_S990106,52,0.0,DISPERSED,3.714426348636496,0.0,True,0.0,32,29.491523004793287,16,1104
L32_S990106,56,0.0,DISPERSED,3.714426348636496,0.0,True,0.0,32,33.96701553392853,16,1168
L32_S990106,60,0.0,DISPERSED,3.714426348636496,0.0,True,0.0,32,36.07648085879139,16,1232
L32_S990106,64,0.0,DISPERSED,3.714426348636496,0.0,True,0.0,32,37.39673291974949,16,1296
L32_S990106,68,0.0,DISPERSED,3.714426348636496,0.0,True,0.0,32,38.66437479659524,16,1360
L32_S990106,72,0.0,DISPERSED,3.714426348636496,0.0,True,0.0,32,40.11760881583137,16,1424
L32_S990106,76,0.0,DISPERSED,3.714426348636496,0.0,True,0.0,32,40.429644068216525,16,1488
L32_S990106,80,0.010256410256410256,DISPERSED,3.714426348636496,0.9030548030886046,False,0.9030548030886046,32,43.162733060854855,16,1552
L32_S990106,84,0.0,DISPERSED,3.714426348636496,0.0,True,0.0,32,43.11402575805979,16,1616
L32_S990106,88,0.0,DISPERSED,3.714426348636496,0.0,True,0.0,32,44.94117639870681,16,1680
L32_S990106,92,0.0,DISPERSED,3.714426348636496,0.0,True,0.0,32,46.51692288673393,16,1744
L32_S990106,96,0.0,DISPERSED,3.714426348636496,0.0,True,0.0,32,46.99195302789383,16,1808
L32_S990106,100,0.0,DISPERSED,3.714426348636496,0.0,True,0.0,32,47.56851459321685,16,1872
L32_S990106,104,0.0,DISPERSED,3.714426348636496,0.0,True,0.0,32,48.430191573047395,16,1936
L32_S990106,108,0.0,DISPERSED,3.714426348636496,0.0,True,0.0,32,48.63090980220514,16,2000
L32_S990106,112,0.005128205128205128,DISPERSED,3.714426348636496,0.4539084827190221,False,0.4539084827190221,32,49.979802994630155,16,2064
L32_S990106,116,0.0,DISPERSED,3.714426348636496,0.0,True,0.0,32,50.00165545787225,16,2128
L32_S990106,120,0.0,DISPERSED,3.714426348636496,0.0,True,0.0,32,51.34029819718945,16,2192
L32_S990106,124,0.0,DISPERSED,3.714426348636496,0.0,True,0.0,32,52.549545908022175,16,2256
L32_S990106,0,1.0,DISPERSED,3.714426348636496,3.714426348636496,False,156.05360111051775,32,34.68036145796966,64,272
L32_S990106,1,0.9641025641025641,DISPERSED,3.714426348636496,3.7144263486364966,False,150.17942409978156,32,33.817742485719734,64,336
L32_S990106,2,0.9282051282051282,DISPERSED,3.714426348636496,3.714426348636496,False,144.69951876859085,32,31.94070578530416,64,400
L32_S990106,3,0.8974358974358975,DISPERSED,3.714426348636496,3.714426348636496,False,139.24444236373998,32,30.647741196531996,64,464
L32_S990106,4,0.8615384615384616,DISPERSED,3.714426348636496,3.7144263486364957,False,134.08763208102786,32,29.937423784277783,64,528
L32_S990106,5,0.8256410256410256,DISPERSED,3.714426348636496,3.7144263486364966,False,128.32996433292968,32,29.80240794565616,64,592
L32_S990106,6,0.7948717948717948,DISPERSED,3.714426348636496,3.7144263486364966,False,123.44420603429788,32,28.153066015000736,64,656
L32_S990106,7,0.764102564102564,DISPERSED,3.714426348636496,3.7144263486364966,False,118.253703685072,32,27.01381094002691,64,720
L32_S990106,8,0.7333333333333333,DISPERSED,3.714426348636496,3.7144263486364957,False,113.64621063239078,32,26.62771467026233,64,784
L32_S990106,9,0.6974358974358974,DISPERSED,3.714426348636496,3.7144263486364966,False,107.90078238417414,32,27.124330735641585,64,848
L32_S990106,10,0.6666666666666666,DISPERSED,3.714426348636496,3.714426348636496,False,103.05151186145157,32,26.60193959774227,64,912
L32_S990106,11,0.6205128205128205,DISPERSED,3.714426348636496,3.714426348636496,False,96.93795144936887,32,24.57906147120691,64,976
L32_S990106,12,0.5897435897435898,DISPERSED,3.714426348636496,3.714426348636496,False,91.36531700710023,32,23.03517168912356,64,1040
L32_S990106,13,0.5538461538461539,DISPERSED,3.714426348636496,3.714426348636496,False,86.29595686339843,32,24.28410532673667,64,1104
L32_S990106,14,0.517948717948718,DISPERSED,3.714426348636496,3.7144263486364952,False,81.00347009785585,32,22.81391824723519,64,1168
L32_S990106,15,0.48205128205128206,DISPERSED,3.714426348636496,3.7144263486364957,False,75.63645928562627,32,23.596777796150782,64,1232
L32_S990106,16,0.4461538461538462,DISPERSED,3.714426348636496,3.714426348636496,False,70.24134276413419,32,23.848062994320397,64,1296
L32_S990106,17,0.4153846153846154,DISPERSED,3.714426348636496,3.7144263486364957,False,65.70160859825543,32,23.62482628254915,64,1360
L32_S990106,18,0.37948717948717947,DISPERSED,3.714426348636496,3.7144263486364952,False,60.12712262310473,32,24.884475356440113,64,1424
L32_S990106,19,0.3487179487179487,DISPERSED,3.714426348636496,3.7144263486364957,False,55.3241771564002,32,25.063890000528012,64,1488
L32_S990106,20,0.3076923076923077,DISPERSED,3.714426348636496,3.7144263486364957,False,49.799890950013896,32,23.732512544037238,64,1552
L32_S990106,21,0.27692307692307694,DISPERSED,3.714426348636496,3.714426348636496,False,44.230468088244386,32,23.441794434176934,64,1616
L32_S990106,22,0.24102564102564103,DISPERSED,3.714426348636496,3.714426348636497,False,39.048808227208646,32,24.17311195192865,64,1680
L32_S990106,23,0.21025641025641026,DISPERSED,3.714426348636496,3.714426348636496,False,33.729767159140636,32,23.396487960471536,64,1744
L32_S990106,24,0.17435897435897435,DISPERSED,3.714426348636496,3.7144263486364957,False,28.090966330800903,32,22.723335325829535,64,1808
L32_S990106,25,0.15384615384615385,DISPERSED,3.714426348636496,3.7144263486364957,False,23.67360512599096,32,23.139638633426173,64,1872
L32_S990106,26,0.11794871794871795,DISPERSED,3.714426348636496,3.7144263486364966,False,18.475311735836723,32,24.705149472027042,64,1936
L32_S990106,27,0.09230769230769231,DISPERSED,3.714426348636496,3.714426348636496,False,13.793953809095719,32,26.15546214621584,64,2000
L32_S990106,28,0.07179487179487179,DISPERSED,3.714426348636496,3.714426348636496,False,9.877192369480055,32,27.202161962364965,64,2064
L32_S990106,29,0.041025641025641026,DISPERSED,3.714426348636496,3.714426348636496,False,5.62687497822526,32,27.798476174335207,64,2128
L32_S990106,30,0.010256410256410256,DISPERSED,3.714426348636496,1.18184486795652,False,1.18184486795652,32,30.135165906281348,64,2192
L32_S990106,31,0.010256410256410256,DISPERSED,3.714426348636496,0.9191733251487157,False,0.9191733251487157,32,32.42459262954439,64,2256
L32_S990107,0,1.0,INTERFACE,3.715942247157847,3.715942247157847,False,156.89145466922224,32,34.82079998251132,1,272
L32_S990107,64,0.700507614213198,INTERFACE,3.715942247157847,0.049508198689010796,False,112.20912626552871,32,0.049508198689010796,1,336
L32_S990107,128,0.6598984771573604,INTERFACE,3.715942247157847,0.04121750338839425,False,105.92254077012116,32,0.04121750338839425,1,400
L32_S990107,192,0.6243654822335025,INTERFACE,3.715942247157847,0.03613289578659351,False,100.76488907231072,32,0.03613289578659351,1,464
L32_S990107,256,0.5989847715736041,INTERFACE,3.715942247157847,0.03254520138582706,False,96.78741098518759,32,0.03254520138582706,1,528
L32_S990107,320,0.583756345177665,INTERFACE,3.715942247157847,0.02982216929418946,False,94.1113602291579,32,0.02982216929418946,1,592
L32_S990107,384,0.5634517766497462,INTERFACE,3.715942247157847,0.02765948045128097,False,91.02801946936738,32,0.02765948045128097,1,656
L32_S990107,448,0.5482233502538071,INTERFACE,3.715942247157847,0.025886862579721948,False,88.54265203023313,32,0.025886862579721948,1,720
L32_S990107,512,0.5279187817258884,INTERFACE,3.715942247157847,0.02439960406819619,False,85.68461969228319,32,0.02439960406819619,1,784
L32_S990107,576,0.5076142131979695,INTERFACE,3.715942247157847,0.023128541613425813,False,82.96619820049338,32,0.023128541613425813,1,848
L32_S990107,640,0.5025380710659898,INTERFACE,3.715942247157847,0.022024740516164987,False,81.52158486706622,32,0.022024740516164987,1,912
L32_S990107,704,0.48223350253807107,INTERFACE,3.715942247157847,0.021053523000587937,False,78.84974934941124,32,0.021053523000587937,1,976
L32_S990107,768,0.467005076142132,INTERFACE,3.715942247157847,0.020190179361449512,False,76.66262308835087,32,0.020190179361449512,1,1040
L32_S990107,832,0.467005076142132,INTERFACE,3.715942247157847,0.019416615580284735,False,75.88397292305861,32,0.019416615580284735,1,1104
L32_S990107,896,0.4416243654822335,INTERFACE,3.715942247157847,0.01871914511434214,False,72.85683121090456,32,0.01871914511434214,1,1168
L32_S990107,960,0.4263959390862944,INTERFACE,3.715942247157847,0.018086795696154567,False,70.75008046642452,32,0.018086795696154567,1,1232
L32_S990107,1024,0.4213197969543147,INTERFACE,3.715942247157847,0.01750846393382477,False,69.62418863453433,32,0.01750846393382477,1,1296
L32_S990107,1088,0.40609137055837563,INTERFACE,3.715942247157847,0.016978123118034927,False,67.58627289632099,32,0.016978123118034927,1,1360
L32_S990107,1152,0.40609137055837563,INTERFACE,3.715942247157847,0.016493026739789918,False,66.90662085307557,32,0.016493026739789918,1,1424
L32_S990107,1216,0.38578680203045684,INTERFACE,3.715942247157847,0.01605077772442398,False,64.43784648810917,32,0.01605077772442398,1,1488
L32_S990107,1280,0.38578680203045684,INTERFACE,3.715942247157847,0.015648656490577673,False,63.84876520379271,32,0.015648656490577673,1,1552
L32_S990107,1344,0.3756345177664975,INTERFACE,3.715942247157847,0.015283668770726733,False,62.36251835784029,32,0.015283668770726733,1,1616
L32_S990107,1408,0.36548223350253806,INTERFACE,3.715942247157847,0.014952500896674104,False,60.84819180547443,32,0.014952500896674104,1,1680
L32_S990107,1472,0.37055837563451777,INTERFACE,3.715942247157847,0.014651947110053576,False,60.701792360790215,32,0.014651947110053576,1,1744
L32_S990107,1536,0.36548223350253806,INTERFACE,3.715942247157847,0.014379113967786683,False,59.6988931001791,32,0.014379113967786683,1,1808
L32_S990107,1600,0.3401015228426396,INTERFACE,3.715942247157847,0.014131143737643792,False,56.902669301823934,32,0.014131143737643792,1,1872
L32_S990107,1664,0.3299492385786802,INTERFACE,3.715942247157847,0.013900712578232888,False,55.50136738346851,32,0.013900712578232888,1,1936
L32_S990107,1728,0.3350253807106599,INTERFACE,3.715942247157847,0.013685868670909485,False,55.420848740340276,32,0.013685868670909485,1,2000
L32_S990107,1792,0.3147208121827411,INTERFACE,3.715942247157847,0.013492700853690143,False,53.110297249550285,32,0.013492700853690143,1,2064
L32_S990107,1856,0.3197969543147208,INTERFACE,3.715942247157847,0.013324037784806952,False,53.080739836554706,32,0.013324037784806952,1,2128
L32_S990107,1920,0.3147208121827411,INTERFACE,3.715942247157847,0.013178504869265861,False,52.14004910639671,32,0.013178504869265861,1,2192
L32_S990107,1984,0.30456852791878175,INTERFACE,3.715942247157847,0.013052692771503893,False,50.78023885962485,32,0.013052692771503893,1,2256
L32_S990107,0,1.0,INTERFACE,3.715942247157847,3.715942247157847,False,156.89145466922224,32,34.82079998251132,4,272
L32_S990107,16,0.7157360406091371,INTERFACE,3.715942247157847,0.20734872456126752,False,114.71116109571383,32,0.20734872456126752,4,336
L32_S990107,32,0.6751269035532995,INTERFACE,3.715942247157847,0.16937543152727463,False,108.15959651801676,32,0.16937543152727463,4,400
L32_S990107,48,0.6395939086294417,INTERFACE,3.715942247157847,0.14734348787375706,False,102.93795169870415,32,0.14734348787375706,4,464
L32_S990107,64,0.6142131979695431,INTERFACE,3.715942247157847,0.13214234283292103,False,98.99186945106685,32,0.13214234283292103,4,528
L32_S990107,80,0.5989847715736041,INTERFACE,3.715942247157847,0.12074605986933595,False,96.19124506197532,32,0.12074605986933595,4,592
L32_S990107,96,0.5786802030456852,INTERFACE,3.715942247157847,0.1117687676078768,False,93.17039266008393,32,0.1117687676078768,4,656
L32_S990107,112,0.5634517766497462,INTERFACE,3.715942247157847,0.10445481601795481,False,90.67424596112345,32,0.10445481601795481,4,720
L32_S990107,128,0.5329949238578681,INTERFACE,3.715942247157847,0.09834631937237726,False,86.84564527676538,32,0.09834631937237726,4,784
L32_S990107,144,0.5177664974619289,INTERFACE,3.715942247157847,0.09314590527440159,False,84.54000540313541,32,0.09314590527440159,4,848
L32_S990107,160,0.5076142131979695,INTERFACE,3.715942247157847,0.08864682452789407,False,82.79793286750353,32,0.08864682452789407,4,912
L32_S990107,176,0.49238578680203043,INTERFACE,3.715942247157847,0.08469961672157722,False,80.4389081087564,32,0.08469961672157722,4,976
L32_S990107,192,0.48223350253807107,INTERFACE,3.715942247157847,0.08119707117518571,False,78.75697725123524,32,0.08119707117518571,4,1040
L32_S990107,208,0.467005076142132,INTERFACE,3.715942247157847,0.0780609566061754,False,76.65539037496355,32,0.0780609566061754,4,1104
L32_S990107,224,0.45685279187817257,INTERFACE,3.715942247157847,0.07523409395094993,False,75.0043567248256,32,0.07523409395094993,4,1168
L32_S990107,240,0.4467005076142132,INTERFACE,3.715942247157847,0.07267250573294604,False,73.45243812919537,32,0.07267250573294604,4,1232
L32_S990107,256,0.4365482233502538,INTERFACE,3.715942247157847,0.07034080403632603,False,71.83619219893384,32,0.07034080403632603,4,1296
L32_S990107,272,0.4213197969543147,INTERFACE,3.715942247157847,0.06820386454230865,False,69.79478431007387,32,0.06820386454230865,4,1360
L32_S990107,288,0.41624365482233505,INTERFACE,3.715942247157847,0.06623559533108347,False,68.58394922816883,32,0.06623559533108347,4,1424
L32_S990107,304,0.4010152284263959,INTERFACE,3.715942247157847,0.06442843342372917,False,66.70587808261074,32,0.06442843342372917,4,1488
L32_S990107,320,0.39593908629441626,INTERFACE,3.715942247157847,0.06277443953036765,False,65.56294145628297,32,0.06277443953036765,4,1552
L32_S990107,336,0.38071065989847713,INTERFACE,3.715942247157847,0.06126586568146175,False,63.59442223198574,32,0.06126586568146175,4,1616
L32_S990107,352,0.38578680203045684,INTERFACE,3.715942247157847,0.05989421755062074,False,63.48602401504799,32,0.05989421755062074,4,1680
L32_S990107,368,0.37055837563451777,INTERFACE,3.715942247157847,0.058647787523982586,False,61.579426117937025,32,0.058647787523982586,4,1744
L32_S990107,384,0.37055837563451777,INTERFACE,3.715942247157847,0.05751515429943754,False,61.02959876124078,32,0.05751515429943754,4,1808
L32_S990107,400,0.350253807106599,INTERFACE,3.715942247157847,0.056485217706277346,False,58.70197650847723,32,0.056485217706277346,4,1872
L32_S990107,416,0.350253807106599,INTERFACE,3.715942247157847,0.05554641906295987,False,58.1489969743082,32,0.05554641906295987,4,1936
L32_S990107,432,0.3350253807106599,INTERFACE,3.715942247157847,0.05469135914357093,False,56.25141680771481,32,0.05469135914357093,4,2000
L32_S990107,448,0.3248730964467005,INTERFACE,3.715942247157847,0.05388980138906896,False,54.90785999284414,32,0.05388980138906896,4,2064
L32_S990107,464,0.3248730964467005,INTERFACE,3.715942247157847,0.0531325930488914,False,54.466111652172785,32,0.0531325930488914,4,2128
L32_S990107,480,0.3248730964467005,INTERFACE,3.715942247157847,0.05245991294685759,False,53.96043983609897,32,0.05245991294685759,4,2192
L32_S990107,496,0.3147208121827411,INTERFACE,3.715942247157847,0.05187514250127556,False,52.6559023464322,32,0.05187514250127556,4,2256
L32_S990107,0,1.0,INTERFACE,3.715942247157847,3.715942247157847,False,156.89145466922224,32,34.82079998251132,16,272
L32_S990107,4,0.8781725888324873,INTERFACE,3.715942247157847,3.715942247157847,False,139.44687494804336,32,21.570144133010107,16,336
L32_S990107,8,0.7715736040609137,INTERFACE,3.715942247157847,3.715942247157847,False,121.93169420353152,32,8.709734424529298,16,400
L32_S990107,12,0.6903553299492385,INTERFACE,3.715942247157847,0.6750717537748734,False,109.59348094973522,32,0.6750717537748734,16,464
L32_S990107,16,0.6700507614213198,INTERFACE,3.715942247157847,0.5798753357173118,False,106.44631106804387,32,0.5798753357173118,16,528
L32_S990107,20,0.649746192893401,INTERFACE,3.715942247157847,0.518574316392779,False,103.3220675349411,32,0.518574316392779,16,592
L32_S990107,24,0.6294416243654822,INTERFACE,3.715942247157847,0.47353691848756074,False,100.53361971639852,32,0.47353691848756074,16,656
L32_S990107,28,0.6091370558375635,INTERFACE,3.715942247157847,0.4383772718782092,False,97.47863832884404,32,0.4383772718782092,16,720
L32_S990107,32,0.5888324873096447,INTERFACE,3.715942247157847,0.40989151033374405,False,94.44259223726239,32,0.40989151033374405,16,784
L32_S990107,36,0.5685279187817259,INTERFACE,3.715942247157847,0.38619458942188967,False,91.5470425799953,32,0.38619458942188967,16,848
L32_S990107,40,0.5482233502538071,INTERFACE,3.715942247157847,0.36607544037668616,False,88.5546519097931,32,0.36607544037668616,16,912
L32_S990107,44,0.5279187817258884,INTERFACE,3.715942247157847,0.34871160096042286,False,86.03464656876513,32,0.34871160096042286,16,976
L32_S990107,48,0.5076142131979695,INTERFACE,3.715942247157847,0.333520894866265,False,82.96870261510996,32,0.333520894866265,16,1040
L32_S990107,52,0.5076142131979695,INTERFACE,3.715942247157847,0.3200522426839669,False,82.24012205312522,32,0.3200522426839669,16,1104
L32_S990107,56,0.4873096446700508,INTERFACE,3.715942247157847,0.3079684863581543,False,79.66429027993208,32,0.3079684863581543,16,1168
L32_S990107,60,0.4873096446700508,INTERFACE,3.715942247157847,0.297040728333124,False,78.97519669568955,32,0.297040728333124,16,1232
L32_S990107,64,0.467005076142132,INTERFACE,3.715942247157847,0.2871026012957545,False,76.48744752087129,32,0.2871026012957545,16,1296
L32_S990107,68,0.467005076142132,INTERFACE,3.715942247157847,0.2780292720467026,False,75.60368119302277,32,0.2780292720467026,16,1360
L32_S990107,72,0.4467005076142132,INTERFACE,3.715942247157847,0.2697203218461188,False,73.40015281065075,32,0.2697203218461188,16,1424
L32_S990107,76,0.4365482233502538,INTERFACE,3.715942247157847,0.26209247188209006,False,71.91501635113883,32,0.26209247188209006,16,1488
L32_S990107,80,0.4213197969543147,INTERFACE,3.715942247157847,0.25505643604801453,False,69.98596765495051,32,0.25505643604801453,16,1552
L32_S990107,84,0.41624365482233505,INTERFACE,3.715942247157847,0.2485259691225744,False,69.03935502421646,32,0.2485259691225744,16,1616
L32_S990107,88,0.40609137055837563,INTERFACE,3.715942247157847,0.24247596866597898,False,67.46346575301159,32,0.24247596866597898,16,1680
L32_S990107,92,0.4010152284263959,INTERFACE,3.715942247157847,0.2368960567099857,False,66.36113787157629,32,0.2368960567099857,16,1744
L32_S990107,96,0.38578680203045684,INTERFACE,3.715942247157847,0.23177365630090985,False,64.33728231404774,32,0.23177365630090985,16,1808
L32_S990107,100,0.39086294416243655,INTERFACE,3.715942247157847,0.2270863934159899,False,64.33130561290841,32,0.2270863934159899,16,1872
L32_S990107,104,0.3756345177664975,INTERFACE,3.715942247157847,0.22282681624061862,False,62.573761887697145,32,0.22282681624061862,16,1936
L32_S990107,108,0.37055837563451777,INTERFACE,3.715942247157847,0.21896143897165832,False,61.45934650142649,32,0.21896143897165832,16,2000
L32_S990107,112,0.3604060913705584,INTERFACE,3.715942247157847,0.21544085616703446,False,60.11558739725159,32,0.21544085616703446,16,2064
L32_S990107,116,0.3553299492385787,INTERFACE,3.715942247157847,0.2122203722019247,False,59.197916423940804,32,0.2122203722019247,16,2128
L32_S990107,120,0.34517766497461927,INTERFACE,3.715942247157847,0.20927365479010096,False,57.67981709742622,32,0.20927365479010096,16,2192
L32_S990107,124,0.3401015228426396,INTERFACE,3.715942247157847,0.20658095931354314,False,56.63669731319815,32,0.20658095931354314,16,2256
L32_S990107,0,1.0,INTERFACE,3.715942247157847,3.715942247157847,False,156.89145466922224,32,34.82079998251132,64,272
L32_S990107,1,0.9644670050761421,INTERFACE,3.715942247157847,3.7159422471578467,False,151.02659910328885,32,31.547292760000158,64,336
L32_S990107,2,0.934010152284264,INTERFACE,3.715942247157847,3.7159422471578463,False,146.2507770612503,32,29.41424046596604,64,400
L32_S990107,3,0.8984771573604061,INTERFACE,3.715942247157847,3.7159422471578476,False,140.84811712199348,32,26.946275198809598,64,464
L32_S990107,4,0.8629441624365483,INTERFACE,3.715942247157847,3.7159422471578467,False,135.32733219824462,32,24.34207547879513,64,528
L32_S990107,5,0.8274111675126904,INTERFACE,3.715942247157847,3.7159422471578467,False,129.70427309503037,32,21.810270993382684,64,592
L32_S990107,6,0.7918781725888325,INTERFACE,3.715942247157847,3.715942247157847,False,124.2594750172703,32,19.302113136057656,64,656
L32_S990107,7,0.7614213197969543,INTERFACE,3.715942247157847,3.715942247157847,False,118.71390297578368,32,16.736713684355166,64,720
L32_S990107,8,0.7258883248730964,INTERFACE,3.715942247157847,3.715942247157847,False,113.57380571742668,32,14.169151716568152,64,784
L32_S990107,9,0.6903553299492385,INTERFACE,3.715942247157847,3.715942247157847,False,107.64544331740474,32,11.586791807734151,64,848
L32_S990107,10,0.6598984771573604,INTERFACE,3.715942247157847,3.715942247157847,False,102.58201432883781,32,9.039006685955805,64,912
L32_S990107,11,0.6192893401015228,INTERFACE,3.715942247157847,3.715942247157847,False,96.69787570692078,32,6.414782223571235,64,976
L32_S990107,12,0.5888324873096447,INTERFACE,3.715942247157847,3.715942247157847,False,91.05420385876793,32,4.0247454267404965,64,1040
L32_S990107,13,0.5482233502538071,INTERFACE,3.715942247157847,1.9272605966975285,False,85.80699044110318,32,1.9272605966975287,64,1104
L32_S990107,14,0.5329949238578681,INTERFACE,3.715942247157847,1.611468121890843,False,83.65551451901398,32,1.611468121890843,64,1168
L32_S990107,15,0.5177664974619289,INTERFACE,3.715942247157847,1.4876829484172802,False,81.31156252100726,32,1.4876829484172802,64,1232
L32_S990107,16,0.5025380710659898,INTERFACE,3.715942247157847,1.3957170478917438,False,79.07166746163044,32,1.3957170478917438,64,1296
L32_S990107,17,0.4873096446700508,INTERFACE,3.715942247157847,1.3216391852929044,False,76.88458371654546,32,1.3216391852929044,64,1360
L32_S990107,18,0.4720812182741117,INTERFACE,3.715942247157847,1.2594435875295664,False,74.77097282709147,32,1.2594435875295664,64,1424
L32_S990107,19,0.45685279187817257,INTERFACE,3.715942247157847,1.205850837081976,False,72.64155037001153,32,1.205850837081976,64,1488
L32_S990107,20,0.4416243654822335,INTERFACE,3.715942247157847,1.1588438524148506,False,70.54490115205006,32,1.1588438524148506,64,1552
L32_S990107,21,0.4416243654822335,INTERFACE,3.715942247157847,1.1170350385346,False,70.06686549626896,32,1.1170350385346,64,1616
L32_S990107,22,0.43147208121827413,INTERFACE,3.715942247157847,1.0793511145992918,False,68.73264038203195,32,1.0793511145992918,64,1680
L32_S990107,23,0.4213197969543147,INTERFACE,3.715942247157847,1.0451024197850507,False,67.44225949669679,32,1.0451024197850507,64,1744
L32_S990107,24,0.4263959390862944,INTERFACE,3.715942247157847,1.0139926754450457,False,67.38821610303341,32,1.0139926754450457,64,1808
L32_S990107,25,0.40609137055837563,INTERFACE,3.715942247157847,0.9857779457665549,False,65.37172722908852,32,0.9857779457665549,64,1872
L32_S990107,26,0.40609137055837563,INTERFACE,3.715942247157847,0.9604666338232919,False,64.66676880261001,32,0.960466633823292,64,1936
L32_S990107,27,0.39593908629441626,INTERFACE,3.715942247157847,0.9375852263615125,False,63.51130605880912,32,0.9375852263615125,64,2000
L32_S990107,28,0.38578680203045684,INTERFACE,3.715942247157847,0.916896682458486,False,62.06140733876688,32,0.916896682458486,64,2064
L32_S990107,29,0.3756345177664975,INTERFACE,3.715942247157847,0.8980952664623818,False,60.76283296114884,32,0.8980952664623818,64,2128
L32_S990107,30,0.37055837563451777,INTERFACE,3.715942247157847,0.8810801900620528,False,59.650066745937146,32,0.8810801900620528,64,2192
L32_S990107,31,0.3553299492385787,INTERFACE,3.715942247157847,0.8655772885569649,False,57.7794278590062,32,0.8655772885569649,64,2256
L32_S990107,0,1.0,DISPERSED,3.715942247157847,3.715942247157847,False,156.89145466922224,32,35.36973276792551,1,272
L32_S990107,64,0.5989847715736041,DISPERSED,3.715942247157847,0.07621143616467407,False,96.14426721908552,32,0.07621143616467407,1,336
L32_S990107,128,0.4720812182741117,DISPERSED,3.715942247157847,0.07513873677336547,False,75.90036522606005,32,0.07513873677336547,1,400
L32_S990107,192,0.38071065989847713,DISPERSED,3.715942247157847,0.06579852574532497,False,61.43283643592214,32,0.06579852574532497,1,464
L32_S990107,256,0.25380710659898476,DISPERSED,3.715942247157847,0.6215918174599607,False,41.69070528467155,32,0.6215918174599607,1,528
L32_S990107,320,0.08629441624365482,DISPERSED,3.715942247157847,0.08681506427640961,False,14.088963053665871,32,0.08681506427640961,1,592
L32_S990107,384,0.0,DISPERSED,3.715942247157847,0.0,True,0.0,32,1.439778164976778,1,656
L32_S990107,448,0.0,DISPERSED,3.715942247157847,0.0,True,0.0,32,10.475254839008853,1,720
L32_S990107,512,0.0,DISPERSED,3.715942247157847,0.0,True,0.0,32,18.17708539306734,1,784
L32_S990107,576,0.0,DISPERSED,3.715942247157847,0.0,True,0.0,32,26.699203203223526,1,848
L32_S990107,640,0.0,DISPERSED,3.715942247157847,0.0,True,0.0,32,31.646974114993753,1,912
L32_S990107,704,0.005076142131979695,DISPERSED,3.715942247157847,0.45013803897553145,False,0.45013803897553145,32,34.45337893384319,1,976
L32_S990107,768,0.0,DISPERSED,3.715942247157847,0.0,True,0.0,32,35.84077527618757,1,1040
L32_S990107,832,0.0,DISPERSED,3.715942247157847,0.0,True,0.0,32,36.77088590820185,1,1104
L32_S990107,896,0.0,DISPERSED,3.715942247157847,0.0,True,0.0,32,38.72947027233464,1,1168
L32_S990107,960,0.0,DISPERSED,3.715942247157847,0.0,True,0.0,32,40.35068269681602,1,1232
L32_S990107,1024,0.0,DISPERSED,3.715942247157847,0.0,True,0.0,32,41.04506600622025,1,1296
L32_S990107,1088,0.0,DISPERSED,3.715942247157847,0.0,True,0.0,32,40.74949439193416,1,1360
L32_S990107,1152,0.0,DISPERSED,3.715942247157847,0.0,True,0.0,32,41.31277524441665,1,1424
L32_S990107,1216,0.0,DISPERSED,3.715942247157847,0.0,True,0.0,32,41.84094314638898,1,1488
L32_S990107,1280,0.0,DISPERSED,3.715942247157847,0.0,True,0.0,32,42.904166927326806,1,1552
L32_S990107,1344,0.0,DISPERSED,3.715942247157847,0.0,True,0.0,32,43.93367830079592,1,1616
L32_S990107,1408,0.0,DISPERSED,3.715942247157847,0.0,True,0.0,32,44.74821966066947,1,1680
L32_S990107,1472,0.0,DISPERSED,3.715942247157847,0.0,True,0.0,32,44.68169567204475,1,1744
L32_S990107,1536,0.0,DISPERSED,3.715942247157847,0.0,True,0.0,32,45.09520445729972,1,1808
L32_S990107,1600,0.0,DISPERSED,3.715942247157847,0.0,True,0.0,32,46.06558378177777,1,1872
L32_S990107,1664,0.0,DISPERSED,3.715942247157847,0.0,True,0.0,32,46.79726671112338,1,1936
L32_S990107,1728,0.0,DISPERSED,3.715942247157847,0.0,True,0.0,32,47.07583317029656,1,2000
L32_S990107,1792,0.005076142131979695,DISPERSED,3.715942247157847,0.450035701205478,False,0.450035701205478,32,47.285686639365395,1,2064
L32_S990107,1856,0.0,DISPERSED,3.715942247157847,0.0,True,0.0,32,47.23785083363067,1,2128
L32_S990107,1920,0.0,DISPERSED,3.715942247157847,0.0,True,0.0,32,47.97761309388563,1,2192
L32_S990107,1984,0.0,DISPERSED,3.715942247157847,0.0,True,0.0,32,48.7372829098363,1,2256
L32_S990107,0,1.0,DISPERSED,3.715942247157847,3.715942247157847,False,156.89145466922224,32,35.36973276792551,4,272
L32_S990107,16,0.6649746192893401,DISPERSED,3.715942247157847,0.8163471506720975,False,106.03601765624269,32,0.8163471506720975,4,336
L32_S990107,32,0.5279187817258884,DISPERSED,3.715942247157847,0.2856596106040715,False,85.03547593463098,32,0.2856596106040715,4,400
L32_S990107,48,0.43147208121827413,DISPERSED,3.715942247157847,0.8171068893246958,False,70.0214782948961,32,0.8171068893246958,4,464
L32_S990107,64,0.34517766497461927,DISPERSED,3.715942247157847,0.279205539255847,False,56.04555459657468,32,0.279205539255847,4,528
L32_S990107,80,0.17258883248730963,DISPERSED,3.715942247157847,0.8856250061850776,False,29.07338651980304,32,0.8856250061850776,4,592
L32_S990107,96,0.08121827411167512,DISPERSED,3.715942247157847,0.8781144308039546,False,13.625565120142356,32,0.8781144308039546,4,656
L32_S990107,112,0.0,DISPERSED,3.715942247157847,0.0,True,0.0,32,2.8017206635715675,4,720
L32_S990107,128,0.0,DISPERSED,3.715942247157847,0.0,True,0.0,32,13.910745904902655,4,784
L32_S990107,144,0.0,DISPERSED,3.715942247157847,0.0,True,0.0,32,24.43933818151531,4,848
L32_S990107,160,0.0,DISPERSED,3.715942247157847,0.0,True,0.0,32,30.134259383454612,4,912
L32_S990107,176,0.0,DISPERSED,3.715942247157847,0.0,True,0.0,32,33.16245469445607,4,976
L32_S990107,192,0.0,DISPERSED,3.715942247157847,0.0,True,0.0,32,36.00318703000717,4,1040
L32_S990107,208,0.0,DISPERSED,3.715942247157847,0.0,True,0.0,32,37.92327629953128,4,1104
L32_S990107,224,0.0,DISPERSED,3.715942247157847,0.0,True,0.0,32,39.65224413739039,4,1168
L32_S990107,240,0.0,DISPERSED,3.715942247157847,0.0,True,0.0,32,40.75757071385033,4,1232
L32_S990107,256,0.0,DISPERSED,3.715942247157847,0.0,True,0.0,32,41.53119422266875,4,1296
L32_S990107,272,0.005076142131979695,DISPERSED,3.715942247157847,0.450265328746359,False,0.450265328746359,32,42.182466214192345,4,1360
L32_S990107,288,0.0,DISPERSED,3.715942247157847,0.0,True,0.0,32,42.26047106303539,4,1424
L32_S990107,304,0.005076142131979695,DISPERSED,3.715942247157847,0.45021444481326744,False,0.45021444481326744,32,43.953114048003066,4,1488
L32_S990107,320,0.0,DISPERSED,3.715942247157847,0.0,True,0.0,32,44.557496324022765,4,1552
L32_S990107,336,0.005076142131979695,DISPERSED,3.715942247157847,0.4519009596206262,False,0.4519009596206262,32,44.60190601537891,4,1616
L32_S990107,352,0.0,DISPERSED,3.715942247157847,0.0,True,0.0,32,45.72722536646097,4,1680
L32_S990107,368,0.0,DISPERSED,3.715942247157847,0.0,True,0.0,32,46.58946557828009,4,1744
L32_S990107,384,0.0,DISPERSED,3.715942247157847,0.0,True,0.0,32,47.90666509916326,4,1808
L32_S990107,400,0.0,DISPERSED,3.715942247157847,0.0,True,0.0,32,48.607494187980485,4,1872
L32_S990107,416,0.0,DISPERSED,3.715942247157847,0.0,True,0.0,32,50.56332751507417,4,1936
L32_S990107,432,0.0,DISPERSED,3.715942247157847,0.0,True,0.0,32,50.854462976553094,4,2000
L32_S990107,448,0.005076142131979695,DISPERSED,3.715942247157847,0.45001343441959685,False,0.45001343441959685,32,50.695702445953145,4,2064
L32_S990107,464,0.0,DISPERSED,3.715942247157847,0.0,True,0.0,32,51.65161170134136,4,2128
L32_S990107,480,0.0,DISPERSED,3.715942247157847,0.0,True,0.0,32,50.926391348129215,4,2192
L32_S990107,496,0.0,DISPERSED,3.715942247157847,0.0,True,0.0,32,51.2966922833445,4,2256
L32_S990107,0,1.0,DISPERSED,3.715942247157847,3.715942247157847,False,156.89145466922224,32,35.36973276792551,16,272
L32_S990107,4,0.8781725888324873,DISPERSED,3.715942247157847,3.7159422471578467,False,139.5847553030892,32,25.375373362270704,16,336
L32_S990107,8,0.7715736040609137,DISPERSED,3.715942247157847,3.715942247157847,False,122.36174043703822,32,15.992421831876719,16,400
L32_S990107,12,0.6598984771573604,DISPERSED,3.715942247157847,3.715942247157847,False,105.08320519976198,32,13.07247536100293,16,464
L32_S990107,16,0.5482233502538071,DISPERSED,3.715942247157847,3.7159422471578467,False,87.690517454701,32,5.990441036261503,16,528
L32_S990107,20,0.4365482233502538,DISPERSED,3.715942247157847,3.2456455360203615,False,70.37640620057353,32,3.2456455360203615,16,592
L32_S990107,24,0.34517766497461927,DISPERSED,3.715942247157847,3.715942247157847,False,55.98906882816737,32,4.074004865870309,16,656
L32_S990107,28,0.23857868020304568,DISPERSED,3.715942247157847,3.715942247157847,False,38.9134431095077,32,6.050649033598097,16,720
L32_S990107,32,0.12690355329949238,DISPERSED,3.715942247157847,3.618445326855025,False,21.33041553658228,32,3.618445326855025,16,784
L32_S990107,36,0.04060913705583756,DISPERSED,3.715942247157847,3.5741129736873596,False,6.331415515834481,32,3.57411297368736,16,848
L32_S990107,40,0.005076142131979695,DISPERSED,3.715942247157847,0.46959355414450954,False,0.46959355414450954,32,10.195615917991898,16,912
L32_S990107,44,0.005076142131979695,DISPERSED,3.715942247157847,0.45917683318057595,False,0.45917683318057595,32,21.424842612526973,16,976
L32_S990107,48,0.0,DISPERSED,3.715942247157847,0.0,True,0.0,32,27.839983399043227,16,1040
L32_S990107,52,0.0,DISPERSED,3.715942247157847,0.0,True,0.0,32,32.08581252556663,16,1104
L32_S990107,56,0.0,DISPERSED,3.715942247157847,0.0,True,0.0,32,32.88053483866572,16,1168
L32_S990107,60,0.0,DISPERSED,3.715942247157847,0.0,True,0.0,32,34.53946886286166,16,1232
L32_S990107,64,0.0,DISPERSED,3.715942247157847,0.0,True,0.0,32,37.55860895416051,16,1296
L32_S990107,68,0.005076142131979695,DISPERSED,3.715942247157847,0.4523432095081255,False,0.4523432095081255,32,39.8074547529969,16,1360
L32_S990107,72,0.0,DISPERSED,3.715942247157847,0.0,True,0.0,32,40.248191919372545,16,1424
L32_S990107,76,0.0,DISPERSED,3.715942247157847,0.0,True,0.0,32,41.97632444876039,16,1488
L32_S990107,80,0.0,DISPERSED,3.715942247157847,0.0,True,0.0,32,42.529959017690395,16,1552
L32_S990107,84,0.0,DISPERSED,3.715942247157847,0.0,True,0.0,32,43.47690137882781,16,1616
L32_S990107,88,0.005076142131979695,DISPERSED,3.715942247157847,0.4514422027620262,False,0.4514422027620262,32,44.15893146821284,16,1680
L32_S990107,92,0.0,DISPERSED,3.715942247157847,0.0,True,0.0,32,45.04364944214073,16,1744
L32_S990107,96,0.0,DISPERSED,3.715942247157847,0.0,True,0.0,32,46.18509337688886,16,1808
L32_S990107,100,0.0,DISPERSED,3.715942247157847,0.0,True,0.0,32,48.727324927155436,16,1872
L32_S990107,104,0.0,DISPERSED,3.715942247157847,0.0,True,0.0,32,49.71163893749553,16,1936
L32_S990107,108,0.0,DISPERSED,3.715942247157847,0.0,True,0.0,32,50.088019067854084,16,2000
L32_S990107,112,0.0,DISPERSED,3.715942247157847,0.0,True,0.0,32,50.845591197717205,16,2064
L32_S990107,116,0.0,DISPERSED,3.715942247157847,0.0,True,0.0,32,51.13375351443939,16,2128
L32_S990107,120,0.0,DISPERSED,3.715942247157847,0.0,True,0.0,32,50.90655596472312,16,2192
L32_S990107,124,0.0,DISPERSED,3.715942247157847,0.0,True,0.0,32,51.66304562876121,16,2256
L32_S990107,0,1.0,DISPERSED,3.715942247157847,3.715942247157847,False,156.89145466922224,32,35.36973276792551,64,272
L32_S990107,1,0.9644670050761421,DISPERSED,3.715942247157847,3.715942247157847,False,151.0781788175278,32,33.88329670911206,64,336
L32_S990107,2,0.934010152284264,DISPERSED,3.715942247157847,3.715942247157847,False,146.38523463894444,32,33.01468703266123,64,400
L32_S990107,3,0.8984771573604061,DISPERSED,3.715942247157847,3.715942247157847,False,141.08655431888383,32,31.623766121546996,64,464
L32_S990107,4,0.8629441624365483,DISPERSED,3.715942247157847,3.7159422471578463,False,135.68516156172922,32,30.84285466651906,64,528
L32_S990107,5,0.8274111675126904,DISPERSED,3.715942247157847,3.715942247157847,False,130.19327539933133,32,31.674809952071598,64,592
L32_S990107,6,0.7918781725888325,DISPERSED,3.715942247157847,3.7159422471578467,False,124.90316487207105,32,31.46568016446426,64,656
L32_S990107,7,0.7614213197969543,DISPERSED,3.715942247157847,3.715942247157847,False,119.54101373689365,32,31.316856450142073,64,720
L32_S990107,8,0.7258883248730964,DISPERSED,3.715942247157847,3.715942247157847,False,114.61355143364375,32,30.717642424441504,64,784
L32_S990107,9,0.6903553299492385,DISPERSED,3.715942247157847,3.7159422471578467,False,108.91794349152103,32,29.084245728491545,64,848
L32_S990107,10,0.6598984771573604,DISPERSED,3.715942247157847,3.715942247157847,False,104.10949816204446,32,28.56733405801919,64,912
L32_S990107,11,0.6192893401015228,DISPERSED,3.715942247157847,3.715942247157847,False,98.4730761663332,32,25.53082343569568,64,976
L32_S990107,12,0.5888324873096447,DISPERSED,3.715942247157847,3.7159422471578476,False,92.83478835532021,32,24.478302116077067,64,1040
L32_S990107,13,0.5532994923857868,DISPERSED,3.715942247157847,3.715942247157847,False,87.73996799531137,32,24.050696831505224,64,1104
L32_S990107,14,0.5177664974619289,DISPERSED,3.715942247157847,3.715942247157847,False,82.09562827587838,32,22.589907179249558,64,1168
L32_S990107,15,0.49238578680203043,DISPERSED,3.715942247157847,3.715942247157848,False,77.75910961592335,32,24.909980746318773,64,1232
L32_S990107,16,0.45685279187817257,DISPERSED,3.715942247157847,3.7159422471578476,False,72.5669053989502,32,26.769538288469604,64,1296
L32_S990107,17,0.41624365482233505,DISPERSED,3.715942247157847,3.715942247157847,False,66.8273890467564,32,27.020049175276206,64,1360
L32_S990107,18,0.39086294416243655,DISPERSED,3.715942247157847,3.715942247157847,False,61.87942917657386,32,25.601741568610386,64,1424
L32_S990107,19,0.3553299492385787,DISPERSED,3.715942247157847,3.715942247157847,False,56.82729422179086,32,26.878987573699316,64,1488
L32_S990107,20,0.3197969543147208,DISPERSED,3.715942247157847,3.715942247157847,False,51.32417507415249,32,25.548253924669062,64,1552
L32_S990107,21,0.2893401015228426,DISPERSED,3.715942247157847,3.715942247157847,False,46.40566288579715,32,23.85276509478675,64,1616
L32_S990107,22,0.25380710659898476,DISPERSED,3.715942247157847,3.715942247157847,False,40.867779579619025,32,25.684487735404453,64,1680
L32_S990107,23,0.2233502538071066,DISPERSED,3.715942247157847,3.7159422471578476,False,35.80142075556758,32,23.846180737085337,64,1744
L32_S990107,24,0.19289340101522842,DISPERSED,3.715942247157847,3.715942247157847,False,30.79145852996736,32,21.022955771901298,64,1808
L32_S990107,25,0.17258883248730963,DISPERSED,3.715942247157847,3.7159422471578476,False,26.386698031058916,32,21.43228200351151,64,1872
L32_S990107,26,0.13705583756345177,DISPERSED,3.715942247157847,3.7159422471578476,False,21.189782042378095,32,23.48281141898804,64,1936
L32_S990107,27,0.1065989847715736,DISPERSED,3.715942247157847,3.7159422471578467,False,16.035336344150778,32,27.951479782646828,64,2000
L32_S990107,28,0.07614213197969544,DISPERSED,3.715942247157847,3.715942247157847,False,11.204439470438162,32,27.741722626533114,64,2064
L32_S990107,29,0.050761421319796954,DISPERSED,3.715942247157847,3.715942247157847,False,6.8133471419137415,32,29.298126176867292,64,2128
L32_S990107,30,0.030456852791878174,DISPERSED,3.715942247157847,3.374950015096531,False,3.3749500150965313,32,29.34200655093289,64,2192
L32_S990107,31,0.0,DISPERSED,3.715942247157847,0.0,True,0.0,32,29.29316797150001,64,2256
L32_S990108,0,1.0,INTERFACE,3.7391219534218463,3.7391219534218463,False,153.3973098591685,32,39.468071631461555,1,272
L32_S990108,64,0.675392670157068,INTERFACE,3.7391219534218463,0.050247890182747335,False,105.41378631949058,32,0.050247890182747335,1,336
L32_S990108,128,0.6230366492146597,INTERFACE,3.7391219534218463,0.042130890217571104,False,98.0070702762706,32,0.042130890217571104,1,400
L32_S990108,192,0.5863874345549738,INTERFACE,3.7391219534218463,0.037130491466891846,False,92.5848801999845,32,0.037130491466891846,1,464
L32_S990108,256,0.5654450261780105,INTERFACE,3.7391219534218463,0.03357280622126191,False,88.93551694682749,32,0.03357280622126191,1,528
L32_S990108,320,0.5340314136125655,INTERFACE,3.7391219534218463,0.030849534210498186,False,84.72530438386839,32,0.030849534210498186,1,592
L32_S990108,384,0.518324607329843,INTERFACE,3.7391219534218463,0.028669786103028505,False,82.00958224087756,32,0.028669786103028505,1,656
L32_S990108,448,0.5078534031413613,INTERFACE,3.7391219534218463,0.026868500244639937,False,79.91596765117522,32,0.026868500244639937,1,720
L32_S990108,512,0.4869109947643979,INTERFACE,3.7391219534218463,0.025343620025507496,False,76.93769530095453,32,0.025343620025507496,1,784
L32_S990108,576,0.46596858638743455,INTERFACE,3.7391219534218463,0.02402914694998104,False,74.03814817900304,32,0.02402914694998104,1,848
L32_S990108,640,0.450261780104712,INTERFACE,3.7391219534218463,0.022880589135349738,False,71.659794829653,32,0.022880589135349738,1,912
L32_S990108,704,0.42408376963350786,INTERFACE,3.7391219534218463,0.021866414438175052,False,68.48972289311706,32,0.021866414438175052,1,976
L32_S990108,768,0.418848167539267,INTERFACE,3.7391219534218463,0.020958948592844084,False,67.14616543198227,32,0.020958948592844084,1,1040
L32_S990108,832,0.39790575916230364,INTERFACE,3.7391219534218463,0.020141587520484228,False,64.44190602549432,32,0.020141587520484228,1,1104
L32_S990108,896,0.39790575916230364,INTERFACE,3.7391219534218463,0.019405240448026384,False,63.6530494749,32,0.019405240448026384,1,1168
L32_S990108,960,0.3769633507853403,INTERFACE,3.7391219534218463,0.018743074986857455,False,61.05124695332105,32,0.018743074986857455,1,1232
L32_S990108,1024,0.3717277486910995,INTERFACE,3.7391219534218463,0.018148564041749027,False,59.83414864436053,32,0.018148564041749027,1,1296
L32_S990108,1088,0.35602094240837695,INTERFACE,3.7391219534218463,0.017614900275743306,False,57.708690703155135,32,0.017614900275743306,1,1360
L32_S990108,1152,0.3507853403141361,INTERFACE,3.7391219534218463,0.017135613869403765,False,56.54632801881139,32,0.017135613869403765,1,1424
L32_S990108,1216,0.33507853403141363,INTERFACE,3.7391219534218463,0.01670482782060767,False,54.496429576096574,32,0.01670482782060767,1,1488
L32_S990108,1280,0.3193717277486911,INTERFACE,3.7391219534218463,0.01630517670310494,False,52.50457695900387,32,0.01630517670310494,1,1552
L32_S990108,1344,0.3193717277486911,INTERFACE,3.7391219534218463,0.015945115473698812,False,51.845721330220705,32,0.015945115473698812,1,1616
L32_S990108,1408,0.3036649214659686,INTERFACE,3.7391219534218463,0.015629862356503987,False,49.85092414853836,32,0.015629862356503987,1,1680
L32_S990108,1472,0.29842931937172773,INTERFACE,3.7391219534218463,0.015356424857147832,False,48.822561566812425,32,0.015356424857147832,1,1744
L32_S990108,1536,0.2931937172774869,INTERFACE,3.7391219534218463,0.015119984230015815,False,47.78470285041697,32,0.015119984230015815,1,1808
L32_S990108,1600,0.2879581151832461,INTERFACE,3.7391219534218463,0.014914274726863463,False,46.71265198074666,32,0.014914274726863463,1,1872
L32_S990108,1664,0.2931937172774869,INTERFACE,3.7391219534218463,0.014735027435133774,False,46.62748287395022,32,0.014735027435133774,1,1936
L32_S990108,1728,0.2774869109947644,INTERFACE,3.7391219534218463,0.0145768654111873,False,44.707432285319676,32,0.0145768654111873,1,2000
L32_S990108,1792,0.28272251308900526,INTERFACE,3.7391219534218463,0.014437032262381133,False,44.62387256484826,32,0.014437032262381133,1,2064
L32_S990108,1856,0.2774869109947644,INTERFACE,3.7391219534218463,0.01431198754070262,False,43.62311234423491,32,0.01431198754070262,1,2128
L32_S990108,1920,0.2617801047120419,INTERFACE,3.7391219534218463,0.014199910383786873,False,41.73343028296801,32,0.014199910383786873,1,2192
L32_S990108,1984,0.25654450261780104,INTERFACE,3.7391219534218463,0.014098348542637251,False,40.79828711202241,32,0.014098348542637251,1,2256
L32_S990108,0,1.0,INTERFACE,3.7391219534218463,3.7391219534218463,False,153.3973098591685,32,39.468071631461555,4,272
L32_S990108,16,0.680628272251309,INTERFACE,3.7391219534218463,0.2091098852521749,False,106.35548733328625,32,0.2091098852521749,4,336
L32_S990108,32,0.6335078534031413,INTERFACE,3.7391219534218463,0.1728050255752005,False,99.52571118818649,32,0.1728050255752005,4,400
L32_S990108,48,0.5968586387434555,INTERFACE,3.7391219534218463,0.1513146825124232,False,93.93989547165128,32,0.1513146825124232,4,464
L32_S990108,64,0.5706806282722513,INTERFACE,3.7391219534218463,0.13629902243812198,False,89.7717653772819,32,0.13629902243812198,4,528
L32_S990108,80,0.5392670157068062,INTERFACE,3.7391219534218463,0.12492667188221118,False,85.26982166212964,32,0.12492667188221118,4,592
L32_S990108,96,0.5235602094240838,INTERFACE,3.7391219534218463,0.11589087711251722,False,82.74053999923711,32,0.11589087711251722,4,656
L32_S990108,112,0.5130890052356021,INTERFACE,3.7391219534218463,0.10846571407552341,False,80.57269008021098,32,0.10846571407552341,4,720
L32_S990108,128,0.4869109947643979,INTERFACE,3.7391219534218463,0.10220531588051163,False,76.97655762216904,32,0.10220531588051163,4,784
L32_S990108,144,0.4712041884816754,INTERFACE,3.7391219534218463,0.09682419234035533,False,74.67724490059477,32,0.09682419234035533,4,848
L32_S990108,160,0.4607329842931937,INTERFACE,3.7391219534218463,0.09213181637353363,False,72.75278315125736,32,0.09213181637353363,4,912
L32_S990108,176,0.4293193717277487,INTERFACE,3.7391219534218463,0.08799626142549732,False,69.17137289291259,32,0.08799626142549732,4,976
L32_S990108,192,0.4293193717277487,INTERFACE,3.7391219534218463,0.08430873262440519,False,68.18434342737147,32,0.08430873262440519,4,1040
L32_S990108,208,0.41361256544502617,INTERFACE,3.7391219534218463,0.0809847095842039,False,66.08640076942268,32,0.0809847095842039,4,1104
L32_S990108,224,0.39267015706806285,INTERFACE,3.7391219534218463,0.07798716610119527,False,63.490263507333324,32,0.07798716610119527,4,1168
L32_S990108,240,0.387434554973822,INTERFACE,3.7391219534218463,0.07528574004854893,False,62.37696428931463,32,0.07528574004854893,4,1232
L32_S990108,256,0.3769633507853403,INTERFACE,3.7391219534218463,0.07285977118929632,False,60.6445423076955,32,0.07285977118929632,4,1296
L32_S990108,272,0.3612565445026178,INTERFACE,3.7391219534218463,0.07068070559390327,False,58.44012184550005,32,0.07068070559390327,4,1360
L32_S990108,288,0.35602094240837695,INTERFACE,3.7391219534218463,0.06872156981954602,False,57.414743959032094,32,0.06872156981954602,4,1424
L32_S990108,304,0.36649214659685864,INTERFACE,3.7391219534218463,0.06695994948862893,False,57.57563096709011,32,0.06695994948862893,4,1488
L32_S990108,320,0.32460732984293195,INTERFACE,3.7391219534218463,0.06536481441932063,False,53.32315376535552,32,0.06536481441932063,4,1552
L32_S990108,336,0.3193717277486911,INTERFACE,3.7391219534218463,0.06389252956577252,False,52.32400856953511,32,0.06389252956577252,4,1616
L32_S990108,352,0.3193717277486911,INTERFACE,3.7391219534218463,0.06255347910965847,False,51.567385611924955,32,0.06255347910965847,4,1680
L32_S990108,368,0.3036649214659686,INTERFACE,3.7391219534218463,0.06139701443163348,False,49.74850430779807,32,0.06139701443163348,4,1744
L32_S990108,384,0.29842931937172773,INTERFACE,3.7391219534218463,0.06038932562454069,False,48.66527881853381,32,0.06038932562454069,4,1808
L32_S990108,400,0.29842931937172773,INTERFACE,3.7391219534218463,0.05952132609074057,False,48.05579229998225,32,0.05952132609074057,4,1872
L32_S990108,416,0.2931937172774869,INTERFACE,3.7391219534218463,0.05876266368199057,False,46.98968551352285,32,0.05876266368199057,4,1936
L32_S990108,432,0.28272251308900526,INTERFACE,3.7391219534218463,0.0581010307144344,False,45.55598815462572,32,0.0581010307144344,4,2000
L32_S990108,448,0.2774869109947644,INTERFACE,3.7391219534218463,0.05752317663498152,False,44.5571041216549,32,0.05752317663498152,4,2064
L32_S990108,464,0.27225130890052357,INTERFACE,3.7391219534218463,0.057006891035610185,False,43.61816141145776,32,0.057006891035610185,4,2128
L32_S990108,480,0.2617801047120419,INTERFACE,3.7391219534218463,0.056550443300942166,False,42.155489002569006,32,0.056550443300942166,4,2192
L32_S990108,496,0.2670157068062827,INTERFACE,3.7391219534218463,0.05614307542167729,False,42.16861017794112,32,0.05614307542167729,4,2256
L32_S990108,0,1.0,INTERFACE,3.7391219534218463,3.7391219534218463,False,153.3973098591685,32,39.468071631461555,16,272
L32_S990108,4,0.8743455497382199,INTERFACE,3.7391219534218463,3.7391219534218463,False,135.25987668793357,32,26.16489730611643,16,336
L32_S990108,8,0.7539267015706806,INTERFACE,3.7391219534218463,3.7391219534218467,False,117.15815240922348,32,13.317170407065118,16,400
L32_S990108,12,0.6387434554973822,INTERFACE,3.7391219534218463,0.6823789366595984,False,99.42459610768552,32,0.6823789366595984,16,464
L32_S990108,16,0.6178010471204188,INTERFACE,3.7391219534218463,0.5953807368999399,False,96.08977287837422,32,0.5953807368999399,16,528
L32_S990108,20,0.5968586387434555,INTERFACE,3.7391219534218463,0.536028608380745,False,92.76919045365862,32,0.536028608380745,16,592
L32_S990108,24,0.5759162303664922,INTERFACE,3.7391219534218463,0.4913659290202035,False,89.54374450424662,32,0.4913659290202035,16,656
L32_S990108,28,0.5549738219895288,INTERFACE,3.7391219534218463,0.4559901655962454,False,86.54849746888276,32,0.4559901655962454,16,720
L32_S990108,32,0.5340314136125655,INTERFACE,3.7391219534218463,0.42701131125285285,False,83.83538591324456,32,0.42701131125285285,16,784
L32_S990108,36,0.5130890052356021,INTERFACE,3.7391219534218463,0.40268502227774594,False,80.770621129561,32,0.40268502227774594,16,848
L32_S990108,40,0.49214659685863876,INTERFACE,3.7391219534218463,0.3818249841876672,False,77.65630973983492,32,0.3818249841876672,16,912
L32_S990108,44,0.4712041884816754,INTERFACE,3.7391219534218463,0.3636239377820484,False,74.57070520933578,32,0.3636239377820484,16,976
L32_S990108,48,0.4607329842931937,INTERFACE,3.7391219534218463,0.3475397759602925,False,72.46024014811788,32,0.3475397759602925,16,1040
L32_S990108,52,0.43455497382198954,INTERFACE,3.7391219534218463,0.33320001087228857,False,69.70430529983885,32,0.33320001087228857,16,1104
L32_S990108,56,0.42408376963350786,INTERFACE,3.7391219534218463,0.32025499653133405,False,68.13945364619276,32,0.32025499653133405,16,1168
L32_S990108,60,0.42408376963350786,INTERFACE,3.7391219534218463,0.30849347427420337,False,67.40439374188261,32,0.30849347427420337,16,1232
L32_S990108,64,0.4083769633507853,INTERFACE,3.7391219534218463,0.29784757685363417,False,65.54677878582004,32,0.29784757685363417,16,1296
L32_S990108,68,0.39790575916230364,INTERFACE,3.7391219534218463,0.2881911954908567,False,63.40164772763747,32,0.2881911954908567,16,1360
L32_S990108,72,0.38219895287958117,INTERFACE,3.7391219534218463,0.2794183094484901,False,61.53249728508952,32,0.2794183094484901,16,1424
L32_S990108,76,0.3717277486910995,INTERFACE,3.7391219534218463,0.27148190465344757,False,59.63930648738191,32,0.27148190465344757,16,1488
L32_S990108,80,0.35602094240837695,INTERFACE,3.7391219534218463,0.2643345339484362,False,57.569062416094766,32,0.2643345339484362,16,1552
L32_S990108,84,0.3507853403141361,INTERFACE,3.7391219534218463,0.2578988210121589,False,56.584248354659685,32,0.2578988210121589,16,1616
L32_S990108,88,0.3507853403141361,INTERFACE,3.7391219534218463,0.25211942156691036,False,56.12476112089966,32,0.25211942156691036,16,1680
L32_S990108,92,0.3403141361256545,INTERFACE,3.7391219534218463,0.2469382037307042,False,54.63508618206813,32,0.2469382037307042,16,1744
L32_S990108,96,0.32460732984293195,INTERFACE,3.7391219534218463,0.24212897390065757,False,52.83584239473326,32,0.24212897390065757,16,1808
L32_S990108,100,0.31413612565445026,INTERFACE,3.7391219534218463,0.23761845207516297,False,51.20895877497725,32,0.23761845207516297,16,1872
L32_S990108,104,0.31413612565445026,INTERFACE,3.7391219534218463,0.23366204263862733,False,50.494290026714566,32,0.23366204263862733,16,1936
L32_S990108,108,0.31413612565445026,INTERFACE,3.7391219534218463,0.23034191468431964,False,50.247577302170384,32,0.23034191468431964,16,2000
L32_S990108,112,0.3089005235602094,INTERFACE,3.7391219534218463,0.22732418117191877,False,49.31557461736586,32,0.22732418117191877,16,2064
L32_S990108,116,0.29842931937172773,INTERFACE,3.7391219534218463,0.22478681663781808,False,47.94469352308683,32,0.22478681663781808,16,2128
L32_S990108,120,0.2879581151832461,INTERFACE,3.7391219534218463,0.22253756560449356,False,46.31817358596781,32,0.22253756560449356,16,2192
L32_S990108,124,0.2879581151832461,INTERFACE,3.7391219534218463,0.22058415943890264,False,45.86265557591799,32,0.22058415943890264,16,2256
L32_S990108,0,1.0,INTERFACE,3.7391219534218463,3.7391219534218463,False,153.3973098591685,32,39.468071631461555,64,272
L32_S990108,1,0.9581151832460733,INTERFACE,3.7391219534218463,3.7391219534218463,False,147.15194342231118,32,36.68712275229795,64,336
L32_S990108,2,0.9267015706806283,INTERFACE,3.7391219534218463,3.739121953421846,False,141.84014063110018,32,34.1605887914186,64,400
L32_S990108,3,0.8900523560209425,INTERFACE,3.7391219534218463,3.7391219534218463,False,136.71207911007488,32,31.688644251948972,64,464
L32_S990108,4,0.8481675392670157,INTERFACE,3.7391219534218463,3.7391219534218463,False,130.05414656765063,32,29.069850350932466,64,528
L32_S990108,5,0.806282722513089,INTERFACE,3.7391219534218463,3.7391219534218463,False,124.45324020131231,32,26.524619693615836,64,592
L32_S990108,6,0.7801047120418848,INTERFACE,3.7391219534218463,3.7391219534218463,False,119.1442594537916,32,23.947354709030986,64,656
L32_S990108,7,0.7382198952879581,INTERFACE,3.7391219534218463,3.739121953421846,False,113.59446508730113,32,21.451890425464658,64,720
L32_S990108,8,0.7120418848167539,INTERFACE,3.7391219534218463,3.7391219534218463,False,108.27335383081544,32,18.884193182624955,64,784
L32_S990108,9,0.675392670157068,INTERFACE,3.7391219534218463,3.7391219534218463,False,102.85540847365114,32,16.378498702958293,64,848
L32_S990108,10,0.6335078534031413,INTERFACE,3.7391219534218463,3.7391219534218463,False,96.81955237655205,32,13.75701498806172,64,912
L32_S990108,11,0.6020942408376964,INTERFACE,3.7391219534218463,3.7391219534218467,False,91.18149491265024,32,11.209343728046855,64,976
L32_S990108,12,0.5654450261780105,INTERFACE,3.7391219534218463,3.7391219534218463,False,85.5971590032089,32,8.649484963640468,64,1040
L32_S990108,13,0.5235602094240838,INTERFACE,3.7391219534218463,3.739121953421846,False,79.48784323806979,32,6.010567810233708,64,1104
L32_S990108,14,0.49214659685863876,INTERFACE,3.7391219534218463,3.623813791998102,False,73.96922111203915,32,3.623813791998102,64,1168
L32_S990108,15,0.450261780104712,INTERFACE,3.7391219534218463,1.6420968170305357,False,68.59196317880094,32,1.6420968170305357,64,1232
L32_S990108,16,0.43455497382198954,INTERFACE,3.7391219534218463,1.5248766541250374,False,66.63047034630617,32,1.5248766541250374,64,1296
L32_S990108,17,0.418848167539267,INTERFACE,3.7391219534218463,1.4327892672989742,False,64.20497605762034,32,1.4327892672989742,64,1360
L32_S990108,18,0.4031413612565445,INTERFACE,3.7391219534218463,1.355737871155397,False,61.944855982010615,32,1.355737871155397,64,1424
L32_S990108,19,0.387434554973822,INTERFACE,3.7391219534218463,1.2897430394327647,False,59.68655500109237,32,1.2897430394327647,64,1488
L32_S990108,20,0.3717277486910995,INTERFACE,3.7391219534218463,1.2327627909287453,False,57.45974557149414,32,1.2327627909287453,64,1552
L32_S990108,21,0.3612565445026178,INTERFACE,3.7391219534218463,1.1833427535980188,False,55.70904034153315,32,1.1833427535980188,64,1616
L32_S990108,22,0.3612565445026178,INTERFACE,3.7391219534218463,1.1403323654850306,False,55.16918956300111,32,1.1403323654850306,64,1680
L32_S990108,23,0.35602094240837695,INTERFACE,3.7391219534218463,1.1027815854077216,False,54.395660597836326,32,1.1027815854077216,64,1744
L32_S990108,24,0.34554973821989526,INTERFACE,3.7391219534218463,1.0697944344039834,False,53.133851480854304,32,1.0697944344039834,64,1808
L32_S990108,25,0.32460732984293195,INTERFACE,3.7391219534218463,1.040388473937997,False,50.86256030768564,32,1.040388473937997,64,1872
L32_S990108,26,0.31413612565445026,INTERFACE,3.7391219534218463,1.0131593739168496,False,49.15900540191827,32,1.0131593739168496,64,1936
L32_S990108,27,0.3036649214659686,INTERFACE,3.7391219534218463,0.9890952471846446,False,47.7726522158968,32,0.9890952471846446,64,2000
L32_S990108,28,0.29842931937172773,INTERFACE,3.7391219534218463,0.9690379980513953,False,46.553728348066066,32,0.9690379980513953,64,2064
L32_S990108,29,0.28272251308900526,INTERFACE,3.7391219534218463,0.9526867076178623,False,44.605083278821226,32,0.9526867076178623,64,2128
L32_S990108,30,0.2774869109947644,INTERFACE,3.7391219534218463,0.9392746477131558,False,43.4051268655551,32,0.9392746477131558,64,2192
L32_S990108,31,0.28272251308900526,INTERFACE,3.7391219534218463,0.9282411203423906,False,43.22437025403004,32,0.9282411203423906,64,2256
L32_S990108,0,1.0,DISPERSED,3.7391219534218463,3.7391219534218463,False,153.3973098591685,32,39.46807163146153,1,272
L32_S990108,64,0.6073298429319371,DISPERSED,3.7391219534218463,0.06374077032409886,False,95.3238753805008,32,0.06374077032409886,1,336
L32_S990108,128,0.4973821989528796,DISPERSED,3.7391219534218463,0.06778090613743948,False,78.33646022631997,32,0.06778090613743948,1,400
L32_S990108,192,0.36649214659685864,DISPERSED,3.7391219534218463,0.07271235302616808,False,58.35487651250076,32,0.07271235302616808,1,464
L32_S990108,256,0.24083769633507854,DISPERSED,3.7391219534218463,0.07434136376377376,False,39.2362939408745,32,0.07434136376377376,1,528
L32_S990108,320,0.11518324607329843,DISPERSED,3.7391219534218463,0.08370606163191041,False,19.380469145130757,32,0.08370606163191041,1,592
L32_S990108,384,0.0,DISPERSED,3.7391219534218463,0.0,True,0.0,32,2.114962956475021,1,656
L32_S990108,448,0.0,DISPERSED,3.7391219534218463,0.0,True,0.0,32,13.593816447221947,1,720
L32_S990108,512,0.0,DISPERSED,3.7391219534218463,0.0,True,0.0,32,20.27287364404748,1,784
L32_S990108,576,0.0,DISPERSED,3.7391219534218463,0.0,True,0.0,32,23.530219162039067,1,848
L32_S990108,640,0.0,DISPERSED,3.7391219534218463,0.0,True,0.0,32,27.757649477413235,1,912
L32_S990108,704,0.0,DISPERSED,3.7391219534218463,0.0,True,0.0,32,30.86599774055188,1,976
L32_S990108,768,0.0,DISPERSED,3.7391219534218463,0.0,True,0.0,32,32.87300064089424,1,1040
L32_S990108,832,0.0,DISPERSED,3.7391219534218463,0.0,True,0.0,32,35.21127243130124,1,1104
L32_S990108,896,0.0,DISPERSED,3.7391219534218463,0.0,True,0.0,32,34.919677029591824,1,1168
L32_S990108,960,0.0,DISPERSED,3.7391219534218463,0.0,True,0.0,32,37.052323925213585,1,1232
L32_S990108,1024,0.0,DISPERSED,3.7391219534218463,0.0,True,0.0,32,39.539851975268135,1,1296
L32_S990108,1088,0.0,DISPERSED,3.7391219534218463,0.0,True,0.0,32,41.28752446087369,1,1360
L32_S990108,1152,0.0,DISPERSED,3.7391219534218463,0.0,True,0.0,32,41.67154226816898,1,1424
L32_S990108,1216,0.0,DISPERSED,3.7391219534218463,0.0,True,0.0,32,43.27868897348606,1,1488
L32_S990108,1280,0.005235602094240838,DISPERSED,3.7391219534218463,0.4501226779995791,False,0.4501226779995791,32,44.17728253985445,1,1552
L32_S990108,1344,0.0,DISPERSED,3.7391219534218463,0.0,True,0.0,32,43.8356439499804,1,1616
L32_S990108,1408,0.0,DISPERSED,3.7391219534218463,0.0,True,0.0,32,45.581261824172216,1,1680
L32_S990108,1472,0.0,DISPERSED,3.7391219534218463,0.0,True,0.0,32,46.63596249936033,1,1744
L32_S990108,1536,0.0,DISPERSED,3.7391219534218463,0.0,True,0.0,32,46.33585005764115,1,1808
L32_S990108,1600,0.0,DISPERSED,3.7391219534218463,0.0,True,0.0,32,47.039077192114604,1,1872
L32_S990108,1664,0.0,DISPERSED,3.7391219534218463,0.0,True,0.0,32,47.61386857976354,1,1936
L32_S990108,1728,0.0,DISPERSED,3.7391219534218463,0.0,True,0.0,32,48.7450227050913,1,2000
L32_S990108,1792,0.0,DISPERSED,3.7391219534218463,0.0,True,0.0,32,49.195738479340385,1,2064
L32_S990108,1856,0.0,DISPERSED,3.7391219534218463,0.0,True,0.0,32,50.49158150578602,1,2128
L32_S990108,1920,0.0,DISPERSED,3.7391219534218463,0.0,True,0.0,32,50.150248983988924,1,2192
L32_S990108,1984,0.0,DISPERSED,3.7391219534218463,0.0,True,0.0,32,49.86791466678706,1,2256
L32_S990108,0,1.0,DISPERSED,3.7391219534218463,3.7391219534218463,False,153.3973098591685,32,39.46807163146153,4,272
L32_S990108,16,0.6335078534031413,DISPERSED,3.7391219534218463,0.25118326305764305,False,99.32009001001443,32,0.25118326305764305,4,336
L32_S990108,32,0.5235602094240838,DISPERSED,3.7391219534218463,0.8245976710428538,False,82.24397121442688,32,0.8245976710428538,4,400
L32_S990108,48,0.4083769633507853,DISPERSED,3.7391219534218463,1.9165108778344004,False,64.8065278688769,32,1.9165108778344004,4,464
L32_S990108,64,0.2931937172774869,DISPERSED,3.7391219534218463,1.3875786048545096,False,47.476607566526035,32,1.3875786048545096,4,528
L32_S990108,80,0.18324607329842932,DISPERSED,3.7391219534218463,1.4103744326089809,False,30.681296782421825,32,1.4103744326089809,4,592
L32_S990108,96,0.07329842931937172,DISPERSED,3.7391219534218463,0.9623145608439293,False,12.332673932359485,32,0.9623145608439293,4,656
L32_S990108,112,0.0,DISPERSED,3.7391219534218463,0.0,True,0.0,32,5.719927982902371,4,720
L32_S990108,128,0.0,DISPERSED,3.7391219534218463,0.0,True,0.0,32,14.27866206804316,4,784
L32_S990108,144,0.0,DISPERSED,3.7391219534218463,0.0,True,0.0,32,20.02163322485857,4,848
L32_S990108,160,0.005235602094240838,DISPERSED,3.7391219534218463,0.4536320643450987,False,0.4536320643450987,32,25.79472461561758,4,912
L32_S990108,176,0.0,DISPERSED,3.7391219534218463,0.0,True,0.0,32,30.06115204838712,4,976
L32_S990108,192,0.0,DISPERSED,3.7391219534218463,0.0,True,0.0,32,32.921014601625,4,1040
L32_S990108,208,0.0,DISPERSED,3.7391219534218463,0.0,True,0.0,32,34.53585924628848,4,1104
L32_S990108,224,0.005235602094240838,DISPERSED,3.7391219534218463,0.4506155733966925,False,0.4506155733966925,32,36.54860260027092,4,1168
L32_S990108,240,0.0,DISPERSED,3.7391219534218463,0.0,True,0.0,32,39.27415244619027,4,1232
L32_S990108,256,0.0,DISPERSED,3.7391219534218463,0.0,True,0.0,32,40.63084366986565,4,1296
L32_S990108,272,0.0,DISPERSED,3.7391219534218463,0.0,True,0.0,32,41.624916902813716,4,1360
L32_S990108,288,0.0,DISPERSED,3.7391219534218463,0.0,True,0.0,32,42.61385669313478,4,1424
L32_S990108,304,0.0,DISPERSED,3.7391219534218463,0.0,True,0.0,32,43.336694381379594,4,1488
L32_S990108,320,0.0,DISPERSED,3.7391219534218463,0.0,True,0.0,32,46.057854510346324,4,1552
L32_S990108,336,0.0,DISPERSED,3.7391219534218463,0.0,True,0.0,32,47.09565491830925,4,1616
L32_S990108,352,0.0,DISPERSED,3.7391219534218463,0.0,True,0.0,32,47.58835238548365,4,1680
L32_S990108,368,0.0,DISPERSED,3.7391219534218463,0.0,True,0.0,32,48.627411006381074,4,1744
L32_S990108,384,0.0,DISPERSED,3.7391219534218463,0.0,True,0.0,32,50.028767486865505,4,1808
L32_S990108,400,0.0,DISPERSED,3.7391219534218463,0.0,True,0.0,32,50.386527226686226,4,1872
L32_S990108,416,0.0,DISPERSED,3.7391219534218463,0.0,True,0.0,32,49.834760988647055,4,1936
L32_S990108,432,0.0,DISPERSED,3.7391219534218463,0.0,True,0.0,32,50.05545913234164,4,2000
L32_S990108,448,0.0,DISPERSED,3.7391219534218463,0.0,True,0.0,32,50.412524291238455,4,2064
L32_S990108,464,0.0,DISPERSED,3.7391219534218463,0.0,True,0.0,32,50.13562764644286,4,2128
L32_S990108,480,0.0,DISPERSED,3.7391219534218463,0.0,True,0.0,32,50.79867598635765,4,2192
L32_S990108,496,0.0,DISPERSED,3.7391219534218463,0.0,True,0.0,32,52.65853600898011,4,2256
L32_S990108,0,1.0,DISPERSED,3.7391219534218463,3.7391219534218463,False,153.3973098591685,32,39.46807163146153,16,272
L32_S990108,4,0.8743455497382199,DISPERSED,3.7391219534218463,3.7391219534218463,False,135.36784240854092,32,27.186441820948897,16,336
L32_S990108,8,0.7539267015706806,DISPERSED,3.7391219534218463,3.7391219534218463,False,117.5383983041272,32,18.20478443911305,16,400
L32_S990108,12,0.6387434554973822,DISPERSED,3.7391219534218463,3.7391219534218463,False,99.96891046545126,32,10.781621054797608,16,464
L32_S990108,16,0.5235602094240838,DISPERSED,3.7391219534218463,3.7391219534218463,False,82.2589855010197,32,5.466893633223526,16,528
L32_S990108,20,0.4083769633507853,DISPERSED,3.7391219534218463,3.7391219534218463,False,64.73682492128724,32,4.576080147454521,16,592
L32_S990108,24,0.3089005235602094,DISPERSED,3.7391219534218463,2.6959634006889033,False,49.98295311807239,32,2.6959634006889033,16,656
L32_S990108,28,0.2198952879581152,DISPERSED,3.7391219534218463,3.7391219534218463,False,35.85029646599439,32,3.8901745526412532,16,720
L32_S990108,32,0.12041884816753927,DISPERSED,3.7391219534218463,3.7391219534218463,False,19.881434913222858,32,4.640175971222482,16,784
L32_S990108,36,0.015706806282722512,DISPERSED,3.7391219534218463,2.2930338382059676,False,2.2930338382059676,32,5.082909120200916,16,848
L32_S990108,40,0.0,DISPERSED,3.7391219534218463,0.0,True,0.0,32,11.78889430368999,16,912
L32_S990108,44,0.0,DISPERSED,3.7391219534218463,0.0,True,0.0,32,17.303070218933918,16,976
L32_S990108,48,0.005235602094240838,DISPERSED,3.7391219534218463,0.4654855097636331,False,0.4654855097636331,32,23.149623852706235,16,1040
L32_S990108,52,0.005235602094240838,DISPERSED,3.7391219534218463,0.4639918414401598,False,0.4639918414401598,32,27.48703856646141,16,1104
L32_S990108,56,0.0,DISPERSED,3.7391219534218463,0.0,True,0.0,32,31.540657044397207,16,1168
L32_S990108,60,0.0,DISPERSED,3.7391219534218463,0.0,True,0.0,32,33.173626475147586,16,1232
L32_S990108,64,0.0,DISPERSED,3.7391219534218463,0.0,True,0.0,32,34.903938365162105,16,1296
L32_S990108,68,0.0,DISPERSED,3.7391219534218463,0.0,True,0.0,32,37.42371334393688,16,1360
L32_S990108,72,0.010471204188481676,DISPERSED,3.7391219534218463,0.9014345697796062,False,0.9014345697796062,32,39.31641013858979,16,1424
L32_S990108,76,0.0,DISPERSED,3.7391219534218463,0.0,True,0.0,32,39.845990639671584,16,1488
L32_S990108,80,0.005235602094240838,DISPERSED,3.7391219534218463,0.45184674767849636,False,0.45184674767849636,32,41.15227545704844,16,1552
L32_S990108,84,0.0,DISPERSED,3.7391219534218463,0.0,True,0.0,32,41.99636120548752,16,1616
L32_S990108,88,0.0,DISPERSED,3.7391219534218463,0.0,True,0.0,32,43.63300949045755,16,1680
L32_S990108,92,0.0,DISPERSED,3.7391219534218463,0.0,True,0.0,32,45.27910446465774,16,1744
L32_S990108,96,0.0,DISPERSED,3.7391219534218463,0.0,True,0.0,32,46.353138297047096,16,1808
L32_S990108,100,0.0,DISPERSED,3.7391219534218463,0.0,True,0.0,32,47.38047800199953,16,1872
L32_S990108,104,0.0,DISPERSED,3.7391219534218463,0.0,True,0.0,32,48.76800140346797,16,1936
L32_S990108,108,0.0,DISPERSED,3.7391219534218463,0.0,True,0.0,32,48.54145982086635,16,2000
L32_S990108,112,0.0,DISPERSED,3.7391219534218463,0.0,True,0.0,32,49.319827398392185,16,2064
L32_S990108,116,0.005235602094240838,DISPERSED,3.7391219534218463,0.4522505712748101,False,0.4522505712748101,32,50.538064242343424,16,2128
L32_S990108,120,0.0,DISPERSED,3.7391219534218463,0.0,True,0.0,32,50.84058483323937,16,2192
L32_S990108,124,0.0,DISPERSED,3.7391219534218463,0.0,True,0.0,32,51.62224718977535,16,2256
L32_S990108,0,1.0,DISPERSED,3.7391219534218463,3.7391219534218463,False,153.3973098591685,32,39.46807163146153,64,272
L32_S990108,1,0.9581151832460733,DISPERSED,3.7391219534218463,3.7391219534218463,False,147.19203935276778,32,37.40829281029088,64,336
L32_S990108,2,0.9267015706806283,DISPERSED,3.7391219534218463,3.7391219534218463,False,141.94698644753072,32,35.948762331354,64,400
L32_S990108,3,0.8900523560209425,DISPERSED,3.7391219534218463,3.7391219534218454,False,136.92031020541387,32,33.44948738946933,64,464
L32_S990108,4,0.8481675392670157,DISPERSED,3.7391219534218463,3.7391219534218463,False,130.38511291446116,32,32.089904110027916,64,528
L32_S990108,5,0.806282722513089,DISPERSED,3.7391219534218463,3.7391219534218467,False,124.93636726997724,32,30.25164264072466,64,592
L32_S990108,6,0.7801047120418848,DISPERSED,3.7391219534218463,3.739121953421846,False,119.7967566267741,32,28.457999619361775,64,656
L32_S990108,7,0.7382198952879581,DISPERSED,3.7391219534218463,3.7391219534218463,False,114.39020552386575,32,27.875322171793535,64,720
L32_S990108,8,0.7120418848167539,DISPERSED,3.7391219534218463,3.7391219534218463,False,109.24939801186432,32,29.44175020337529,64,784
L32_S990108,9,0.675392670157068,DISPERSED,3.7391219534218463,3.7391219534218467,False,104.03930636037173,32,28.344491686192015,64,848
L32_S990108,10,0.6335078534031413,DISPERSED,3.7391219534218463,3.7391219534218463,False,98.17792700484141,32,29.0510322807555,64,912
L32_S990108,11,0.6020942408376964,DISPERSED,3.7391219534218463,3.7391219534218463,False,92.69875863727239,32,27.387780833412727,64,976
L32_S990108,12,0.5654450261780105,DISPERSED,3.7391219534218463,3.7391219534218463,False,87.32249855621103,32,25.814119862242322,64,1040
L32_S990108,13,0.5340314136125655,DISPERSED,3.7391219534218463,3.7391219534218463,False,82.3173673554518,32,26.027509574668812,64,1104
L32_S990108,14,0.5026178010471204,DISPERSED,3.7391219534218463,3.7391219534218463,False,77.41026267047125,32,24.595155408731113,64,1168
L32_S990108,15,0.46596858638743455,DISPERSED,3.7391219534218463,3.739121953421846,False,71.86135100056383,32,23.63409932500818,64,1232
L32_S990108,16,0.42408376963350786,DISPERSED,3.7391219534218463,3.7391219534218463,False,66.2030284308171,32,22.779933384164146,64,1296
L32_S990108,17,0.39267015706806285,DISPERSED,3.7391219534218463,3.7391219534218467,False,60.63665498792066,32,21.819690413398394,64,1360
L32_S990108,18,0.35602094240837695,DISPERSED,3.7391219534218463,3.7391219534218463,False,55.471632685482206,32,21.99463054084171,64,1424
L32_S990108,19,0.31413612565445026,DISPERSED,3.7391219534218463,3.7391219534218463,False,49.506701730719406,32,23.277345908501193,64,1488
L32_S990108,20,0.28272251308900526,DISPERSED,3.7391219534218463,3.7391219534218463,False,44.27745340819805,32,21.881965364737816,64,1552
L32_S990108,21,0.2513089005235602,DISPERSED,3.7391219534218463,3.7391219534218463,False,39.338422726997024,32,21.547832115264654,64,1616
L32_S990108,22,0.2198952879581152,DISPERSED,3.7391219534218463,3.7391219534218467,False,34.276673501590835,32,24.640751065038533,64,1680
L32_S990108,23,0.18848167539267016,DISPERSED,3.7391219534218463,3.7391219534218463,False,29.254717592566628,32,25.43242220841777,64,1744
L32_S990108,24,0.16230366492146597,DISPERSED,3.7391219534218463,3.7391219534218467,False,24.37658310722041,32,23.526880226575653,64,1808
L32_S990108,25,0.13089005235602094,DISPERSED,3.7391219534218463,3.7391219534218463,False,19.44331989021773,32,22.301595944071245,64,1872
L32_S990108,26,0.09947643979057591,DISPERSED,3.7391219534218463,3.7391219534218463,False,14.733065610714517,32,24.14100417908481,64,1936
L32_S990108,27,0.07329842931937172,DISPERSED,3.7391219534218463,3.7391219534218463,False,10.263790926686825,32,23.550946550656946,64,2000
L32_S990108,28,0.04712041884816754,DISPERSED,3.7391219534218463,3.7391219534218463,False,6.0336703315183815,32,24.19689558145595,64,2064
L32_S990108,29,0.02617801047120419,DISPERSED,3.7391219534218463,2.856352857955382,False,2.8563528579553825,32,24.94078772693949,64,2128
L32_S990108,30,0.0,DISPERSED,3.7391219534218463,0.0,True,0.0,32,27.682802189814808,64,2192
L32_S990108,31,0.005235602094240838,DISPERSED,3.7391219534218463,0.45458992203786663,False,0.45458992203786663,32,30.952043260206437,64,2256
