arm,block,law,n_sink_elig,planned,q_event,realized_sink,reject_reason,rejected,sink_capacity,size,source_capacity,time
PARENT,LAW_16_L24_S950000,LAW_16,108,2.0764332796894673,2.0764332796894673,2.0764332796894673,NONE,False,87.4552509441925,24,20.51724956467212,272
PARENT,LAW_16_L24_S950000,LAW_16,105,2.0764332796894673,2.0764332796894673,2.076433279689467,NONE,False,85.07154411421618,24,18.624219595411766,288
PARENT,LAW_16_L24_S950000,LAW_16,101,2.0764332796894673,2.0764332796894673,2.076433279689468,NONE,False,82.1878191235399,24,16.791730976181142,304
PARENT,LAW_16_L24_S950000,LAW_16,97,2.0764332796894673,2.0764332796894673,2.0764332796894673,NONE,False,79.47978181441087,24,15.041291986097516,320
PARENT,LAW_16_L24_S950000,LAW_16,94,2.0764332796894673,2.0764332796894673,2.0764332796894673,NONE,False,76.96636047244687,24,13.345538170776901,336
PARENT,LAW_16_L24_S950000,LAW_16,91,2.0764332796894673,2.0764332796894673,2.076433279689467,NONE,False,74.43813169949543,24,11.65240635842084,352
PARENT,LAW_16_L24_S950000,LAW_16,88,2.0764332796894673,2.0764332796894673,2.0764332796894673,NONE,False,72.1124975043458,24,9.945886399403559,368
PARENT,LAW_16_L24_S950000,LAW_16,85,2.0764332796894673,2.0764332796894673,2.0764332796894673,NONE,False,69.41541888055912,24,8.274919759529723,384
PARENT,LAW_16_L24_S950000,LAW_16,66,2.0764332796894673,0.44129815620968005,0.44129815620968005,NONE,False,54.14334253744056,24,0.44129815620968005,528
PARENT,LAW_16_L24_S950000,LAW_16,53,2.0764332796894673,0.3126962979741419,0.3126962979741419,NONE,False,43.630965306132,24,0.3126962979741419,784
PARENT,LAW_16_L24_S950000,LAW_16,44,2.0764332796894673,0.2526581576125003,0.2526581576125003,NONE,False,36.778399192192225,24,0.2526581576125003,1040
PARENT,LAW_16_L24_S950000,LAW_16,38,2.0764332796894673,0.2212888062439743,0.2212888062439743,NONE,False,31.74223514709942,24,0.2212888062439743,1296
PARENT,LAW_16_L24_S950000,LAW_16,33,2.0764332796894673,0.20421081113299866,0.20421081113299866,NONE,False,27.540770509811104,24,0.20421081113299866,1552
PARENT,LAW_16_L24_S950000,LAW_16,30,2.0764332796894673,0.19746076119325273,0.19746076119325273,NONE,False,24.545095561677638,24,0.19746076119325273,1808
PARENT,LAW_16_L24_S950000,LAW_16,26,2.0764332796894673,0.19593025260832952,0.19593025260832952,NONE,False,21.184381727865293,24,0.19593025260832952,2064
PARENT,LAW_16_L24_S950000,LAW_16,22,2.0764332796894673,0.19666599166515708,0.19666599166515708,NONE,False,17.986753950366218,24,0.19666599166515708,2320
PARENT,LAW_16_L24_S950000,LAW_16,20,2.0764332796894673,0.19841751563657573,0.19841751563657573,NONE,False,15.715864357508503,24,0.19841751563657573,2576
PARENT,LAW_16_L24_S950000,LAW_16,17,2.0764332796894673,0.21363653243730873,0.21363653243730873,NONE,False,13.168918210436633,24,0.21363653243730873,2832
PARENT,LAW_16_L24_S950000,LAW_16,16,2.0764332796894673,0.22645445070947645,0.22645445070947645,NONE,False,11.897064319478735,24,0.22645445070947645,3088
PARENT,LAW_16_L24_S950000,LAW_16,13,2.0764332796894673,0.2356452299856826,0.2356452299856826,NONE,False,10.119265652007016,24,0.2356452299856826,3344
PARENT,LAW_16_L24_S950000,LAW_16,11,2.0764332796894673,0.2501139736624015,0.2501139736624015,NONE,False,8.459088758599854,24,0.2501139736624015,3600
PARENT,LAW_16_L24_S950000,LAW_16,11,2.0764332796894673,0.25434847502010305,0.25434847502010305,NONE,False,8.034315976419723,24,0.25434847502010305,3856
PARENT,LAW_16_L24_S950000,LAW_16,9,2.0764332796894673,0.2686574458732853,0.2686574458732853,NONE,False,6.279895350013962,24,0.2686574458732853,4112
PARENT,LAW_16_L24_S950000,LAW_16,7,2.0764332796894673,0.2863981349009095,0.2863981349009095,NONE,False,4.83129125504314,24,0.2863981349009095,4368
PARENT,LAW_16_L24_S950000,LAW_16,3,2.0764332796894673,0.29235935663033286,0.29235935663033286,NONE,False,2.3520226340653667,24,0.29235935663033286,4624
PARENT,LAW_16_L24_S950000,LAW_16,5,2.0764332796894673,0.30186002028403447,0.30186002028403447,NONE,False,2.9408277005214134,24,0.30186002028403447,4880
PARENT,LAW_16_L24_S950000,LAW_16,3,2.0764332796894673,0.3115247736759461,0.3115247736759461,NONE,False,1.640007801514603,24,0.3115247736759461,5136
SRC_SINKSIDE,LAW_16_L24_S950000,LAW_16,108,2.0764332796894673,2.0764332796894673,2.0764332796894673,NONE,False,87.4552509441925,24,20.544749055807472,272
SRC_SINKSIDE,LAW_16_L24_S950000,LAW_16,107,2.0764332796894673,2.0764332796894673,2.0764332796894673,NONE,False,86.98359919490085,24,20.016400805099217,288
SRC_SINKSIDE,LAW_16_L24_S950000,LAW_16,106,2.0764332796894673,2.0764332796894673,2.0764332796894673,NONE,False,86.64159016222744,24,19.358409837772548,304
SRC_SINKSIDE,LAW_16_L24_S950000,LAW_16,106,2.0764332796894673,2.0764332796894673,2.0764332796894673,NONE,False,86.73303558688117,24,19.26696441311882,320
SRC_SINKSIDE,LAW_16_L24_S950000,LAW_16,106,2.0764332796894673,2.0764332796894673,2.076433279689468,NONE,False,86.55975018752343,24,19.440249812476587,336
SRC_SINKSIDE,LAW_16_L24_S950000,LAW_16,106,2.0764332796894673,2.0764332796894673,2.0764332796894673,NONE,False,86.41838866571696,24,19.58161133428301,352
SRC_SINKSIDE,LAW_16_L24_S950000,LAW_16,106,2.0764332796894673,2.0764332796894673,2.0764332796894673,NONE,False,86.29863350398999,24,19.701366496009992,368
SRC_SINKSIDE,LAW_16_L24_S950000,LAW_16,106,2.0764332796894673,2.0764332796894673,2.076433279689467,NONE,False,86.19345342788165,24,19.806546572118346,384
SRC_SINKSIDE,LAW_16_L24_S950000,LAW_16,106,2.0764332796894673,2.0764332796894673,2.076433279689468,NONE,False,85.53645600634496,24,20.46354399365497,528
SRC_SINKSIDE,LAW_16_L24_S950000,LAW_16,106,2.0764332796894673,2.0764332796894673,2.076433279689467,NONE,False,84.76674358994612,24,21.233256410053826,784
SRC_SINKSIDE,LAW_16_L24_S950000,LAW_16,105,2.0764332796894673,2.0764332796894673,2.0764332796894673,NONE,False,83.73125898396833,24,21.26874101603163,1040
SRC_SINKSIDE,LAW_16_L24_S950000,LAW_16,105,2.0764332796894673,2.0764332796894673,2.0764332796894673,NONE,False,83.22678949109917,24,21.773210508900863,1296
SRC_SINKSIDE,LAW_16_L24_S950000,LAW_16,105,2.0764332796894673,2.0764332796894673,2.076433279689467,NONE,False,82.77729916294325,24,22.222700837056816,1552
SRC_SINKSIDE,LAW_16_L24_S950000,LAW_16,106,2.0764332796894673,2.0764332796894673,2.0764332796894673,NONE,False,82.80439651777566,24,23.195603482224346,1808
SRC_SINKSIDE,LAW_16_L24_S950000,LAW_16,105,2.0764332796894673,2.0764332796894673,2.0764332796894673,NONE,False,81.96790026072807,24,23.032099739271892,2064
SRC_SINKSIDE,LAW_16_L24_S950000,LAW_16,105,2.0764332796894673,2.0764332796894673,2.076433279689467,NONE,False,81.61161962559387,24,23.388380374406072,2320
SRC_SINKSIDE,LAW_16_L24_S950000,LAW_16,105,2.0764332796894673,2.0764332796894673,2.0764332796894673,NONE,False,81.25606708612837,24,23.743932913871674,2576
SRC_SINKSIDE,LAW_16_L24_S950000,LAW_16,105,2.0764332796894673,2.0764332796894673,2.0764332796894673,NONE,False,80.93793928838802,24,24.06206071161199,2832
SRC_SINKSIDE,LAW_16_L24_S950000,LAW_16,105,2.0764332796894673,2.0764332796894673,2.0764332796894673,NONE,False,80.64493079129271,24,24.355069208707313,3088
SRC_SINKSIDE,LAW_16_L24_S950000,LAW_16,105,2.0764332796894673,2.0764332796894673,2.076433279689468,NONE,False,80.37161909330008,24,24.628380906699913,3344
SRC_SINKSIDE,LAW_16_L24_S950000,LAW_16,105,2.0764332796894673,2.0764332796894673,2.076433279689467,NONE,False,80.11462146768166,24,24.88537853231837,3600
SRC_SINKSIDE,LAW_16_L24_S950000,LAW_16,105,2.0764332796894673,2.0764332796894673,2.0764332796894673,NONE,False,79.87153124563848,24,25.128468754361556,3856
SRC_SINKSIDE,LAW_16_L24_S950000,LAW_16,105,2.0764332796894673,2.0764332796894673,2.076433279689468,NONE,False,79.64052334755735,24,25.359476652442634,4112
SRC_SINKSIDE,LAW_16_L24_S950000,LAW_16,105,2.0764332796894673,2.0764332796894673,2.0764332796894673,NONE,False,79.42015913263577,24,25.579840867364254,4368
SRC_SINKSIDE,LAW_16_L24_S950000,LAW_16,105,2.0764332796894673,2.0764332796894673,2.0764332796894673,NONE,False,79.20927275431846,24,25.79072724568156,4624
SRC_SINKSIDE,LAW_16_L24_S950000,LAW_16,105,2.0764332796894673,2.0764332796894673,2.076433279689468,NONE,False,79.00689982099436,24,25.99310017900566,4880
SRC_SINKSIDE,LAW_16_L24_S950000,LAW_16,105,2.0764332796894673,2.0764332796894673,2.0764332796894673,NONE,False,78.81222929544059,24,26.18777070455941,5136
PARENT,LAW_16_L24_S950001,LAW_16,111,2.0665706407282975,2.0665706407282975,2.0665706407282975,NONE,False,86.74248594686854,24,21.58893647828887,272
PARENT,LAW_16_L24_S950001,LAW_16,108,2.0665706407282975,2.0665706407282975,2.0665706407282975,NONE,False,84.26406051780094,24,19.765378441475676,288
PARENT,LAW_16_L24_S950001,LAW_16,104,2.0665706407282975,2.0665706407282975,2.066570640728297,NONE,False,81.65226946313712,24,17.9560944476493,304
PARENT,LAW_16_L24_S950001,LAW_16,99,2.0665706407282975,2.0665706407282975,2.0665706407282975,NONE,False,78.54174811137923,24,16.229236424762057,320
PARENT,LAW_16_L24_S950001,LAW_16,96,2.0665706407282975,2.0665706407282975,2.0665706407282975,NONE,False,76.0626923725238,24,14.53848083512548,336
PARENT,LAW_16_L24_S950001,LAW_16,93,2.0665706407282975,2.0665706407282975,2.0665706407282975,NONE,False,73.55236659414868,24,12.840315565194093,352
PARENT,LAW_16_L24_S950001,LAW_16,89,2.0665706407282975,2.0665706407282975,2.0665706407282975,NONE,False,70.85548062217934,24,11.14424032174991,368
PARENT,LAW_16_L24_S950001,LAW_16,86,2.0665706407282975,2.0665706407282975,2.0665706407282975,NONE,False,68.37311204202426,24,9.490938295690052,384
PARENT,LAW_16_L24_S950001,LAW_16,66,2.0665706407282975,0.4588602257362284,0.4588602257362284,NONE,False,52.02767189442163,24,0.4588602257362284,528
PARENT,LAW_16_L24_S950001,LAW_16,50,2.0665706407282975,0.32060407394744417,0.32060407394744417,NONE,False,40.56517175809654,24,0.32060407394744417,784
PARENT,LAW_16_L24_S950001,LAW_16,41,2.0665706407282975,0.25679202029086545,0.25679202029086545,NONE,False,33.5895795096058,24,0.25679202029086545,1040
PARENT,LAW_16_L24_S950001,LAW_16,34,2.0665706407282975,0.22485983612839044,0.22485983612839044,NONE,False,28.142943920585232,24,0.22485983612839044,1296
PARENT,LAW_16_L24_S950001,LAW_16,29,2.0665706407282975,0.2098997996217904,0.2098997996217904,NONE,False,23.97379288304562,24,0.2098997996217904,1552
PARENT,LAW_16_L24_S950001,LAW_16,26,2.0665706407282975,0.2070198580700977,0.2070198580700977,NONE,False,20.8582561811225,24,0.2070198580700977,1808
PARENT,LAW_16_L24_S950001,LAW_16,23,2.0665706407282975,0.20643788283259779,0.20643788283259779,NONE,False,18.101620435421545,24,0.20643788283259779,2064
PARENT,LAW_16_L24_S950001,LAW_16,19,2.0665706407282975,0.20568584350585128,0.20568584350585128,NONE,False,15.09323948805063,24,0.20568584350585128,2320
PARENT,LAW_16_L24_S950001,LAW_16,17,2.0665706407282975,0.21760249034293677,0.21760249034293677,NONE,False,13.143496478735196,24,0.21760249034293677,2576
PARENT,LAW_16_L24_S950001,LAW_16,15,2.0665706407282975,0.23653954147930145,0.23653954147930145,NONE,False,11.404613823899451,24,0.23653954147930145,2832
PARENT,LAW_16_L24_S950001,LAW_16,12,2.0665706407282975,0.25014461760944795,0.25014461760944795,NONE,False,9.274462539996794,24,0.25014461760944795,3088
PARENT,LAW_16_L24_S950001,LAW_16,11,2.0665706407282975,0.2562249348946354,0.2562249348946354,NONE,False,8.245902251774297,24,0.2562249348946354,3344
PARENT,LAW_16_L24_S950001,LAW_16,12,2.0665706407282975,0.276794041624163,0.276794041624163,NONE,False,7.63946096837142,24,0.276794041624163,3600
PARENT,LAW_16_L24_S950001,LAW_16,7,2.0665706407282975,0.2892078832542292,0.2892078832542292,NONE,False,4.842612687336851,24,0.2892078832542292,3856
PARENT,LAW_16_L24_S950001,LAW_16,6,2.0665706407282975,0.2905001492315751,0.2905001492315751,NONE,False,3.756995888151243,24,0.2905001492315751,4112
PARENT,LAW_16_L24_S950001,LAW_16,4,2.0665706407282975,0.30199476040703177,0.30199476040703177,NONE,False,2.3600075255509165,24,0.30199476040703177,4368
PARENT,LAW_16_L24_S950001,LAW_16,2,2.0665706407282975,0.318110609400316,0.318110609400316,NONE,False,1.0392578221215127,24,0.318110609400316,4624
PARENT,LAW_16_L24_S950001,LAW_16,2,2.0665706407282975,0.4914755710727491,0.4914755710727491,NONE,False,0.9172469093698891,24,0.4914755710727491,4880
PARENT,LAW_16_L24_S950001,LAW_16,0,2.0665706407282975,0.0,0.0,NO_SINK_CAPACITY,True,0.0,24,1.4489021418612973,5136
SRC_SINKSIDE,LAW_16_L24_S950001,LAW_16,111,2.0665706407282975,2.0665706407282975,2.0665706407282975,NONE,False,86.74248594686854,24,24.257514053131413,272
SRC_SINKSIDE,LAW_16_L24_S950001,LAW_16,110,2.0665706407282975,2.0665706407282975,2.0665706407282975,NONE,False,86.23924165190043,24,23.76075834809955,288
SRC_SINKSIDE,LAW_16_L24_S950001,LAW_16,109,2.0665706407282975,2.0665706407282975,2.0665706407282975,NONE,False,85.9225769726186,24,23.077423027381403,304
SRC_SINKSIDE,LAW_16_L24_S950001,LAW_16,110,2.0665706407282975,2.0665706407282975,2.0665706407282975,NONE,False,86.24083403151651,24,23.7591659684835,320
SRC_SINKSIDE,LAW_16_L24_S950001,LAW_16,110,2.0665706407282975,2.0665706407282975,2.0665706407282975,NONE,False,86.13542020903019,24,23.8645797909698,336
SRC_SINKSIDE,LAW_16_L24_S950001,LAW_16,110,2.0665706407282975,2.0665706407282975,2.0665706407282975,NONE,False,86.03267262231905,24,23.96732737768098,352
SRC_SINKSIDE,LAW_16_L24_S950001,LAW_16,110,2.0665706407282975,2.0665706407282975,2.0665706407282975,NONE,False,85.94517794395401,24,24.054822056046007,368
SRC_SINKSIDE,LAW_16_L24_S950001,LAW_16,110,2.0665706407282975,2.0665706407282975,2.0665706407282975,NONE,False,85.8604178586448,24,24.13958214135518,384
SRC_SINKSIDE,LAW_16_L24_S950001,LAW_16,111,2.0665706407282975,2.0665706407282975,2.0665706407282975,NONE,False,85.75090513606341,24,25.249094863936634,528
SRC_SINKSIDE,LAW_16_L24_S950001,LAW_16,109,2.0665706407282975,2.0665706407282975,2.066570640728298,NONE,False,84.20942124279077,24,24.790578757209197,784
SRC_SINKSIDE,LAW_16_L24_S950001,LAW_16,108,2.0665706407282975,2.0665706407282975,2.0665706407282975,NONE,False,83.27298638334851,24,24.727013616651522,1040
SRC_SINKSIDE,LAW_16_L24_S950001,LAW_16,108,2.0665706407282975,2.0665706407282975,2.0665706407282975,NONE,False,82.89209832845688,24,25.1079016715431,1296
SRC_SINKSIDE,LAW_16_L24_S950001,LAW_16,108,2.0665706407282975,2.0665706407282975,2.0665706407282975,NONE,False,82.57288353787247,24,25.427116462127515,1552
SRC_SINKSIDE,LAW_16_L24_S950001,LAW_16,108,2.0665706407282975,2.0665706407282975,2.0665706407282975,NONE,False,82.29617264602022,24,25.703827353979804,1808
SRC_SINKSIDE,LAW_16_L24_S950001,LAW_16,108,2.0665706407282975,2.0665706407282975,2.0665706407282975,NONE,False,82.05097316736696,24,25.949026832633113,2064
SRC_SINKSIDE,LAW_16_L24_S950001,LAW_16,108,2.0665706407282975,2.0665706407282975,2.0665706407282975,NONE,False,81.83009457196873,24,26.1699054280313,2320
SRC_SINKSIDE,LAW_16_L24_S950001,LAW_16,108,2.0665706407282975,2.0665706407282975,2.0665706407282975,NONE,False,81.62853838781332,24,26.37146161218671,2576
SRC_SINKSIDE,LAW_16_L24_S950001,LAW_16,108,2.0665706407282975,2.0665706407282975,2.0665706407282975,NONE,False,81.44269166036882,24,26.557308339631163,2832
SRC_SINKSIDE,LAW_16_L24_S950001,LAW_16,108,2.0665706407282975,2.0665706407282975,2.0665706407282975,NONE,False,81.26986284712468,24,26.73013715287529,3088
SRC_SINKSIDE,LAW_16_L24_S950001,LAW_16,108,2.0665706407282975,2.0665706407282975,2.0665706407282975,NONE,False,81.10799730914613,24,26.892002690853854,3344
SRC_SINKSIDE,LAW_16_L24_S950001,LAW_16,108,2.0665706407282975,2.0665706407282975,2.0665706407282975,NONE,False,80.95549415885196,24,27.04450584114806,3600
SRC_SINKSIDE,LAW_16_L24_S950001,LAW_16,108,2.0665706407282975,2.0665706407282975,2.0665706407282975,NONE,False,80.81108499304352,24,27.188915006956453,3856
SRC_SINKSIDE,LAW_16_L24_S950001,LAW_16,107,2.0665706407282975,2.0665706407282975,2.0665706407282975,NONE,False,80.22543465636078,24,26.774565343639267,4112
SRC_SINKSIDE,LAW_16_L24_S950001,LAW_16,107,2.0665706407282975,2.0665706407282975,2.0665706407282975,NONE,False,80.09716455852661,24,26.902835441473368,4368
SRC_SINKSIDE,LAW_16_L24_S950001,LAW_16,107,2.0665706407282975,2.0665706407282975,2.0665706407282975,NONE,False,79.9743128932387,24,27.025687106761314,4624
SRC_SINKSIDE,LAW_16_L24_S950001,LAW_16,107,2.0665706407282975,2.0665706407282975,2.0665706407282975,NONE,False,79.85639242643559,24,27.14360757356441,4880
SRC_SINKSIDE,LAW_16_L24_S950001,LAW_16,107,2.0665706407282975,2.0665706407282975,2.0665706407282975,NONE,False,79.7436010550726,24,27.256398944927373,5136
PARENT,LAW_16_L24_S950002,LAW_16,105,2.0812807519641185,2.0812807519641185,2.0812807519641185,NONE,False,81.87593981730708,24,23.538635068517188,272
PARENT,LAW_16_L24_S950002,LAW_16,100,2.0812807519641185,2.0812807519641185,2.081280751964118,NONE,False,78.93700397525156,24,21.6398304352366,288
PARENT,LAW_16_L24_S950002,LAW_16,97,2.0812807519641185,2.0812807519641185,2.0812807519641185,NONE,False,76.48175499903361,24,19.84910888733883,304
PARENT,LAW_16_L24_S950002,LAW_16,94,2.0812807519641185,2.0812807519641185,2.0812807519641185,NONE,False,74.03600942827673,24,18.086547019579243,320
PARENT,LAW_16_L24_S950002,LAW_16,89,2.0812807519641185,2.0812807519641185,2.0812807519641185,NONE,False,70.90087105207452,24,16.31709475428662,336
PARENT,LAW_16_L24_S950002,LAW_16,86,2.0812807519641185,2.0812807519641185,2.0812807519641185,NONE,False,68.43164558933624,24,14.583388577729703,352
PARENT,LAW_16_L24_S950002,LAW_16,83,2.0812807519641185,2.0812807519641185,2.0812807519641185,NONE,False,65.874404827601,24,12.875413454114046,368
PARENT,LAW_16_L24_S950002,LAW_16,80,2.0812807519641185,2.0812807519641185,2.081280751964119,NONE,False,63.40060909759683,24,11.175636616155778,384
PARENT,LAW_16_L24_S950002,LAW_16,57,2.0812807519641185,0.4627985923576672,0.4627985923576672,NONE,False,45.67624697784179,24,0.4627985923576672,528
PARENT,LAW_16_L24_S950002,LAW_16,41,2.0812807519641185,0.32354601213884593,0.32354601213884593,NONE,False,33.95376970694083,24,0.32354601213884593,784
PARENT,LAW_16_L24_S950002,LAW_16,33,2.0812807519641185,0.262482877167197,0.262482877167197,NONE,False,27.314772604609697,24,0.262482877167197,1040
PARENT,LAW_16_L24_S950002,LAW_16,28,2.0812807519641185,0.23884255032677382,0.23884255032677382,NONE,False,22.82315864423385,24,0.23884255032677382,1296
PARENT,LAW_16_L24_S950002,LAW_16,24,2.0812807519641185,0.23047883181989515,0.23047883181989515,NONE,False,18.821286463019906,24,0.23047883181989515,1552
PARENT,LAW_16_L24_S950002,LAW_16,21,2.0812807519641185,0.22736682287633458,0.22736682287633458,NONE,False,15.998057815244305,24,0.22736682287633458,1808
PARENT,LAW_16_L24_S950002,LAW_16,16,2.0812807519641185,0.23798194247589688,0.23798194247589688,NONE,False,12.586497879136239,24,0.23798194247589688,2064
PARENT,LAW_16_L24_S950002,LAW_16,16,2.0812807519641185,0.265205188324002,0.265205188324002,NONE,False,11.235444703323756,24,0.265205188324002,2320
PARENT,LAW_16_L24_S950002,LAW_16,10,2.0812807519641185,0.284163221034862,0.284163221034862,NONE,False,7.658899619941538,24,0.284163221034862,2576
PARENT,LAW_16_L24_S950002,LAW_16,11,2.0812807519641185,0.2984856417223236,0.2984856417223236,NONE,False,7.157365169205243,24,0.2984856417223236,2832
PARENT,LAW_16_L24_S950002,LAW_16,6,2.0812807519641185,0.30404207107076275,0.30404207107076275,NONE,False,4.364182743789244,24,0.30404207107076275,3088
PARENT,LAW_16_L24_S950002,LAW_16,6,2.0812807519641185,0.3135209126432522,0.3135209126432522,NONE,False,3.7340641423247893,24,0.3135209126432522,3344
PARENT,LAW_16_L24_S950002,LAW_16,2,2.0812807519641185,0.3287799882038378,0.3287799882038378,NONE,False,1.148227853462075,24,0.3287799882038378,3600
PARENT,LAW_16_L24_S950002,LAW_16,0,2.0812807519641185,0.0,0.0,NO_SINK_CAPACITY,True,0.0,24,0.3465024593723399,3856
PARENT,LAW_16_L24_S950002,LAW_16,0,2.0812807519641185,0.0,0.0,NO_SINK_CAPACITY,True,0.0,24,1.223435111411828,4112
PARENT,LAW_16_L24_S950002,LAW_16,0,2.0812807519641185,0.0,0.0,NO_SINK_CAPACITY,True,0.0,24,1.9376801046305996,4368
PARENT,LAW_16_L24_S950002,LAW_16,0,2.0812807519641185,0.0,0.0,NO_SINK_CAPACITY,True,0.0,24,2.251978632045118,4624
PARENT,LAW_16_L24_S950002,LAW_16,0,2.0812807519641185,0.0,0.0,NO_SINK_CAPACITY,True,0.0,24,4.0726741045444825,4880
PARENT,LAW_16_L24_S950002,LAW_16,2,2.0812807519641185,0.9019646487352979,0.9019646487352979,NONE,False,0.9019646487352979,24,5.486193400221194,5136
SRC_SINKSIDE,LAW_16_L24_S950002,LAW_16,105,2.0812807519641185,2.0812807519641185,2.0812807519641185,NONE,False,81.87593981730708,24,23.124060182692933,272
SRC_SINKSIDE,LAW_16_L24_S950002,LAW_16,103,2.0812807519641185,2.0812807519641185,2.081280751964118,NONE,False,81.2670193749261,24,21.73298062507389,288
SRC_SINKSIDE,LAW_16_L24_S950002,LAW_16,103,2.0812807519641185,2.0812807519641185,2.0812807519641185,NONE,False,81.22400188686454,24,21.775998113135458,304
SRC_SINKSIDE,LAW_16_L24_S950002,LAW_16,103,2.0812807519641185,2.0812807519641185,2.0812807519641185,NONE,False,81.09891866936104,24,21.901081330638945,320
SRC_SINKSIDE,LAW_16_L24_S950002,LAW_16,104,2.0812807519641185,2.0812807519641185,2.0812807519641185,NONE,False,81.47276486037046,24,22.527235139629497,336
SRC_SINKSIDE,LAW_16_L24_S950002,LAW_16,104,2.0812807519641185,2.0812807519641185,2.0812807519641185,NONE,False,81.39294493717084,24,22.607055062829158,352
SRC_SINKSIDE,LAW_16_L24_S950002,LAW_16,104,2.0812807519641185,2.0812807519641185,2.0812807519641185,NONE,False,81.31778979542187,24,22.68221020457814,368
SRC_SINKSIDE,LAW_16_L24_S950002,LAW_16,104,2.0812807519641185,2.0812807519641185,2.0812807519641185,NONE,False,81.24181527403772,24,22.758184725962263,384
SRC_SINKSIDE,LAW_16_L24_S950002,LAW_16,104,2.0812807519641185,2.0812807519641185,2.0812807519641185,NONE,False,80.66671868725965,24,23.333281312740294,528
SRC_SINKSIDE,LAW_16_L24_S950002,LAW_16,104,2.0812807519641185,2.0812807519641185,2.081280751964119,NONE,False,79.92657536330152,24,24.07342463669851,784
SRC_SINKSIDE,LAW_16_L24_S950002,LAW_16,104,2.0812807519641185,2.0812807519641185,2.0812807519641185,NONE,False,79.38312388375547,24,24.616876116244537,1040
SRC_SINKSIDE,LAW_16_L24_S950002,LAW_16,104,2.0812807519641185,2.0812807519641185,2.0812807519641185,NONE,False,78.95606865163676,24,25.043931348363248,1296
SRC_SINKSIDE,LAW_16_L24_S950002,LAW_16,103,2.0812807519641185,2.0812807519641185,2.081280751964118,NONE,False,78.15862187134634,24,24.84137812865363,1552
SRC_SINKSIDE,LAW_16_L24_S950002,LAW_16,103,2.0812807519641185,2.0812807519641185,2.081280751964119,NONE,False,77.87591859179933,24,25.124081408200635,1808
SRC_SINKSIDE,LAW_16_L24_S950002,LAW_16,103,2.0812807519641185,2.0812807519641185,2.0812807519641185,NONE,False,77.64203632436195,24,25.35796367563808,2064
SRC_SINKSIDE,LAW_16_L24_S950002,LAW_16,103,2.0812807519641185,2.0812807519641185,2.0812807519641185,NONE,False,77.4472412867473,24,25.55275871325267,2320
SRC_SINKSIDE,LAW_16_L24_S950002,LAW_16,103,2.0812807519641185,2.0812807519641185,2.0812807519641185,NONE,False,77.28477092541806,24,25.715229074581956,2576
SRC_SINKSIDE,LAW_16_L24_S950002,LAW_16,103,2.0812807519641185,2.0812807519641185,2.0812807519641185,NONE,False,77.15101232585212,24,25.848987674147896,2832
SRC_SINKSIDE,LAW_16_L24_S950002,LAW_16,103,2.0812807519641185,2.0812807519641185,2.0812807519641185,NONE,False,77.04264787802603,24,25.95735212197397,3088
SRC_SINKSIDE,LAW_16_L24_S950002,LAW_16,103,2.0812807519641185,2.0812807519641185,2.0812807519641185,NONE,False,76.95703510919627,24,26.042964890803724,3344
SRC_SINKSIDE,LAW_16_L24_S950002,LAW_16,103,2.0812807519641185,2.0812807519641185,2.0812807519641185,NONE,False,76.89213296208385,24,26.107867037916144,3600
SRC_SINKSIDE,LAW_16_L24_S950002,LAW_16,103,2.0812807519641185,2.0812807519641185,2.081280751964119,NONE,False,76.84636566541415,24,26.15363433458584,3856
SRC_SINKSIDE,LAW_16_L24_S950002,LAW_16,103,2.0812807519641185,2.0812807519641185,2.0812807519641185,NONE,False,76.81855607084957,24,26.181443929150426,4112
SRC_SINKSIDE,LAW_16_L24_S950002,LAW_16,103,2.0812807519641185,2.0812807519641185,2.0812807519641185,NONE,False,76.80652418897932,24,26.193475811020644,4368
SRC_SINKSIDE,LAW_16_L24_S950002,LAW_16,103,2.0812807519641185,2.0812807519641185,2.0812807519641185,NONE,False,76.79802441583489,24,26.201975584165087,4624
SRC_SINKSIDE,LAW_16_L24_S950002,LAW_16,102,2.0812807519641185,2.0812807519641185,2.0812807519641185,NONE,False,76.34423509275838,24,25.655764907241597,4880
SRC_SINKSIDE,LAW_16_L24_S950002,LAW_16,102,2.0812807519641185,2.0812807519641185,2.0812807519641185,NONE,False,76.34354267845534,24,25.656457321544664,5136
PARENT,LAW_16_L24_S950003,LAW_16,109,2.139768884887816,2.139768884887816,2.139768884887816,NONE,False,84.41617790989638,24,22.376201553353734,272
PARENT,LAW_16_L24_S950003,LAW_16,104,2.139768884887816,2.139768884887816,2.1397688848878156,NONE,False,81.07176310392691,24,20.479686786881373,288
PARENT,LAW_16_L24_S950003,LAW_16,100,2.139768884887816,2.139768884887816,2.139768884887816,NONE,False,78.66830552482767,24,18.66917305150363,304
PARENT,LAW_16_L24_S950003,LAW_16,97,2.139768884887816,2.139768884887816,2.139768884887816,NONE,False,75.97988915338138,24,16.84723278108099,320
PARENT,LAW_16_L24_S950003,LAW_16,94,2.139768884887816,2.139768884887816,2.139768884887816,NONE,False,73.65215769522653,24,15.106005462278219,336
PARENT,LAW_16_L24_S950003,LAW_16,91,2.139768884887816,2.139768884887816,2.139768884887816,NONE,False,71.20040355870971,24,13.385290795322394,352
PARENT,LAW_16_L24_S950003,LAW_16,87,2.139768884887816,2.139768884887816,2.139768884887816,NONE,False,68.30270484112525,24,11.64883773952517,368
PARENT,LAW_16_L24_S950003,LAW_16,83,2.139768884887816,2.139768884887816,2.139768884887816,NONE,False,65.14808952839554,24,9.935755764247997,384
PARENT,LAW_16_L24_S950003,LAW_16,60,2.139768884887816,0.4759062906257513,0.4759062906257513,NONE,False,47.44214425863841,24,0.4759062906257513,528
PARENT,LAW_16_L24_S950003,LAW_16,44,2.139768884887816,0.3302546997005684,0.3302546997005684,NONE,False,35.66693859883574,24,0.3302546997005684,784
PARENT,LAW_16_L24_S950003,LAW_16,36,2.139768884887816,0.26839866549480695,0.26839866549480695,NONE,False,29.26860464460751,24,0.26839866549480695,1040
PARENT,LAW_16_L24_S950003,LAW_16,29,2.139768884887816,0.24336909691480613,0.24336909691480613,NONE,False,23.934512952212476,24,0.24336909691480613,1296
PARENT,LAW_16_L24_S950003,LAW_16,25,2.139768884887816,0.23563866170700287,0.23563866170700287,NONE,False,20.065675345738452,24,0.23563866170700287,1552
PARENT,LAW_16_L24_S950003,LAW_16,22,2.139768884887816,0.23134917263768018,0.23134917263768018,NONE,False,17.169691655112416,24,0.23134917263768018,1808
PARENT,LAW_16_L24_S950003,LAW_16,18,2.139768884887816,0.23801201610068135,0.23801201610068135,NONE,False,13.922849973456634,24,0.23801201610068135,2064
PARENT,LAW_16_L24_S950003,LAW_16,14,2.139768884887816,0.260177407665226,0.260177407665226,NONE,False,11.061900376351103,24,0.260177407665226,2320
PARENT,LAW_16_L24_S950003,LAW_16,14,2.139768884887816,0.26696393217151493,0.26696393217151493,NONE,False,10.13172278347732,24,0.26696393217151493,2576
PARENT,LAW_16_L24_S950003,LAW_16,13,2.139768884887816,0.2915043532859771,0.2915043532859771,NONE,False,8.250251473452552,24,0.2915043532859771,2832
PARENT,LAW_16_L24_S950003,LAW_16,9,2.139768884887816,0.30848172483475633,0.30848172483475633,NONE,False,5.60239050153348,24,0.30848172483475633,3088
PARENT,LAW_16_L24_S950003,LAW_16,4,2.139768884887816,0.3268793464315355,0.3268793464315355,NONE,False,2.729052353433862,24,0.3268793464315355,3344
PARENT,LAW_16_L24_S950003,LAW_16,3,2.139768884887816,0.3328381077441205,0.3328381077441205,NONE,False,1.7897508004932257,24,0.3328381077441205,3600
PARENT,LAW_16_L24_S950003,LAW_16,0,2.139768884887816,0.0,0.0,NO_SINK_CAPACITY,True,0.0,24,0.6588959736129295,3856
PARENT,LAW_16_L24_S950003,LAW_16,2,2.139768884887816,0.9041655266565092,0.9041655266565092,NONE,False,0.9041655266565092,24,1.740886762624455,4112
PARENT,LAW_16_L24_S950003,LAW_16,1,2.139768884887816,0.4508931713809126,0.4508931713809126,NONE,False,0.4508931713809126,24,2.306679996814947,4368
PARENT,LAW_16_L24_S950003,LAW_16,1,2.139768884887816,0.4519840233926153,0.4519840233926153,NONE,False,0.4519840233926153,24,3.9348350123244864,4624
PARENT,LAW_16_L24_S950003,LAW_16,0,2.139768884887816,0.0,0.0,NO_SINK_CAPACITY,True,0.0,24,4.57255733153907,4880
PARENT,LAW_16_L24_S950003,LAW_16,0,2.139768884887816,0.0,0.0,NO_SINK_CAPACITY,True,0.0,24,5.478044537786654,5136
SRC_SINKSIDE,LAW_16_L24_S950003,LAW_16,109,2.139768884887816,2.139768884887816,2.139768884887816,NONE,False,84.41617790989638,24,24.583822090103606,272
SRC_SINKSIDE,LAW_16_L24_S950003,LAW_16,107,2.139768884887816,2.139768884887816,2.139768884887816,NONE,False,83.50534272535991,24,23.494657274640094,288
SRC_SINKSIDE,LAW_16_L24_S950003,LAW_16,107,2.139768884887816,2.139768884887816,2.139768884887816,NONE,False,83.62819988128857,24,23.371800118711427,304
SRC_SINKSIDE,LAW_16_L24_S950003,LAW_16,107,2.139768884887816,2.139768884887816,2.1397688848878165,NONE,False,83.52238460742002,24,23.477615392579963,320
SRC_SINKSIDE,LAW_16_L24_S950003,LAW_16,106,2.139768884887816,2.139768884887816,2.139768884887816,NONE,False,83.02212827213769,24,22.97787172786226,336
SRC_SINKSIDE,LAW_16_L24_S950003,LAW_16,107,2.139768884887816,2.139768884887816,2.1397688848878165,NONE,False,83.34483643578557,24,23.65516356421444,352
SRC_SINKSIDE,LAW_16_L24_S950003,LAW_16,107,2.139768884887816,2.139768884887816,2.139768884887816,NONE,False,83.26075874432433,24,23.739241255675715,368
SRC_SINKSIDE,LAW_16_L24_S950003,LAW_16,107,2.139768884887816,2.139768884887816,2.139768884887816,NONE,False,83.17689695274797,24,23.823103047251983,384
SRC_SINKSIDE,LAW_16_L24_S950003,LAW_16,107,2.139768884887816,2.139768884887816,2.139768884887816,NONE,False,82.6761515974447,24,24.32384840255529,528
SRC_SINKSIDE,LAW_16_L24_S950003,LAW_16,107,2.139768884887816,2.139768884887816,2.139768884887816,NONE,False,81.94744014377252,24,25.05255985622746,784
SRC_SINKSIDE,LAW_16_L24_S950003,LAW_16,106,2.139768884887816,2.139768884887816,2.139768884887816,NONE,False,80.92973137573453,24,25.07026862426547,1040
SRC_SINKSIDE,LAW_16_L24_S950003,LAW_16,106,2.139768884887816,2.139768884887816,2.139768884887816,NONE,False,80.47135607063122,24,25.52864392936882,1296
SRC_SINKSIDE,LAW_16_L24_S950003,LAW_16,106,2.139768884887816,2.139768884887816,2.139768884887816,NONE,False,80.08680760236805,24,25.913192397631928,1552
SRC_SINKSIDE,LAW_16_L24_S950003,LAW_16,106,2.139768884887816,2.139768884887816,2.1397688848878156,NONE,False,79.75606361221541,24,26.24393638778461,1808
SRC_SINKSIDE,LAW_16_L24_S950003,LAW_16,106,2.139768884887816,2.139768884887816,2.139768884887816,NONE,False,79.46635077629232,24,26.53364922370766,2064
SRC_SINKSIDE,LAW_16_L24_S950003,LAW_16,106,2.139768884887816,2.139768884887816,2.139768884887816,NONE,False,79.20819409767111,24,26.79180590232889,2320
SRC_SINKSIDE,LAW_16_L24_S950003,LAW_16,106,2.139768884887816,2.139768884887816,2.139768884887816,NONE,False,78.97527769365102,24,27.024722306349013,2576
SRC_SINKSIDE,LAW_16_L24_S950003,LAW_16,106,2.139768884887816,2.139768884887816,2.139768884887816,NONE,False,78.76328548072169,24,27.236714519278262,2832
SRC_SINKSIDE,LAW_16_L24_S950003,LAW_16,106,2.139768884887816,2.139768884887816,2.1397688848878165,NONE,False,78.56890594565968,24,27.43109405434032,3088
SRC_SINKSIDE,LAW_16_L24_S950003,LAW_16,106,2.139768884887816,2.139768884887816,2.139768884887816,NONE,False,78.38957895414394,24,27.61042104585607,3344
SRC_SINKSIDE,LAW_16_L24_S950003,LAW_16,107,2.139768884887816,2.139768884887816,2.1397688848878156,NONE,False,78.67363353240636,24,28.326366467593626,3600
SRC_SINKSIDE,LAW_16_L24_S950003,LAW_16,107,2.139768884887816,2.139768884887816,2.139768884887816,NONE,False,78.51926042805272,24,28.48073957194725,3856
SRC_SINKSIDE,LAW_16_L24_S950003,LAW_16,107,2.139768884887816,2.139768884887816,2.139768884887816,NONE,False,78.37491994099716,24,28.625080059002826,4112
SRC_SINKSIDE,LAW_16_L24_S950003,LAW_16,107,2.139768884887816,2.139768884887816,2.1397688848878165,NONE,False,78.24691430627728,24,28.753085693722724,4368
SRC_SINKSIDE,LAW_16_L24_S950003,LAW_16,107,2.139768884887816,2.139768884887816,2.1397688848878156,NONE,False,78.12988543574721,24,28.870114564252763,4624
SRC_SINKSIDE,LAW_16_L24_S950003,LAW_16,107,2.139768884887816,2.139768884887816,2.1397688848878156,NONE,False,78.02176677691135,24,28.978233223088644,4880
SRC_SINKSIDE,LAW_16_L24_S950003,LAW_16,107,2.139768884887816,2.139768884887816,2.139768884887816,NONE,False,77.92103940657677,24,29.078960593423258,5136
PARENT,LAW_16_L24_S950004,LAW_16,105,2.067353716625024,2.067353716625024,2.067353716625024,NONE,False,82.38994276614916,24,21.160057401496022,272
PARENT,LAW_16_L24_S950004,LAW_16,101,2.067353716625024,2.067353716625024,2.067353716625024,NONE,False,79.86271016459801,24,19.286314559755148,288
PARENT,LAW_16_L24_S950004,LAW_16,98,2.067353716625024,2.067353716625024,2.067353716625024,NONE,False,77.50055937878362,24,17.472345870967036,304
PARENT,LAW_16_L24_S950004,LAW_16,95,2.067353716625024,2.067353716625024,2.067353716625024,NONE,False,75.08601359763769,24,15.716240602758647,320
PARENT,LAW_16_L24_S950004,LAW_16,91,2.067353716625024,2.067353716625024,2.067353716625024,NONE,False,72.33326411467681,24,14.013072992325466,336
PARENT,LAW_16_L24_S950004,LAW_16,88,2.067353716625024,2.067353716625024,2.067353716625024,NONE,False,70.04489476298525,24,12.308792667089486,352
PARENT,LAW_16_L24_S950004,LAW_16,84,2.067353716625024,2.067353716625024,2.067353716625024,NONE,False,66.94305578954629,24,10.579047067287217,368
PARENT,LAW_16_L24_S950004,LAW_16,81,2.067353716625024,2.067353716625024,2.067353716625024,NONE,False,64.4167437142956,24,8.918966137757815,384
PARENT,LAW_16_L24_S950004,LAW_16,61,2.067353716625024,0.4422089068896107,0.4422089068896107,NONE,False,48.987979593915306,24,0.4422089068896107,528
PARENT,LAW_16_L24_S950004,LAW_16,45,2.067353716625024,0.3143819998463474,0.3143819998463474,NONE,False,37.2883075439101,24,0.3143819998463474,784
PARENT,LAW_16_L24_S950004,LAW_16,38,2.067353716625024,0.25621670444938094,0.25621670444938094,NONE,False,31.32033953960609,24,0.25621670444938094,1040
PARENT,LAW_16_L24_S950004,LAW_16,31,2.067353716625024,0.22789334235950265,0.22789334235950265,NONE,False,25.81058916521078,24,0.22789334235950265,1296
PARENT,LAW_16_L24_S950004,LAW_16,26,2.067353716625024,0.21828359838222977,0.21828359838222977,NONE,False,21.60165104180087,24,0.21828359838222977,1552
PARENT,LAW_16_L24_S950004,LAW_16,22,2.067353716625024,0.21650644384430795,0.21650644384430795,NONE,False,18.038539550609716,24,0.21650644384430795,1808
PARENT,LAW_16_L24_S950004,LAW_16,21,2.067353716625024,0.2159834251620194,0.2159834251620194,NONE,False,16.27273619331812,24,0.2159834251620194,2064
PARENT,LAW_16_L24_S950004,LAW_16,16,2.067353716625024,0.22128597575668396,0.22128597575668396,NONE,False,12.827043106083257,24,0.22128597575668396,2320
PARENT,LAW_16_L24_S950004,LAW_16,15,2.067353716625024,0.25134545624599036,0.25134545624599036,NONE,False,11.21374605477775,24,0.25134545624599036,2576
PARENT,LAW_16_L24_S950004,LAW_16,11,2.067353716625024,0.2650039677534791,0.2650039677534791,NONE,False,8.46555786717763,24,0.2650039677534791,2832
PARENT,LAW_16_L24_S950004,LAW_16,8,2.067353716625024,0.2809000371974363,0.2809000371974363,NONE,False,6.37434148162765,24,0.2809000371974363,3088
PARENT,LAW_16_L24_S950004,LAW_16,8,2.067353716625024,0.29465898287071635,0.29465898287071635,NONE,False,5.66851155039355,24,0.29465898287071635,3344
PARENT,LAW_16_L24_S950004,LAW_16,8,2.067353716625024,0.3026033807827614,0.3026033807827614,NONE,False,5.009009041482887,24,0.3026033807827614,3600
PARENT,LAW_16_L24_S950004,LAW_16,6,2.067353716625024,0.3178967252841727,0.3178967252841727,NONE,False,3.4295583360442987,24,0.3178967252841727,3856
PARENT,LAW_16_L24_S950004,LAW_16,2,2.067353716625024,0.33235785690975683,0.33235785690975683,NONE,False,0.9152930411329369,24,0.33235785690975683,4112
PARENT,LAW_16_L24_S950004,LAW_16,0,2.067353716625024,0.0,0.0,NO_SINK_CAPACITY,True,0.0,24,0.9376380670724871,4368
PARENT,LAW_16_L24_S950004,LAW_16,0,2.067353716625024,0.0,0.0,NO_SINK_CAPACITY,True,0.0,24,1.387912058797057,4624
PARENT,LAW_16_L24_S950004,LAW_16,0,2.067353716625024,0.0,0.0,NO_SINK_CAPACITY,True,0.0,24,1.737858042297105,4880
PARENT,LAW_16_L24_S950004,LAW_16,0,2.067353716625024,0.0,0.0,NO_SINK_CAPACITY,True,0.0,24,3.715074758153059,5136
SRC_SINKSIDE,LAW_16_L24_S950004,LAW_16,105,2.067353716625024,2.067353716625024,2.067353716625024,NONE,False,82.38994276614916,24,22.610057233850817,272
SRC_SINKSIDE,LAW_16_L24_S950004,LAW_16,103,2.067353716625024,2.067353716625024,2.0673537166250235,NONE,False,81.68173871756925,24,21.318261282430715,288
SRC_SINKSIDE,LAW_16_L24_S950004,LAW_16,103,2.067353716625024,2.067353716625024,2.067353716625024,NONE,False,81.78617977426747,24,21.213820225732544,304
SRC_SINKSIDE,LAW_16_L24_S950004,LAW_16,103,2.067353716625024,2.067353716625024,2.067353716625024,NONE,False,81.62343016828629,24,21.376569831713674,320
SRC_SINKSIDE,LAW_16_L24_S950004,LAW_16,103,2.067353716625024,2.067353716625024,2.067353716625024,NONE,False,81.48618069494044,24,21.513819305059492,336
SRC_SINKSIDE,LAW_16_L24_S950004,LAW_16,104,2.067353716625024,2.067353716625024,2.067353716625024,NONE,False,81.86403286915106,24,22.13596713084895,352
SRC_SINKSIDE,LAW_16_L24_S950004,LAW_16,104,2.067353716625024,2.067353716625024,2.067353716625024,NONE,False,82.18388310434578,24,21.81611689565417,368
SRC_SINKSIDE,LAW_16_L24_S950004,LAW_16,103,2.067353716625024,2.067353716625024,2.067353716625024,NONE,False,81.6346272663057,24,21.365372733694283,384
SRC_SINKSIDE,LAW_16_L24_S950004,LAW_16,105,2.067353716625024,2.067353716625024,2.0673537166250235,NONE,False,81.865046116406,24,23.134953883593997,528
SRC_SINKSIDE,LAW_16_L24_S950004,LAW_16,105,2.067353716625024,2.067353716625024,2.067353716625024,NONE,False,81.28946737254287,24,23.71053262745716,784
SRC_SINKSIDE,LAW_16_L24_S950004,LAW_16,105,2.067353716625024,2.067353716625024,2.067353716625024,NONE,False,80.89415431697473,24,24.105845683025276,1040
SRC_SINKSIDE,LAW_16_L24_S950004,LAW_16,105,2.067353716625024,2.067353716625024,2.067353716625024,NONE,False,80.57941605258745,24,24.42058394741255,1296
SRC_SINKSIDE,LAW_16_L24_S950004,LAW_16,105,2.067353716625024,2.067353716625024,2.067353716625024,NONE,False,80.31245019825637,24,24.68754980174366,1552
SRC_SINKSIDE,LAW_16_L24_S950004,LAW_16,105,2.067353716625024,2.067353716625024,2.067353716625024,NONE,False,80.08309451703765,24,24.916905482962335,1808
SRC_SINKSIDE,LAW_16_L24_S950004,LAW_16,105,2.067353716625024,2.067353716625024,2.067353716625024,NONE,False,79.88221512637007,24,25.11778487362989,2064
SRC_SINKSIDE,LAW_16_L24_S950004,LAW_16,105,2.067353716625024,2.067353716625024,2.067353716625024,NONE,False,79.70342264086753,24,25.296577359132478,2320
SRC_SINKSIDE,LAW_16_L24_S950004,LAW_16,105,2.067353716625024,2.067353716625024,2.067353716625024,NONE,False,79.54238099486848,24,25.457619005131527,2576
SRC_SINKSIDE,LAW_16_L24_S950004,LAW_16,105,2.067353716625024,2.067353716625024,2.0673537166250244,NONE,False,79.39591350449794,24,25.604086495502013,2832
SRC_SINKSIDE,LAW_16_L24_S950004,LAW_16,105,2.067353716625024,2.067353716625024,2.067353716625024,NONE,False,79.26161253028367,24,25.738387469716315,3088
SRC_SINKSIDE,LAW_16_L24_S950004,LAW_16,105,2.067353716625024,2.067353716625024,2.067353716625024,NONE,False,79.13760991878776,24,25.862390081212222,3344
SRC_SINKSIDE,LAW_16_L24_S950004,LAW_16,105,2.067353716625024,2.067353716625024,2.067353716625024,NONE,False,79.02243073514094,24,25.977569264859063,3600
SRC_SINKSIDE,LAW_16_L24_S950004,LAW_16,105,2.067353716625024,2.067353716625024,2.0673537166250235,NONE,False,78.91489272821508,24,26.085107271784903,3856
SRC_SINKSIDE,LAW_16_L24_S950004,LAW_16,105,2.067353716625024,2.067353716625024,2.067353716625024,NONE,False,78.81403572072989,24,26.185964279270152,4112
SRC_SINKSIDE,LAW_16_L24_S950004,LAW_16,105,2.067353716625024,2.067353716625024,2.067353716625024,NONE,False,78.71907044089781,24,26.280929559102216,4368
SRC_SINKSIDE,LAW_16_L24_S950004,LAW_16,105,2.067353716625024,2.067353716625024,2.067353716625024,NONE,False,78.62934117743383,24,26.37065882256621,4624
SRC_SINKSIDE,LAW_16_L24_S950004,LAW_16,105,2.067353716625024,2.067353716625024,2.067353716625024,NONE,False,78.54429815597533,24,26.45570184402464,4880
SRC_SINKSIDE,LAW_16_L24_S950004,LAW_16,105,2.067353716625024,2.067353716625024,2.0673537166250235,NONE,False,78.46347639517106,24,26.53652360482898,5136
PARENT,LAW_16_L24_S950005,LAW_16,111,2.068380832035899,2.068380832035899,2.068380832035899,NONE,False,86.77965845830909,24,21.47608201991519,272
PARENT,LAW_16_L24_S950005,LAW_16,108,2.068380832035899,2.068380832035899,2.068380832035899,NONE,False,84.3019569297044,24,19.615662146560616,288
PARENT,LAW_16_L24_S950005,LAW_16,103,2.068380832035899,2.068380832035899,2.068380832035899,NONE,False,81.25879777278172,24,17.7986939032613,304
PARENT,LAW_16_L24_S950005,LAW_16,99,2.068380832035899,2.068380832035899,2.068380832035899,NONE,False,78.32533017202334,24,16.063943021089656,320
PARENT,LAW_16_L24_S950005,LAW_16,96,2.068380832035899,2.068380832035899,2.068380832035899,NONE,False,75.9272211968167,24,14.34592567279071,336
PARENT,LAW_16_L24_S950005,LAW_16,93,2.068380832035899,2.068380832035899,2.0683808320358996,NONE,False,73.50566382815563,24,12.65108643244008,352
PARENT,LAW_16_L24_S950005,LAW_16,90,2.068380832035899,2.068380832035899,2.068380832035899,NONE,False,71.1929286157994,24,10.957801658065227,368
PARENT,LAW_16_L24_S950005,LAW_16,87,2.068380832035899,2.068380832035899,2.068380832035899,NONE,False,68.5585192926343,24,9.292663080931314,384
PARENT,LAW_16_L24_S950005,LAW_16,66,2.068380832035899,0.45587293421096,0.45587293421096,NONE,False,52.30721315550737,24,0.45587293421096,528
PARENT,LAW_16_L24_S950005,LAW_16,50,2.068380832035899,0.3223521270254701,0.3223521270254701,NONE,False,40.65002312344068,24,0.3223521270254701,784
PARENT,LAW_16_L24_S950005,LAW_16,40,2.068380832035899,0.25923198922822643,0.25923198922822643,NONE,False,32.992853884954876,24,0.25923198922822643,1040
PARENT,LAW_16_L24_S950005,LAW_16,35,2.068380832035899,0.22826557231411848,0.22826557231411848,NONE,False,28.45635654778097,24,0.22826557231411848,1296
PARENT,LAW_16_L24_S950005,LAW_16,29,2.068380832035899,0.2142501103345429,0.2142501103345429,NONE,False,23.65794382181303,24,0.2142501103345429,1552
PARENT,LAW_16_L24_S950005,LAW_16,27,2.068380832035899,0.21189778571086326,0.21189778571086326,NONE,False,21.32791634287823,24,0.21189778571086326,1808
PARENT,LAW_16_L24_S950005,LAW_16,21,2.068380832035899,0.2098269245316854,0.2098269245316854,NONE,False,17.165884685348587,24,0.2098269245316854,2064
PARENT,LAW_16_L24_S950005,LAW_16,19,2.068380832035899,0.210029393311699,0.210029393311699,NONE,False,15.029151205420519,24,0.210029393311699,2320
PARENT,LAW_16_L24_S950005,LAW_16,16,2.068380832035899,0.22679087319136648,0.22679087319136648,NONE,False,12.556647560669118,24,0.22679087319136648,2576
PARENT,LAW_16_L24_S950005,LAW_16,14,2.068380832035899,0.2414091984730592,0.2414091984730592,NONE,False,10.881031158659026,24,0.2414091984730592,2832
PARENT,LAW_16_L24_S950005,LAW_16,13,2.068380832035899,0.2569327188227625,0.2569327188227625,NONE,False,9.498650696291225,24,0.2569327188227625,3088
PARENT,LAW_16_L24_S950005,LAW_16,11,2.068380832035899,0.2672593704008579,0.2672593704008579,NONE,False,7.739334116940116,24,0.2672593704008579,3344
PARENT,LAW_16_L24_S950005,LAW_16,9,2.068380832035899,0.28859876183342814,0.28859876183342814,NONE,False,5.847796892149082,24,0.28859876183342814,3600
PARENT,LAW_16_L24_S950005,LAW_16,4,2.068380832035899,0.29896021149215135,0.29896021149215135,NONE,False,3.1117001734869922,24,0.29896021149215135,3856
PARENT,LAW_16_L24_S950005,LAW_16,3,2.068380832035899,0.3060067420268773,0.3060067420268773,NONE,False,2.228743556016762,24,0.3060067420268773,4112
PARENT,LAW_16_L24_S950005,LAW_16,2,2.068380832035899,0.32409258459678636,0.32409258459678636,NONE,False,0.9699564594406149,24,0.32409258459678636,4368
PARENT,LAW_16_L24_S950005,LAW_16,0,2.068380832035899,0.0,0.0,NO_SINK_CAPACITY,True,0.0,24,0.6349040267841576,4624
PARENT,LAW_16_L24_S950005,LAW_16,1,2.068380832035899,0.4506362024704688,0.4506362024704688,NONE,False,0.4506362024704688,24,1.3405578938052072,4880
PARENT,LAW_16_L24_S950005,LAW_16,2,2.068380832035899,0.9034504958307785,0.9034504958307785,NONE,False,0.9034504958307785,24,2.3343170749673163,5136
SRC_SINKSIDE,LAW_16_L24_S950005,LAW_16,111,2.068380832035899,2.068380832035899,2.068380832035899,NONE,False,86.77965845830909,24,24.220341541690868,272
SRC_SINKSIDE,LAW_16_L24_S950005,LAW_16,110,2.068380832035899,2.068380832035899,2.068380832035899,NONE,False,86.2785264721143,24,23.72147352788575,288
SRC_SINKSIDE,LAW_16_L24_S950005,LAW_16,110,2.068380832035899,2.068380832035899,2.068380832035899,NONE,False,86.37197493078479,24,23.628025069215223,304
SRC_SINKSIDE,LAW_16_L24_S950005,LAW_16,109,2.068380832035899,2.068380832035899,2.068380832035899,NONE,False,86.01630849280488,24,22.98369150719511,320
SRC_SINKSIDE,LAW_16_L24_S950005,LAW_16,108,2.068380832035899,2.068380832035899,2.068380832035899,NONE,False,85.69509041146995,24,22.304909588530062,336
SRC_SINKSIDE,LAW_16_L24_S950005,LAW_16,107,2.068380832035899,2.068380832035899,2.068380832035899,NONE,False,85.36486186000108,24,21.63513813999895,352
SRC_SINKSIDE,LAW_16_L24_S950005,LAW_16,106,2.068380832035899,2.068380832035899,2.068380832035899,NONE,False,85.04094053137968,24,20.95905946862031,368
SRC_SINKSIDE,LAW_16_L24_S950005,LAW_16,105,2.068380832035899,2.068380832035899,2.068380832035899,NONE,False,84.6734407874979,24,20.326559212502104,384
SRC_SINKSIDE,LAW_16_L24_S950005,LAW_16,104,2.068380832035899,2.068380832035899,2.068380832035899,NONE,False,83.21668829439834,24,20.783311705601626,528
SRC_SINKSIDE,LAW_16_L24_S950005,LAW_16,107,2.068380832035899,2.068380832035899,2.068380832035899,NONE,False,83.88245140281813,24,23.117548597181884,784
SRC_SINKSIDE,LAW_16_L24_S950005,LAW_16,107,2.068380832035899,2.068380832035899,2.068380832035899,NONE,False,83.38593863723314,24,23.61406136276688,1040
SRC_SINKSIDE,LAW_16_L24_S950005,LAW_16,107,2.068380832035899,2.068380832035899,2.068380832035899,NONE,False,83.02884475409702,24,23.971155245902967,1296
SRC_SINKSIDE,LAW_16_L24_S950005,LAW_16,107,2.068380832035899,2.068380832035899,2.068380832035899,NONE,False,82.73563854376985,24,24.264361456230148,1552
SRC_SINKSIDE,LAW_16_L24_S950005,LAW_16,107,2.068380832035899,2.068380832035899,2.068380832035899,NONE,False,82.4832058924891,24,24.516794107510893,1808
SRC_SINKSIDE,LAW_16_L24_S950005,LAW_16,107,2.068380832035899,2.068380832035899,2.068380832035899,NONE,False,82.25962745623833,24,24.740372543761673,2064
SRC_SINKSIDE,LAW_16_L24_S950005,LAW_16,107,2.068380832035899,2.068380832035899,2.0683808320358996,NONE,False,82.05790247960017,24,24.9420975203998,2320
SRC_SINKSIDE,LAW_16_L24_S950005,LAW_16,107,2.068380832035899,2.068380832035899,2.068380832035899,NONE,False,81.87351346532142,24,25.1264865346786,2576
SRC_SINKSIDE,LAW_16_L24_S950005,LAW_16,107,2.068380832035899,2.068380832035899,2.068380832035899,NONE,False,81.70332109883408,24,25.29667890116592,2832
SRC_SINKSIDE,LAW_16_L24_S950005,LAW_16,107,2.068380832035899,2.068380832035899,2.068380832035899,NONE,False,81.54501992704554,24,25.454980072954445,3088
SRC_SINKSIDE,LAW_16_L24_S950005,LAW_16,107,2.068380832035899,2.068380832035899,2.068380832035899,NONE,False,81.39684949649651,24,25.603150503503436,3344
SRC_SINKSIDE,LAW_16_L24_S950005,LAW_16,107,2.068380832035899,2.068380832035899,2.068380832035899,NONE,False,81.2574273222674,24,25.742572677732586,3600
SRC_SINKSIDE,LAW_16_L24_S950005,LAW_16,107,2.068380832035899,2.068380832035899,2.068380832035899,NONE,False,81.12564494684204,24,25.87435505315795,3856
SRC_SINKSIDE,LAW_16_L24_S950005,LAW_16,107,2.068380832035899,2.068380832035899,2.0683808320358987,NONE,False,81.00059959912335,24,25.99940040087667,4112
SRC_SINKSIDE,LAW_16_L24_S950005,LAW_16,107,2.068380832035899,2.068380832035899,2.068380832035899,NONE,False,80.88154584357207,24,26.11845415642794,4368
SRC_SINKSIDE,LAW_16_L24_S950005,LAW_16,107,2.068380832035899,2.068380832035899,2.0683808320358987,NONE,False,80.76786109199685,24,26.232138908003147,4624
SRC_SINKSIDE,LAW_16_L24_S950005,LAW_16,107,2.068380832035899,2.068380832035899,2.068380832035899,NONE,False,80.65902035330531,24,26.340979646694695,4880
SRC_SINKSIDE,LAW_16_L24_S950005,LAW_16,107,2.068380832035899,2.068380832035899,2.068380832035899,NONE,False,80.55457684180513,24,26.445423158194846,5136
PARENT,LAW_16_L24_S950006,LAW_16,102,2.0367835259140357,2.0367835259140357,2.0367835259140357,NONE,False,78.83295718546881,24,24.047289238711894,272
PARENT,LAW_16_L24_S950006,LAW_16,99,2.0367835259140357,2.0367835259140357,2.0367835259140357,NONE,False,76.45175119146384,24,22.178921369890947,288
PARENT,LAW_16_L24_S950006,LAW_16,96,2.0367835259140357,2.0367835259140357,2.0367835259140357,NONE,False,74.2163431510386,24,20.400417026152894,304
PARENT,LAW_16_L24_S950006,LAW_16,92,2.0367835259140357,2.0367835259140357,2.0367835259140357,NONE,False,71.30005261416675,24,18.677874980007967,320
PARENT,LAW_16_L24_S950006,LAW_16,88,2.0367835259140357,2.0367835259140357,2.0367835259140357,NONE,False,68.77621662618418,24,16.941236336693002,336
PARENT,LAW_16_L24_S950006,LAW_16,85,2.0367835259140357,2.0367835259140357,2.0367835259140357,NONE,False,66.01289793763736,24,15.268477514315373,352
PARENT,LAW_16_L24_S950006,LAW_16,82,2.0367835259140357,2.0367835259140357,2.0367835259140357,NONE,False,63.77082586793631,24,13.58364889280569,368
PARENT,LAW_16_L24_S950006,LAW_16,78,2.0367835259140357,2.0367835259140357,2.0367835259140357,NONE,False,61.03105217945001,24,11.91023766810751,384
PARENT,LAW_16_L24_S950006,LAW_16,54,2.0367835259140357,0.4546038555125701,0.4546038555125701,NONE,False,42.310236282944004,24,0.4546038555125701,528
PARENT,LAW_16_L24_S950006,LAW_16,38,2.0367835259140357,0.3173509968435958,0.3173509968435958,NONE,False,30.94070556639388,24,0.3173509968435958,784
PARENT,LAW_16_L24_S950006,LAW_16,31,2.0367835259140357,0.2622276637174601,0.2622276637174601,NONE,False,25.12770761351577,24,0.2622276637174601,1040
PARENT,LAW_16_L24_S950006,LAW_16,24,2.0367835259140357,0.24621636768819322,0.24621636768819322,NONE,False,19.530500452492973,24,0.24621636768819322,1296
PARENT,LAW_16_L24_S950006,LAW_16,19,2.0367835259140357,0.23900343424568438,0.23900343424568438,NONE,False,15.4517304673236,24,0.23900343424568438,1552
PARENT,LAW_16_L24_S950006,LAW_16,16,2.0367835259140357,0.237072555678717,0.237072555678717,NONE,False,12.894166283638674,24,0.237072555678717,1808
PARENT,LAW_16_L24_S950006,LAW_16,12,2.0367835259140357,0.27497536313307336,0.27497536313307336,NONE,False,9.602013267600947,24,0.27497536313307336,2064
PARENT,LAW_16_L24_S950006,LAW_16,12,2.0367835259140357,0.2876291261496079,0.2876291261496079,NONE,False,8.551966824691016,24,0.2876291261496079,2320
PARENT,LAW_16_L24_S950006,LAW_16,7,2.0367835259140357,0.3077909843471224,0.3077909843471224,NONE,False,5.211937981526402,24,0.3077909843471224,2576
PARENT,LAW_16_L24_S950006,LAW_16,5,2.0367835259140357,0.3188861111235226,0.3188861111235226,NONE,False,3.623368047249576,24,0.3188861111235226,2832
PARENT,LAW_16_L24_S950006,LAW_16,3,2.0367835259140357,0.32786833576402097,0.32786833576402097,NONE,False,1.9691427509277788,24,0.32786833576402097,3088
PARENT,LAW_16_L24_S950006,LAW_16,2,2.0367835259140357,0.6564708344671697,0.6564708344671697,NONE,False,0.9107185873772716,24,0.6564708344671697,3344
PARENT,LAW_16_L24_S950006,LAW_16,2,2.0367835259140357,0.9134623746906471,0.9134623746906471,NONE,False,0.9134623746906471,24,1.2780717926978524,3600
PARENT,LAW_16_L24_S950006,LAW_16,0,2.0367835259140357,0.0,0.0,NO_SINK_CAPACITY,True,0.0,24,2.301209460800391,3856
PARENT,LAW_16_L24_S950006,LAW_16,0,2.0367835259140357,0.0,0.0,NO_SINK_CAPACITY,True,0.0,24,3.1160139256845607,4112
PARENT,LAW_16_L24_S950006,LAW_16,0,2.0367835259140357,0.0,0.0,NO_SINK_CAPACITY,True,0.0,24,3.6712146831397634,4368
PARENT,LAW_16_L24_S950006,LAW_16,0,2.0367835259140357,0.0,0.0,NO_SINK_CAPACITY,True,0.0,24,5.328825280092493,4624
PARENT,LAW_16_L24_S950006,LAW_16,0,2.0367835259140357,0.0,0.0,NO_SINK_CAPACITY,True,0.0,24,6.24925644522566,4880
PARENT,LAW_16_L24_S950006,LAW_16,0,2.0367835259140357,0.0,0.0,NO_SINK_CAPACITY,True,0.0,24,7.360758450748871,5136
SRC_SINKSIDE,LAW_16_L24_S950006,LAW_16,102,2.0367835259140357,2.0367835259140357,2.0367835259140357,NONE,False,78.83295718546881,24,23.167042814531204,272
SRC_SINKSIDE,LAW_16_L24_S950006,LAW_16,101,2.0367835259140357,2.0367835259140357,2.0367835259140357,NONE,False,78.28424579802983,24,22.715754201970185,288
SRC_SINKSIDE,LAW_16_L24_S950006,LAW_16,100,2.0367835259140357,2.0367835259140357,2.0367835259140357,NONE,False,77.90598168450695,24,22.094018315493074,304
SRC_SINKSIDE,LAW_16_L24_S950006,LAW_16,100,2.0367835259140357,2.0367835259140357,2.0367835259140357,NONE,False,77.74457837660024,24,22.255421623399755,320
SRC_SINKSIDE,LAW_16_L24_S950006,LAW_16,101,2.0367835259140357,2.0367835259140357,2.0367835259140357,NONE,False,78.0417104870711,24,22.958289512928907,336
SRC_SINKSIDE,LAW_16_L24_S950006,LAW_16,101,2.0367835259140357,2.0367835259140357,2.0367835259140357,NONE,False,77.93855243310972,24,23.06144756689028,352
SRC_SINKSIDE,LAW_16_L24_S950006,LAW_16,101,2.0367835259140357,2.0367835259140357,2.0367835259140357,NONE,False,77.85282983503875,24,23.147170164961295,368
SRC_SINKSIDE,LAW_16_L24_S950006,LAW_16,101,2.0367835259140357,2.0367835259140357,2.0367835259140357,NONE,False,77.76426080621333,24,23.235739193786642,384
SRC_SINKSIDE,LAW_16_L24_S950006,LAW_16,101,2.0367835259140357,2.0367835259140357,2.0367835259140357,NONE,False,77.12440277844352,24,23.8755972215565,528
SRC_SINKSIDE,LAW_16_L24_S950006,LAW_16,101,2.0367835259140357,2.0367835259140357,2.0367835259140357,NONE,False,76.2463491493894,24,24.75365085061065,784
SRC_SINKSIDE,LAW_16_L24_S950006,LAW_16,101,2.0367835259140357,2.0367835259140357,2.0367835259140357,NONE,False,75.56876296831776,24,25.431237031682244,1040
SRC_SINKSIDE,LAW_16_L24_S950006,LAW_16,100,2.0367835259140357,2.0367835259140357,2.0367835259140357,NONE,False,74.57435131291123,24,25.425648687088767,1296
SRC_SINKSIDE,LAW_16_L24_S950006,LAW_16,100,2.0367835259140357,2.0367835259140357,2.0367835259140357,NONE,False,74.0895894381997,24,25.910410561800266,1552
SRC_SINKSIDE,LAW_16_L24_S950006,LAW_16,100,2.0367835259140357,2.0367835259140357,2.0367835259140357,NONE,False,73.66482470592484,24,26.33517529407515,1808
SRC_SINKSIDE,LAW_16_L24_S950006,LAW_16,100,2.0367835259140357,2.0367835259140357,2.0367835259140357,NONE,False,73.28744642124832,24,26.712553578751677,2064
SRC_SINKSIDE,LAW_16_L24_S950006,LAW_16,100,2.0367835259140357,2.0367835259140357,2.0367835259140357,NONE,False,72.94715828288452,24,27.05284171711548,2320
SRC_SINKSIDE,LAW_16_L24_S950006,LAW_16,100,2.0367835259140357,2.0367835259140357,2.0367835259140357,NONE,False,72.63479358182762,24,27.365206418172427,2576
SRC_SINKSIDE,LAW_16_L24_S950006,LAW_16,100,2.0367835259140357,2.0367835259140357,2.0367835259140357,NONE,False,72.34412409256558,24,27.655875907434442,2832
SRC_SINKSIDE,LAW_16_L24_S950006,LAW_16,99,2.0367835259140357,2.0367835259140357,2.0367835259140357,NONE,False,71.62565530358984,24,27.374344696410137,3088
SRC_SINKSIDE,LAW_16_L24_S950006,LAW_16,99,2.0367835259140357,2.0367835259140357,2.0367835259140357,NONE,False,71.37720823080907,24,27.622791769190947,3344
SRC_SINKSIDE,LAW_16_L24_S950006,LAW_16,99,2.0367835259140357,2.0367835259140357,2.0367835259140357,NONE,False,71.14128241269964,24,27.858717587300404,3600
SRC_SINKSIDE,LAW_16_L24_S950006,LAW_16,99,2.0367835259140357,2.0367835259140357,2.0367835259140357,NONE,False,70.9164624218323,24,28.08353757816767,3856
SRC_SINKSIDE,LAW_16_L24_S950006,LAW_16,98,2.0367835259140357,2.0367835259140357,2.0367835259140357,NONE,False,70.25217291191267,24,27.74782708808734,4112
SRC_SINKSIDE,LAW_16_L24_S950006,LAW_16,97,2.0367835259140357,2.0367835259140357,2.0367835259140357,NONE,False,69.60567136481039,24,27.39432863518965,4368
SRC_SINKSIDE,LAW_16_L24_S950006,LAW_16,97,2.0367835259140357,2.0367835259140357,2.0367835259140357,NONE,False,69.40312131511658,24,27.596878684883457,4624
SRC_SINKSIDE,LAW_16_L24_S950006,LAW_16,98,2.0367835259140357,2.0367835259140357,2.0367835259140357,NONE,False,69.66131504282536,24,28.338684957174653,4880
SRC_SINKSIDE,LAW_16_L24_S950006,LAW_16,98,2.0367835259140357,2.0367835259140357,2.0367835259140357,NONE,False,69.47808368216721,24,28.521916317832783,5136
PARENT,LAW_16_L24_S950007,LAW_16,100,2.0797750608413486,2.0797750608413486,2.0797750608413486,NONE,False,79.05131731741355,24,23.836795604928202,272
PARENT,LAW_16_L24_S950007,LAW_16,97,2.0797750608413486,2.0797750608413486,2.0797750608413486,NONE,False,76.65753986189623,24,21.929667868244195,288
PARENT,LAW_16_L24_S950007,LAW_16,92,2.0797750608413486,2.0797750608413486,2.0797750608413486,NONE,False,73.60507141006227,24,20.130811537757722,304
PARENT,LAW_16_L24_S950007,LAW_16,89,2.0797750608413486,2.0797750608413486,2.0797750608413486,NONE,False,71.09859646371311,24,18.37699643247189,320
PARENT,LAW_16_L24_S950007,LAW_16,86,2.0797750608413486,2.0797750608413486,2.0797750608413486,NONE,False,68.79350043561395,24,16.639818329573423,336
PARENT,LAW_16_L24_S950007,LAW_16,83,2.0797750608413486,2.0797750608413486,2.0797750608413486,NONE,False,66.04729363983435,24,14.931210029251751,352
PARENT,LAW_16_L24_S950007,LAW_16,80,2.0797750608413486,2.0797750608413486,2.0797750608413486,NONE,False,63.73115640133509,24,13.22779623269734,368
PARENT,LAW_16_L24_S950007,LAW_16,76,2.0797750608413486,2.0797750608413486,2.0797750608413486,NONE,False,60.83855766784568,24,11.512437126090335,384
PARENT,LAW_16_L24_S950007,LAW_16,52,2.0797750608413486,0.455811831121407,0.455811831121407,NONE,False,41.818162171156544,24,0.455811831121407,528
PARENT,LAW_16_L24_S950007,LAW_16,37,2.0797750608413486,0.32031186104136555,0.32031186104136555,NONE,False,30.596848727584995,24,0.32031186104136555,784
PARENT,LAW_16_L24_S950007,LAW_16,29,2.0797750608413486,0.26744474637248317,0.26744474637248317,NONE,False,24.204192664346255,24,0.26744474637248317,1040
PARENT,LAW_16_L24_S950007,LAW_16,25,2.0797750608413486,0.24967842759117587,0.24967842759117587,NONE,False,19.89566879008032,24,0.24967842759117587,1296
PARENT,LAW_16_L24_S950007,LAW_16,20,2.0797750608413486,0.24230505783911815,0.24230505783911815,NONE,False,15.987958378953365,24,0.24230505783911815,1552
PARENT,LAW_16_L24_S950007,LAW_16,16,2.0797750608413486,0.2550586958918968,0.2550586958918968,NONE,False,12.628119432254602,24,0.2550586958918968,1808
PARENT,LAW_16_L24_S950007,LAW_16,17,2.0797750608413486,0.26355037798132297,0.26355037798132297,NONE,False,11.939224942789677,24,0.26355037798132297,2064
PARENT,LAW_16_L24_S950007,LAW_16,10,2.0797750608413486,0.28491472925124806,0.28491472925124806,NONE,False,7.603612914320267,24,0.28491472925124806,2320
PARENT,LAW_16_L24_S950007,LAW_16,9,2.0797750608413486,0.3060124811766073,0.3060124811766073,NONE,False,6.178188976489825,24,0.3060124811766073,2576
PARENT,LAW_16_L24_S950007,LAW_16,6,2.0797750608413486,0.31879404176445636,0.31879404176445636,NONE,False,4.4191134078229375,24,0.31879404176445636,2832
PARENT,LAW_16_L24_S950007,LAW_16,5,2.0797750608413486,0.32680109587160067,0.32680109587160067,NONE,False,2.94665193084531,24,0.32680109587160067,3088
PARENT,LAW_16_L24_S950007,LAW_16,1,2.0797750608413486,0.34119496374741354,0.34119496374741354,NONE,False,0.5683647267243866,24,0.34119496374741354,3344
PARENT,LAW_16_L24_S950007,LAW_16,0,2.0797750608413486,0.0,0.0,NO_SINK_CAPACITY,True,0.0,24,0.7417830243729359,3600
PARENT,LAW_16_L24_S950007,LAW_16,1,2.0797750608413486,0.4559304807816017,0.4559304807816017,NONE,False,0.4559304807816017,24,1.7921478401126247,3856
PARENT,LAW_16_L24_S950007,LAW_16,0,2.0797750608413486,0.0,0.0,NO_SINK_CAPACITY,True,0.0,24,2.698793692547374,4112
PARENT,LAW_16_L24_S950007,LAW_16,0,2.0797750608413486,0.0,0.0,NO_SINK_CAPACITY,True,0.0,24,4.161137225894773,4368
PARENT,LAW_16_L24_S950007,LAW_16,0,2.0797750608413486,0.0,0.0,NO_SINK_CAPACITY,True,0.0,24,4.923086112887932,4624
PARENT,LAW_16_L24_S950007,LAW_16,0,2.0797750608413486,0.0,0.0,NO_SINK_CAPACITY,True,0.0,24,6.590977311191981,4880
PARENT,LAW_16_L24_S950007,LAW_16,0,2.0797750608413486,0.0,0.0,NO_SINK_CAPACITY,True,0.0,24,7.6685978622993405,5136
SRC_SINKSIDE,LAW_16_L24_S950007,LAW_16,100,2.0797750608413486,2.0797750608413486,2.0797750608413486,NONE,False,79.05131731741355,24,20.94868268258649,272
SRC_SINKSIDE,LAW_16_L24_S950007,LAW_16,100,2.0797750608413486,2.0797750608413486,2.0797750608413486,NONE,False,78.95192118621844,24,21.04807881378155,288
SRC_SINKSIDE,LAW_16_L24_S950007,LAW_16,99,2.0797750608413486,2.0797750608413486,2.0797750608413486,NONE,False,78.66457248544783,24,20.335427514552197,304
SRC_SINKSIDE,LAW_16_L24_S950007,LAW_16,99,2.0797750608413486,2.0797750608413486,2.0797750608413486,NONE,False,78.40359847770812,24,20.59640152229191,320
SRC_SINKSIDE,LAW_16_L24_S950007,LAW_16,99,2.0797750608413486,2.0797750608413486,2.0797750608413486,NONE,False,78.27263781056641,24,20.727362189433567,336
SRC_SINKSIDE,LAW_16_L24_S950007,LAW_16,100,2.0797750608413486,2.0797750608413486,2.0797750608413486,NONE,False,78.54230165691406,24,21.457698343085916,352
SRC_SINKSIDE,LAW_16_L24_S950007,LAW_16,99,2.0797750608413486,2.0797750608413486,2.0797750608413486,NONE,False,78.03295212870164,24,20.96704787129836,368
SRC_SINKSIDE,LAW_16_L24_S950007,LAW_16,99,2.0797750608413486,2.0797750608413486,2.0797750608413486,NONE,False,77.97710915725524,24,21.022890842744808,384
SRC_SINKSIDE,LAW_16_L24_S950007,LAW_16,99,2.0797750608413486,2.0797750608413486,2.079775060841349,NONE,False,77.15168840557071,24,21.84831159442928,528
SRC_SINKSIDE,LAW_16_L24_S950007,LAW_16,98,2.0797750608413486,2.0797750608413486,2.0797750608413486,NONE,False,75.66250902580946,24,22.337490974190544,784
SRC_SINKSIDE,LAW_16_L24_S950007,LAW_16,99,2.0797750608413486,2.0797750608413486,2.079775060841348,NONE,False,75.25078392610881,24,23.749216073891162,1040
SRC_SINKSIDE,LAW_16_L24_S950007,LAW_16,98,2.0797750608413486,2.0797750608413486,2.079775060841348,NONE,False,74.1113977825341,24,23.888602217465888,1296
SRC_SINKSIDE,LAW_16_L24_S950007,LAW_16,97,2.0797750608413486,2.0797750608413486,2.0797750608413486,NONE,False,73.08414811424018,24,23.91585188575983,1552
SRC_SINKSIDE,LAW_16_L24_S950007,LAW_16,97,2.0797750608413486,2.0797750608413486,2.0797750608413486,NONE,False,72.53675499025944,24,24.46324500974056,1808
SRC_SINKSIDE,LAW_16_L24_S950007,LAW_16,98,2.0797750608413486,2.0797750608413486,2.0797750608413486,NONE,False,72.4955100221736,24,25.504489977826402,2064
SRC_SINKSIDE,LAW_16_L24_S950007,LAW_16,98,2.0797750608413486,2.0797750608413486,2.079775060841349,NONE,False,72.04922081728024,24,25.950779182719767,2320
SRC_SINKSIDE,LAW_16_L24_S950007,LAW_16,98,2.0797750608413486,2.0797750608413486,2.079775060841349,NONE,False,71.63822075937351,24,26.361779240626486,2576
SRC_SINKSIDE,LAW_16_L24_S950007,LAW_16,98,2.0797750608413486,2.0797750608413486,2.0797750608413486,NONE,False,71.25474736197663,24,26.74525263802338,2832
SRC_SINKSIDE,LAW_16_L24_S950007,LAW_16,98,2.0797750608413486,2.0797750608413486,2.0797750608413486,NONE,False,70.89401660031763,24,27.10598339968237,3088
SRC_SINKSIDE,LAW_16_L24_S950007,LAW_16,95,2.0797750608413486,2.0797750608413486,2.0797750608413486,NONE,False,69.23793832145505,24,25.762061678544963,3344
SRC_SINKSIDE,LAW_16_L24_S950007,LAW_16,96,2.0797750608413486,2.0797750608413486,2.0797750608413486,NONE,False,69.36270997760343,24,26.63729002239659,3600
SRC_SINKSIDE,LAW_16_L24_S950007,LAW_16,96,2.0797750608413486,2.0797750608413486,2.0797750608413486,NONE,False,69.06923263312878,24,26.930767366871205,3856
SRC_SINKSIDE,LAW_16_L24_S950007,LAW_16,95,2.0797750608413486,2.0797750608413486,2.079775060841348,NONE,False,68.37083711970178,24,26.629162880298235,4112
SRC_SINKSIDE,LAW_16_L24_S950007,LAW_16,94,2.0797750608413486,2.0797750608413486,2.0797750608413486,NONE,False,67.65139342907257,24,26.348606570927416,4368
SRC_SINKSIDE,LAW_16_L24_S950007,LAW_16,95,2.0797750608413486,2.0797750608413486,2.0797750608413486,NONE,False,67.8178681002412,24,27.182131899758826,4624
SRC_SINKSIDE,LAW_16_L24_S950007,LAW_16,95,2.0797750608413486,2.0797750608413486,2.0797750608413486,NONE,False,67.57398951665083,24,27.42601048334916,4880
SRC_SINKSIDE,LAW_16_L24_S950007,LAW_16,94,2.0797750608413486,2.0797750608413486,2.0797750608413486,NONE,False,66.89202766089836,24,27.107972339101668,5136
PARENT,LAW_16_L24_S950008,LAW_16,107,2.043601803235774,2.043601803235774,2.043601803235774,NONE,False,83.343910169299,24,22.0280061702065,272
PARENT,LAW_16_L24_S950008,LAW_16,104,2.043601803235774,2.043601803235774,2.043601803235774,NONE,False,81.01996621625213,24,20.214945423118948,288
PARENT,LAW_16_L24_S950008,LAW_16,100,2.043601803235774,2.043601803235774,2.043601803235774,NONE,False,78.33613670789588,24,18.437167977184757,304
PARENT,LAW_16_L24_S950008,LAW_16,96,2.043601803235774,2.043601803235774,2.043601803235774,NONE,False,75.38386256315749,24,16.728239116054635,320
PARENT,LAW_16_L24_S950008,LAW_16,93,2.043601803235774,2.043601803235774,2.043601803235774,NONE,False,72.88744917228293,24,15.047465052072434,336
PARENT,LAW_16_L24_S950008,LAW_16,90,2.043601803235774,2.043601803235774,2.043601803235774,NONE,False,70.55378697872136,24,13.336628748063312,352
PARENT,LAW_16_L24_S950008,LAW_16,87,2.043601803235774,2.043601803235774,2.043601803235774,NONE,False,68.10772643167027,24,11.690754347807701,368
PARENT,LAW_16_L24_S950008,LAW_16,84,2.043601803235774,2.043601803235774,2.043601803235774,NONE,False,65.60920428013,24,10.023084629662764,384
PARENT,LAW_16_L24_S950008,LAW_16,61,2.043601803235774,0.48659410858266305,0.48659410858266305,NONE,False,48.254489265782716,24,0.48659410858266305,528
PARENT,LAW_16_L24_S950008,LAW_16,45,2.043601803235774,0.3341852161151103,0.3341852161151103,NONE,False,36.852707488674476,24,0.3341852161151103,784
PARENT,LAW_16_L24_S950008,LAW_16,36,2.043601803235774,0.2682024769311856,0.2682024769311856,NONE,False,29.51642439901409,24,0.2682024769311856,1040
PARENT,LAW_16_L24_S950008,LAW_16,29,2.043601803235774,0.24153735271962584,0.24153735271962584,NONE,False,24.246808102557857,24,0.24153735271962584,1296
PARENT,LAW_16_L24_S950008,LAW_16,25,2.043601803235774,0.2327976910355306,0.2327976910355306,NONE,False,20.58412547267553,24,0.2327976910355306,1552
PARENT,LAW_16_L24_S950008,LAW_16,22,2.043601803235774,0.22943575674746164,0.22943575674746164,NONE,False,17.590688639759,24,0.22943575674746164,1808
PARENT,LAW_16_L24_S950008,LAW_16,18,2.043601803235774,0.23251477399821874,0.23251477399821874,NONE,False,14.315731107965199,24,0.23251477399821874,2064
PARENT,LAW_16_L24_S950008,LAW_16,19,2.043601803235774,0.2517432365862058,0.2517432365862058,NONE,False,13.62906622392108,24,0.2517432365862058,2320
PARENT,LAW_16_L24_S950008,LAW_16,12,2.043601803235774,0.2692308594016928,0.2692308594016928,NONE,False,9.616150252382027,24,0.2692308594016928,2576
PARENT,LAW_16_L24_S950008,LAW_16,12,2.043601803235774,0.2783153264386762,0.2783153264386762,NONE,False,8.86301040159106,24,0.2783153264386762,2832
PARENT,LAW_16_L24_S950008,LAW_16,8,2.043601803235774,0.2971065695873266,0.2971065695873266,NONE,False,6.30787964280059,24,0.2971065695873266,3088
PARENT,LAW_16_L24_S950008,LAW_16,7,2.043601803235774,0.3091789498024443,0.3091789498024443,NONE,False,5.161939049674607,24,0.3091789498024443,3344
PARENT,LAW_16_L24_S950008,LAW_16,6,2.043601803235774,0.32501741880780155,0.32501741880780155,NONE,False,3.9539676434279305,24,0.32501741880780155,3600
PARENT,LAW_16_L24_S950008,LAW_16,3,2.043601803235774,0.3362574298597045,0.3362574298597045,NONE,False,1.6413415723247606,24,0.3362574298597045,3856
PARENT,LAW_16_L24_S950008,LAW_16,1,2.043601803235774,0.4509497997908561,0.4509497997908561,NONE,False,0.4509497997908561,24,0.6639818400170395,4112
PARENT,LAW_16_L24_S950008,LAW_16,0,2.043601803235774,0.0,0.0,NO_SINK_CAPACITY,True,0.0,24,0.6798983580893635,4368
PARENT,LAW_16_L24_S950008,LAW_16,0,2.043601803235774,0.0,0.0,NO_SINK_CAPACITY,True,0.0,24,1.5535398414267272,4624
PARENT,LAW_16_L24_S950008,LAW_16,0,2.043601803235774,0.0,0.0,NO_SINK_CAPACITY,True,0.0,24,1.2828225563066082,4880
PARENT,LAW_16_L24_S950008,LAW_16,0,2.043601803235774,0.0,0.0,NO_SINK_CAPACITY,True,0.0,24,2.8902663143959764,5136
SRC_SINKSIDE,LAW_16_L24_S950008,LAW_16,107,2.043601803235774,2.043601803235774,2.043601803235774,NONE,False,83.343910169299,24,23.656089830701035,272
SRC_SINKSIDE,LAW_16_L24_S950008,LAW_16,106,2.043601803235774,2.043601803235774,2.043601803235774,NONE,False,82.83905029020109,24,23.160949709798896,288
SRC_SINKSIDE,LAW_16_L24_S950008,LAW_16,106,2.043601803235774,2.043601803235774,2.0436018032357746,NONE,False,82.97529720531358,24,23.024702794686437,304
SRC_SINKSIDE,LAW_16_L24_S950008,LAW_16,106,2.043601803235774,2.043601803235774,2.0436018032357737,NONE,False,82.87490963204228,24,23.125090367957757,320
SRC_SINKSIDE,LAW_16_L24_S950008,LAW_16,106,2.043601803235774,2.043601803235774,2.043601803235774,NONE,False,82.78603056808718,24,23.21396943191281,336
SRC_SINKSIDE,LAW_16_L24_S950008,LAW_16,106,2.043601803235774,2.043601803235774,2.0436018032357737,NONE,False,82.71026722190318,24,23.289732778096806,352
SRC_SINKSIDE,LAW_16_L24_S950008,LAW_16,106,2.043601803235774,2.043601803235774,2.043601803235774,NONE,False,82.64139996872605,24,23.358600031273983,368
SRC_SINKSIDE,LAW_16_L24_S950008,LAW_16,106,2.043601803235774,2.043601803235774,2.043601803235774,NONE,False,82.580166030497,24,23.419833969503,384
SRC_SINKSIDE,LAW_16_L24_S950008,LAW_16,106,2.043601803235774,2.043601803235774,2.043601803235774,NONE,False,82.1714910211888,24,23.828508978811197,528
SRC_SINKSIDE,LAW_16_L24_S950008,LAW_16,106,2.043601803235774,2.043601803235774,2.043601803235774,NONE,False,81.66038335492755,24,24.339616645072496,784
SRC_SINKSIDE,LAW_16_L24_S950008,LAW_16,106,2.043601803235774,2.043601803235774,2.043601803235774,NONE,False,81.23838483551768,24,24.76161516448235,1040
SRC_SINKSIDE,LAW_16_L24_S950008,LAW_16,106,2.043601803235774,2.043601803235774,2.0436018032357737,NONE,False,80.86447186425005,24,25.135528135749944,1296
SRC_SINKSIDE,LAW_16_L24_S950008,LAW_16,106,2.043601803235774,2.043601803235774,2.043601803235774,NONE,False,80.53676799016684,24,25.46323200983317,1552
SRC_SINKSIDE,LAW_16_L24_S950008,LAW_16,106,2.043601803235774,2.043601803235774,2.043601803235774,NONE,False,80.25082204018233,24,25.74917795981763,1808
SRC_SINKSIDE,LAW_16_L24_S950008,LAW_16,106,2.043601803235774,2.043601803235774,2.0436018032357737,NONE,False,79.9969672017263,24,26.00303279827368,2064
SRC_SINKSIDE,LAW_16_L24_S950008,LAW_16,106,2.043601803235774,2.043601803235774,2.043601803235774,NONE,False,79.76824419711909,24,26.23175580288091,2320
SRC_SINKSIDE,LAW_16_L24_S950008,LAW_16,106,2.043601803235774,2.043601803235774,2.043601803235774,NONE,False,79.55964555099413,24,26.440354449005852,2576
SRC_SINKSIDE,LAW_16_L24_S950008,LAW_16,106,2.043601803235774,2.043601803235774,2.0436018032357737,NONE,False,79.36750935266089,24,26.632490647339107,2832
SRC_SINKSIDE,LAW_16_L24_S950008,LAW_16,106,2.043601803235774,2.043601803235774,2.0436018032357737,NONE,False,79.18911196754645,24,26.810888032453548,3088
SRC_SINKSIDE,LAW_16_L24_S950008,LAW_16,106,2.043601803235774,2.043601803235774,2.0436018032357737,NONE,False,79.02239034212232,24,26.977609657877704,3344
SRC_SINKSIDE,LAW_16_L24_S950008,LAW_16,106,2.043601803235774,2.043601803235774,2.0436018032357737,NONE,False,78.8657525509141,24,27.134247449085862,3600
SRC_SINKSIDE,LAW_16_L24_S950008,LAW_16,106,2.043601803235774,2.043601803235774,2.0436018032357737,NONE,False,78.71794689165226,24,27.282053108347757,3856
SRC_SINKSIDE,LAW_16_L24_S950008,LAW_16,106,2.043601803235774,2.043601803235774,2.043601803235774,NONE,False,78.57797108510564,24,27.422028914894305,4112
SRC_SINKSIDE,LAW_16_L24_S950008,LAW_16,106,2.043601803235774,2.043601803235774,2.0436018032357746,NONE,False,78.44500867377313,24,27.554991326226855,4368
SRC_SINKSIDE,LAW_16_L24_S950008,LAW_16,106,2.043601803235774,2.043601803235774,2.043601803235774,NONE,False,78.31838379343759,24,27.681616206562403,4624
SRC_SINKSIDE,LAW_16_L24_S950008,LAW_16,106,2.043601803235774,2.043601803235774,2.043601803235774,NONE,False,78.19752879650208,24,27.802471203497866,4880
SRC_SINKSIDE,LAW_16_L24_S950008,LAW_16,106,2.043601803235774,2.043601803235774,2.0436018032357737,NONE,False,78.08196058559376,24,27.918039414406184,5136
PARENT,LAW_16_L32_S950000,LAW_16,178,3.6955074733026807,3.6955074733026807,3.6955074733026807,NONE,False,142.03518716615537,32,39.61200082450305,272
PARENT,LAW_16_L32_S950000,LAW_16,172,3.6955074733026807,3.6955074733026807,3.6955074733026803,NONE,False,137.4135827283456,32,36.24140160757101,288
PARENT,LAW_16_L32_S950000,LAW_16,166,3.6955074733026807,3.6955074733026807,3.695507473302681,NONE,False,133.40986108669517,32,32.97304584940934,304
PARENT,LAW_16_L32_S950000,LAW_16,161,3.6955074733026807,3.6955074733026807,3.6955074733026807,NONE,False,128.78419301615997,32,29.75333239756067,320
PARENT,LAW_16_L32_S950000,LAW_16,155,3.6955074733026807,3.6955074733026807,3.6955074733026807,NONE,False,124.71978196608862,32,26.5833201871337,336
PARENT,LAW_16_L32_S950000,LAW_16,150,3.6955074733026807,3.6955074733026807,3.6955074733026816,NONE,False,120.22967795898619,32,23.374397457712153,352
PARENT,LAW_16_L32_S950000,LAW_16,145,3.6955074733026807,3.6955074733026807,3.69550747330268,NONE,False,116.1091667310646,32,20.143385682840844,368
PARENT,LAW_16_L32_S950000,LAW_16,139,3.6955074733026807,3.6955074733026807,3.6955074733026807,NONE,False,111.74480336336666,32,16.947617008963604,384
PARENT,LAW_16_L32_S950000,LAW_16,106,3.6955074733026807,0.585913413794984,0.585913413794984,NONE,False,85.79065571249296,32,0.585913413794984,528
PARENT,LAW_16_L32_S950000,LAW_16,90,3.6955074733026807,0.4189992456971525,0.4189992456971525,NONE,False,73.62000338850018,32,0.4189992456971525,784
PARENT,LAW_16_L32_S950000,LAW_16,73,3.6955074733026807,0.3387638905638728,0.3387638905638728,NONE,False,61.374545408728736,32,0.3387638905638728,1040
PARENT,LAW_16_L32_S950000,LAW_16,67,3.6955074733026807,0.28959016334000054,0.28959016334000054,NONE,False,55.60256195154388,32,0.28959016334000054,1296
PARENT,LAW_16_L32_S950000,LAW_16,59,3.6955074733026807,0.2588585624254426,0.2588585624254426,NONE,False,49.42885968466112,32,0.2588585624254426,1552
PARENT,LAW_16_L32_S950000,LAW_16,52,3.6955074733026807,0.2414366324167403,0.2414366324167403,NONE,False,43.752393074604164,32,0.2414366324167403,1808
PARENT,LAW_16_L32_S950000,LAW_16,48,3.6955074733026807,0.23106572784272605,0.23106572784272605,NONE,False,39.992500787712345,32,0.23106572784272605,2064
PARENT,LAW_16_L32_S950000,LAW_16,45,3.6955074733026807,0.2238248142444199,0.2238248142444199,NONE,False,36.50518162708398,32,0.2238248142444199,2320
PARENT,LAW_16_L32_S950000,LAW_16,39,3.6955074733026807,0.22288358390037166,0.22288358390037166,NONE,False,32.17278021209431,32,0.22288358390037166,2576
PARENT,LAW_16_L32_S950000,LAW_16,35,3.6955074733026807,0.2253046572867643,0.2253046572867643,NONE,False,28.972675172070566,32,0.2253046572867643,2832
PARENT,LAW_16_L32_S950000,LAW_16,33,3.6955074733026807,0.22900601952561117,0.22900601952561117,NONE,False,26.566547121981202,32,0.22900601952561117,3088
PARENT,LAW_16_L32_S950000,LAW_16,29,3.6955074733026807,0.23122294284374634,0.23122294284374634,NONE,False,23.35969046877936,32,0.23122294284374634,3344
PARENT,LAW_16_L32_S950000,LAW_16,26,3.6955074733026807,0.2344269586508897,0.2344269586508897,NONE,False,20.793309831106907,32,0.2344269586508897,3600
PARENT,LAW_16_L32_S950000,LAW_16,24,3.6955074733026807,0.2374072570173058,0.2374072570173058,NONE,False,18.74883226604613,32,0.2374072570173058,3856
PARENT,LAW_16_L32_S950000,LAW_16,22,3.6955074733026807,0.2568964701527301,0.2568964701527301,NONE,False,16.843968808403538,32,0.2568964701527301,4112
PARENT,LAW_16_L32_S950000,LAW_16,19,3.6955074733026807,0.27187359592702964,0.27187359592702964,NONE,False,14.874248123653654,32,0.27187359592702964,4368
PARENT,LAW_16_L32_S950000,LAW_16,18,3.6955074733026807,0.287644039126021,0.287644039126021,NONE,False,13.447384485328428,32,0.287644039126021,4624
PARENT,LAW_16_L32_S950000,LAW_16,14,3.6955074733026807,0.30552501463989346,0.30552501463989346,NONE,False,10.855869487999245,32,0.30552501463989346,4880
PARENT,LAW_16_L32_S950000,LAW_16,12,3.6955074733026807,0.31756143342489307,0.31756143342489307,NONE,False,9.50115804155269,32,0.31756143342489307,5136
SRC_SINKSIDE,LAW_16_L32_S950000,LAW_16,178,3.6955074733026807,3.6955074733026807,3.6955074733026807,NONE,False,142.03518716615537,32,35.96481283384468,272
SRC_SINKSIDE,LAW_16_L32_S950000,LAW_16,176,3.6955074733026807,3.6955074733026807,3.6955074733026807,NONE,False,141.04250282549148,32,34.957497174508525,288
SRC_SINKSIDE,LAW_16_L32_S950000,LAW_16,174,3.6955074733026807,3.6955074733026807,3.6955074733026803,NONE,False,140.7226457107621,32,33.27735428923803,304
SRC_SINKSIDE,LAW_16_L32_S950000,LAW_16,172,3.6955074733026807,3.6955074733026807,3.6955074733026803,NONE,False,140.0595046870945,32,31.94049531290559,320
SRC_SINKSIDE,LAW_16_L32_S950000,LAW_16,171,3.6955074733026807,3.6955074733026807,3.6955074733026803,NONE,False,139.66031278939812,32,31.339687210601888,336
SRC_SINKSIDE,LAW_16_L32_S950000,LAW_16,170,3.6955074733026807,3.6955074733026807,3.6955074733026807,NONE,False,139.09254289706763,32,30.907457102932398,352
SRC_SINKSIDE,LAW_16_L32_S950000,LAW_16,169,3.6955074733026807,3.6955074733026807,3.6955074733026807,NONE,False,138.61301961624494,32,30.386980383755073,368
SRC_SINKSIDE,LAW_16_L32_S950000,LAW_16,168,3.6955074733026807,3.6955074733026807,3.6955074733026807,NONE,False,138.12254457556438,32,29.87745542443564,384
SRC_SINKSIDE,LAW_16_L32_S950000,LAW_16,171,3.6955074733026807,3.6955074733026807,3.695507473302681,NONE,False,138.16499663453493,32,32.835003365465035,528
SRC_SINKSIDE,LAW_16_L32_S950000,LAW_16,174,3.6955074733026807,3.6955074733026807,3.6955074733026803,NONE,False,138.2802186693494,32,35.71978133065048,784
SRC_SINKSIDE,LAW_16_L32_S950000,LAW_16,174,3.6955074733026807,3.6955074733026807,3.6955074733026803,NONE,False,137.5115445655105,32,36.488455434489566,1040
SRC_SINKSIDE,LAW_16_L32_S950000,LAW_16,174,3.6955074733026807,3.6955074733026807,3.695507473302681,NONE,False,136.9191293360284,32,37.080870663971645,1296
SRC_SINKSIDE,LAW_16_L32_S950000,LAW_16,174,3.6955074733026807,3.6955074733026807,3.6955074733026807,NONE,False,136.43710783024406,32,37.56289216975594,1552
SRC_SINKSIDE,LAW_16_L32_S950000,LAW_16,174,3.6955074733026807,3.6955074733026807,3.6955074733026803,NONE,False,135.86064535348643,32,38.139354646513624,1808
SRC_SINKSIDE,LAW_16_L32_S950000,LAW_16,172,3.6955074733026807,3.6955074733026807,3.6955074733026807,NONE,False,134.3188327510973,32,37.68116724890268,2064
SRC_SINKSIDE,LAW_16_L32_S950000,LAW_16,172,3.6955074733026807,3.6955074733026807,3.6955074733026803,NONE,False,133.77249478653667,32,38.22750521346327,2320
SRC_SINKSIDE,LAW_16_L32_S950000,LAW_16,172,3.6955074733026807,3.6955074733026807,3.695507473302681,NONE,False,133.29190459447634,32,38.708095405523764,2576
SRC_SINKSIDE,LAW_16_L32_S950000,LAW_16,171,3.6955074733026807,3.6955074733026807,3.6955074733026807,NONE,False,132.40245626414222,32,38.59754373585782,2832
SRC_SINKSIDE,LAW_16_L32_S950000,LAW_16,171,3.6955074733026807,3.6955074733026807,3.6955074733026807,NONE,False,131.98673948660013,32,39.0132605133999,3088
SRC_SINKSIDE,LAW_16_L32_S950000,LAW_16,171,3.6955074733026807,3.6955074733026807,3.6955074733026816,NONE,False,131.59209315819828,32,39.40790684180174,3344
SRC_SINKSIDE,LAW_16_L32_S950000,LAW_16,171,3.6955074733026807,3.6955074733026807,3.6955074733026807,NONE,False,131.22388689968287,32,39.77611310031721,3600
SRC_SINKSIDE,LAW_16_L32_S950000,LAW_16,171,3.6955074733026807,3.6955074733026807,3.6955074733026807,NONE,False,130.86040676894766,32,40.139593231052366,3856
SRC_SINKSIDE,LAW_16_L32_S950000,LAW_16,170,3.6955074733026807,3.6955074733026807,3.6955074733026803,NONE,False,130.07131851644382,32,39.92868148355625,4112
SRC_SINKSIDE,LAW_16_L32_S950000,LAW_16,170,3.6955074733026807,3.6955074733026807,3.6955074733026807,NONE,False,129.76215809053554,32,40.23784190946448,4368
SRC_SINKSIDE,LAW_16_L32_S950000,LAW_16,170,3.6955074733026807,3.6955074733026807,3.695507473302681,NONE,False,129.47022926596878,32,40.52977073403119,4624
SRC_SINKSIDE,LAW_16_L32_S950000,LAW_16,170,3.6955074733026807,3.6955074733026807,3.6955074733026807,NONE,False,129.19291819983977,32,40.8070818001603,4880
SRC_SINKSIDE,LAW_16_L32_S950000,LAW_16,169,3.6955074733026807,3.6955074733026807,3.69550747330268,NONE,False,128.4819482858137,32,40.51805171418627,5136
PARENT,LAW_16_L32_S950001,LAW_16,175,3.6559170330770288,3.6559170330770288,3.6559170330770288,NONE,False,139.37306935359535,32,41.120809974515524,272
PARENT,LAW_16_L32_S950001,LAW_16,169,3.6559170330770288,3.6559170330770288,3.6559170330770288,NONE,False,134.9887500684971,32,37.76478409477029,288
PARENT,LAW_16_L32_S950001,LAW_16,163,3.6559170330770288,3.6559170330770288,3.6559170330770288,NONE,False,130.88672650670986,32,34.50027505911358,304
PARENT,LAW_16_L32_S950001,LAW_16,158,3.6559170330770288,3.6559170330770288,3.6559170330770288,NONE,False,126.42700434972359,32,31.310525571458296,320
PARENT,LAW_16_L32_S950001,LAW_16,152,3.6559170330770288,3.6559170330770288,3.6559170330770288,NONE,False,122.30107283478978,32,28.124062259125406,336
PARENT,LAW_16_L32_S950001,LAW_16,147,3.6559170330770288,3.6559170330770288,3.6559170330770288,NONE,False,117.81276207348296,32,24.94460513723941,352
PARENT,LAW_16_L32_S950001,LAW_16,142,3.6559170330770288,3.6559170330770288,3.6559170330770288,NONE,False,113.67716940281768,32,21.758728799096005,368
PARENT,LAW_16_L32_S950001,LAW_16,137,3.6559170330770288,3.6559170330770288,3.6559170330770288,NONE,False,109.37994507822792,32,18.633221091576846,384
PARENT,LAW_16_L32_S950001,LAW_16,100,3.6559170330770288,0.6299816618633627,0.6299816618633627,NONE,False,80.52523017511716,32,0.6299816618633627,528
PARENT,LAW_16_L32_S950001,LAW_16,84,3.6559170330770288,0.4426348738433108,0.4426348738433108,NONE,False,68.29686988123274,32,0.4426348738433108,784
PARENT,LAW_16_L32_S950001,LAW_16,67,3.6559170330770288,0.3559575725356965,0.3559575725356965,NONE,False,56.04670808090116,32,0.3559575725356965,1040
PARENT,LAW_16_L32_S950001,LAW_16,59,3.6559170330770288,0.3042692117432433,0.3042692117432433,NONE,False,49.319897090665805,32,0.3042692117432433,1296
PARENT,LAW_16_L32_S950001,LAW_16,52,3.6559170330770288,0.2759211079711159,0.2759211079711159,NONE,False,43.412767325613885,32,0.2759211079711159,1552
PARENT,LAW_16_L32_S950001,LAW_16,46,3.6559170330770288,0.2599850353383113,0.2599850353383113,NONE,False,38.26094688365406,32,0.2599850353383113,1808
PARENT,LAW_16_L32_S950001,LAW_16,42,3.6559170330770288,0.2526885255036537,0.2526885255036537,NONE,False,34.06534893321049,32,0.2526885255036537,2064
PARENT,LAW_16_L32_S950001,LAW_16,36,3.6559170330770288,0.25266179490413354,0.25266179490413354,NONE,False,29.67270371475386,32,0.25266179490413354,2320
PARENT,LAW_16_L32_S950001,LAW_16,31,3.6559170330770288,0.254645899841767,0.254645899841767,NONE,False,25.565317114695294,32,0.254645899841767,2576
PARENT,LAW_16_L32_S950001,LAW_16,29,3.6559170330770288,0.25775545530843347,0.25775545530843347,NONE,False,22.974456916224106,32,0.25775545530843347,2832
PARENT,LAW_16_L32_S950001,LAW_16,24,3.6559170330770288,0.25957739384700174,0.25957739384700174,NONE,False,19.301766718908898,32,0.25957739384700174,3088
PARENT,LAW_16_L32_S950001,LAW_16,21,3.6559170330770288,0.28610227424520873,0.28610227424520873,NONE,False,16.41172331237151,32,0.28610227424520873,3344
PARENT,LAW_16_L32_S950001,LAW_16,19,3.6559170330770288,0.2968741761944198,0.2968741761944198,NONE,False,14.884580936601846,32,0.2968741761944198,3600
PARENT,LAW_16_L32_S950001,LAW_16,16,3.6559170330770288,0.3153516442773818,0.3153516442773818,NONE,False,12.622976411403188,32,0.3153516442773818,3856
PARENT,LAW_16_L32_S950001,LAW_16,14,3.6559170330770288,0.33626567803087315,0.33626567803087315,NONE,False,10.837773425974538,32,0.33626567803087315,4112
PARENT,LAW_16_L32_S950001,LAW_16,10,3.6559170330770288,0.3623485059343815,0.3623485059343815,NONE,False,7.700577800707299,32,0.3623485059343815,4368
PARENT,LAW_16_L32_S950001,LAW_16,9,3.6559170330770288,0.3659603037656456,0.3659603037656456,NONE,False,6.984641848284198,32,0.3659603037656456,4624
PARENT,LAW_16_L32_S950001,LAW_16,6,3.6559170330770288,0.3908765582225905,0.3908765582225905,NONE,False,4.109695166308346,32,0.3908765582225905,4880
PARENT,LAW_16_L32_S950001,LAW_16,5,3.6559170330770288,0.4011658452449306,0.4011658452449306,NONE,False,3.511588476708785,32,0.4011658452449306,5136
SRC_SINKSIDE,LAW_16_L32_S950001,LAW_16,175,3.6559170330770288,3.6559170330770288,3.6559170330770288,NONE,False,139.37306935359535,32,35.62693064640466,272
SRC_SINKSIDE,LAW_16_L32_S950001,LAW_16,174,3.6559170330770288,3.6559170330770288,3.6559170330770288,NONE,False,138.83961760308176,32,35.1603823969182,288
SRC_SINKSIDE,LAW_16_L32_S950001,LAW_16,172,3.6559170330770288,3.6559170330770288,3.6559170330770288,NONE,False,138.2075035028385,32,33.79249649716158,304
SRC_SINKSIDE,LAW_16_L32_S950001,LAW_16,169,3.6559170330770288,3.6559170330770288,3.6559170330770283,NONE,False,137.44639842815576,32,31.55360157184414,320
SRC_SINKSIDE,LAW_16_L32_S950001,LAW_16,166,3.6559170330770288,3.6559170330770288,3.6559170330770288,NONE,False,136.21092101181478,32,29.78907898818524,336
SRC_SINKSIDE,LAW_16_L32_S950001,LAW_16,164,3.6559170330770288,3.6559170330770288,3.6559170330770288,NONE,False,135.56755054314928,32,28.43244945685073,352
SRC_SINKSIDE,LAW_16_L32_S950001,LAW_16,162,3.6559170330770288,3.6559170330770288,3.6559170330770288,NONE,False,134.85194399908113,32,27.14805600091885,368
SRC_SINKSIDE,LAW_16_L32_S950001,LAW_16,161,3.6559170330770288,3.6559170330770288,3.6559170330770288,NONE,False,134.54801244781004,32,26.45198755219,384
SRC_SINKSIDE,LAW_16_L32_S950001,LAW_16,160,3.6559170330770288,3.6559170330770288,3.6559170330770288,NONE,False,133.27184891379736,32,26.72815108620263,528
SRC_SINKSIDE,LAW_16_L32_S950001,LAW_16,167,3.6559170330770288,3.6559170330770288,3.655917033077029,NONE,False,135.1149034265752,32,31.88509657342476,784
SRC_SINKSIDE,LAW_16_L32_S950001,LAW_16,168,3.6559170330770288,3.6559170330770288,3.6559170330770288,NONE,False,134.82668548083953,32,33.173314519160485,1040
SRC_SINKSIDE,LAW_16_L32_S950001,LAW_16,169,3.6559170330770288,3.6559170330770288,3.655917033077029,NONE,False,134.73408854943654,32,34.26591145056343,1296
SRC_SINKSIDE,LAW_16_L32_S950001,LAW_16,170,3.6559170330770288,3.6559170330770288,3.6559170330770288,NONE,False,134.48504441073456,32,35.514955589265384,1552
SRC_SINKSIDE,LAW_16_L32_S950001,LAW_16,170,3.6559170330770288,3.6559170330770288,3.6559170330770288,NONE,False,134.00530599227352,32,35.99469400772648,1808
SRC_SINKSIDE,LAW_16_L32_S950001,LAW_16,170,3.6559170330770288,3.6559170330770288,3.6559170330770288,NONE,False,133.62556807084923,32,36.374431929150745,2064
SRC_SINKSIDE,LAW_16_L32_S950001,LAW_16,170,3.6559170330770288,3.6559170330770288,3.6559170330770288,NONE,False,133.32849684575953,32,36.67150315424051,2320
SRC_SINKSIDE,LAW_16_L32_S950001,LAW_16,170,3.6559170330770288,3.6559170330770288,3.6559170330770288,NONE,False,133.0876431107197,32,36.91235688928032,2576
SRC_SINKSIDE,LAW_16_L32_S950001,LAW_16,170,3.6559170330770288,3.6559170330770288,3.6559170330770288,NONE,False,132.88997723842692,32,37.110022761573056,2832
SRC_SINKSIDE,LAW_16_L32_S950001,LAW_16,170,3.6559170330770288,3.6559170330770288,3.6559170330770288,NONE,False,132.72702266683098,32,37.27297733316911,3088
SRC_SINKSIDE,LAW_16_L32_S950001,LAW_16,170,3.6559170330770288,3.6559170330770288,3.655917033077028,NONE,False,132.59112581982893,32,37.40887418017098,3344
SRC_SINKSIDE,LAW_16_L32_S950001,LAW_16,170,3.6559170330770288,3.6559170330770288,3.6559170330770288,NONE,False,132.4731096425811,32,37.526890357418935,3600
SRC_SINKSIDE,LAW_16_L32_S950001,LAW_16,170,3.6559170330770288,3.6559170330770288,3.6559170330770288,NONE,False,132.3707424385001,32,37.62925756149989,3856
SRC_SINKSIDE,LAW_16_L32_S950001,LAW_16,170,3.6559170330770288,3.6559170330770288,3.6559170330770288,NONE,False,132.2787924079433,32,37.72120759205664,4112
SRC_SINKSIDE,LAW_16_L32_S950001,LAW_16,170,3.6559170330770288,3.6559170330770288,3.6559170330770288,NONE,False,132.19573431022937,32,37.80426568977064,4368
SRC_SINKSIDE,LAW_16_L32_S950001,LAW_16,170,3.6559170330770288,3.6559170330770288,3.6559170330770288,NONE,False,132.12051465316145,32,37.87948534683852,4624
SRC_SINKSIDE,LAW_16_L32_S950001,LAW_16,170,3.6559170330770288,3.6559170330770288,3.6559170330770283,NONE,False,132.05219396388011,32,37.947806036119864,4880
SRC_SINKSIDE,LAW_16_L32_S950001,LAW_16,170,3.6559170330770288,3.6559170330770288,3.6559170330770283,NONE,False,131.98992831906034,32,38.010071680939575,5136
PARENT,LAW_16_L32_S950002,LAW_16,193,3.6676492437086567,3.6676492437086567,3.6676492437086567,NONE,False,152.27452030093815,32,37.065711248311715,272
PARENT,LAW_16_L32_S950002,LAW_16,186,3.6676492437086567,3.6676492437086567,3.6676492437086563,NONE,False,147.02468455812877,32,33.67923269943921,288
PARENT,LAW_16_L32_S950002,LAW_16,180,3.6676492437086567,3.6676492437086567,3.6676492437086567,NONE,False,142.78709949208505,32,30.346479047631107,304
PARENT,LAW_16_L32_S950002,LAW_16,173,3.6676492437086567,3.6676492437086567,3.6676492437086567,NONE,False,137.82997240058722,32,27.082034310625772,320
PARENT,LAW_16_L32_S950002,LAW_16,168,3.6676492437086567,3.6676492437086567,3.6676492437086567,NONE,False,133.7198524218143,32,23.848535798964974,336
PARENT,LAW_16_L32_S950002,LAW_16,161,3.6676492437086567,3.6676492437086567,3.6676492437086567,NONE,False,128.56459303427758,32,20.68068571112666,352
PARENT,LAW_16_L32_S950002,LAW_16,155,3.6676492437086567,3.6676492437086567,3.6676492437086567,NONE,False,124.02620318649448,32,17.532826965862064,368
PARENT,LAW_16_L32_S950002,LAW_16,150,3.6676492437086567,3.6676492437086567,3.6676492437086567,NONE,False,119.74808157399255,32,14.39668987431304,384
PARENT,LAW_16_L32_S950002,LAW_16,120,3.6676492437086567,0.573357264697243,0.573357264697243,NONE,False,96.34248936447567,32,0.573357264697243,528
PARENT,LAW_16_L32_S950002,LAW_16,104,3.6676492437086567,0.41123321503194843,0.41123321503194843,NONE,False,84.18320886574064,32,0.41123321503194843,784
PARENT,LAW_16_L32_S950002,LAW_16,88,3.6676492437086567,0.3347175308424749,0.3347175308424749,NONE,False,72.52354630101367,32,0.3347175308424749,1040
PARENT,LAW_16_L32_S950002,LAW_16,81,3.6676492437086567,0.2870276610844297,0.2870276610844297,NONE,False,67.03447869125513,32,0.2870276610844297,1296
PARENT,LAW_16_L32_S950002,LAW_16,72,3.6676492437086567,0.2540769166295943,0.2540769166295943,NONE,False,60.21341626927254,32,0.2540769166295943,1552
PARENT,LAW_16_L32_S950002,LAW_16,65,3.6676492437086567,0.23210011448593593,0.23210011448593593,NONE,False,54.70355574003905,32,0.23210011448593593,1808
PARENT,LAW_16_L32_S950002,LAW_16,61,3.6676492437086567,0.21723784582690453,0.21723784582690453,NONE,False,50.79984994755806,32,0.21723784582690453,2064
PARENT,LAW_16_L32_S950002,LAW_16,55,3.6676492437086567,0.2084840059738048,0.2084840059738048,NONE,False,46.21463528989429,32,0.2084840059738048,2320
PARENT,LAW_16_L32_S950002,LAW_16,53,3.6676492437086567,0.20333765443013885,0.20333765443013885,NONE,False,43.425000811774126,32,0.20333765443013885,2576
PARENT,LAW_16_L32_S950002,LAW_16,46,3.6676492437086567,0.19978611497883336,0.19978611497883336,NONE,False,38.52807360680558,32,0.19978611497883336,2832
PARENT,LAW_16_L32_S950002,LAW_16,43,3.6676492437086567,0.19730215693352937,0.19730215693352937,NONE,False,35.689930870549155,32,0.19730215693352937,3088
PARENT,LAW_16_L32_S950002,LAW_16,42,3.6676492437086567,0.1993190226490319,0.1993190226490319,NONE,False,34.048006532034464,32,0.1993190226490319,3344
PARENT,LAW_16_L32_S950002,LAW_16,36,3.6676492437086567,0.2023207094380478,0.2023207094380478,NONE,False,29.60632337021167,32,0.2023207094380478,3600
PARENT,LAW_16_L32_S950002,LAW_16,34,3.6676492437086567,0.20466879746370992,0.20466879746370992,NONE,False,27.923308879422127,32,0.20466879746370992,3856
PARENT,LAW_16_L32_S950002,LAW_16,32,3.6676492437086567,0.20928979526784852,0.20928979526784852,NONE,False,25.87530549497089,32,0.20928979526784852,4112
PARENT,LAW_16_L32_S950002,LAW_16,30,3.6676492437086567,0.21248933081258936,0.21248933081258936,NONE,False,23.780808033987945,32,0.21248933081258936,4368
PARENT,LAW_16_L32_S950002,LAW_16,27,3.6676492437086567,0.21571201039391863,0.21571201039391863,NONE,False,21.48184533555645,32,0.21571201039391863,4624
PARENT,LAW_16_L32_S950002,LAW_16,24,3.6676492437086567,0.2185103975369711,0.2185103975369711,NONE,False,19.231100972840803,32,0.2185103975369711,4880
PARENT,LAW_16_L32_S950002,LAW_16,21,3.6676492437086567,0.22583184343191665,0.22583184343191665,NONE,False,16.957853269014088,32,0.22583184343191665,5136
SRC_SINKSIDE,LAW_16_L32_S950002,LAW_16,193,3.6676492437086567,3.6676492437086567,3.6676492437086567,NONE,False,152.27452030093815,32,40.72547969906192,272
SRC_SINKSIDE,LAW_16_L32_S950002,LAW_16,192,3.6676492437086567,3.6676492437086567,3.6676492437086567,NONE,False,151.74940763898124,32,40.250592361018846,288
SRC_SINKSIDE,LAW_16_L32_S950002,LAW_16,191,3.6676492437086567,3.6676492437086567,3.6676492437086567,NONE,False,151.61106981006927,32,39.388930189930775,304
SRC_SINKSIDE,LAW_16_L32_S950002,LAW_16,189,3.6676492437086567,3.6676492437086567,3.6676492437086567,NONE,False,150.83572459966658,32,38.16427540033345,320
SRC_SINKSIDE,LAW_16_L32_S950002,LAW_16,189,3.6676492437086567,3.6676492437086567,3.6676492437086567,NONE,False,150.78461469525996,32,38.21538530474,336
SRC_SINKSIDE,LAW_16_L32_S950002,LAW_16,188,3.6676492437086567,3.6676492437086567,3.6676492437086563,NONE,False,150.1917390500339,32,37.808260949966254,352
SRC_SINKSIDE,LAW_16_L32_S950002,LAW_16,188,3.6676492437086567,3.6676492437086567,3.6676492437086567,NONE,False,149.96424185982397,32,38.03575814017598,368
SRC_SINKSIDE,LAW_16_L32_S950002,LAW_16,189,3.6676492437086567,3.6676492437086567,3.667649243708657,NONE,False,150.1979949255221,32,38.802005074478004,384
SRC_SINKSIDE,LAW_16_L32_S950002,LAW_16,191,3.6676492437086567,3.6676492437086567,3.6676492437086576,NONE,False,150.22549144348045,32,40.774508556519535,528
SRC_SINKSIDE,LAW_16_L32_S950002,LAW_16,191,3.6676492437086567,3.6676492437086567,3.6676492437086567,NONE,False,149.35093007189815,32,41.64906992810186,784
SRC_SINKSIDE,LAW_16_L32_S950002,LAW_16,191,3.6676492437086567,3.6676492437086567,3.6676492437086567,NONE,False,148.79744564091862,32,42.20255435908144,1040
SRC_SINKSIDE,LAW_16_L32_S950002,LAW_16,192,3.6676492437086567,3.6676492437086567,3.6676492437086563,NONE,False,148.60603441111553,32,43.393965588884555,1296
SRC_SINKSIDE,LAW_16_L32_S950002,LAW_16,191,3.6676492437086567,3.6676492437086567,3.6676492437086567,NONE,False,147.43520470598426,32,43.564795294015866,1552
SRC_SINKSIDE,LAW_16_L32_S950002,LAW_16,191,3.6676492437086567,3.6676492437086567,3.6676492437086567,NONE,False,146.85485056899955,32,44.14514943100046,1808
SRC_SINKSIDE,LAW_16_L32_S950002,LAW_16,191,3.6676492437086567,3.6676492437086567,3.6676492437086567,NONE,False,146.34361252888985,32,44.6563874711101,2064
SRC_SINKSIDE,LAW_16_L32_S950002,LAW_16,189,3.6676492437086567,3.6676492437086567,3.6676492437086567,NONE,False,145.02934856320056,32,43.97065143679942,2320
SRC_SINKSIDE,LAW_16_L32_S950002,LAW_16,190,3.6676492437086567,3.6676492437086567,3.6676492437086563,NONE,False,145.08707280743914,32,44.9129271925609,2576
SRC_SINKSIDE,LAW_16_L32_S950002,LAW_16,190,3.6676492437086567,3.6676492437086567,3.667649243708657,NONE,False,144.7613299663354,32,45.238670033664526,2832
SRC_SINKSIDE,LAW_16_L32_S950002,LAW_16,191,3.6676492437086567,3.6676492437086567,3.6676492437086563,NONE,False,144.78343249361703,32,46.216567506382965,3088
SRC_SINKSIDE,LAW_16_L32_S950002,LAW_16,191,3.6676492437086567,3.6676492437086567,3.6676492437086563,NONE,False,144.45847479060066,32,46.541525209399275,3344
SRC_SINKSIDE,LAW_16_L32_S950002,LAW_16,190,3.6676492437086567,3.6676492437086567,3.6676492437086567,NONE,False,143.774668302753,32,46.22533169724702,3600
SRC_SINKSIDE,LAW_16_L32_S950002,LAW_16,189,3.6676492437086567,3.6676492437086567,3.6676492437086567,NONE,False,143.00418393363697,32,45.99581606636305,3856
SRC_SINKSIDE,LAW_16_L32_S950002,LAW_16,190,3.6676492437086567,3.6676492437086567,3.6676492437086563,NONE,False,143.18290153669315,32,46.81709846330682,4112
SRC_SINKSIDE,LAW_16_L32_S950002,LAW_16,190,3.6676492437086567,3.6676492437086567,3.6676492437086567,NONE,False,142.9262391488026,32,47.07376085119737,4368
SRC_SINKSIDE,LAW_16_L32_S950002,LAW_16,190,3.6676492437086567,3.6676492437086567,3.6676492437086563,NONE,False,142.67592860549743,32,47.32407139450254,4624
SRC_SINKSIDE,LAW_16_L32_S950002,LAW_16,191,3.6676492437086567,3.6676492437086567,3.6676492437086567,NONE,False,142.8817824409547,32,48.118217559045256,4880
SRC_SINKSIDE,LAW_16_L32_S950002,LAW_16,188,3.6676492437086567,3.6676492437086567,3.6676492437086563,NONE,False,141.36225729296385,32,46.637742707036075,5136
PARENT,LAW_16_L32_S950003,LAW_16,190,3.6799841393203776,3.6799841393203776,3.6799841393203776,NONE,False,152.80466845347232,32,37.62539803817959,272
PARENT,LAW_16_L32_S950003,LAW_16,184,3.6799841393203776,3.6799841393203776,3.679984139320378,NONE,False,148.45119473734997,32,34.29840036338055,288
PARENT,LAW_16_L32_S950003,LAW_16,178,3.6799841393203776,3.6799841393203776,3.6799841393203776,NONE,False,144.3482323948807,32,31.069397082452713,304
PARENT,LAW_16_L32_S950003,LAW_16,173,3.6799841393203776,3.6799841393203776,3.6799841393203776,NONE,False,139.97743770914937,32,27.880499035204085,320
PARENT,LAW_16_L32_S950003,LAW_16,167,3.6799841393203776,3.6799841393203776,3.6799841393203776,NONE,False,135.8602846822114,32,24.69108866601471,336
PARENT,LAW_16_L32_S950003,LAW_16,162,3.6799841393203776,3.6799841393203776,3.6799841393203776,NONE,False,131.40255310679973,32,21.480207971404933,352
PARENT,LAW_16_L32_S950003,LAW_16,156,3.6799841393203776,3.6799841393203776,3.6799841393203776,NONE,False,126.97725344396126,32,18.33188577651845,368
PARENT,LAW_16_L32_S950003,LAW_16,151,3.6799841393203776,3.6799841393203776,3.6799841393203776,NONE,False,122.68360421655909,32,15.195752673764389,384
PARENT,LAW_16_L32_S950003,LAW_16,121,3.6799841393203776,0.5764347995699924,0.5764347995699924,NONE,False,98.96557726656303,32,0.5764347995699924,528
PARENT,LAW_16_L32_S950003,LAW_16,105,3.6799841393203776,0.4094192151463324,0.4094192151463324,NONE,False,86.66472616425266,32,0.4094192151463324,784
PARENT,LAW_16_L32_S950003,LAW_16,91,3.6799841393203776,0.332580609861167,0.332580609861167,NONE,False,75.8823781868089,32,0.332580609861167,1040
PARENT,LAW_16_L32_S950003,LAW_16,82,3.6799841393203776,0.2854799229173268,0.2854799229173268,NONE,False,69.23224837328816,32,0.2854799229173268,1296
PARENT,LAW_16_L32_S950003,LAW_16,73,3.6799841393203776,0.2530929523335629,0.2530929523335629,NONE,False,61.99493242536754,32,0.2530929523335629,1552
PARENT,LAW_16_L32_S950003,LAW_16,68,3.6799841393203776,0.2312841220142695,0.2312841220142695,NONE,False,57.56309368144901,32,0.2312841220142695,1808
PARENT,LAW_16_L32_S950003,LAW_16,62,3.6799841393203776,0.21640405234197113,0.21640405234197113,NONE,False,52.68024731748519,32,0.21640405234197113,2064
PARENT,LAW_16_L32_S950003,LAW_16,58,3.6799841393203776,0.2066341150214609,0.2066341150214609,NONE,False,49.04568127438452,32,0.2066341150214609,2320
PARENT,LAW_16_L32_S950003,LAW_16,55,3.6799841393203776,0.20077667861584048,0.20077667861584048,NONE,False,45.93223936366186,32,0.20077667861584048,2576
PARENT,LAW_16_L32_S950003,LAW_16,53,3.6799841393203776,0.1972045862316445,0.1972045862316445,NONE,False,43.203634619362546,32,0.1972045862316445,2832
PARENT,LAW_16_L32_S950003,LAW_16,46,3.6799841393203776,0.19456071484348603,0.19456071484348603,NONE,False,38.48107212606366,32,0.19456071484348603,3088
PARENT,LAW_16_L32_S950003,LAW_16,44,3.6799841393203776,0.19219964284548086,0.19219964284548086,NONE,False,35.97747905341839,32,0.19219964284548086,3344
PARENT,LAW_16_L32_S950003,LAW_16,42,3.6799841393203776,0.1941210637516646,0.1941210637516646,NONE,False,33.68556263869057,32,0.1941210637516646,3600
PARENT,LAW_16_L32_S950003,LAW_16,37,3.6799841393203776,0.1967312170303207,0.1967312170303207,NONE,False,30.400010763170457,32,0.1967312170303207,3856
PARENT,LAW_16_L32_S950003,LAW_16,38,3.6799841393203776,0.20108863322642234,0.20108863322642234,NONE,False,29.97302818368051,32,0.20108863322642234,4112
PARENT,LAW_16_L32_S950003,LAW_16,34,3.6799841393203776,0.20572719569307008,0.20572719569307008,NONE,False,26.525373306349767,32,0.20572719569307008,4368
PARENT,LAW_16_L32_S950003,LAW_16,29,3.6799841393203776,0.20828299475726086,0.20828299475726086,NONE,False,23.49280347268051,32,0.20828299475726086,4624
PARENT,LAW_16_L32_S950003,LAW_16,28,3.6799841393203776,0.21258185727926715,0.21258185727926715,NONE,False,22.258896922218742,32,0.21258185727926715,4880
PARENT,LAW_16_L32_S950003,LAW_16,25,3.6799841393203776,0.21503448085574473,0.21503448085574473,NONE,False,19.948647287112113,32,0.21503448085574473,5136
SRC_SINKSIDE,LAW_16_L32_S950003,LAW_16,190,3.6799841393203776,3.6799841393203776,3.6799841393203776,NONE,False,152.80466845347232,32,37.19533154652766,272
SRC_SINKSIDE,LAW_16_L32_S950003,LAW_16,189,3.6799841393203776,3.6799841393203776,3.6799841393203785,NONE,False,152.5747453120854,32,36.4252546879145,288
SRC_SINKSIDE,LAW_16_L32_S950003,LAW_16,188,3.6799841393203776,3.6799841393203776,3.6799841393203776,NONE,False,152.04165702186586,32,35.95834297813406,304
SRC_SINKSIDE,LAW_16_L32_S950003,LAW_16,188,3.6799841393203776,3.6799841393203776,3.6799841393203776,NONE,False,151.87364743743652,32,36.126352562563476,320
SRC_SINKSIDE,LAW_16_L32_S950003,LAW_16,189,3.6799841393203776,3.6799841393203776,3.6799841393203776,NONE,False,152.1850226612625,32,36.81497733873742,336
SRC_SINKSIDE,LAW_16_L32_S950003,LAW_16,189,3.6799841393203776,3.6799841393203776,3.6799841393203776,NONE,False,152.05370705380003,32,36.946292946200025,352
SRC_SINKSIDE,LAW_16_L32_S950003,LAW_16,189,3.6799841393203776,3.6799841393203776,3.6799841393203776,NONE,False,151.93404017581224,32,37.06595982418784,368
SRC_SINKSIDE,LAW_16_L32_S950003,LAW_16,189,3.6799841393203776,3.6799841393203776,3.6799841393203776,NONE,False,151.81499359073592,32,37.185006409264055,384
SRC_SINKSIDE,LAW_16_L32_S950003,LAW_16,189,3.6799841393203776,3.6799841393203776,3.6799841393203776,NONE,False,150.9304529989869,32,38.06954700101306,528
SRC_SINKSIDE,LAW_16_L32_S950003,LAW_16,189,3.6799841393203776,3.6799841393203776,3.6799841393203776,NONE,False,149.79182531618136,32,39.2081746838186,784
SRC_SINKSIDE,LAW_16_L32_S950003,LAW_16,189,3.6799841393203776,3.6799841393203776,3.679984139320377,NONE,False,148.95478893605664,32,40.04521106394339,1040
SRC_SINKSIDE,LAW_16_L32_S950003,LAW_16,189,3.6799841393203776,3.6799841393203776,3.6799841393203776,NONE,False,148.29439684247194,32,40.705603157528145,1296
SRC_SINKSIDE,LAW_16_L32_S950003,LAW_16,189,3.6799841393203776,3.6799841393203776,3.6799841393203776,NONE,False,147.7514108392052,32,41.24858916079489,1552
SRC_SINKSIDE,LAW_16_L32_S950003,LAW_16,189,3.6799841393203776,3.6799841393203776,3.679984139320377,NONE,False,147.29286526026934,32,41.707134739730584,1808
SRC_SINKSIDE,LAW_16_L32_S950003,LAW_16,189,3.6799841393203776,3.6799841393203776,3.679984139320378,NONE,False,146.89838454754513,32,42.10161545245482,2064
SRC_SINKSIDE,LAW_16_L32_S950003,LAW_16,189,3.6799841393203776,3.6799841393203776,3.679984139320378,NONE,False,146.55506364064797,32,42.44493635935214,2320
SRC_SINKSIDE,LAW_16_L32_S950003,LAW_16,189,3.6799841393203776,3.6799841393203776,3.6799841393203776,NONE,False,146.25342073272208,32,42.74657926727794,2576
SRC_SINKSIDE,LAW_16_L32_S950003,LAW_16,189,3.6799841393203776,3.6799841393203776,3.679984139320377,NONE,False,145.9861897998538,32,43.01381020014631,2832
SRC_SINKSIDE,LAW_16_L32_S950003,LAW_16,189,3.6799841393203776,3.6799841393203776,3.6799841393203776,NONE,False,145.74793444178155,32,43.25206555821845,3088
SRC_SINKSIDE,LAW_16_L32_S950003,LAW_16,188,3.6799841393203776,3.6799841393203776,3.679984139320377,NONE,False,145.0877196714124,32,42.912280328587485,3344
SRC_SINKSIDE,LAW_16_L32_S950003,LAW_16,188,3.6799841393203776,3.6799841393203776,3.6799841393203776,NONE,False,144.89918641294878,32,43.10081358705124,3600
SRC_SINKSIDE,LAW_16_L32_S950003,LAW_16,188,3.6799841393203776,3.6799841393203776,3.679984139320377,NONE,False,144.72921875595767,32,43.270781244042425,3856
SRC_SINKSIDE,LAW_16_L32_S950003,LAW_16,188,3.6799841393203776,3.6799841393203776,3.679984139320378,NONE,False,144.57562921257463,32,43.42437078742537,4112
SRC_SINKSIDE,LAW_16_L32_S950003,LAW_16,188,3.6799841393203776,3.6799841393203776,3.6799841393203776,NONE,False,144.4366033935753,32,43.56339660642484,4368
SRC_SINKSIDE,LAW_16_L32_S950003,LAW_16,188,3.6799841393203776,3.6799841393203776,3.6799841393203776,NONE,False,144.31061841439686,32,43.68938158560315,4624
SRC_SINKSIDE,LAW_16_L32_S950003,LAW_16,188,3.6799841393203776,3.6799841393203776,3.679984139320377,NONE,False,144.196385371519,32,43.803614628481,4880
SRC_SINKSIDE,LAW_16_L32_S950003,LAW_16,188,3.6799841393203776,3.6799841393203776,3.679984139320378,NONE,False,144.09280200068525,32,43.907197999314796,5136
PARENT,LAW_16_L32_S950004,LAW_16,193,3.709293326173973,3.709293326173973,3.709293326173973,NONE,False,153.30112406170662,32,36.75976170732131,272
PARENT,LAW_16_L32_S950004,LAW_16,187,3.709293326173973,3.709293326173973,3.709293326173974,NONE,False,148.90501948690786,32,33.348076127062335,288
PARENT,LAW_16_L32_S950004,LAW_16,181,3.709293326173973,3.709293326173973,3.7092933261739724,NONE,False,144.7798744953957,32,29.986127323571584,304
PARENT,LAW_16_L32_S950004,LAW_16,175,3.709293326173973,3.709293326173973,3.709293326173973,NONE,False,140.27780562900068,32,26.678513421463055,320
PARENT,LAW_16_L32_S950004,LAW_16,169,3.709293326173973,3.709293326173973,3.709293326173972,NONE,False,135.71950645151043,32,23.428538824256886,336
PARENT,LAW_16_L32_S950004,LAW_16,164,3.709293326173973,3.709293326173973,3.709293326173972,NONE,False,131.36018161753822,32,20.169641600675757,352
PARENT,LAW_16_L32_S950004,LAW_16,158,3.709293326173973,3.709293326173973,3.7092933261739733,NONE,False,126.76563736414354,32,16.943017128147524,368
PARENT,LAW_16_L32_S950004,LAW_16,153,3.709293326173973,3.709293326173973,3.709293326173973,NONE,False,122.58774893161706,32,13.748499177861952,384
PARENT,LAW_16_L32_S950004,LAW_16,125,3.709293326173973,0.564996199281958,0.564996199281958,NONE,False,99.99276378372649,32,0.564996199281958,528
PARENT,LAW_16_L32_S950004,LAW_16,108,3.709293326173973,0.4100519909525099,0.4100519909525099,NONE,False,87.67954865881374,32,0.4100519909525099,784
PARENT,LAW_16_L32_S950004,LAW_16,94,3.709293326173973,0.33520579374357995,0.33520579374357995,NONE,False,76.87565423540579,32,0.33520579374357995,1040
PARENT,LAW_16_L32_S950004,LAW_16,83,3.709293326173973,0.2882868024076397,0.2882868024076397,NONE,False,69.3001837252519,32,0.2882868024076397,1296
PARENT,LAW_16_L32_S950004,LAW_16,75,3.709293326173973,0.2555560223763981,0.2555560223763981,NONE,False,62.91908157180142,32,0.2555560223763981,1552
PARENT,LAW_16_L32_S950004,LAW_16,70,3.709293326173973,0.23313283057996392,0.23313283057996392,NONE,False,58.281858513877495,32,0.23313283057996392,1808
PARENT,LAW_16_L32_S950004,LAW_16,65,3.709293326173973,0.21776284313694527,0.21776284313694527,NONE,False,53.86319188250282,32,0.21776284313694527,2064
PARENT,LAW_16_L32_S950004,LAW_16,58,3.709293326173973,0.20746401231339606,0.20746401231339606,NONE,False,48.82015386932792,32,0.20746401231339606,2320
PARENT,LAW_16_L32_S950004,LAW_16,53,3.709293326173973,0.2017309818755224,0.2017309818755224,NONE,False,44.768366989549364,32,0.2017309818755224,2576
PARENT,LAW_16_L32_S950004,LAW_16,50,3.709293326173973,0.19801964735123745,0.19801964735123745,NONE,False,41.646973799645195,32,0.19801964735123745,2832
PARENT,LAW_16_L32_S950004,LAW_16,46,3.709293326173973,0.19555645488742734,0.19555645488742734,NONE,False,38.22644536450191,32,0.19555645488742734,3088
PARENT,LAW_16_L32_S950004,LAW_16,42,3.709293326173973,0.1937724464560624,0.1937724464560624,NONE,False,35.146928646158074,32,0.1937724464560624,3344
PARENT,LAW_16_L32_S950004,LAW_16,42,3.709293326173973,0.1958541155308854,0.1958541155308854,NONE,False,33.94489455636095,32,0.1958541155308854,3600
PARENT,LAW_16_L32_S950004,LAW_16,37,3.709293326173973,0.19911691519426888,0.19911691519426888,NONE,False,30.251895772254006,32,0.19911691519426888,3856
PARENT,LAW_16_L32_S950004,LAW_16,34,3.709293326173973,0.20265070797114237,0.20265070797114237,NONE,False,27.945172686018914,32,0.20265070797114237,4112
PARENT,LAW_16_L32_S950004,LAW_16,33,3.709293326173973,0.20534086219841863,0.20534086219841863,NONE,False,26.555101836233764,32,0.20534086219841863,4368
PARENT,LAW_16_L32_S950004,LAW_16,29,3.709293326173973,0.21056772075144692,0.21056772075144692,NONE,False,23.43713151558802,32,0.21056772075144692,4624
PARENT,LAW_16_L32_S950004,LAW_16,27,3.709293326173973,0.2136966259020152,0.2136966259020152,NONE,False,21.62106357470891,32,0.2136966259020152,4880
PARENT,LAW_16_L32_S950004,LAW_16,23,3.709293326173973,0.21711989562890288,0.21711989562890288,NONE,False,18.72184469732008,32,0.21711989562890288,5136
SRC_SINKSIDE,LAW_16_L32_S950004,LAW_16,193,3.709293326173973,3.709293326173973,3.709293326173973,NONE,False,153.30112406170662,32,39.69887593829348,272
SRC_SINKSIDE,LAW_16_L32_S950004,LAW_16,192,3.709293326173973,3.709293326173973,3.7092933261739733,NONE,False,152.97176771289278,32,39.02823228710729,288
SRC_SINKSIDE,LAW_16_L32_S950004,LAW_16,192,3.709293326173973,3.709293326173973,3.709293326173973,NONE,False,152.72884981230322,32,39.27115018769691,304
SRC_SINKSIDE,LAW_16_L32_S950004,LAW_16,192,3.709293326173973,3.709293326173973,3.7092933261739724,NONE,False,152.5910941602334,32,39.408905839766675,320
SRC_SINKSIDE,LAW_16_L32_S950004,LAW_16,193,3.709293326173973,3.709293326173973,3.709293326173973,NONE,False,152.92800469432453,32,40.07199530567542,336
SRC_SINKSIDE,LAW_16_L32_S950004,LAW_16,193,3.709293326173973,3.709293326173973,3.7092933261739733,NONE,False,152.83117148141568,32,40.1688285185843,352
SRC_SINKSIDE,LAW_16_L32_S950004,LAW_16,193,3.709293326173973,3.709293326173973,3.7092933261739733,NONE,False,152.73586166382685,32,40.26413833617322,368
SRC_SINKSIDE,LAW_16_L32_S950004,LAW_16,193,3.709293326173973,3.709293326173973,3.709293326173973,NONE,False,152.64429745794175,32,40.35570254205825,384
SRC_SINKSIDE,LAW_16_L32_S950004,LAW_16,193,3.709293326173973,3.709293326173973,3.709293326173973,NONE,False,151.9275315044503,32,41.07246849554981,528
SRC_SINKSIDE,LAW_16_L32_S950004,LAW_16,193,3.709293326173973,3.709293326173973,3.709293326173972,NONE,False,150.96516360227298,32,42.03483639772708,784
SRC_SINKSIDE,LAW_16_L32_S950004,LAW_16,193,3.709293326173973,3.709293326173973,3.709293326173973,NONE,False,150.22611680638144,32,42.7738831936186,1040
SRC_SINKSIDE,LAW_16_L32_S950004,LAW_16,193,3.709293326173973,3.709293326173973,3.7092933261739733,NONE,False,149.62333585468605,32,43.376664145314,1296
SRC_SINKSIDE,LAW_16_L32_S950004,LAW_16,193,3.709293326173973,3.709293326173973,3.7092933261739733,NONE,False,149.11491598100292,32,43.88508401899702,1552
SRC_SINKSIDE,LAW_16_L32_S950004,LAW_16,193,3.709293326173973,3.709293326173973,3.709293326173973,NONE,False,148.67640390158078,32,44.32359609841918,1808
SRC_SINKSIDE,LAW_16_L32_S950004,LAW_16,193,3.709293326173973,3.709293326173973,3.709293326173973,NONE,False,148.29208612046415,32,44.70791387953579,2064
SRC_SINKSIDE,LAW_16_L32_S950004,LAW_16,193,3.709293326173973,3.709293326173973,3.709293326173973,NONE,False,147.95179723753452,32,45.04820276246551,2320
SRC_SINKSIDE,LAW_16_L32_S950004,LAW_16,193,3.709293326173973,3.709293326173973,3.709293326173973,NONE,False,147.64757609852995,32,45.35242390147008,2576
SRC_SINKSIDE,LAW_16_L32_S950004,LAW_16,193,3.709293326173973,3.709293326173973,3.7092933261739733,NONE,False,147.37354355424463,32,45.62645644575543,2832
SRC_SINKSIDE,LAW_16_L32_S950004,LAW_16,193,3.709293326173973,3.709293326173973,3.7092933261739724,NONE,False,147.1252214238973,32,45.87477857610264,3088
SRC_SINKSIDE,LAW_16_L32_S950004,LAW_16,193,3.709293326173973,3.709293326173973,3.7092933261739724,NONE,False,146.8991016646327,32,46.10089833536731,3344
SRC_SINKSIDE,LAW_16_L32_S950004,LAW_16,193,3.709293326173973,3.709293326173973,3.709293326173973,NONE,False,146.69237502619296,32,46.30762497380712,3600
SRC_SINKSIDE,LAW_16_L32_S950004,LAW_16,192,3.709293326173973,3.709293326173973,3.709293326173973,NONE,False,146.0530083617255,32,45.94699163827461,3856
SRC_SINKSIDE,LAW_16_L32_S950004,LAW_16,192,3.709293326173973,3.709293326173973,3.709293326173973,NONE,False,145.8833162643461,32,46.11668373565397,4112
SRC_SINKSIDE,LAW_16_L32_S950004,LAW_16,192,3.709293326173973,3.709293326173973,3.709293326173973,NONE,False,145.72700933659237,32,46.27299066340766,4368
SRC_SINKSIDE,LAW_16_L32_S950004,LAW_16,192,3.709293326173973,3.709293326173973,3.7092933261739733,NONE,False,145.58276709305298,32,46.417232906946985,4624
SRC_SINKSIDE,LAW_16_L32_S950004,LAW_16,192,3.709293326173973,3.709293326173973,3.709293326173973,NONE,False,145.44946240792154,32,46.550537592078435,4880
SRC_SINKSIDE,LAW_16_L32_S950004,LAW_16,192,3.709293326173973,3.709293326173973,3.709293326173973,NONE,False,145.32612531563277,32,46.67387468436719,5136
PARENT,LAW_16_L32_S950005,LAW_16,192,3.7113238798165034,3.7113238798165034,3.7113238798165034,NONE,False,153.00580321747512,32,36.322527145776064,272
PARENT,LAW_16_L32_S950005,LAW_16,184,3.7113238798165034,3.7113238798165034,3.711323879816503,NONE,False,147.64325409335277,32,32.90121340616978,288
PARENT,LAW_16_L32_S950005,LAW_16,178,3.7113238798165034,3.7113238798165034,3.7113238798165042,NONE,False,143.034181060205,32,29.56532989995149,304
PARENT,LAW_16_L32_S950005,LAW_16,171,3.7113238798165034,3.7113238798165034,3.7113238798165034,NONE,False,138.37965739864367,32,26.254651022039507,320
PARENT,LAW_16_L32_S950005,LAW_16,166,3.7113238798165034,3.7113238798165034,3.7113238798165034,NONE,False,133.94435496886993,32,22.97398139780349,336
PARENT,LAW_16_L32_S950005,LAW_16,161,3.7113238798165034,3.7113238798165034,3.7113238798165034,NONE,False,129.8144709545917,32,19.74897789029466,352
PARENT,LAW_16_L32_S950005,LAW_16,154,3.7113238798165034,3.7113238798165034,3.7113238798165034,NONE,False,124.88666740579988,32,16.550150064235094,368
PARENT,LAW_16_L32_S950005,LAW_16,149,3.7113238798165034,3.7113238798165034,3.7113238798165034,NONE,False,120.58418700983711,32,13.370189398109147,384
PARENT,LAW_16_L32_S950005,LAW_16,119,3.7113238798165034,0.5610055648762364,0.5610055648762364,NONE,False,97.78924279981443,32,0.5610055648762364,528
PARENT,LAW_16_L32_S950005,LAW_16,103,3.7113238798165034,0.4076002376588702,0.4076002376588702,NONE,False,85.60234501446169,32,0.4076002376588702,784
PARENT,LAW_16_L32_S950005,LAW_16,92,3.7113238798165034,0.33229592555847143,0.33229592555847143,NONE,False,76.08088965057537,32,0.33229592555847143,1040
PARENT,LAW_16_L32_S950005,LAW_16,79,3.7113238798165034,0.28511630304902336,0.28511630304902336,NONE,False,67.12058518513555,32,0.28511630304902336,1296
PARENT,LAW_16_L32_S950005,LAW_16,73,3.7113238798165034,0.25308098759135256,0.25308098759135256,NONE,False,61.66400590770031,32,0.25308098759135256,1552
PARENT,LAW_16_L32_S950005,LAW_16,67,3.7113238798165034,0.23193206249169784,0.23193206249169784,NONE,False,56.555696565522844,32,0.23193206249169784,1808
PARENT,LAW_16_L32_S950005,LAW_16,61,3.7113238798165034,0.21746542191726792,0.21746542191726792,NONE,False,52.073911949227146,32,0.21746542191726792,2064
PARENT,LAW_16_L32_S950005,LAW_16,58,3.7113238798165034,0.20805271368706235,0.20805271368706235,NONE,False,48.59180264380822,32,0.20805271368706235,2320
PARENT,LAW_16_L32_S950005,LAW_16,54,3.7113238798165034,0.20271686278891188,0.20271686278891188,NONE,False,44.94026483148833,32,0.20271686278891188,2576
PARENT,LAW_16_L32_S950005,LAW_16,49,3.7113238798165034,0.19916078507286072,0.19916078507286072,NONE,False,40.941472705991465,32,0.19916078507286072,2832
PARENT,LAW_16_L32_S950005,LAW_16,46,3.7113238798165034,0.19667022580400295,0.19667022580400295,NONE,False,38.14649807235837,32,0.19667022580400295,3088
PARENT,LAW_16_L32_S950005,LAW_16,45,3.7113238798165034,0.19612433740025204,0.19612433740025204,NONE,False,36.29436801239659,32,0.19612433740025204,3344
PARENT,LAW_16_L32_S950005,LAW_16,39,3.7113238798165034,0.19824980498069955,0.19824980498069955,NONE,False,32.07482645281528,32,0.19824980498069955,3600
PARENT,LAW_16_L32_S950005,LAW_16,35,3.7113238798165034,0.20128575078634392,0.20128575078634392,NONE,False,28.980786655625423,32,0.20128575078634392,3856
PARENT,LAW_16_L32_S950005,LAW_16,33,3.7113238798165034,0.20519626763689025,0.20519626763689025,NONE,False,27.11377982492682,32,0.20519626763689025,4112
PARENT,LAW_16_L32_S950005,LAW_16,32,3.7113238798165034,0.2087046696727204,0.2087046696727204,NONE,False,25.689712439167266,32,0.2087046696727204,4368
PARENT,LAW_16_L32_S950005,LAW_16,33,3.7113238798165034,0.21303479837783934,0.21303479837783934,NONE,False,24.917014822117615,32,0.21303479837783934,4624
PARENT,LAW_16_L32_S950005,LAW_16,26,3.7113238798165034,0.21634813060733427,0.21634813060733427,NONE,False,20.771133267118817,32,0.21634813060733427,4880
PARENT,LAW_16_L32_S950005,LAW_16,24,3.7113238798165034,0.21957909886966165,0.21957909886966165,NONE,False,18.916885451455343,32,0.21957909886966165,5136
SRC_SINKSIDE,LAW_16_L32_S950005,LAW_16,192,3.7113238798165034,3.7113238798165034,3.7113238798165034,NONE,False,153.00580321747512,32,38.994196782524874,272
SRC_SINKSIDE,LAW_16_L32_S950005,LAW_16,191,3.7113238798165034,3.7113238798165034,3.7113238798165034,NONE,False,152.5828597499721,32,38.41714025002795,288
SRC_SINKSIDE,LAW_16_L32_S950005,LAW_16,190,3.7113238798165034,3.7113238798165034,3.711323879816503,NONE,False,151.96635957268396,32,38.033640427315994,304
SRC_SINKSIDE,LAW_16_L32_S950005,LAW_16,191,3.7113238798165034,3.7113238798165034,3.711323879816503,NONE,False,152.12228775151576,32,38.87771224848426,320
SRC_SINKSIDE,LAW_16_L32_S950005,LAW_16,191,3.7113238798165034,3.7113238798165034,3.7113238798165034,NONE,False,152.02457101455298,32,38.975428985446996,336
SRC_SINKSIDE,LAW_16_L32_S950005,LAW_16,191,3.7113238798165034,3.7113238798165034,3.711323879816504,NONE,False,151.85891319677597,32,39.141086803223935,352
SRC_SINKSIDE,LAW_16_L32_S950005,LAW_16,190,3.7113238798165034,3.7113238798165034,3.7113238798165034,NONE,False,151.2673003453198,32,38.73269965468025,368
SRC_SINKSIDE,LAW_16_L32_S950005,LAW_16,191,3.7113238798165034,3.7113238798165034,3.7113238798165025,NONE,False,151.43652608119083,32,39.56347391880903,384
SRC_SINKSIDE,LAW_16_L32_S950005,LAW_16,189,3.7113238798165034,3.7113238798165034,3.7113238798165034,NONE,False,149.55286966921642,32,39.44713033078362,528
SRC_SINKSIDE,LAW_16_L32_S950005,LAW_16,189,3.7113238798165034,3.7113238798165034,3.7113238798165034,NONE,False,148.27035321571302,32,40.72964678428699,784
SRC_SINKSIDE,LAW_16_L32_S950005,LAW_16,190,3.7113238798165034,3.7113238798165034,3.711323879816504,NONE,False,147.80485957220083,32,42.19514042779916,1040
SRC_SINKSIDE,LAW_16_L32_S950005,LAW_16,188,3.7113238798165034,3.7113238798165034,3.711323879816504,NONE,False,146.06134225682942,32,41.93865774317066,1296
SRC_SINKSIDE,LAW_16_L32_S950005,LAW_16,187,3.7113238798165034,3.7113238798165034,3.711323879816504,NONE,False,144.78547448674053,32,42.214525513259474,1552
SRC_SINKSIDE,LAW_16_L32_S950005,LAW_16,185,3.7113238798165034,3.7113238798165034,3.7113238798165034,NONE,False,143.32706363486236,32,41.6729363651377,1808
SRC_SINKSIDE,LAW_16_L32_S950005,LAW_16,184,3.7113238798165034,3.7113238798165034,3.711323879816504,NONE,False,142.2858832136747,32,41.714116786325306,2064
SRC_SINKSIDE,LAW_16_L32_S950005,LAW_16,184,3.7113238798165034,3.7113238798165034,3.711323879816503,NONE,False,141.87961999299017,32,42.12038000700988,2320
SRC_SINKSIDE,LAW_16_L32_S950005,LAW_16,183,3.7113238798165034,3.7113238798165034,3.711323879816503,NONE,False,140.919277800962,32,42.08072219903798,2576
SRC_SINKSIDE,LAW_16_L32_S950005,LAW_16,184,3.7113238798165034,3.7113238798165034,3.711323879816504,NONE,False,140.96700319538135,32,43.03299680461851,2832
SRC_SINKSIDE,LAW_16_L32_S950005,LAW_16,184,3.7113238798165034,3.7113238798165034,3.7113238798165034,NONE,False,140.6164635818918,32,43.38353641810825,3088
SRC_SINKSIDE,LAW_16_L32_S950005,LAW_16,183,3.7113238798165034,3.7113238798165034,3.7113238798165034,NONE,False,139.82855889365263,32,43.17144110634738,3344
SRC_SINKSIDE,LAW_16_L32_S950005,LAW_16,184,3.7113238798165034,3.7113238798165034,3.711323879816503,NONE,False,139.88237646399244,32,44.11762353600757,3600
SRC_SINKSIDE,LAW_16_L32_S950005,LAW_16,184,3.7113238798165034,3.7113238798165034,3.7113238798165034,NONE,False,139.57788295467404,32,44.42211704532592,3856
SRC_SINKSIDE,LAW_16_L32_S950005,LAW_16,184,3.7113238798165034,3.7113238798165034,3.7113238798165034,NONE,False,139.24132518269667,32,44.75867481730335,4112
SRC_SINKSIDE,LAW_16_L32_S950005,LAW_16,183,3.7113238798165034,3.7113238798165034,3.7113238798165034,NONE,False,138.5195143107991,32,44.48048568920083,4368
SRC_SINKSIDE,LAW_16_L32_S950005,LAW_16,185,3.7113238798165034,3.7113238798165034,3.7113238798165034,NONE,False,139.09033075910583,32,45.90966924089403,4624
SRC_SINKSIDE,LAW_16_L32_S950005,LAW_16,184,3.7113238798165034,3.7113238798165034,3.7113238798165025,NONE,False,138.43271450931513,32,45.56728549068477,4880
SRC_SINKSIDE,LAW_16_L32_S950005,LAW_16,183,3.7113238798165034,3.7113238798165034,3.7113238798165034,NONE,False,137.73763070433557,32,45.2623692956644,5136
PARENT,LAW_16_L32_S950006,LAW_16,175,3.6917735278261583,3.6917735278261583,3.6917735278261583,NONE,False,139.87945569476446,32,41.74569427129363,272
PARENT,LAW_16_L32_S950006,LAW_16,168,3.6917735278261583,3.6917735278261583,3.6917735278261583,NONE,False,134.80761780795086,32,38.35804413947144,288
PARENT,LAW_16_L32_S950006,LAW_16,162,3.6917735278261583,3.6917735278261583,3.691773527826158,NONE,False,130.63722607593508,32,35.09212317523516,304
PARENT,LAW_16_L32_S950006,LAW_16,157,3.6917735278261583,3.6917735278261583,3.6917735278261583,NONE,False,126.20706935351889,32,31.870425621256018,320
PARENT,LAW_16_L32_S950006,LAW_16,151,3.6917735278261583,3.6917735278261583,3.691773527826158,NONE,False,122.01527377128495,32,28.66962296231398,336
PARENT,LAW_16_L32_S950006,LAW_16,146,3.6917735278261583,3.6917735278261583,3.6917735278261583,NONE,False,117.52822756446596,32,25.462455803541516,352
PARENT,LAW_16_L32_S950006,LAW_16,140,3.6917735278261583,3.6917735278261583,3.6917735278261588,NONE,False,113.1022969785611,32,22.31333254070042,368
PARENT,LAW_16_L32_S950006,LAW_16,135,3.6917735278261583,3.6917735278261583,3.691773527826158,NONE,False,108.7893387557698,32,19.17224556650532,384
PARENT,LAW_16_L32_S950006,LAW_16,98,3.6917735278261583,0.6252999223238284,0.6252999223238284,NONE,False,79.63683779399744,32,0.6252999223238284,528
PARENT,LAW_16_L32_S950006,LAW_16,82,3.6917735278261583,0.4364845158671108,0.4364845158671108,NONE,False,67.68359549678034,32,0.4364845158671108,784
PARENT,LAW_16_L32_S950006,LAW_16,66,3.6917735278261583,0.3507593278490375,0.3507593278490375,NONE,False,55.75641286209048,32,0.3507593278490375,1040
PARENT,LAW_16_L32_S950006,LAW_16,58,3.6917735278261583,0.3008231087653279,0.3008231087653279,NONE,False,49.188789427205016,32,0.3008231087653279,1296
PARENT,LAW_16_L32_S950006,LAW_16,51,3.6917735278261583,0.2737728992323766,0.2737728992323766,NONE,False,42.92865795224954,32,0.2737728992323766,1552
PARENT,LAW_16_L32_S950006,LAW_16,47,3.6917735278261583,0.2586401171307796,0.2586401171307796,NONE,False,38.57523840290586,32,0.2586401171307796,1808
PARENT,LAW_16_L32_S950006,LAW_16,40,3.6917735278261583,0.2530785494452924,0.2530785494452924,NONE,False,33.21605433169516,32,0.2530785494452924,2064
PARENT,LAW_16_L32_S950006,LAW_16,35,3.6917735278261583,0.2534212193806853,0.2534212193806853,NONE,False,29.083532171733783,32,0.2534212193806853,2320
PARENT,LAW_16_L32_S950006,LAW_16,34,3.6917735278261583,0.25579791099514004,0.25579791099514004,NONE,False,26.83743618115914,32,0.25579791099514004,2576
PARENT,LAW_16_L32_S950006,LAW_16,29,3.6917735278261583,0.2574600027476591,0.2574600027476591,NONE,False,23.215996840412302,32,0.2574600027476591,2832
PARENT,LAW_16_L32_S950006,LAW_16,25,3.6917735278261583,0.26021119567024253,0.26021119567024253,NONE,False,19.871613307695302,32,0.26021119567024253,3088
PARENT,LAW_16_L32_S950006,LAW_16,22,3.6917735278261583,0.28104912608402655,0.28104912608402655,NONE,False,17.35887771864538,32,0.28104912608402655,3344
PARENT,LAW_16_L32_S950006,LAW_16,20,3.6917735278261583,0.29830373485638206,0.29830373485638206,NONE,False,15.520538848709355,32,0.29830373485638206,3600
PARENT,LAW_16_L32_S950006,LAW_16,17,3.6917735278261583,0.32411215349408196,0.32411215349408196,NONE,False,12.708450013995469,32,0.32411215349408196,3856
PARENT,LAW_16_L32_S950006,LAW_16,15,3.6917735278261583,0.3339835438139409,0.3339835438139409,NONE,False,11.31216575569076,32,0.3339835438139409,4112
PARENT,LAW_16_L32_S950006,LAW_16,16,3.6917735278261583,0.3378817484593034,0.3378817484593034,NONE,False,11.17883040309517,32,0.3378817484593034,4368
PARENT,LAW_16_L32_S950006,LAW_16,10,3.6917735278261583,0.36790972810764555,0.36790972810764555,NONE,False,7.560390558445106,32,0.36790972810764555,4624
PARENT,LAW_16_L32_S950006,LAW_16,9,3.6917735278261583,0.3761381484494257,0.3761381484494257,NONE,False,6.707275310923457,32,0.3761381484494257,4880
PARENT,LAW_16_L32_S950006,LAW_16,9,3.6917735278261583,0.3985612548056757,0.3985612548056757,NONE,False,5.308033599619872,32,0.3985612548056757,5136
SRC_SINKSIDE,LAW_16_L32_S950006,LAW_16,175,3.6917735278261583,3.6917735278261583,3.6917735278261583,NONE,False,139.87945569476446,32,35.12054430523555,272
SRC_SINKSIDE,LAW_16_L32_S950006,LAW_16,174,3.6917735278261583,3.6917735278261583,3.6917735278261583,NONE,False,139.30662498133805,32,34.69337501866201,288
SRC_SINKSIDE,LAW_16_L32_S950006,LAW_16,173,3.6917735278261583,3.6917735278261583,3.6917735278261583,NONE,False,139.12296783388166,32,33.8770321661183,304
SRC_SINKSIDE,LAW_16_L32_S950006,LAW_16,172,3.6917735278261583,3.6917735278261583,3.691773527826159,NONE,False,138.82585114352403,32,33.17414885647599,320
SRC_SINKSIDE,LAW_16_L32_S950006,LAW_16,171,3.6917735278261583,3.6917735278261583,3.6917735278261583,NONE,False,138.3485154334679,32,32.65148456653212,336
SRC_SINKSIDE,LAW_16_L32_S950006,LAW_16,171,3.6917735278261583,3.6917735278261583,3.6917735278261583,NONE,False,138.0956969931481,32,32.90430300685189,352
SRC_SINKSIDE,LAW_16_L32_S950006,LAW_16,172,3.6917735278261583,3.6917735278261583,3.6917735278261583,NONE,False,138.32033740543628,32,33.679662594563716,368
SRC_SINKSIDE,LAW_16_L32_S950006,LAW_16,172,3.6917735278261583,3.6917735278261583,3.6917735278261583,NONE,False,138.176875320146,32,33.82312467985402,384
SRC_SINKSIDE,LAW_16_L32_S950006,LAW_16,174,3.6917735278261583,3.6917735278261583,3.6917735278261588,NONE,False,138.11595417105886,32,35.884045828941105,528
SRC_SINKSIDE,LAW_16_L32_S950006,LAW_16,172,3.6917735278261583,3.6917735278261583,3.6917735278261583,NONE,False,136.16028565242712,32,35.839714347572894,784
SRC_SINKSIDE,LAW_16_L32_S950006,LAW_16,172,3.6917735278261583,3.6917735278261583,3.6917735278261588,NONE,False,135.41123753564685,32,36.588762464353145,1040
SRC_SINKSIDE,LAW_16_L32_S950006,LAW_16,172,3.6917735278261583,3.6917735278261583,3.6917735278261588,NONE,False,134.82076893951097,32,37.179231060489066,1296
SRC_SINKSIDE,LAW_16_L32_S950006,LAW_16,172,3.6917735278261583,3.6917735278261583,3.6917735278261583,NONE,False,134.33432700391847,32,37.6656729960816,1552
SRC_SINKSIDE,LAW_16_L32_S950006,LAW_16,172,3.6917735278261583,3.6917735278261583,3.6917735278261588,NONE,False,133.92069559923317,32,38.0793044007668,1808
SRC_SINKSIDE,LAW_16_L32_S950006,LAW_16,173,3.6917735278261583,3.6917735278261583,3.6917735278261583,NONE,False,134.01208989407954,32,38.987910105920506,2064
SRC_SINKSIDE,LAW_16_L32_S950006,LAW_16,173,3.6917735278261583,3.6917735278261583,3.6917735278261583,NONE,False,133.70499286001052,32,39.295007139989515,2320
SRC_SINKSIDE,LAW_16_L32_S950006,LAW_16,173,3.6917735278261583,3.6917735278261583,3.691773527826158,NONE,False,133.4330517645814,32,39.56694823541855,2576
SRC_SINKSIDE,LAW_16_L32_S950006,LAW_16,173,3.6917735278261583,3.6917735278261583,3.6917735278261583,NONE,False,133.19081506845322,32,39.8091849315469,2832
SRC_SINKSIDE,LAW_16_L32_S950006,LAW_16,173,3.6917735278261583,3.6917735278261583,3.6917735278261583,NONE,False,132.97352267036055,32,40.026477329639484,3088
SRC_SINKSIDE,LAW_16_L32_S950006,LAW_16,173,3.6917735278261583,3.6917735278261583,3.6917735278261583,NONE,False,132.77750046983007,32,40.22249953017006,3344
SRC_SINKSIDE,LAW_16_L32_S950006,LAW_16,173,3.6917735278261583,3.6917735278261583,3.691773527826158,NONE,False,132.5998833053745,32,40.40011669462545,3600
SRC_SINKSIDE,LAW_16_L32_S950006,LAW_16,173,3.6917735278261583,3.6917735278261583,3.6917735278261583,NONE,False,132.43838381935035,32,40.56161618064964,3856
SRC_SINKSIDE,LAW_16_L32_S950006,LAW_16,173,3.6917735278261583,3.6917735278261583,3.691773527826158,NONE,False,132.291138083586,32,40.70886191641399,4112
SRC_SINKSIDE,LAW_16_L32_S950006,LAW_16,173,3.6917735278261583,3.6917735278261583,3.6917735278261588,NONE,False,132.15660490773652,32,40.843395092263535,4368
SRC_SINKSIDE,LAW_16_L32_S950006,LAW_16,173,3.6917735278261583,3.6917735278261583,3.6917735278261583,NONE,False,132.033488808448,32,40.96651119155194,4624
SRC_SINKSIDE,LAW_16_L32_S950006,LAW_16,173,3.6917735278261583,3.6917735278261583,3.6917735278261583,NONE,False,131.92068805245674,32,41.079311947543324,4880
SRC_SINKSIDE,LAW_16_L32_S950006,LAW_16,173,3.6917735278261583,3.6917735278261583,3.691773527826158,NONE,False,131.81725712746325,32,41.18274287253681,5136
PARENT,LAW_16_L32_S950007,LAW_16,194,3.7163447021862552,3.7163447021862552,3.7163447021862552,NONE,False,155.22864681595752,32,33.15143683651428,272
PARENT,LAW_16_L32_S950007,LAW_16,188,3.7163447021862552,3.7163447021862552,3.7163447021862552,NONE,False,150.64361589840286,32,29.75642526118947,288
PARENT,LAW_16_L32_S950007,LAW_16,182,3.7163447021862552,3.7163447021862552,3.7163447021862552,NONE,False,146.37363111730613,32,26.439704760753994,304
PARENT,LAW_16_L32_S950007,LAW_16,177,3.7163447021862552,3.7163447021862552,3.716344702186255,NONE,False,142.04232373061419,32,23.167474494658517,320
PARENT,LAW_16_L32_S950007,LAW_16,172,3.7163447021862552,3.7163447021862552,3.7163447021862552,NONE,False,137.91316974703923,32,19.912326462055137,336
PARENT,LAW_16_L32_S950007,LAW_16,166,3.7163447021862552,3.7163447021862552,3.7163447021862552,NONE,False,133.1354096795818,32,16.70711839976178,352
PARENT,LAW_16_L32_S950007,LAW_16,160,3.7163447021862552,3.7163447021862552,3.7163447021862552,NONE,False,128.90729862624192,32,13.549808452902047,368
PARENT,LAW_16_L32_S950007,LAW_16,155,3.7163447021862552,3.7163447021862552,3.7163447021862552,NONE,False,124.59670727039456,32,10.36721296913165,384
PARENT,LAW_16_L32_S950007,LAW_16,131,3.7163447021862552,0.5446101958781463,0.5446101958781463,NONE,False,105.93535149031328,32,0.5446101958781463,528
PARENT,LAW_16_L32_S950007,LAW_16,115,3.7163447021862552,0.39865002922748094,0.39865002922748094,NONE,False,94.10013968565089,32,0.39865002922748094,784
PARENT,LAW_16_L32_S950007,LAW_16,98,3.7163447021862552,0.3267836522948583,0.3267836522948583,NONE,False,81.90685734462448,32,0.3267836522948583,1040
PARENT,LAW_16_L32_S950007,LAW_16,93,3.7163447021862552,0.28184085064900266,0.28184085064900266,NONE,False,77.1555994707775,32,0.28184085064900266,1296
PARENT,LAW_16_L32_S950007,LAW_16,84,3.7163447021862552,0.2507156494234166,0.2507156494234166,NONE,False,70.49355222665326,32,0.2507156494234166,1552
PARENT,LAW_16_L32_S950007,LAW_16,75,3.7163447021862552,0.22822088325339307,0.22822088325339307,NONE,False,63.82566406523887,32,0.22822088325339307,1808
PARENT,LAW_16_L32_S950007,LAW_16,70,3.7163447021862552,0.21225220279506274,0.21225220279506274,NONE,False,59.511773023138275,32,0.21225220279506274,2064
PARENT,LAW_16_L32_S950007,LAW_16,66,3.7163447021862552,0.20130456223223592,0.20130456223223592,NONE,False,55.87261966617672,32,0.20130456223223592,2320
PARENT,LAW_16_L32_S950007,LAW_16,64,3.7163447021862552,0.19341883941706528,0.19341883941706528,NONE,False,53.37154029722574,32,0.19341883941706528,2576
PARENT,LAW_16_L32_S950007,LAW_16,59,3.7163447021862552,0.1877914166059853,0.1877914166059853,NONE,False,49.03919366679486,32,0.1877914166059853,2832
PARENT,LAW_16_L32_S950007,LAW_16,55,3.7163447021862552,0.18493877545430604,0.18493877545430604,NONE,False,45.93767894600315,32,0.18493877545430604,3088
PARENT,LAW_16_L32_S950007,LAW_16,54,3.7163447021862552,0.18307873123902463,0.18307873123902463,NONE,False,43.71015359674205,32,0.18307873123902463,3344
PARENT,LAW_16_L32_S950007,LAW_16,47,3.7163447021862552,0.18190225508946622,0.18190225508946622,NONE,False,39.13217695778757,32,0.18190225508946622,3600
PARENT,LAW_16_L32_S950007,LAW_16,44,3.7163447021862552,0.18124762874022615,0.18124762874022615,NONE,False,36.60919863223769,32,0.18124762874022615,3856
PARENT,LAW_16_L32_S950007,LAW_16,45,3.7163447021862552,0.18234503121559065,0.18234503121559065,NONE,False,35.796686079283084,32,0.18234503121559065,4112
PARENT,LAW_16_L32_S950007,LAW_16,38,3.7163447021862552,0.18456627198275122,0.18456627198275122,NONE,False,31.354926237438278,32,0.18456627198275122,4368
PARENT,LAW_16_L32_S950007,LAW_16,36,3.7163447021862552,0.18783608288908915,0.18783608288908915,NONE,False,29.51383631383232,32,0.18783608288908915,4624
PARENT,LAW_16_L32_S950007,LAW_16,34,3.7163447021862552,0.1917242880955401,0.1917242880955401,NONE,False,27.88287608459255,32,0.1917242880955401,4880
PARENT,LAW_16_L32_S950007,LAW_16,30,3.7163447021862552,0.1968992184700884,0.1968992184700884,NONE,False,24.69962728856011,32,0.1968992184700884,5136
SRC_SINKSIDE,LAW_16_L32_S950007,LAW_16,194,3.7163447021862552,3.7163447021862552,3.7163447021862552,NONE,False,155.22864681595752,32,38.771353184042574,272
SRC_SINKSIDE,LAW_16_L32_S950007,LAW_16,191,3.7163447021862552,3.7163447021862552,3.7163447021862557,NONE,False,153.92367303304013,32,37.07632696695972,288
SRC_SINKSIDE,LAW_16_L32_S950007,LAW_16,189,3.7163447021862552,3.7163447021862552,3.7163447021862552,NONE,False,153.59187998126464,32,35.40812001873544,304
SRC_SINKSIDE,LAW_16_L32_S950007,LAW_16,187,3.7163447021862552,3.7163447021862552,3.716344702186255,NONE,False,152.89106136589757,32,34.10893863410249,320
SRC_SINKSIDE,LAW_16_L32_S950007,LAW_16,187,3.7163447021862552,3.7163447021862552,3.716344702186256,NONE,False,152.82436516651032,32,34.175634833489745,336
SRC_SINKSIDE,LAW_16_L32_S950007,LAW_16,186,3.7163447021862552,3.7163447021862552,3.716344702186255,NONE,False,152.36943151298155,32,33.63056848701851,352
SRC_SINKSIDE,LAW_16_L32_S950007,LAW_16,185,3.7163447021862552,3.7163447021862552,3.7163447021862552,NONE,False,151.87929068763998,32,33.12070931236006,368
SRC_SINKSIDE,LAW_16_L32_S950007,LAW_16,185,3.7163447021862552,3.7163447021862552,3.716344702186255,NONE,False,151.8963878867809,32,33.10361211321909,384
SRC_SINKSIDE,LAW_16_L32_S950007,LAW_16,187,3.7163447021862552,3.7163447021862552,3.7163447021862552,NONE,False,151.39536024833095,32,35.60463975166908,528
SRC_SINKSIDE,LAW_16_L32_S950007,LAW_16,189,3.7163447021862552,3.7163447021862552,3.716344702186256,NONE,False,151.41333288636272,32,37.58666711363729,784
SRC_SINKSIDE,LAW_16_L32_S950007,LAW_16,191,3.7163447021862552,3.7163447021862552,3.7163447021862552,NONE,False,151.6333000181594,32,39.36669998184053,1040
SRC_SINKSIDE,LAW_16_L32_S950007,LAW_16,192,3.7163447021862552,3.7163447021862552,3.7163447021862543,NONE,False,151.35993230180873,32,40.6400676981913,1296
SRC_SINKSIDE,LAW_16_L32_S950007,LAW_16,193,3.7163447021862552,3.7163447021862552,3.7163447021862552,NONE,False,151.16131546841288,32,41.838684531587006,1552
SRC_SINKSIDE,LAW_16_L32_S950007,LAW_16,192,3.7163447021862552,3.7163447021862552,3.7163447021862557,NONE,False,150.1678605333494,32,41.832139466650574,1808
SRC_SINKSIDE,LAW_16_L32_S950007,LAW_16,193,3.7163447021862552,3.7163447021862552,3.7163447021862557,NONE,False,150.19077694707963,32,42.8092230529203,2064
SRC_SINKSIDE,LAW_16_L32_S950007,LAW_16,193,3.7163447021862552,3.7163447021862552,3.7163447021862552,NONE,False,149.8673105728113,32,43.132689427188645,2320
SRC_SINKSIDE,LAW_16_L32_S950007,LAW_16,193,3.7163447021862552,3.7163447021862552,3.716344702186255,NONE,False,149.6021117606403,32,43.397888239359744,2576
SRC_SINKSIDE,LAW_16_L32_S950007,LAW_16,193,3.7163447021862552,3.7163447021862552,3.7163447021862552,NONE,False,149.3719741519034,32,43.62802584809665,2832
SRC_SINKSIDE,LAW_16_L32_S950007,LAW_16,193,3.7163447021862552,3.7163447021862552,3.716344702186255,NONE,False,149.169687737052,32,43.830312262948055,3088
SRC_SINKSIDE,LAW_16_L32_S950007,LAW_16,193,3.7163447021862552,3.7163447021862552,3.716344702186255,NONE,False,148.99180609994008,32,44.008193900059965,3344
SRC_SINKSIDE,LAW_16_L32_S950007,LAW_16,193,3.7163447021862552,3.7163447021862552,3.7163447021862552,NONE,False,148.83486558598497,32,44.165134414015036,3600
SRC_SINKSIDE,LAW_16_L32_S950007,LAW_16,193,3.7163447021862552,3.7163447021862552,3.7163447021862552,NONE,False,148.69594252385875,32,44.3040574761412,3856
SRC_SINKSIDE,LAW_16_L32_S950007,LAW_16,193,3.7163447021862552,3.7163447021862552,3.7163447021862552,NONE,False,148.5726379916309,32,44.42736200836922,4112
SRC_SINKSIDE,LAW_16_L32_S950007,LAW_16,193,3.7163447021862552,3.7163447021862552,3.7163447021862552,NONE,False,148.46298012584342,32,44.53701987415658,4368
SRC_SINKSIDE,LAW_16_L32_S950007,LAW_16,193,3.7163447021862552,3.7163447021862552,3.7163447021862552,NONE,False,148.36533303353016,32,44.63466696646985,4624
SRC_SINKSIDE,LAW_16_L32_S950007,LAW_16,193,3.7163447021862552,3.7163447021862552,3.7163447021862557,NONE,False,148.28007851914546,32,44.7199214808546,4880
SRC_SINKSIDE,LAW_16_L32_S950007,LAW_16,193,3.7163447021862552,3.7163447021862552,3.7163447021862552,NONE,False,148.2083470024643,32,44.79165299753563,5136
PARENT,LAW_16_L32_S950008,LAW_16,197,3.693825890556586,3.693825890556586,3.693825890556586,NONE,False,155.90285825728776,32,37.59133479029705,272
PARENT,LAW_16_L32_S950008,LAW_16,191,3.693825890556586,3.693825890556586,3.693825890556586,NONE,False,151.53445199856023,32,34.255399299986536,288
PARENT,LAW_16_L32_S950008,LAW_16,185,3.693825890556586,3.693825890556586,3.693825890556586,NONE,False,147.4372657388471,32,31.021144923698927,304
PARENT,LAW_16_L32_S950008,LAW_16,178,3.693825890556586,3.693825890556586,3.693825890556586,NONE,False,142.46100093741973,32,27.79938402265064,320
PARENT,LAW_16_L32_S950008,LAW_16,172,3.693825890556586,3.693825890556586,3.693825890556586,NONE,False,138.0713779324638,32,24.589004502691857,336
PARENT,LAW_16_L32_S950008,LAW_16,167,3.693825890556586,3.693825890556586,3.693825890556586,NONE,False,133.77381479634315,32,21.39093100062544,352
PARENT,LAW_16_L32_S950008,LAW_16,161,3.693825890556586,3.693825890556586,3.6938258905565857,NONE,False,129.31884451269266,32,18.221678846647,368
PARENT,LAW_16_L32_S950008,LAW_16,155,3.693825890556586,3.693825890556586,3.693825890556586,NONE,False,124.84648241703164,32,15.057346425508658,384
PARENT,LAW_16_L32_S950008,LAW_16,124,3.693825890556586,0.5908362979497017,0.5908362979497017,NONE,False,100.44572423152911,32,0.5908362979497017,528
PARENT,LAW_16_L32_S950008,LAW_16,107,3.693825890556586,0.4200416126445594,0.4200416126445594,NONE,False,87.35198296857972,32,0.4200416126445594,784
PARENT,LAW_16_L32_S950008,LAW_16,92,3.693825890556586,0.3411397094063884,0.3411397094063884,NONE,False,75.97626590212828,32,0.3411397094063884,1040
PARENT,LAW_16_L32_S950008,LAW_16,83,3.693825890556586,0.29251652159758434,0.29251652159758434,NONE,False,69.37111085926777,32,0.29251652159758434,1296
PARENT,LAW_16_L32_S950008,LAW_16,76,3.693825890556586,0.2588393296080128,0.2588393296080128,NONE,False,63.44719167894702,32,0.2588393296080128,1552
PARENT,LAW_16_L32_S950008,LAW_16,70,3.693825890556586,0.2359209609076961,0.2359209609076961,NONE,False,58.630676070182176,32,0.2359209609076961,1808
PARENT,LAW_16_L32_S950008,LAW_16,65,3.693825890556586,0.22006049411882822,0.22006049411882822,NONE,False,54.02748413782002,32,0.22006049411882822,2064
PARENT,LAW_16_L32_S950008,LAW_16,59,3.693825890556586,0.20952505022628587,0.20952505022628587,NONE,False,49.43649629660645,32,0.20952505022628587,2320
PARENT,LAW_16_L32_S950008,LAW_16,56,3.693825890556586,0.2032159981647398,0.2032159981647398,NONE,False,46.068399097290715,32,0.2032159981647398,2576
PARENT,LAW_16_L32_S950008,LAW_16,50,3.693825890556586,0.1995047904174152,0.1995047904174152,NONE,False,41.762910621964956,32,0.1995047904174152,2832
PARENT,LAW_16_L32_S950008,LAW_16,47,3.693825890556586,0.19693249520848222,0.19693249520848222,NONE,False,38.76041140573545,32,0.19693249520848222,3088
PARENT,LAW_16_L32_S950008,LAW_16,45,3.693825890556586,0.19544031715409038,0.19544031715409038,NONE,False,36.30384862178078,32,0.19544031715409038,3344
PARENT,LAW_16_L32_S950008,LAW_16,39,3.693825890556586,0.19580389906445317,0.19580389906445317,NONE,False,32.46416565200399,32,0.19580389906445317,3600
PARENT,LAW_16_L32_S950008,LAW_16,39,3.693825890556586,0.1995104850920918,0.1995104850920918,NONE,False,31.502930907751747,32,0.1995104850920918,3856
PARENT,LAW_16_L32_S950008,LAW_16,34,3.693825890556586,0.20346876468746955,0.20346876468746955,NONE,False,27.936916143188938,32,0.20346876468746955,4112
PARENT,LAW_16_L32_S950008,LAW_16,34,3.693825890556586,0.2070184044129103,0.2070184044129103,NONE,False,26.882875487715545,32,0.2070184044129103,4368
PARENT,LAW_16_L32_S950008,LAW_16,28,3.693825890556586,0.21071905020287118,0.21071905020287118,NONE,False,22.759626589354582,32,0.21071905020287118,4624
PARENT,LAW_16_L32_S950008,LAW_16,28,3.693825890556586,0.21471476384009902,0.21471476384009902,NONE,False,21.795676426736907,32,0.21471476384009902,4880
PARENT,LAW_16_L32_S950008,LAW_16,24,3.693825890556586,0.2176191935306797,0.2176191935306797,NONE,False,19.147665719013997,32,0.2176191935306797,5136
SRC_SINKSIDE,LAW_16_L32_S950008,LAW_16,197,3.693825890556586,3.693825890556586,3.693825890556586,NONE,False,155.90285825728776,32,41.09714174271228,272
SRC_SINKSIDE,LAW_16_L32_S950008,LAW_16,196,3.693825890556586,3.693825890556586,3.693825890556586,NONE,False,155.58540454358717,32,40.41459545641275,288
SRC_SINKSIDE,LAW_16_L32_S950008,LAW_16,195,3.693825890556586,3.693825890556586,3.693825890556586,NONE,False,154.96166016280674,32,40.03833983719314,304
SRC_SINKSIDE,LAW_16_L32_S950008,LAW_16,196,3.693825890556586,3.693825890556586,3.6938258905565857,NONE,False,155.26410796392796,32,40.7358920360721,320
SRC_SINKSIDE,LAW_16_L32_S950008,LAW_16,196,3.693825890556586,3.693825890556586,3.693825890556586,NONE,False,155.11663907647645,32,40.88336092352364,336
SRC_SINKSIDE,LAW_16_L32_S950008,LAW_16,197,3.693825890556586,3.693825890556586,3.6938258905565866,NONE,False,155.45564280643447,32,41.544357193565574,352
SRC_SINKSIDE,LAW_16_L32_S950008,LAW_16,196,3.693825890556586,3.693825890556586,3.693825890556586,NONE,False,154.89853377806384,32,41.101466221936164,368
SRC_SINKSIDE,LAW_16_L32_S950008,LAW_16,196,3.693825890556586,3.693825890556586,3.6938258905565853,NONE,False,154.82576653282533,32,41.17423346717467,384
SRC_SINKSIDE,LAW_16_L32_S950008,LAW_16,197,3.693825890556586,3.693825890556586,3.6938258905565857,NONE,False,154.50942936571775,32,42.490570634282385,528
SRC_SINKSIDE,LAW_16_L32_S950008,LAW_16,196,3.693825890556586,3.693825890556586,3.693825890556586,NONE,False,153.15516571652785,32,42.844834283472316,784
SRC_SINKSIDE,LAW_16_L32_S950008,LAW_16,196,3.693825890556586,3.693825890556586,3.693825890556586,NONE,False,152.478221191461,32,43.52177880853905,1040
SRC_SINKSIDE,LAW_16_L32_S950008,LAW_16,196,3.693825890556586,3.693825890556586,3.693825890556586,NONE,False,151.9342259559682,32,44.065774044031784,1296
SRC_SINKSIDE,LAW_16_L32_S950008,LAW_16,196,3.693825890556586,3.693825890556586,3.6938258905565853,NONE,False,151.48259085500786,32,44.5174091449922,1552
SRC_SINKSIDE,LAW_16_L32_S950008,LAW_16,196,3.693825890556586,3.693825890556586,3.693825890556586,NONE,False,151.09848506522422,32,44.901514934775726,1808
SRC_SINKSIDE,LAW_16_L32_S950008,LAW_16,196,3.693825890556586,3.693825890556586,3.693825890556586,NONE,False,150.76465785531354,32,45.23534214468645,2064
SRC_SINKSIDE,LAW_16_L32_S950008,LAW_16,197,3.693825890556586,3.693825890556586,3.693825890556586,NONE,False,150.93006668091851,32,46.06993331908157,2320
SRC_SINKSIDE,LAW_16_L32_S950008,LAW_16,197,3.693825890556586,3.693825890556586,3.693825890556586,NONE,False,150.68791272597227,32,46.312087274027846,2576
SRC_SINKSIDE,LAW_16_L32_S950008,LAW_16,197,3.693825890556586,3.693825890556586,3.6938258905565857,NONE,False,150.47474879587125,32,46.525251204128764,2832
SRC_SINKSIDE,LAW_16_L32_S950008,LAW_16,197,3.693825890556586,3.693825890556586,3.693825890556586,NONE,False,150.28594228439704,32,46.71405771560298,3088
SRC_SINKSIDE,LAW_16_L32_S950008,LAW_16,197,3.693825890556586,3.693825890556586,3.693825890556586,NONE,False,150.1179866888643,32,46.88201331113569,3344
SRC_SINKSIDE,LAW_16_L32_S950008,LAW_16,197,3.693825890556586,3.693825890556586,3.693825890556587,NONE,False,149.968127053369,32,47.03187294663115,3600
SRC_SINKSIDE,LAW_16_L32_S950008,LAW_16,197,3.693825890556586,3.693825890556586,3.693825890556586,NONE,False,149.83414645012004,32,47.16585354987992,3856
SRC_SINKSIDE,LAW_16_L32_S950008,LAW_16,197,3.693825890556586,3.693825890556586,3.693825890556586,NONE,False,149.71423321961186,32,47.28576678038803,4112
SRC_SINKSIDE,LAW_16_L32_S950008,LAW_16,195,3.693825890556586,3.693825890556586,3.693825890556586,NONE,False,148.70887238622575,32,46.29112761377427,4368
SRC_SINKSIDE,LAW_16_L32_S950008,LAW_16,195,3.693825890556586,3.693825890556586,3.693825890556587,NONE,False,148.61832454436146,32,46.381675455638586,4624
SRC_SINKSIDE,LAW_16_L32_S950008,LAW_16,195,3.693825890556586,3.693825890556586,3.693825890556586,NONE,False,148.53789875376447,32,46.46210124623554,4880
SRC_SINKSIDE,LAW_16_L32_S950008,LAW_16,195,3.693825890556586,3.693825890556586,3.6938258905565857,NONE,False,148.4666785237805,32,46.5333214762194,5136
PARENT,LAW_16_L40_S950000,LAW_16,289,5.807406460055199,5.807406460055199,5.807406460055199,NONE,False,232.3498074569843,40,54.04974564829711,272
PARENT,LAW_16_L40_S950000,LAW_16,278,5.807406460055199,5.807406460055199,5.807406460055198,NONE,False,224.18586078262558,40,48.68263804987506,288
PARENT,LAW_16_L40_S950000,LAW_16,269,5.807406460055199,5.807406460055199,5.807406460055199,NONE,False,217.179926003708,40,43.45012077231738,304
PARENT,LAW_16_L40_S950000,LAW_16,260,5.807406460055199,5.807406460055199,5.807406460055199,NONE,False,210.28331795990098,40,38.27127853970159,320
PARENT,LAW_16_L40_S950000,LAW_16,252,5.807406460055199,5.807406460055199,5.807406460055198,NONE,False,203.42133997394936,40,33.097334678388044,336
PARENT,LAW_16_L40_S950000,LAW_16,243,5.807406460055199,5.807406460055199,5.807406460055199,NONE,False,196.69329016153114,40,27.953605794562094,352
PARENT,LAW_16_L40_S950000,LAW_16,235,5.807406460055199,5.807406460055199,5.807406460055198,NONE,False,189.85450027450364,40,22.84535852447329,368
PARENT,LAW_16_L40_S950000,LAW_16,226,5.807406460055199,5.807406460055199,5.807406460055199,NONE,False,183.12804442663096,40,17.72027783792507,384
PARENT,LAW_16_L40_S950000,LAW_16,191,5.807406460055199,0.7137828722901678,0.7137828722901678,NONE,False,154.78526327140702,40,0.7137828722901678,528
PARENT,LAW_16_L40_S950000,LAW_16,173,5.807406460055199,0.5150885092225181,0.5150885092225181,NONE,False,141.35665250485422,40,0.5150885092225181,784
PARENT,LAW_16_L40_S950000,LAW_16,157,5.807406460055199,0.4209370209599401,0.4209370209599401,NONE,False,129.56121196101543,40,0.4209370209599401,1040
PARENT,LAW_16_L40_S950000,LAW_16,141,5.807406460055199,0.36381814423645065,0.36381814423645065,NONE,False,117.86960870677028,40,0.36381814423645065,1296
PARENT,LAW_16_L40_S950000,LAW_16,133,5.807406460055199,0.3242941067263335,0.3242941067263335,NONE,False,111.18101713528847,40,0.3242941067263335,1552
PARENT,LAW_16_L40_S950000,LAW_16,123,5.807406460055199,0.2945374091976076,0.2945374091976076,NONE,False,103.72684617833367,40,0.2945374091976076,1808
PARENT,LAW_16_L40_S950000,LAW_16,115,5.807406460055199,0.271220334236402,0.271220334236402,NONE,False,96.71084796206053,40,0.271220334236402,2064
PARENT,LAW_16_L40_S950000,LAW_16,106,5.807406460055199,0.2531343443342977,0.2531343443342977,NONE,False,90.40958863875879,40,0.2531343443342977,2320
PARENT,LAW_16_L40_S950000,LAW_16,102,5.807406460055199,0.23905172389712104,0.23905172389712104,NONE,False,86.78449470676341,40,0.23905172389712104,2576
PARENT,LAW_16_L40_S950000,LAW_16,96,5.807406460055199,0.22849892542994588,0.22849892542994588,NONE,False,81.35662610875791,40,0.22849892542994588,2832
PARENT,LAW_16_L40_S950000,LAW_16,92,5.807406460055199,0.2208570068429484,0.2208570068429484,NONE,False,77.75182514570278,40,0.2208570068429484,3088
PARENT,LAW_16_L40_S950000,LAW_16,91,5.807406460055199,0.21520707985109644,0.21520707985109644,NONE,False,75.3297356448585,40,0.21520707985109644,3344
PARENT,LAW_16_L40_S950000,LAW_16,80,5.807406460055199,0.2104294969703332,0.2104294969703332,NONE,False,68.19747720434957,40,0.2104294969703332,3600
PARENT,LAW_16_L40_S950000,LAW_16,79,5.807406460055199,0.20694348262467688,0.20694348262467688,NONE,False,66.23090562906145,40,0.20694348262467688,3856
PARENT,LAW_16_L40_S950000,LAW_16,77,5.807406460055199,0.2051156772199243,0.2051156772199243,NONE,False,63.791663234132564,40,0.2051156772199243,4112
PARENT,LAW_16_L40_S950000,LAW_16,72,5.807406460055199,0.20432737814728186,0.20432737814728186,NONE,False,59.789848337495634,40,0.20432737814728186,4368
PARENT,LAW_16_L40_S950000,LAW_16,68,5.807406460055199,0.20427690764674655,0.20427690764674655,NONE,False,56.52888730593224,40,0.20427690764674655,4624
PARENT,LAW_16_L40_S950000,LAW_16,63,5.807406460055199,0.2040173002257788,0.2040173002257788,NONE,False,52.84432307679471,40,0.2040173002257788,4880
PARENT,LAW_16_L40_S950000,LAW_16,62,5.807406460055199,0.2041611954775333,0.2041611954775333,NONE,False,51.29604896357382,40,0.2041611954775333,5136
SRC_SINKSIDE,LAW_16_L40_S950000,LAW_16,289,5.807406460055199,5.807406460055199,5.807406460055199,NONE,False,232.3498074569843,40,56.65019254301568,272
SRC_SINKSIDE,LAW_16_L40_S950000,LAW_16,287,5.807406460055199,5.807406460055199,5.807406460055198,NONE,False,231.31152998466447,40,55.68847001533555,288
SRC_SINKSIDE,LAW_16_L40_S950000,LAW_16,286,5.807406460055199,5.807406460055199,5.8074064600552004,NONE,False,230.94248914699605,40,55.05751085300408,304
SRC_SINKSIDE,LAW_16_L40_S950000,LAW_16,287,5.807406460055199,5.807406460055199,5.807406460055199,NONE,False,231.29590316209422,40,55.7040968379059,320
SRC_SINKSIDE,LAW_16_L40_S950000,LAW_16,286,5.807406460055199,5.807406460055199,5.807406460055199,NONE,False,230.66611650379036,40,55.33388349620954,336
SRC_SINKSIDE,LAW_16_L40_S950000,LAW_16,287,5.807406460055199,5.807406460055199,5.8074064600552,NONE,False,230.88395470228463,40,56.11604529771522,352
SRC_SINKSIDE,LAW_16_L40_S950000,LAW_16,286,5.807406460055199,5.807406460055199,5.807406460055198,NONE,False,230.28618587116404,40,55.71381412883606,368
SRC_SINKSIDE,LAW_16_L40_S950000,LAW_16,287,5.807406460055199,5.807406460055199,5.8074064600552004,NONE,False,230.5423816584337,40,56.45761834156639,384
SRC_SINKSIDE,LAW_16_L40_S950000,LAW_16,287,5.807406460055199,5.807406460055199,5.807406460055198,NONE,False,229.48079492223775,40,57.51920507776222,528
SRC_SINKSIDE,LAW_16_L40_S950000,LAW_16,287,5.807406460055199,5.807406460055199,5.807406460055199,NONE,False,228.28654959122952,40,58.713450408770456,784
SRC_SINKSIDE,LAW_16_L40_S950000,LAW_16,287,5.807406460055199,5.807406460055199,5.807406460055198,NONE,False,227.434750730744,40,59.565249269255894,1040
SRC_SINKSIDE,LAW_16_L40_S950000,LAW_16,287,5.807406460055199,5.807406460055199,5.807406460055198,NONE,False,226.7615799069994,40,60.238420093000684,1296
SRC_SINKSIDE,LAW_16_L40_S950000,LAW_16,287,5.807406460055199,5.807406460055199,5.8074064600552,NONE,False,226.20245577446312,40,60.79754422553691,1552
SRC_SINKSIDE,LAW_16_L40_S950000,LAW_16,287,5.807406460055199,5.807406460055199,5.807406460055199,NONE,False,225.72201516319336,40,61.277984836806674,1808
SRC_SINKSIDE,LAW_16_L40_S950000,LAW_16,287,5.807406460055199,5.807406460055199,5.807406460055199,NONE,False,225.2987730761284,40,61.70122692387147,2064
SRC_SINKSIDE,LAW_16_L40_S950000,LAW_16,287,5.807406460055199,5.807406460055199,5.807406460055199,NONE,False,224.92029516698796,40,62.07970483301199,2320
SRC_SINKSIDE,LAW_16_L40_S950000,LAW_16,287,5.807406460055199,5.807406460055199,5.8074064600552,NONE,False,224.57787282189176,40,62.422127178108234,2576
SRC_SINKSIDE,LAW_16_L40_S950000,LAW_16,287,5.807406460055199,5.807406460055199,5.807406460055199,NONE,False,224.26515867348635,40,62.73484132651357,2832
SRC_SINKSIDE,LAW_16_L40_S950000,LAW_16,287,5.807406460055199,5.807406460055199,5.807406460055199,NONE,False,223.97738319117983,40,63.02261680882019,3088
SRC_SINKSIDE,LAW_16_L40_S950000,LAW_16,287,5.807406460055199,5.807406460055199,5.8074064600552,NONE,False,223.71086646847314,40,63.28913353152683,3344
SRC_SINKSIDE,LAW_16_L40_S950000,LAW_16,287,5.807406460055199,5.807406460055199,5.807406460055199,NONE,False,223.46270381119612,40,63.53729618880395,3600
SRC_SINKSIDE,LAW_16_L40_S950000,LAW_16,289,5.807406460055199,5.807406460055199,5.807406460055197,NONE,False,223.972958348339,40,65.02704165166091,3856
SRC_SINKSIDE,LAW_16_L40_S950000,LAW_16,289,5.807406460055199,5.807406460055199,5.807406460055199,NONE,False,223.57213718353896,40,65.42786281646104,4112
SRC_SINKSIDE,LAW_16_L40_S950000,LAW_16,289,5.807406460055199,5.807406460055199,5.8074064600552,NONE,False,223.26491000336603,40,65.73508999663413,4368
SRC_SINKSIDE,LAW_16_L40_S950000,LAW_16,289,5.807406460055199,5.807406460055199,5.807406460055199,NONE,False,223.01024330129968,40,65.98975669870029,4624
SRC_SINKSIDE,LAW_16_L40_S950000,LAW_16,289,5.807406460055199,5.807406460055199,5.807406460055198,NONE,False,222.79234264662415,40,66.2076573533759,4880
SRC_SINKSIDE,LAW_16_L40_S950000,LAW_16,289,5.807406460055199,5.807406460055199,5.807406460055198,NONE,False,222.6026862704746,40,66.3973137295254,5136
PARENT,LAW_16_L40_S950001,LAW_16,282,5.776900559769803,5.776900559769803,5.776900559769803,NONE,False,227.29608921811197,40,56.41340959755757,272
PARENT,LAW_16_L40_S950001,LAW_16,270,5.776900559769803,5.776900559769803,5.776900559769803,NONE,False,218.79556041998802,40,50.53438190548136,288
PARENT,LAW_16_L40_S950001,LAW_16,261,5.776900559769803,5.776900559769803,5.776900559769803,NONE,False,212.18627009576426,40,45.28162074826896,304
PARENT,LAW_16_L40_S950001,LAW_16,253,5.776900559769803,5.776900559769803,5.776900559769802,NONE,False,205.59972234565765,40,40.09188535820833,320
PARENT,LAW_16_L40_S950001,LAW_16,244,5.776900559769803,5.776900559769803,5.776900559769803,NONE,False,198.7586615928208,40,35.49639697074987,336
PARENT,LAW_16_L40_S950001,LAW_16,236,5.776900559769803,5.776900559769803,5.776900559769802,NONE,False,192.19112098897907,40,30.37488604972001,352
PARENT,LAW_16_L40_S950001,LAW_16,227,5.776900559769803,5.776900559769803,5.776900559769803,NONE,False,185.12624209047524,40,25.274548882349862,368
PARENT,LAW_16_L40_S950001,LAW_16,219,5.776900559769803,5.776900559769803,5.776900559769804,NONE,False,178.5056563495411,40,20.18856659417699,384
PARENT,LAW_16_L40_S950001,LAW_16,179,5.776900559769803,0.7177836914031558,0.7177836914031558,NONE,False,146.52295963156217,40,0.7177836914031558,528
PARENT,LAW_16_L40_S950001,LAW_16,163,5.776900559769803,0.5185145354432871,0.5185145354432871,NONE,False,133.4706748399068,40,0.5185145354432871,784
PARENT,LAW_16_L40_S950001,LAW_16,147,5.776900559769803,0.42309832810331993,0.42309832810331993,NONE,False,121.61071698983332,40,0.42309832810331993,1040
PARENT,LAW_16_L40_S950001,LAW_16,130,5.776900559769803,0.3648167368139774,0.3648167368139774,NONE,False,109.329113619284,40,0.3648167368139774,1296
PARENT,LAW_16_L40_S950001,LAW_16,123,5.776900559769803,0.3241995384408852,0.3241995384408852,NONE,False,103.14969700916828,40,0.3241995384408852,1552
PARENT,LAW_16_L40_S950001,LAW_16,110,5.776900559769803,0.2938330856241941,0.2938330856241941,NONE,False,93.43423366864906,40,0.2938330856241941,1808
PARENT,LAW_16_L40_S950001,LAW_16,104,5.776900559769803,0.27083099142463785,0.27083099142463785,NONE,False,88.72596854128928,40,0.27083099142463785,2064
PARENT,LAW_16_L40_S950001,LAW_16,97,5.776900559769803,0.2530934036189427,0.2530934036189427,NONE,False,83.02034601101364,40,0.2530934036189427,2320
PARENT,LAW_16_L40_S950001,LAW_16,90,5.776900559769803,0.24001645525251802,0.24001645525251802,NONE,False,77.12260432293589,40,0.24001645525251802,2576
PARENT,LAW_16_L40_S950001,LAW_16,88,5.776900559769803,0.23081574543016026,0.23081574543016026,NONE,False,74.22945377623226,40,0.23081574543016026,2832
PARENT,LAW_16_L40_S950001,LAW_16,82,5.776900559769803,0.22404606200110555,0.22404606200110555,NONE,False,69.4194772724844,40,0.22404606200110555,3088
PARENT,LAW_16_L40_S950001,LAW_16,76,5.776900559769803,0.21826588786378176,0.21826588786378176,NONE,False,64.67717554878891,40,0.21826588786378176,3344
PARENT,LAW_16_L40_S950001,LAW_16,73,5.776900559769803,0.21483119895534786,0.21483119895534786,NONE,False,61.61686511520949,40,0.21483119895534786,3600
PARENT,LAW_16_L40_S950001,LAW_16,69,5.776900559769803,0.21292487036698826,0.21292487036698826,NONE,False,57.8237440902051,40,0.21292487036698826,3856
PARENT,LAW_16_L40_S950001,LAW_16,66,5.776900559769803,0.21225222447162062,0.21225222447162062,NONE,False,54.94008800189517,40,0.21225222447162062,4112
PARENT,LAW_16_L40_S950001,LAW_16,62,5.776900559769803,0.2117463587860826,0.2117463587860826,NONE,False,51.617895572399064,40,0.2117463587860826,4368
PARENT,LAW_16_L40_S950001,LAW_16,58,5.776900559769803,0.2113276182175876,0.2113276182175876,NONE,False,48.21124541020981,40,0.2113276182175876,4624
PARENT,LAW_16_L40_S950001,LAW_16,57,5.776900559769803,0.2113300742057872,0.2113300742057872,NONE,False,46.39836314345162,40,0.2113300742057872,4880
PARENT,LAW_16_L40_S950001,LAW_16,57,5.776900559769803,0.21334664523399072,0.21334664523399072,NONE,False,44.9520361021277,40,0.21334664523399072,5136
SRC_SINKSIDE,LAW_16_L40_S950001,LAW_16,282,5.776900559769803,5.776900559769803,5.776900559769803,NONE,False,227.29608921811197,40,54.703910781888034,272
SRC_SINKSIDE,LAW_16_L40_S950001,LAW_16,281,5.776900559769803,5.776900559769803,5.776900559769802,NONE,False,226.79548818508593,40,54.20451181491414,288
SRC_SINKSIDE,LAW_16_L40_S950001,LAW_16,280,5.776900559769803,5.776900559769803,5.776900559769804,NONE,False,226.26653363451962,40,53.73346636548032,304
SRC_SINKSIDE,LAW_16_L40_S950001,LAW_16,282,5.776900559769803,5.776900559769803,5.776900559769803,NONE,False,226.7226234953411,40,55.27737650465877,320
SRC_SINKSIDE,LAW_16_L40_S950001,LAW_16,281,5.776900559769803,5.776900559769803,5.776900559769802,NONE,False,226.2060938259381,40,54.79390617406207,336
SRC_SINKSIDE,LAW_16_L40_S950001,LAW_16,282,5.776900559769803,5.776900559769803,5.776900559769802,NONE,False,226.36841236491816,40,55.63158763508178,352
SRC_SINKSIDE,LAW_16_L40_S950001,LAW_16,281,5.776900559769803,5.776900559769803,5.776900559769803,NONE,False,225.82097433122752,40,55.17902566877244,368
SRC_SINKSIDE,LAW_16_L40_S950001,LAW_16,281,5.776900559769803,5.776900559769803,5.776900559769804,NONE,False,225.59407553869997,40,55.40592446130008,384
SRC_SINKSIDE,LAW_16_L40_S950001,LAW_16,281,5.776900559769803,5.776900559769803,5.776900559769802,NONE,False,224.3855140178177,40,56.614485982182146,528
SRC_SINKSIDE,LAW_16_L40_S950001,LAW_16,280,5.776900559769803,5.776900559769803,5.776900559769803,NONE,False,222.33032838338252,40,57.66967161661739,784
SRC_SINKSIDE,LAW_16_L40_S950001,LAW_16,281,5.776900559769803,5.776900559769803,5.776900559769804,NONE,False,221.47113786460332,40,59.52886213539667,1040
SRC_SINKSIDE,LAW_16_L40_S950001,LAW_16,280,5.776900559769803,5.776900559769803,5.776900559769804,NONE,False,220.01467433631134,40,59.98532566368846,1296
SRC_SINKSIDE,LAW_16_L40_S950001,LAW_16,278,5.776900559769803,5.776900559769803,5.776900559769803,NONE,False,218.31849602386734,40,59.68150397613257,1552
SRC_SINKSIDE,LAW_16_L40_S950001,LAW_16,278,5.776900559769803,5.776900559769803,5.776900559769804,NONE,False,217.53531171061354,40,60.46468828938637,1808
SRC_SINKSIDE,LAW_16_L40_S950001,LAW_16,276,5.776900559769803,5.776900559769803,5.776900559769803,NONE,False,215.9561654043939,40,60.04383459560593,2064
SRC_SINKSIDE,LAW_16_L40_S950001,LAW_16,277,5.776900559769803,5.776900559769803,5.7769005597698015,NONE,False,215.81052182262522,40,61.18947817737476,2320
SRC_SINKSIDE,LAW_16_L40_S950001,LAW_16,277,5.776900559769803,5.776900559769803,5.7769005597698015,NONE,False,215.2650929702217,40,61.73490702977834,2576
SRC_SINKSIDE,LAW_16_L40_S950001,LAW_16,276,5.776900559769803,5.776900559769803,5.776900559769802,NONE,False,214.325791338688,40,61.67420866131199,2832
SRC_SINKSIDE,LAW_16_L40_S950001,LAW_16,275,5.776900559769803,5.776900559769803,5.776900559769804,NONE,False,213.3447356983596,40,61.65526430164049,3088
SRC_SINKSIDE,LAW_16_L40_S950001,LAW_16,276,5.776900559769803,5.776900559769803,5.776900559769803,NONE,False,213.39794703247173,40,62.602052967528394,3344
SRC_SINKSIDE,LAW_16_L40_S950001,LAW_16,276,5.776900559769803,5.776900559769803,5.776900559769803,NONE,False,212.89837424437823,40,63.1016257556217,3600
SRC_SINKSIDE,LAW_16_L40_S950001,LAW_16,275,5.776900559769803,5.776900559769803,5.776900559769805,NONE,False,212.11420664789298,40,62.88579335210688,3856
SRC_SINKSIDE,LAW_16_L40_S950001,LAW_16,277,5.776900559769803,5.776900559769803,5.776900559769805,NONE,False,212.54939900615085,40,64.45060099384914,4112
SRC_SINKSIDE,LAW_16_L40_S950001,LAW_16,276,5.776900559769803,5.776900559769803,5.776900559769804,NONE,False,211.8038532663088,40,64.19614673369122,4368
SRC_SINKSIDE,LAW_16_L40_S950001,LAW_16,275,5.776900559769803,5.776900559769803,5.776900559769803,NONE,False,210.94492053116616,40,64.05507946883378,4624
SRC_SINKSIDE,LAW_16_L40_S950001,LAW_16,276,5.776900559769803,5.776900559769803,5.776900559769802,NONE,False,211.13473454359485,40,64.86526545640521,4880
SRC_SINKSIDE,LAW_16_L40_S950001,LAW_16,276,5.776900559769803,5.776900559769803,5.776900559769802,NONE,False,210.75673069143193,40,65.24326930856799,5136
PARENT,LAW_16_L40_S950002,LAW_16,288,5.8107691622898825,5.8107691622898825,5.8107691622898825,NONE,False,232.57852923947075,40,53.973910030556624,272
PARENT,LAW_16_L40_S950002,LAW_16,276,5.8107691622898825,5.8107691622898825,5.810769162289883,NONE,False,223.84877712420163,40,48.51376226927961,288
PARENT,LAW_16_L40_S950002,LAW_16,266,5.8107691622898825,5.8107691622898825,5.8107691622898825,NONE,False,216.810537394971,40,43.246183561938565,304
PARENT,LAW_16_L40_S950002,LAW_16,258,5.8107691622898825,5.8107691622898825,5.810769162289882,NONE,False,210.08009880586957,40,38.0066258828504,320
PARENT,LAW_16_L40_S950002,LAW_16,250,5.8107691622898825,5.8107691622898825,5.8107691622898825,NONE,False,203.49230401714925,40,32.79486353314653,336
PARENT,LAW_16_L40_S950002,LAW_16,242,5.8107691622898825,5.8107691622898825,5.810769162289882,NONE,False,196.86393865334833,40,27.647333744443216,352
PARENT,LAW_16_L40_S950002,LAW_16,233,5.8107691622898825,5.8107691622898825,5.8107691622898825,NONE,False,189.56803815074278,40,22.5071591792704,368
PARENT,LAW_16_L40_S950002,LAW_16,225,5.8107691622898825,5.8107691622898825,5.810769162289883,NONE,False,182.9711829313945,40,17.361620238092442,384
PARENT,LAW_16_L40_S950002,LAW_16,190,5.8107691622898825,0.7085721936769386,0.7085721936769386,NONE,False,154.29970231784012,40,0.7085721936769386,528
PARENT,LAW_16_L40_S950002,LAW_16,173,5.8107691622898825,0.5109255149591927,0.5109255149591927,NONE,False,141.2704044967547,40,0.5109255149591927,784
PARENT,LAW_16_L40_S950002,LAW_16,157,5.8107691622898825,0.41733736324041837,0.41733736324041837,NONE,False,129.46685396453472,40,0.41733736324041837,1040
PARENT,LAW_16_L40_S950002,LAW_16,141,5.8107691622898825,0.3606622316670428,0.3606622316670428,NONE,False,117.65062927117408,40,0.3606622316670428,1296
PARENT,LAW_16_L40_S950002,LAW_16,134,5.8107691622898825,0.3215332568743673,0.3215332568743673,NONE,False,111.76919777442464,40,0.3215332568743673,1552
PARENT,LAW_16_L40_S950002,LAW_16,121,5.8107691622898825,0.2922559011635206,0.2922559011635206,NONE,False,102.37665229574742,40,0.2922559011635206,1808
PARENT,LAW_16_L40_S950002,LAW_16,115,5.8107691622898825,0.2693239529194781,0.2693239529194781,NONE,False,97.14007594566203,40,0.2693239529194781,2064
PARENT,LAW_16_L40_S950002,LAW_16,106,5.8107691622898825,0.2516840276741731,0.2516840276741731,NONE,False,90.5740173446239,40,0.2516840276741731,2320
PARENT,LAW_16_L40_S950002,LAW_16,103,5.8107691622898825,0.2378250602049239,0.2378250602049239,NONE,False,87.29032331291978,40,0.2378250602049239,2576
PARENT,LAW_16_L40_S950002,LAW_16,96,5.8107691622898825,0.22745324461506033,0.22745324461506033,NONE,False,82.00184944220993,40,0.22745324461506033,2832
PARENT,LAW_16_L40_S950002,LAW_16,91,5.8107691622898825,0.21991148319268528,0.21991148319268528,NONE,False,77.58555771133263,40,0.21991148319268528,3088
PARENT,LAW_16_L40_S950002,LAW_16,89,5.8107691622898825,0.21435682443033455,0.21435682443033455,NONE,False,74.78796547365857,40,0.21435682443033455,3344
PARENT,LAW_16_L40_S950002,LAW_16,84,5.8107691622898825,0.20997501857733702,0.20997501857733702,NONE,False,70.58558538582281,40,0.20997501857733702,3600
PARENT,LAW_16_L40_S950002,LAW_16,78,5.8107691622898825,0.20643755288510846,0.20643755288510846,NONE,False,66.28376222286582,40,0.20643755288510846,3856
PARENT,LAW_16_L40_S950002,LAW_16,75,5.8107691622898825,0.2043028268319711,0.2043028268319711,NONE,False,62.98981239401572,40,0.2043028268319711,4112
PARENT,LAW_16_L40_S950002,LAW_16,72,5.8107691622898825,0.2038463842019802,0.2038463842019802,NONE,False,60.183611120972074,40,0.2038463842019802,4368
PARENT,LAW_16_L40_S950002,LAW_16,70,5.8107691622898825,0.20363960381694102,0.20363960381694102,NONE,False,57.73419343266364,40,0.20363960381694102,4624
PARENT,LAW_16_L40_S950002,LAW_16,64,5.8107691622898825,0.20370234677998,0.20370234677998,NONE,False,53.440892900417374,40,0.20370234677998,4880
PARENT,LAW_16_L40_S950002,LAW_16,64,5.8107691622898825,0.20379409166181328,0.20379409166181328,NONE,False,52.3523676622227,40,0.20379409166181328,5136
SRC_SINKSIDE,LAW_16_L40_S950002,LAW_16,288,5.8107691622898825,5.8107691622898825,5.8107691622898825,NONE,False,232.57852923947075,40,55.421470760529274,272
SRC_SINKSIDE,LAW_16_L40_S950002,LAW_16,288,5.8107691622898825,5.8107691622898825,5.810769162289883,NONE,False,232.39903156789137,40,55.60096843210863,288
SRC_SINKSIDE,LAW_16_L40_S950002,LAW_16,287,5.8107691622898825,5.8107691622898825,5.8107691622898825,NONE,False,231.94151045305463,40,55.05848954694551,304
SRC_SINKSIDE,LAW_16_L40_S950002,LAW_16,288,5.8107691622898825,5.8107691622898825,5.810769162289882,NONE,False,232.01850422745022,40,55.98149577254988,320
SRC_SINKSIDE,LAW_16_L40_S950002,LAW_16,287,5.8107691622898825,5.8107691622898825,5.810769162289883,NONE,False,231.53680098173953,40,55.46319901826033,336
SRC_SINKSIDE,LAW_16_L40_S950002,LAW_16,288,5.8107691622898825,5.8107691622898825,5.810769162289884,NONE,False,231.66715418276794,40,56.33284581723203,352
SRC_SINKSIDE,LAW_16_L40_S950002,LAW_16,287,5.8107691622898825,5.8107691622898825,5.8107691622898825,NONE,False,231.12916838692215,40,55.870831613077854,368
SRC_SINKSIDE,LAW_16_L40_S950002,LAW_16,288,5.8107691622898825,5.8107691622898825,5.8107691622898825,NONE,False,231.33887707357977,40,56.66112292642023,384
SRC_SINKSIDE,LAW_16_L40_S950002,LAW_16,287,5.8107691622898825,5.8107691622898825,5.8107691622898825,NONE,False,229.69469781928316,40,57.30530218071687,528
SRC_SINKSIDE,LAW_16_L40_S950002,LAW_16,287,5.8107691622898825,5.8107691622898825,5.810769162289881,NONE,False,228.11303373039985,40,58.886966269600045,784
SRC_SINKSIDE,LAW_16_L40_S950002,LAW_16,287,5.8107691622898825,5.8107691622898825,5.810769162289882,NONE,False,226.90715503657657,40,60.09284496342361,1040
SRC_SINKSIDE,LAW_16_L40_S950002,LAW_16,287,5.8107691622898825,5.8107691622898825,5.8107691622898825,NONE,False,225.91159349516798,40,61.08840650483221,1296
SRC_SINKSIDE,LAW_16_L40_S950002,LAW_16,286,5.8107691622898825,5.8107691622898825,5.810769162289883,NONE,False,224.6393354241744,40,61.36066457582555,1552
SRC_SINKSIDE,LAW_16_L40_S950002,LAW_16,286,5.8107691622898825,5.8107691622898825,5.810769162289883,NONE,False,223.87173002406493,40,62.12826997593514,1808
SRC_SINKSIDE,LAW_16_L40_S950002,LAW_16,285,5.8107691622898825,5.8107691622898825,5.810769162289881,NONE,False,222.79568965179152,40,62.20431034820831,2064
SRC_SINKSIDE,LAW_16_L40_S950002,LAW_16,285,5.8107691622898825,5.8107691622898825,5.810769162289883,NONE,False,222.20032344725126,40,62.79967655274873,2320
SRC_SINKSIDE,LAW_16_L40_S950002,LAW_16,285,5.8107691622898825,5.8107691622898825,5.8107691622898825,NONE,False,221.65935878174295,40,63.340641218257275,2576
SRC_SINKSIDE,LAW_16_L40_S950002,LAW_16,285,5.8107691622898825,5.8107691622898825,5.8107691622898825,NONE,False,221.16247895790673,40,63.83752104209337,2832
SRC_SINKSIDE,LAW_16_L40_S950002,LAW_16,285,5.8107691622898825,5.8107691622898825,5.810769162289883,NONE,False,220.69994492337304,40,64.30005507662695,3088
SRC_SINKSIDE,LAW_16_L40_S950002,LAW_16,286,5.8107691622898825,5.8107691622898825,5.810769162289882,NONE,False,220.71784535240383,40,65.28215464759616,3344
SRC_SINKSIDE,LAW_16_L40_S950002,LAW_16,286,5.8107691622898825,5.8107691622898825,5.8107691622898825,NONE,False,220.31184125294888,40,65.68815874705142,3600
SRC_SINKSIDE,LAW_16_L40_S950002,LAW_16,285,5.8107691622898825,5.8107691622898825,5.8107691622898825,NONE,False,219.4855471326325,40,65.51445286736737,3856
SRC_SINKSIDE,LAW_16_L40_S950002,LAW_16,286,5.8107691622898825,5.8107691622898825,5.8107691622898825,NONE,False,219.56754382292445,40,66.43245617707551,4112
SRC_SINKSIDE,LAW_16_L40_S950002,LAW_16,286,5.8107691622898825,5.8107691622898825,5.810769162289883,NONE,False,219.22384371412105,40,66.77615628587883,4368
SRC_SINKSIDE,LAW_16_L40_S950002,LAW_16,286,5.8107691622898825,5.8107691622898825,5.8107691622898825,NONE,False,218.89634082162036,40,67.1036591783796,4624
SRC_SINKSIDE,LAW_16_L40_S950002,LAW_16,286,5.8107691622898825,5.8107691622898825,5.8107691622898825,NONE,False,218.58373297001987,40,67.41626702998018,4880
SRC_SINKSIDE,LAW_16_L40_S950002,LAW_16,285,5.8107691622898825,5.8107691622898825,5.810769162289882,NONE,False,217.8350261684851,40,67.16497383151491,5136
PARENT,LAW_16_L40_S950003,LAW_16,276,5.814172244194801,5.814172244194801,5.814172244194802,NONE,False,222.6922094030548,40,60.810932304477255,272
PARENT,LAW_16_L40_S950003,LAW_16,264,5.814172244194801,5.814172244194801,5.814172244194801,NONE,False,213.9788228139993,40,55.35843493494933,288
PARENT,LAW_16_L40_S950003,LAW_16,255,5.814172244194801,5.814172244194801,5.814172244194802,NONE,False,207.44103692314792,40,50.09002376940463,304
PARENT,LAW_16_L40_S950003,LAW_16,247,5.814172244194801,5.814172244194801,5.8141722441948005,NONE,False,200.60116040380117,40,44.83320351389345,320
PARENT,LAW_16_L40_S950003,LAW_16,238,5.814172244194801,5.814172244194801,5.8141722441948005,NONE,False,193.68618909724123,40,39.66453342605974,336
PARENT,LAW_16_L40_S950003,LAW_16,229,5.814172244194801,5.814172244194801,5.8141722441948005,NONE,False,186.3421866999677,40,34.544400519463004,352
PARENT,LAW_16_L40_S950003,LAW_16,221,5.814172244194801,5.814172244194801,5.814172244194802,NONE,False,179.812150916608,40,29.45907988719566,368
PARENT,LAW_16_L40_S950003,LAW_16,213,5.814172244194801,5.814172244194801,5.8141722441948005,NONE,False,173.07899294719897,40,24.35098502824967,384
PARENT,LAW_16_L40_S950003,LAW_16,168,5.814172244194801,0.7309116514351183,0.7309116514351183,NONE,False,137.1005402690093,40,0.7309116514351183,528
PARENT,LAW_16_L40_S950003,LAW_16,151,5.814172244194801,0.5280454779830129,0.5280454779830129,NONE,False,124.28374313903294,40,0.5280454779830129,784
PARENT,LAW_16_L40_S950003,LAW_16,135,5.814172244194801,0.4301386483030333,0.4301386483030333,NONE,False,112.07468823613517,40,0.4301386483030333,1040
PARENT,LAW_16_L40_S950003,LAW_16,119,5.814172244194801,0.3698100806598619,0.3698100806598619,NONE,False,100.37307722154713,40,0.3698100806598619,1296
PARENT,LAW_16_L40_S950003,LAW_16,110,5.814172244194801,0.3277420567397987,0.3277420567397987,NONE,False,92.85809704541752,40,0.3277420567397987,1552
PARENT,LAW_16_L40_S950003,LAW_16,100,5.814172244194801,0.29702941331490806,0.29702941331490806,NONE,False,85.2561819365696,40,0.29702941331490806,1808
PARENT,LAW_16_L40_S950003,LAW_16,92,5.814172244194801,0.2742900138816492,0.2742900138816492,NONE,False,78.66205773578636,40,0.2742900138816492,2064
PARENT,LAW_16_L40_S950003,LAW_16,87,5.814172244194801,0.25826753656004486,0.25826753656004486,NONE,False,74.06066969575893,40,0.25826753656004486,2320
PARENT,LAW_16_L40_S950003,LAW_16,80,5.814172244194801,0.24678243286079893,0.24678243286079893,NONE,False,68.17955360396573,40,0.24678243286079893,2576
PARENT,LAW_16_L40_S950003,LAW_16,78,5.814172244194801,0.23792554020334666,0.23792554020334666,NONE,False,65.10790538909497,40,0.23792554020334666,2832
PARENT,LAW_16_L40_S950003,LAW_16,72,5.814172244194801,0.23273912422788368,0.23273912422788368,NONE,False,60.575782896332555,40,0.23273912422788368,3088
PARENT,LAW_16_L40_S950003,LAW_16,67,5.814172244194801,0.22966818002372846,0.22966818002372846,NONE,False,56.42376348099562,40,0.22966818002372846,3344
PARENT,LAW_16_L40_S950003,LAW_16,62,5.814172244194801,0.2276139970882749,0.2276139970882749,NONE,False,52.25487065901716,40,0.2276139970882749,3600
PARENT,LAW_16_L40_S950003,LAW_16,60,5.814172244194801,0.22642452760515674,0.22642452760515674,NONE,False,49.78965537035452,40,0.22642452760515674,3856
PARENT,LAW_16_L40_S950003,LAW_16,56,5.814172244194801,0.22527008549557892,0.22527008549557892,NONE,False,46.26842040236287,40,0.22527008549557892,4112
PARENT,LAW_16_L40_S950003,LAW_16,51,5.814172244194801,0.22566621735438264,0.22566621735438264,NONE,False,41.99231715283364,40,0.22566621735438264,4368
PARENT,LAW_16_L40_S950003,LAW_16,50,5.814172244194801,0.23013481285479476,0.23013481285479476,NONE,False,40.39710094886298,40,0.23013481285479476,4624
PARENT,LAW_16_L40_S950003,LAW_16,47,5.814172244194801,0.23630345455637847,0.23630345455637847,NONE,False,37.99754146188192,40,0.23630345455637847,4880
PARENT,LAW_16_L40_S950003,LAW_16,44,5.814172244194801,0.24106322097780553,0.24106322097780553,NONE,False,35.199607379096356,40,0.24106322097780553,5136
SRC_SINKSIDE,LAW_16_L40_S950003,LAW_16,276,5.814172244194801,5.814172244194801,5.814172244194802,NONE,False,222.6922094030548,40,53.30779059694512,272
SRC_SINKSIDE,LAW_16_L40_S950003,LAW_16,275,5.814172244194801,5.814172244194801,5.814172244194802,NONE,False,222.14509382456367,40,52.85490617543626,288
SRC_SINKSIDE,LAW_16_L40_S950003,LAW_16,274,5.814172244194801,5.814172244194801,5.814172244194802,NONE,False,221.6989234721817,40,52.301076527818466,304
SRC_SINKSIDE,LAW_16_L40_S950003,LAW_16,276,5.814172244194801,5.814172244194801,5.8141722441948005,NONE,False,222.31427686853814,40,53.68572313146201,320
SRC_SINKSIDE,LAW_16_L40_S950003,LAW_16,275,5.814172244194801,5.814172244194801,5.814172244194801,NONE,False,222.0166445959984,40,52.98335540400173,336
SRC_SINKSIDE,LAW_16_L40_S950003,LAW_16,275,5.814172244194801,5.814172244194801,5.8141722441948005,NONE,False,221.77547857513173,40,53.224521424868215,352
SRC_SINKSIDE,LAW_16_L40_S950003,LAW_16,274,5.814172244194801,5.814172244194801,5.8141722441948005,NONE,False,221.16263360036203,40,52.8373663996379,368
SRC_SINKSIDE,LAW_16_L40_S950003,LAW_16,275,5.814172244194801,5.814172244194801,5.814172244194802,NONE,False,221.42590585803546,40,53.57409414196448,384
SRC_SINKSIDE,LAW_16_L40_S950003,LAW_16,276,5.814172244194801,5.814172244194801,5.8141722441948005,NONE,False,220.9763999196109,40,55.02360008038911,528
SRC_SINKSIDE,LAW_16_L40_S950003,LAW_16,276,5.814172244194801,5.814172244194801,5.8141722441948,NONE,False,219.8576805253307,40,56.14231947466935,784
SRC_SINKSIDE,LAW_16_L40_S950003,LAW_16,276,5.814172244194801,5.814172244194801,5.814172244194801,NONE,False,219.02964423132605,40,56.97035576867397,1040
SRC_SINKSIDE,LAW_16_L40_S950003,LAW_16,276,5.814172244194801,5.814172244194801,5.814172244194801,NONE,False,218.368541554589,40,57.63145844541104,1296
SRC_SINKSIDE,LAW_16_L40_S950003,LAW_16,276,5.814172244194801,5.814172244194801,5.8141722441948005,NONE,False,217.81642342646305,40,58.183576573536754,1552
SRC_SINKSIDE,LAW_16_L40_S950003,LAW_16,276,5.814172244194801,5.814172244194801,5.814172244194803,NONE,False,217.34167722231956,40,58.658322777680354,1808
SRC_SINKSIDE,LAW_16_L40_S950003,LAW_16,276,5.814172244194801,5.814172244194801,5.814172244194801,NONE,False,216.92290015038358,40,59.077099849616424,2064
SRC_SINKSIDE,LAW_16_L40_S950003,LAW_16,276,5.814172244194801,5.814172244194801,5.8141722441948005,NONE,False,216.5470644331794,40,59.45293556682066,2320
SRC_SINKSIDE,LAW_16_L40_S950003,LAW_16,276,5.814172244194801,5.814172244194801,5.814172244194802,NONE,False,216.20555578145397,40,59.794444218546076,2576
SRC_SINKSIDE,LAW_16_L40_S950003,LAW_16,276,5.814172244194801,5.814172244194801,5.8141722441948005,NONE,False,215.89212752923106,40,60.1078724707691,2832
SRC_SINKSIDE,LAW_16_L40_S950003,LAW_16,276,5.814172244194801,5.814172244194801,5.814172244194801,NONE,False,215.60212194783776,40,60.39787805216231,3088
SRC_SINKSIDE,LAW_16_L40_S950003,LAW_16,276,5.814172244194801,5.814172244194801,5.8141722441948005,NONE,False,215.3319733205347,40,60.668026679465314,3344
SRC_SINKSIDE,LAW_16_L40_S950003,LAW_16,276,5.814172244194801,5.814172244194801,5.8141722441948005,NONE,False,215.0788898752046,40,60.921110124795305,3600
SRC_SINKSIDE,LAW_16_L40_S950003,LAW_16,276,5.814172244194801,5.814172244194801,5.814172244194801,NONE,False,214.84064553755775,40,61.15935446244226,3856
SRC_SINKSIDE,LAW_16_L40_S950003,LAW_16,276,5.814172244194801,5.814172244194801,5.814172244194802,NONE,False,214.61543480531455,40,61.38456519468518,4112
SRC_SINKSIDE,LAW_16_L40_S950003,LAW_16,276,5.814172244194801,5.814172244194801,5.814172244194802,NONE,False,214.40177240422062,40,61.59822759577946,4368
SRC_SINKSIDE,LAW_16_L40_S950003,LAW_16,276,5.814172244194801,5.814172244194801,5.814172244194801,NONE,False,214.19842091440688,40,61.80157908559311,4624
SRC_SINKSIDE,LAW_16_L40_S950003,LAW_16,276,5.814172244194801,5.814172244194801,5.814172244194801,NONE,False,214.00433776543602,40,61.995662234564364,4880
SRC_SINKSIDE,LAW_16_L40_S950003,LAW_16,276,5.814172244194801,5.814172244194801,5.814172244194802,NONE,False,213.81863549810987,40,62.18136450188994,5136
PARENT,LAW_16_L40_S950004,LAW_16,302,5.886251348232991,5.886251348232991,5.886251348232991,NONE,False,246.3335101029623,40,54.6955276731971,272
PARENT,LAW_16_L40_S950004,LAW_16,290,5.886251348232991,5.886251348232991,5.886251348232991,NONE,False,237.32103735600268,40,49.19809265874494,288
PARENT,LAW_16_L40_S950004,LAW_16,280,5.886251348232991,5.886251348232991,5.886251348232991,NONE,False,229.88229240017347,40,43.84417537086327,304
PARENT,LAW_16_L40_S950004,LAW_16,272,5.886251348232991,5.886251348232991,5.88625134823299,NONE,False,222.96188157458138,40,38.53227367996841,320
PARENT,LAW_16_L40_S950004,LAW_16,264,5.886251348232991,5.886251348232991,5.886251348232991,NONE,False,216.2930574681882,40,33.25617567527503,336
PARENT,LAW_16_L40_S950004,LAW_16,254,5.886251348232991,5.886251348232991,5.886251348232991,NONE,False,208.5397128509719,40,28.041128475666437,352
PARENT,LAW_16_L40_S950004,LAW_16,246,5.886251348232991,5.886251348232991,5.886251348232991,NONE,False,201.82537727610136,40,22.80650938140127,368
PARENT,LAW_16_L40_S950004,LAW_16,238,5.886251348232991,5.886251348232991,5.88625134823299,NONE,False,194.98045967506044,40,17.613591531075354,384
PARENT,LAW_16_L40_S950004,LAW_16,202,5.886251348232991,0.708559412610876,0.708559412610876,NONE,False,166.12814833128454,40,0.708559412610876,528
PARENT,LAW_16_L40_S950004,LAW_16,186,5.886251348232991,0.5061683158451641,0.5061683158451641,NONE,False,153.42274993773748,40,0.5061683158451641,784
PARENT,LAW_16_L40_S950004,LAW_16,170,5.886251348232991,0.4120443981835886,0.4120443981835886,NONE,False,141.59519594080595,40,0.4120443981835886,1040
PARENT,LAW_16_L40_S950004,LAW_16,154,5.886251348232991,0.3553291649007141,0.3553291649007141,NONE,False,129.85879568257945,40,0.3553291649007141,1296
PARENT,LAW_16_L40_S950004,LAW_16,147,5.886251348232991,0.31664613985797074,0.31664613985797074,NONE,False,123.86829287965587,40,0.31664613985797074,1552
PARENT,LAW_16_L40_S950004,LAW_16,138,5.886251348232991,0.2880316280934353,0.2880316280934353,NONE,False,116.48037376599811,40,0.2880316280934353,1808
PARENT,LAW_16_L40_S950004,LAW_16,129,5.886251348232991,0.26589625704242426,0.26589625704242426,NONE,False,109.72997314763575,40,0.26589625704242426,2064
PARENT,LAW_16_L40_S950004,LAW_16,124,5.886251348232991,0.24818834384157495,0.24818834384157495,NONE,False,105.34547960554367,40,0.24818834384157495,2320
PARENT,LAW_16_L40_S950004,LAW_16,118,5.886251348232991,0.23408517913374705,0.23408517913374705,NONE,False,100.04512121738263,40,0.23408517913374705,2576
PARENT,LAW_16_L40_S950004,LAW_16,111,5.886251348232991,0.22297317898764346,0.22297317898764346,NONE,False,94.84998752825564,40,0.22297317898764346,2832
PARENT,LAW_16_L40_S950004,LAW_16,105,5.886251348232991,0.2141029814186769,0.2141029814186769,NONE,False,90.39580077439771,40,0.2141029814186769,3088
PARENT,LAW_16_L40_S950004,LAW_16,100,5.886251348232991,0.20683620167145156,0.20683620167145156,NONE,False,85.7878521481107,40,0.20683620167145156,3344
PARENT,LAW_16_L40_S950004,LAW_16,96,5.886251348232991,0.20147353411438995,0.20147353411438995,NONE,False,82.25877805691263,40,0.20147353411438995,3600
PARENT,LAW_16_L40_S950004,LAW_16,94,5.886251348232991,0.1975057705246246,0.1975057705246246,NONE,False,79.61902746354343,40,0.1975057705246246,3856
PARENT,LAW_16_L40_S950004,LAW_16,90,5.886251348232991,0.1945139602961662,0.1945139602961662,NONE,False,76.242926738214,40,0.1945139602961662,4112
PARENT,LAW_16_L40_S950004,LAW_16,87,5.886251348232991,0.19199545211466806,0.19199545211466806,NONE,False,73.19629256096283,40,0.19199545211466806,4368
PARENT,LAW_16_L40_S950004,LAW_16,83,5.886251348232991,0.18990368313529382,0.18990368313529382,NONE,False,69.78974464470193,40,0.18990368313529382,4624
PARENT,LAW_16_L40_S950004,LAW_16,78,5.886251348232991,0.1880886302739153,0.1880886302739153,NONE,False,66.02209353393526,40,0.1880886302739153,4880
PARENT,LAW_16_L40_S950004,LAW_16,75,5.886251348232991,0.18751080072329362,0.18751080072329362,NONE,False,63.237039022740404,40,0.18751080072329362,5136
SRC_SINKSIDE,LAW_16_L40_S950004,LAW_16,302,5.886251348232991,5.886251348232991,5.886251348232991,NONE,False,246.3335101029623,40,55.66648989703765,272
SRC_SINKSIDE,LAW_16_L40_S950004,LAW_16,299,5.886251348232991,5.886251348232991,5.886251348232991,NONE,False,244.8947180209918,40,54.105281979007955,288
SRC_SINKSIDE,LAW_16_L40_S950004,LAW_16,299,5.886251348232991,5.886251348232991,5.886251348232991,NONE,False,245.22317192669715,40,53.776828073302795,304
SRC_SINKSIDE,LAW_16_L40_S950004,LAW_16,299,5.886251348232991,5.886251348232991,5.8862513482329915,NONE,False,245.23245982335868,40,53.76754017664135,320
SRC_SINKSIDE,LAW_16_L40_S950004,LAW_16,299,5.886251348232991,5.886251348232991,5.886251348232991,NONE,False,245.00573887905335,40,53.9942611209466,336
SRC_SINKSIDE,LAW_16_L40_S950004,LAW_16,300,5.886251348232991,5.886251348232991,5.88625134823299,NONE,False,245.28735711457267,40,54.71264288542721,352
SRC_SINKSIDE,LAW_16_L40_S950004,LAW_16,300,5.886251348232991,5.886251348232991,5.886251348232991,NONE,False,245.22337261325177,40,54.7766273867482,368
SRC_SINKSIDE,LAW_16_L40_S950004,LAW_16,300,5.886251348232991,5.886251348232991,5.886251348232991,NONE,False,245.05139235928633,40,54.948607640713746,384
SRC_SINKSIDE,LAW_16_L40_S950004,LAW_16,300,5.886251348232991,5.886251348232991,5.8862513482329915,NONE,False,244.11953002708333,40,55.88046997291674,528
SRC_SINKSIDE,LAW_16_L40_S950004,LAW_16,300,5.886251348232991,5.886251348232991,5.886251348232991,NONE,False,242.94240122024084,40,57.05759877975908,784
SRC_SINKSIDE,LAW_16_L40_S950004,LAW_16,300,5.886251348232991,5.886251348232991,5.88625134823299,NONE,False,242.10329616125614,40,57.89670383874376,1040
SRC_SINKSIDE,LAW_16_L40_S950004,LAW_16,300,5.886251348232991,5.886251348232991,5.886251348232991,NONE,False,241.45229922921155,40,58.54770077078868,1296
SRC_SINKSIDE,LAW_16_L40_S950004,LAW_16,300,5.886251348232991,5.886251348232991,5.8862513482329915,NONE,False,240.92941579456655,40,59.07058420543342,1552
SRC_SINKSIDE,LAW_16_L40_S950004,LAW_16,300,5.886251348232991,5.886251348232991,5.88625134823299,NONE,False,240.5029943418895,40,59.49700565811045,1808
SRC_SINKSIDE,LAW_16_L40_S950004,LAW_16,300,5.886251348232991,5.886251348232991,5.886251348232991,NONE,False,240.15386506536078,40,59.846134934639096,2064
SRC_SINKSIDE,LAW_16_L40_S950004,LAW_16,300,5.886251348232991,5.886251348232991,5.886251348232992,NONE,False,239.86625367065824,40,60.13374632934181,2320
SRC_SINKSIDE,LAW_16_L40_S950004,LAW_16,300,5.886251348232991,5.886251348232991,5.886251348232991,NONE,False,239.61536449843365,40,60.38463550156635,2576
SRC_SINKSIDE,LAW_16_L40_S950004,LAW_16,300,5.886251348232991,5.886251348232991,5.886251348232991,NONE,False,239.39294193226206,40,60.60705806773783,2832
SRC_SINKSIDE,LAW_16_L40_S950004,LAW_16,300,5.886251348232991,5.886251348232991,5.886251348232991,NONE,False,239.19383109294048,40,60.80616890705954,3088
SRC_SINKSIDE,LAW_16_L40_S950004,LAW_16,300,5.886251348232991,5.886251348232991,5.886251348232991,NONE,False,239.0141744995678,40,60.98582550043237,3344
SRC_SINKSIDE,LAW_16_L40_S950004,LAW_16,300,5.886251348232991,5.886251348232991,5.886251348232991,NONE,False,238.8510943914532,40,61.14890560854682,3600
SRC_SINKSIDE,LAW_16_L40_S950004,LAW_16,300,5.886251348232991,5.886251348232991,5.88625134823299,NONE,False,238.70230599311034,40,61.29769400688953,3856
SRC_SINKSIDE,LAW_16_L40_S950004,LAW_16,300,5.886251348232991,5.886251348232991,5.8862513482329915,NONE,False,238.56593891316652,40,61.4340610868338,4112
SRC_SINKSIDE,LAW_16_L40_S950004,LAW_16,300,5.886251348232991,5.886251348232991,5.886251348232991,NONE,False,238.44042395774727,40,61.55957604225277,4368
SRC_SINKSIDE,LAW_16_L40_S950004,LAW_16,300,5.886251348232991,5.886251348232991,5.8862513482329915,NONE,False,238.32348508282595,40,61.67651491717402,4624
SRC_SINKSIDE,LAW_16_L40_S950004,LAW_16,300,5.886251348232991,5.886251348232991,5.886251348232991,NONE,False,238.21342590563503,40,61.78657409436496,4880
SRC_SINKSIDE,LAW_16_L40_S950004,LAW_16,300,5.886251348232991,5.886251348232991,5.88625134823299,NONE,False,238.10946996926538,40,61.89053003073462,5136
PARENT,LAW_16_L40_S950005,LAW_16,299,5.833742418917961,5.833742418917961,5.83374241891796,NONE,False,237.72903711168644,40,54.29029511145291,272
PARENT,LAW_16_L40_S950005,LAW_16,286,5.833742418917961,5.833742418917961,5.833742418917961,NONE,False,229.11986261766933,40,48.81156343719157,288
PARENT,LAW_16_L40_S950005,LAW_16,276,5.833742418917961,5.833742418917961,5.833742418917962,NONE,False,221.77032396845135,40,43.48730333315227,304
PARENT,LAW_16_L40_S950005,LAW_16,268,5.833742418917961,5.833742418917961,5.833742418917961,NONE,False,214.89124544923354,40,38.23505686288254,320
PARENT,LAW_16_L40_S950005,LAW_16,259,5.833742418917961,5.833742418917961,5.833742418917961,NONE,False,208.37887447929802,40,33.04098580988242,336
PARENT,LAW_16_L40_S950005,LAW_16,251,5.833742418917961,5.833742418917961,5.833742418917961,NONE,False,201.5169973060126,40,27.862849332048906,352
PARENT,LAW_16_L40_S950005,LAW_16,242,5.833742418917961,5.833742418917961,5.833742418917961,NONE,False,194.66681366073664,40,22.69210191591611,368
PARENT,LAW_16_L40_S950005,LAW_16,234,5.833742418917961,5.833742418917961,5.833742418917961,NONE,False,187.8638448506011,40,17.51745627721938,384
PARENT,LAW_16_L40_S950005,LAW_16,196,5.833742418917961,0.7477803821670498,0.7477803821670498,NONE,False,158.4972717066325,40,0.7477803821670498,528
PARENT,LAW_16_L40_S950005,LAW_16,178,5.833742418917961,0.5292699511675057,0.5292699511675057,NONE,False,145.30719791459066,40,0.5292699511675057,784
PARENT,LAW_16_L40_S950005,LAW_16,162,5.833742418917961,0.42940639187778273,0.42940639187778273,NONE,False,133.32742706232955,40,0.42940639187778273,1040
PARENT,LAW_16_L40_S950005,LAW_16,147,5.833742418917961,0.36984472439697735,0.36984472439697735,NONE,False,122.55999419895012,40,0.36984472439697735,1296
PARENT,LAW_16_L40_S950005,LAW_16,136,5.833742418917961,0.3292416186412601,0.3292416186412601,NONE,False,113.81894554522243,40,0.3292416186412601,1552
PARENT,LAW_16_L40_S950005,LAW_16,124,5.833742418917961,0.29901239363056753,0.29901239363056753,NONE,False,105.36222529499682,40,0.29901239363056753,1808
PARENT,LAW_16_L40_S950005,LAW_16,118,5.833742418917961,0.27525461871933055,0.27525461871933055,NONE,False,99.84331359200098,40,0.27525461871933055,2064
PARENT,LAW_16_L40_S950005,LAW_16,112,5.833742418917961,0.25653530525529944,0.25653530525529944,NONE,False,95.1375912870973,40,0.25653530525529944,2320
PARENT,LAW_16_L40_S950005,LAW_16,104,5.833742418917961,0.24204790133327025,0.24204790133327025,NONE,False,88.9413215037449,40,0.24204790133327025,2576
PARENT,LAW_16_L40_S950005,LAW_16,98,5.833742418917961,0.23064435786441728,0.23064435786441728,NONE,False,84.24293094423432,40,0.23064435786441728,2832
PARENT,LAW_16_L40_S950005,LAW_16,93,5.833742418917961,0.2221733568689499,0.2221733568689499,NONE,False,79.814269386639,40,0.2221733568689499,3088
PARENT,LAW_16_L40_S950005,LAW_16,90,5.833742418917961,0.21613308039419032,0.21613308039419032,NONE,False,76.3703907011895,40,0.21613308039419032,3344
PARENT,LAW_16_L40_S950005,LAW_16,83,5.833742418917961,0.21148907612087386,0.21148907612087386,NONE,False,70.89132561984654,40,0.21148907612087386,3600
PARENT,LAW_16_L40_S950005,LAW_16,80,5.833742418917961,0.2078388818650202,0.2078388818650202,NONE,False,68.35474358194574,40,0.2078388818650202,3856
PARENT,LAW_16_L40_S950005,LAW_16,80,5.833742418917961,0.20498462320674804,0.20498462320674804,NONE,False,66.34508402516511,40,0.20498462320674804,4112
PARENT,LAW_16_L40_S950005,LAW_16,74,5.833742418917961,0.20389558770191396,0.20389558770191396,NONE,False,62.099935324320285,40,0.20389558770191396,4368
PARENT,LAW_16_L40_S950005,LAW_16,70,5.833742418917961,0.2036930258186732,0.2036930258186732,NONE,False,58.72771513810869,40,0.2036930258186732,4624
PARENT,LAW_16_L40_S950005,LAW_16,67,5.833742418917961,0.20368639060341798,0.20368639060341798,NONE,False,56.072702195715394,40,0.20368639060341798,4880
PARENT,LAW_16_L40_S950005,LAW_16,66,5.833742418917961,0.20412283201178694,0.20412283201178694,NONE,False,54.21666382076703,40,0.20412283201178694,5136
SRC_SINKSIDE,LAW_16_L40_S950005,LAW_16,299,5.833742418917961,5.833742418917961,5.83374241891796,NONE,False,237.72903711168644,40,61.27096288831348,272
SRC_SINKSIDE,LAW_16_L40_S950005,LAW_16,295,5.833742418917961,5.833742418917961,5.83374241891796,NONE,False,236.30799638596062,40,58.69200361403941,288
SRC_SINKSIDE,LAW_16_L40_S950005,LAW_16,295,5.833742418917961,5.833742418917961,5.83374241891796,NONE,False,236.03053318451296,40,58.96946681548686,304
SRC_SINKSIDE,LAW_16_L40_S950005,LAW_16,296,5.833742418917961,5.833742418917961,5.833742418917962,NONE,False,236.3032222713561,40,59.696777728643966,320
SRC_SINKSIDE,LAW_16_L40_S950005,LAW_16,295,5.833742418917961,5.833742418917961,5.833742418917962,NONE,False,235.56379061581788,40,59.43620938418222,336
SRC_SINKSIDE,LAW_16_L40_S950005,LAW_16,297,5.833742418917961,5.833742418917961,5.833742418917961,NONE,False,236.1467944939719,40,60.8532055060281,352
SRC_SINKSIDE,LAW_16_L40_S950005,LAW_16,297,5.833742418917961,5.833742418917961,5.833742418917962,NONE,False,235.94272734026077,40,61.057272659739155,368
SRC_SINKSIDE,LAW_16_L40_S950005,LAW_16,297,5.833742418917961,5.833742418917961,5.833742418917962,NONE,False,235.83326956032204,40,61.166730439678034,384
SRC_SINKSIDE,LAW_16_L40_S950005,LAW_16,297,5.833742418917961,5.833742418917961,5.833742418917961,NONE,False,234.52746958826967,40,62.47253041173019,528
SRC_SINKSIDE,LAW_16_L40_S950005,LAW_16,297,5.833742418917961,5.833742418917961,5.833742418917961,NONE,False,233.1050191792348,40,63.894980820765014,784
SRC_SINKSIDE,LAW_16_L40_S950005,LAW_16,296,5.833742418917961,5.833742418917961,5.8337424189179625,NONE,False,231.6421951294635,40,64.35780487053651,1040
SRC_SINKSIDE,LAW_16_L40_S950005,LAW_16,297,5.833742418917961,5.833742418917961,5.833742418917959,NONE,False,231.28503364948725,40,65.71496635051282,1296
SRC_SINKSIDE,LAW_16_L40_S950005,LAW_16,296,5.833742418917961,5.833742418917961,5.83374241891796,NONE,False,230.19492782168766,40,65.80507217831243,1552
SRC_SINKSIDE,LAW_16_L40_S950005,LAW_16,296,5.833742418917961,5.833742418917961,5.833742418917961,NONE,False,229.6614919345463,40,66.33850806545378,1808
SRC_SINKSIDE,LAW_16_L40_S950005,LAW_16,296,5.833742418917961,5.833742418917961,5.833742418917962,NONE,False,229.20583447834764,40,66.79416552165246,2064
SRC_SINKSIDE,LAW_16_L40_S950005,LAW_16,296,5.833742418917961,5.833742418917961,5.833742418917961,NONE,False,228.8085242969184,40,67.19147570308164,2320
SRC_SINKSIDE,LAW_16_L40_S950005,LAW_16,296,5.833742418917961,5.833742418917961,5.833742418917961,NONE,False,228.45855272429125,40,67.54144727570885,2576
SRC_SINKSIDE,LAW_16_L40_S950005,LAW_16,297,5.833742418917961,5.833742418917961,5.833742418917961,NONE,False,228.60911652077888,40,68.39088347922115,2832
SRC_SINKSIDE,LAW_16_L40_S950005,LAW_16,297,5.833742418917961,5.833742418917961,5.833742418917961,NONE,False,228.3526045571756,40,68.6473954428243,3088
SRC_SINKSIDE,LAW_16_L40_S950005,LAW_16,297,5.833742418917961,5.833742418917961,5.833742418917961,NONE,False,228.1243178523978,40,68.87568214760215,3344
SRC_SINKSIDE,LAW_16_L40_S950005,LAW_16,297,5.833742418917961,5.833742418917961,5.833742418917961,NONE,False,227.92006853322886,40,69.07993146677079,3600
SRC_SINKSIDE,LAW_16_L40_S950005,LAW_16,297,5.833742418917961,5.833742418917961,5.83374241891796,NONE,False,227.73649410606114,40,69.26350589393888,3856
SRC_SINKSIDE,LAW_16_L40_S950005,LAW_16,297,5.833742418917961,5.833742418917961,5.833742418917962,NONE,False,227.57118694173062,40,69.42881305826931,4112
SRC_SINKSIDE,LAW_16_L40_S950005,LAW_16,297,5.833742418917961,5.833742418917961,5.83374241891796,NONE,False,227.4219033793077,40,69.57809662069224,4368
SRC_SINKSIDE,LAW_16_L40_S950005,LAW_16,297,5.833742418917961,5.833742418917961,5.833742418917961,NONE,False,227.28593822644498,40,69.71406177355506,4624
SRC_SINKSIDE,LAW_16_L40_S950005,LAW_16,297,5.833742418917961,5.833742418917961,5.833742418917961,NONE,False,227.16150437722848,40,69.83849562277148,4880
SRC_SINKSIDE,LAW_16_L40_S950005,LAW_16,296,5.833742418917961,5.833742418917961,5.83374241891796,NONE,False,226.5990241585214,40,69.40097584147871,5136
PARENT,LAW_16_L40_S950006,LAW_16,282,5.832233402900748,5.832233402900748,5.832233402900749,NONE,False,227.85585198044592,40,58.54405678020114,272
PARENT,LAW_16_L40_S950006,LAW_16,273,5.832233402900748,5.832233402900748,5.832233402900749,NONE,False,220.31785720043916,40,53.17022088755914,288
PARENT,LAW_16_L40_S950006,LAW_16,263,5.832233402900748,5.832233402900748,5.83223340290075,NONE,False,213.32270448328805,40,47.91281578421879,304
PARENT,LAW_16_L40_S950006,LAW_16,254,5.832233402900748,5.832233402900748,5.832233402900749,NONE,False,206.10161574940128,40,42.6732950053445,320
PARENT,LAW_16_L40_S950006,LAW_16,245,5.832233402900748,5.832233402900748,5.832233402900748,NONE,False,199.2704068180824,40,37.54348227636419,336
PARENT,LAW_16_L40_S950006,LAW_16,237,5.832233402900748,5.832233402900748,5.832233402900748,NONE,False,192.44062729814488,40,32.45403143897829,352
PARENT,LAW_16_L40_S950006,LAW_16,229,5.832233402900748,5.832233402900748,5.832233402900749,NONE,False,185.80453373784118,40,27.366530051807654,368
PARENT,LAW_16_L40_S950006,LAW_16,220,5.832233402900748,5.832233402900748,5.832233402900749,NONE,False,178.67562192157823,40,22.281973556295288,384
PARENT,LAW_16_L40_S950006,LAW_16,178,5.832233402900748,0.7743216648521967,0.7743216648521967,NONE,False,144.87307044116733,40,0.7743216648521967,528
PARENT,LAW_16_L40_S950006,LAW_16,162,5.832233402900748,0.5435097239905787,0.5435097239905787,NONE,False,132.2369855817733,40,0.5435097239905787,784
PARENT,LAW_16_L40_S950006,LAW_16,145,5.832233402900748,0.43833225101072815,0.43833225101072815,NONE,False,119.9570999605621,40,0.43833225101072815,1040
PARENT,LAW_16_L40_S950006,LAW_16,129,5.832233402900748,0.37551788148010223,0.37551788148010223,NONE,False,108.51852542755636,40,0.37551788148010223,1296
PARENT,LAW_16_L40_S950006,LAW_16,120,5.832233402900748,0.3323002622846173,0.3323002622846173,NONE,False,99.95508969602842,40,0.3323002622846173,1552
PARENT,LAW_16_L40_S950006,LAW_16,111,5.832233402900748,0.3003926357680522,0.3003926357680522,NONE,False,93.3773252486981,40,0.3003926357680522,1808
PARENT,LAW_16_L40_S950006,LAW_16,100,5.832233402900748,0.2766271582301312,0.2766271582301312,NONE,False,85.57153945230283,40,0.2766271582301312,2064
PARENT,LAW_16_L40_S950006,LAW_16,93,5.832233402900748,0.25878231685228914,0.25878231685228914,NONE,False,79.88911357084314,40,0.25878231685228914,2320
PARENT,LAW_16_L40_S950006,LAW_16,89,5.832233402900748,0.24610707821360545,0.24610707821360545,NONE,False,75.74650134957963,40,0.24610707821360545,2576
PARENT,LAW_16_L40_S950006,LAW_16,84,5.832233402900748,0.23716670822416308,0.23716670822416308,NONE,False,71.509608828469,40,0.23716670822416308,2832
PARENT,LAW_16_L40_S950006,LAW_16,83,5.832233402900748,0.23019719469006472,0.23019719469006472,NONE,False,68.87975513849878,40,0.23019719469006472,3088
PARENT,LAW_16_L40_S950006,LAW_16,74,5.832233402900748,0.22531926514196232,0.22531926514196232,NONE,False,62.636491119148246,40,0.22531926514196232,3344
PARENT,LAW_16_L40_S950006,LAW_16,72,5.832233402900748,0.22311071210202404,0.22311071210202404,NONE,False,59.930724444397654,40,0.22311071210202404,3600
PARENT,LAW_16_L40_S950006,LAW_16,66,5.832233402900748,0.2216059086907909,0.2216059086907909,NONE,False,55.390196223170186,40,0.2216059086907909,3856
PARENT,LAW_16_L40_S950006,LAW_16,63,5.832233402900748,0.22078891030634096,0.22078891030634096,NONE,False,52.699328691639025,40,0.22078891030634096,4112
PARENT,LAW_16_L40_S950006,LAW_16,63,5.832233402900748,0.22059591746638474,0.22059591746638474,NONE,False,51.06941823299275,40,0.22059591746638474,4368
PARENT,LAW_16_L40_S950006,LAW_16,54,5.832233402900748,0.21988256429353403,0.21988256429353403,NONE,False,45.30775032253455,40,0.21988256429353403,4624
PARENT,LAW_16_L40_S950006,LAW_16,53,5.832233402900748,0.22141226771362432,0.22141226771362432,NONE,False,43.53904424907262,40,0.22141226771362432,4880
PARENT,LAW_16_L40_S950006,LAW_16,52,5.832233402900748,0.22752646968540136,0.22752646968540136,NONE,False,41.90672061393616,40,0.22752646968540136,5136
SRC_SINKSIDE,LAW_16_L40_S950006,LAW_16,282,5.832233402900748,5.832233402900748,5.832233402900749,NONE,False,227.85585198044592,40,54.14414801955407,272
SRC_SINKSIDE,LAW_16_L40_S950006,LAW_16,279,5.832233402900748,5.832233402900748,5.832233402900749,NONE,False,226.4777839753998,40,52.522216024600276,288
SRC_SINKSIDE,LAW_16_L40_S950006,LAW_16,279,5.832233402900748,5.832233402900748,5.832233402900748,NONE,False,226.58454248343662,40,52.415457516563364,304
SRC_SINKSIDE,LAW_16_L40_S950006,LAW_16,278,5.832233402900748,5.832233402900748,5.832233402900748,NONE,False,225.92451255489775,40,52.075487445102205,320
SRC_SINKSIDE,LAW_16_L40_S950006,LAW_16,278,5.832233402900748,5.832233402900748,5.83223340290075,NONE,False,226.03283709627433,40,51.967162903725765,336
SRC_SINKSIDE,LAW_16_L40_S950006,LAW_16,278,5.832233402900748,5.832233402900748,5.832233402900747,NONE,False,225.83224457209235,40,52.167755427907665,352
SRC_SINKSIDE,LAW_16_L40_S950006,LAW_16,278,5.832233402900748,5.832233402900748,5.832233402900749,NONE,False,225.66596646203203,40,52.334033537967976,368
SRC_SINKSIDE,LAW_16_L40_S950006,LAW_16,278,5.832233402900748,5.832233402900748,5.832233402900748,NONE,False,225.50022511173248,40,52.49977488826727,384
SRC_SINKSIDE,LAW_16_L40_S950006,LAW_16,280,5.832233402900748,5.832233402900748,5.832233402900747,NONE,False,225.41740266199912,40,54.58259733800087,528
SRC_SINKSIDE,LAW_16_L40_S950006,LAW_16,281,5.832233402900748,5.832233402900748,5.832233402900748,NONE,False,224.61754340121135,40,56.38245659878849,784
SRC_SINKSIDE,LAW_16_L40_S950006,LAW_16,281,5.832233402900748,5.832233402900748,5.832233402900749,NONE,False,223.72344865956802,40,57.27655134043208,1040
SRC_SINKSIDE,LAW_16_L40_S950006,LAW_16,281,5.832233402900748,5.832233402900748,5.832233402900747,NONE,False,223.0540036437875,40,57.94599635621249,1296
SRC_SINKSIDE,LAW_16_L40_S950006,LAW_16,281,5.832233402900748,5.832233402900748,5.832233402900748,NONE,False,222.506915321,40,58.49308467899989,1552
SRC_SINKSIDE,LAW_16_L40_S950006,LAW_16,281,5.832233402900748,5.832233402900748,5.832233402900748,NONE,False,222.04332596412326,40,58.95667403587678,1808
SRC_SINKSIDE,LAW_16_L40_S950006,LAW_16,281,5.832233402900748,5.832233402900748,5.832233402900747,NONE,False,221.64098679202178,40,59.359013207978215,2064
SRC_SINKSIDE,LAW_16_L40_S950006,LAW_16,281,5.832233402900748,5.832233402900748,5.832233402900748,NONE,False,221.28547157664062,40,59.71452842335939,2320
SRC_SINKSIDE,LAW_16_L40_S950006,LAW_16,281,5.832233402900748,5.832233402900748,5.832233402900748,NONE,False,220.96682246316192,40,60.03317753683795,2576
SRC_SINKSIDE,LAW_16_L40_S950006,LAW_16,281,5.832233402900748,5.832233402900748,5.832233402900748,NONE,False,220.67788449574962,40,60.32211550425034,2832
SRC_SINKSIDE,LAW_16_L40_S950006,LAW_16,281,5.832233402900748,5.832233402900748,5.832233402900746,NONE,False,220.41335596514674,40,60.58664403485319,3088
SRC_SINKSIDE,LAW_16_L40_S950006,LAW_16,281,5.832233402900748,5.832233402900748,5.832233402900748,NONE,False,220.16921076332738,40,60.8307892366726,3344
SRC_SINKSIDE,LAW_16_L40_S950006,LAW_16,281,5.832233402900748,5.832233402900748,5.832233402900748,NONE,False,219.9423296423436,40,61.05767035765626,3600
SRC_SINKSIDE,LAW_16_L40_S950006,LAW_16,281,5.832233402900748,5.832233402900748,5.832233402900747,NONE,False,219.730253431396,40,61.269746568603914,3856
SRC_SINKSIDE,LAW_16_L40_S950006,LAW_16,281,5.832233402900748,5.832233402900748,5.832233402900748,NONE,False,219.53100757298083,40,61.468992427019174,4112
SRC_SINKSIDE,LAW_16_L40_S950006,LAW_16,281,5.832233402900748,5.832233402900748,5.832233402900747,NONE,False,219.34298317340745,40,61.65701682659237,4368
SRC_SINKSIDE,LAW_16_L40_S950006,LAW_16,281,5.832233402900748,5.832233402900748,5.832233402900749,NONE,False,219.16485402629158,40,61.8351459737086,4624
SRC_SINKSIDE,LAW_16_L40_S950006,LAW_16,281,5.832233402900748,5.832233402900748,5.832233402900748,NONE,False,218.99551440971916,40,62.00448559028086,4880
SRC_SINKSIDE,LAW_16_L40_S950006,LAW_16,281,5.832233402900748,5.832233402900748,5.832233402900749,NONE,False,218.83403243356523,40,62.1659675664346,5136
PARENT,LAW_16_L40_S950007,LAW_16,288,5.778421831004356,5.778421831004356,5.778421831004356,NONE,False,231.8499181067511,40,61.83174789370252,272
PARENT,LAW_16_L40_S950007,LAW_16,277,5.778421831004356,5.778421831004356,5.778421831004358,NONE,False,223.5793400729168,40,56.43521736744942,288
PARENT,LAW_16_L40_S950007,LAW_16,268,5.778421831004356,5.778421831004356,5.778421831004358,NONE,False,216.5555345216815,40,51.14124977962196,304
PARENT,LAW_16_L40_S950007,LAW_16,259,5.778421831004356,5.778421831004356,5.778421831004356,NONE,False,210.0137832438765,40,45.899395447725055,320
PARENT,LAW_16_L40_S950007,LAW_16,251,5.778421831004356,5.778421831004356,5.778421831004355,NONE,False,202.93271951346313,40,40.74632238919301,336
PARENT,LAW_16_L40_S950007,LAW_16,243,5.778421831004356,5.778421831004356,5.778421831004356,NONE,False,196.62680341929743,40,35.597832357652955,352
PARENT,LAW_16_L40_S950007,LAW_16,235,5.778421831004356,5.778421831004356,5.778421831004356,NONE,False,189.39311388503745,40,30.471061747467886,368
PARENT,LAW_16_L40_S950007,LAW_16,227,5.778421831004356,5.778421831004356,5.778421831004357,NONE,False,182.9190878005994,40,25.357381088808175,384
PARENT,LAW_16_L40_S950007,LAW_16,179,5.778421831004356,0.7464273676702022,0.7464273676702022,NONE,False,144.79587908646783,40,0.7464273676702022,528
PARENT,LAW_16_L40_S950007,LAW_16,162,5.778421831004356,0.5271485065100618,0.5271485065100618,NONE,False,131.76877982394697,40,0.5271485065100618,784
PARENT,LAW_16_L40_S950007,LAW_16,146,5.778421831004356,0.4259900086474996,0.4259900086474996,NONE,False,120.0822312960658,40,0.4259900086474996,1040
PARENT,LAW_16_L40_S950007,LAW_16,130,5.778421831004356,0.36537915185950687,0.36537915185950687,NONE,False,108.85015583063318,40,0.36537915185950687,1296
PARENT,LAW_16_L40_S950007,LAW_16,121,5.778421831004356,0.32373781032161,0.32373781032161,NONE,False,101.38994554602601,40,0.32373781032161,1552
PARENT,LAW_16_L40_S950007,LAW_16,111,5.778421831004356,0.2929696372212838,0.2929696372212838,NONE,False,93.55294897714334,40,0.2929696372212838,1808
PARENT,LAW_16_L40_S950007,LAW_16,104,5.778421831004356,0.26990766515108955,0.26990766515108955,NONE,False,88.24327545816968,40,0.26990766515108955,2064
PARENT,LAW_16_L40_S950007,LAW_16,96,5.778421831004356,0.25258881752132156,0.25258881752132156,NONE,False,81.88182425505464,40,0.25258881752132156,2320
PARENT,LAW_16_L40_S950007,LAW_16,90,5.778421831004356,0.24009289981441284,0.24009289981441284,NONE,False,76.74096561580791,40,0.24009289981441284,2576
PARENT,LAW_16_L40_S950007,LAW_16,86,5.778421831004356,0.2313081097602352,0.2313081097602352,NONE,False,72.96408030481139,40,0.2313081097602352,2832
PARENT,LAW_16_L40_S950007,LAW_16,84,5.778421831004356,0.2244449358051247,0.2244449358051247,NONE,False,69.65215856398231,40,0.2244449358051247,3088
PARENT,LAW_16_L40_S950007,LAW_16,76,5.778421831004356,0.21959573961029255,0.21959573961029255,NONE,False,64.5831134554458,40,0.21959573961029255,3344
PARENT,LAW_16_L40_S950007,LAW_16,81,5.778421831004356,0.2170972599429678,0.2170972599429678,NONE,False,64.62718027253338,40,0.2170972599429678,3600
PARENT,LAW_16_L40_S950007,LAW_16,69,5.778421831004356,0.21547384473695474,0.21547384473695474,NONE,False,57.821710010840974,40,0.21547384473695474,3856
PARENT,LAW_16_L40_S950007,LAW_16,68,5.778421831004356,0.2149610645967598,0.2149610645967598,NONE,False,55.70515782312518,40,0.2149610645967598,4112
PARENT,LAW_16_L40_S950007,LAW_16,63,5.778421831004356,0.2146295651286968,0.2146295651286968,NONE,False,51.74425704436552,40,0.2146295651286968,4368
PARENT,LAW_16_L40_S950007,LAW_16,59,5.778421831004356,0.2139526363204709,0.2139526363204709,NONE,False,49.00174966965242,40,0.2139526363204709,4624
PARENT,LAW_16_L40_S950007,LAW_16,54,5.778421831004356,0.21369866465453558,0.21369866465453558,NONE,False,44.78649116898359,40,0.21369866465453558,4880
PARENT,LAW_16_L40_S950007,LAW_16,51,5.778421831004356,0.21734275617614462,0.21734275617614462,NONE,False,42.133428116487245,40,0.21734275617614462,5136
SRC_SINKSIDE,LAW_16_L40_S950007,LAW_16,288,5.778421831004356,5.778421831004356,5.778421831004356,NONE,False,231.8499181067511,40,56.15008189324887,272
SRC_SINKSIDE,LAW_16_L40_S950007,LAW_16,285,5.778421831004356,5.778421831004356,5.778421831004356,NONE,False,230.39769626162249,40,54.60230373837753,288
SRC_SINKSIDE,LAW_16_L40_S950007,LAW_16,284,5.778421831004356,5.778421831004356,5.778421831004356,NONE,False,230.33965629731821,40,53.660343702681494,304
SRC_SINKSIDE,LAW_16_L40_S950007,LAW_16,283,5.778421831004356,5.778421831004356,5.778421831004357,NONE,False,230.00265753374313,40,52.9973424662568,320
SRC_SINKSIDE,LAW_16_L40_S950007,LAW_16,282,5.778421831004356,5.778421831004356,5.778421831004355,NONE,False,229.52778860602226,40,52.472211393977574,336
SRC_SINKSIDE,LAW_16_L40_S950007,LAW_16,281,5.778421831004356,5.778421831004356,5.778421831004356,NONE,False,229.02907379349492,40,51.97092620650525,352
SRC_SINKSIDE,LAW_16_L40_S950007,LAW_16,280,5.778421831004356,5.778421831004356,5.778421831004356,NONE,False,228.55988228593284,40,51.440117714067135,368
SRC_SINKSIDE,LAW_16_L40_S950007,LAW_16,279,5.778421831004356,5.778421831004356,5.778421831004357,NONE,False,228.10747604613852,40,50.89252395386159,384
SRC_SINKSIDE,LAW_16_L40_S950007,LAW_16,280,5.778421831004356,5.778421831004356,5.778421831004355,NONE,False,227.58571748312477,40,52.41428251687539,528
SRC_SINKSIDE,LAW_16_L40_S950007,LAW_16,283,5.778421831004356,5.778421831004356,5.778421831004355,NONE,False,227.82170054353693,40,55.178299456463016,784
SRC_SINKSIDE,LAW_16_L40_S950007,LAW_16,284,5.778421831004356,5.778421831004356,5.778421831004357,NONE,False,227.29416417273632,40,56.70583582726374,1040
SRC_SINKSIDE,LAW_16_L40_S950007,LAW_16,287,5.778421831004356,5.778421831004356,5.778421831004357,NONE,False,227.8137647672923,40,59.18623523270778,1296
SRC_SINKSIDE,LAW_16_L40_S950007,LAW_16,287,5.778421831004356,5.778421831004356,5.778421831004357,NONE,False,227.08997161582693,40,59.910028384173025,1552
SRC_SINKSIDE,LAW_16_L40_S950007,LAW_16,287,5.778421831004356,5.778421831004356,5.778421831004356,NONE,False,226.52430855834444,40,60.475691441655385,1808
SRC_SINKSIDE,LAW_16_L40_S950007,LAW_16,287,5.778421831004356,5.778421831004356,5.778421831004357,NONE,False,226.05883691045815,40,60.941163089541654,2064
SRC_SINKSIDE,LAW_16_L40_S950007,LAW_16,287,5.778421831004356,5.778421831004356,5.778421831004356,NONE,False,225.66658721879062,40,61.333412781209326,2320
SRC_SINKSIDE,LAW_16_L40_S950007,LAW_16,286,5.778421831004356,5.778421831004356,5.778421831004357,NONE,False,224.88752295698112,40,61.11247704301882,2576
SRC_SINKSIDE,LAW_16_L40_S950007,LAW_16,286,5.778421831004356,5.778421831004356,5.778421831004356,NONE,False,224.62601247358927,40,61.37398752641066,2832
SRC_SINKSIDE,LAW_16_L40_S950007,LAW_16,286,5.778421831004356,5.778421831004356,5.778421831004356,NONE,False,224.4092660814015,40,61.590733918598396,3088
SRC_SINKSIDE,LAW_16_L40_S950007,LAW_16,286,5.778421831004356,5.778421831004356,5.778421831004356,NONE,False,224.22647896189636,40,61.7735210381035,3344
SRC_SINKSIDE,LAW_16_L40_S950007,LAW_16,285,5.778421831004356,5.778421831004356,5.778421831004356,NONE,False,223.6233963380018,40,61.376603661998146,3600
SRC_SINKSIDE,LAW_16_L40_S950007,LAW_16,285,5.778421831004356,5.778421831004356,5.778421831004357,NONE,False,223.49420214258444,40,61.50579785741569,3856
SRC_SINKSIDE,LAW_16_L40_S950007,LAW_16,285,5.778421831004356,5.778421831004356,5.778421831004357,NONE,False,223.38033482863077,40,61.61966517136941,4112
SRC_SINKSIDE,LAW_16_L40_S950007,LAW_16,285,5.778421831004356,5.778421831004356,5.778421831004357,NONE,False,223.27808029754755,40,61.72191970245248,4368
SRC_SINKSIDE,LAW_16_L40_S950007,LAW_16,285,5.778421831004356,5.778421831004356,5.778421831004356,NONE,False,223.18673179660144,40,61.813268203398486,4624
SRC_SINKSIDE,LAW_16_L40_S950007,LAW_16,285,5.778421831004356,5.778421831004356,5.778421831004356,NONE,False,223.10227971742427,40,61.897720282575754,4880
SRC_SINKSIDE,LAW_16_L40_S950007,LAW_16,285,5.778421831004356,5.778421831004356,5.778421831004356,NONE,False,223.02305414828393,40,61.9769458517161,5136
PARENT,LAW_16_L40_S950008,LAW_16,285,5.747298019965212,5.747298019965212,5.747298019965212,NONE,False,227.15898724134016,40,59.66373501954896,272
PARENT,LAW_16_L40_S950008,LAW_16,274,5.747298019965212,5.747298019965212,5.747298019965212,NONE,False,218.83919413917087,40,54.3233014979997,288
PARENT,LAW_16_L40_S950008,LAW_16,264,5.747298019965212,5.747298019965212,5.747298019965213,NONE,False,211.74760036881648,40,49.068547758153585,304
PARENT,LAW_16_L40_S950008,LAW_16,255,5.747298019965212,5.747298019965212,5.7472980199652115,NONE,False,204.88797444057215,40,43.89670857437757,320
PARENT,LAW_16_L40_S950008,LAW_16,246,5.747298019965212,5.747298019965212,5.747298019965212,NONE,False,197.96893001659814,40,38.781630716660075,336
PARENT,LAW_16_L40_S950008,LAW_16,238,5.747298019965212,5.747298019965212,5.747298019965213,NONE,False,191.35920967055833,40,33.67985088469508,352
PARENT,LAW_16_L40_S950008,LAW_16,230,5.747298019965212,5.747298019965212,5.7472980199652115,NONE,False,184.58254609807605,40,28.58914705607143,368
PARENT,LAW_16_L40_S950008,LAW_16,221,5.747298019965212,5.747298019965212,5.747298019965212,NONE,False,177.92067087004074,40,23.4872808837025,384
PARENT,LAW_16_L40_S950008,LAW_16,177,5.747298019965212,0.7441752153873243,0.7441752153873243,NONE,False,142.57602952909963,40,0.7441752153873243,528
PARENT,LAW_16_L40_S950008,LAW_16,161,5.747298019965212,0.5287425305480947,0.5287425305480947,NONE,False,129.9537530974938,40,0.5287425305480947,784
PARENT,LAW_16_L40_S950008,LAW_16,145,5.747298019965212,0.4278254968300208,0.4278254968300208,NONE,False,118.54416097971603,40,0.4278254968300208,1040
PARENT,LAW_16_L40_S950008,LAW_16,128,5.747298019965212,0.36744392083877986,0.36744392083877986,NONE,False,106.72150688677694,40,0.36744392083877986,1296
PARENT,LAW_16_L40_S950008,LAW_16,121,5.747298019965212,0.3259566646133326,0.3259566646133326,NONE,False,99.0735301782543,40,0.3259566646133326,1552
PARENT,LAW_16_L40_S950008,LAW_16,110,5.747298019965212,0.29516050525614934,0.29516050525614934,NONE,False,92.51094477754816,40,0.29516050525614934,1808
PARENT,LAW_16_L40_S950008,LAW_16,99,5.747298019965212,0.271924144744601,0.271924144744601,NONE,False,84.4297578546405,40,0.271924144744601,2064
PARENT,LAW_16_L40_S950008,LAW_16,93,5.747298019965212,0.2544399301790936,0.2544399301790936,NONE,False,79.32961910347791,40,0.2544399301790936,2320
PARENT,LAW_16_L40_S950008,LAW_16,89,5.747298019965212,0.2422657207147627,0.2422657207147627,NONE,False,75.06925123367415,40,0.2422657207147627,2576
PARENT,LAW_16_L40_S950008,LAW_16,82,5.747298019965212,0.2336409732570809,0.2336409732570809,NONE,False,69.52182194617743,40,0.2336409732570809,2832
PARENT,LAW_16_L40_S950008,LAW_16,77,5.747298019965212,0.2270291053342698,0.2270291053342698,NONE,False,65.69020440914093,40,0.2270291053342698,3088
PARENT,LAW_16_L40_S950008,LAW_16,73,5.747298019965212,0.22287799385393114,0.22287799385393114,NONE,False,61.74108236691908,40,0.22287799385393114,3344
PARENT,LAW_16_L40_S950008,LAW_16,68,5.747298019965212,0.22079492099996656,0.22079492099996656,NONE,False,57.63282834497316,40,0.22079492099996656,3600
PARENT,LAW_16_L40_S950008,LAW_16,66,5.747298019965212,0.21982218369377027,0.21982218369377027,NONE,False,54.97113907418226,40,0.21982218369377027,3856
PARENT,LAW_16_L40_S950008,LAW_16,62,5.747298019965212,0.2189002838973012,0.2189002838973012,NONE,False,51.7204793337464,40,0.2189002838973012,4112
PARENT,LAW_16_L40_S950008,LAW_16,62,5.747298019965212,0.21841636582095747,0.21841636582095747,NONE,False,50.45844581126035,40,0.21841636582095747,4368
PARENT,LAW_16_L40_S950008,LAW_16,58,5.747298019965212,0.21956316369066953,0.21956316369066953,NONE,False,46.63681144428441,40,0.21956316369066953,4624
PARENT,LAW_16_L40_S950008,LAW_16,53,5.747298019965212,0.2207418905466837,0.2207418905466837,NONE,False,43.419901540100376,40,0.2207418905466837,4880
PARENT,LAW_16_L40_S950008,LAW_16,55,5.747298019965212,0.2284945690907978,0.2284945690907978,NONE,False,42.832186225824564,40,0.2284945690907978,5136
SRC_SINKSIDE,LAW_16_L40_S950008,LAW_16,285,5.747298019965212,5.747298019965212,5.747298019965212,NONE,False,227.15898724134016,40,57.841012758659666,272
SRC_SINKSIDE,LAW_16_L40_S950008,LAW_16,284,5.747298019965212,5.747298019965212,5.747298019965213,NONE,False,226.61416494308241,40,57.38583505691752,288
SRC_SINKSIDE,LAW_16_L40_S950008,LAW_16,283,5.747298019965212,5.747298019965212,5.747298019965213,NONE,False,226.14557599694612,40,56.85442400305397,304
SRC_SINKSIDE,LAW_16_L40_S950008,LAW_16,284,5.747298019965212,5.747298019965212,5.747298019965212,NONE,False,226.3564449473325,40,57.643555052667466,320
SRC_SINKSIDE,LAW_16_L40_S950008,LAW_16,283,5.747298019965212,5.747298019965212,5.7472980199652115,NONE,False,225.82184967893897,40,57.178150321061096,336
SRC_SINKSIDE,LAW_16_L40_S950008,LAW_16,284,5.747298019965212,5.747298019965212,5.747298019965212,NONE,False,226.11835708323383,40,57.88164291676619,352
SRC_SINKSIDE,LAW_16_L40_S950008,LAW_16,284,5.747298019965212,5.747298019965212,5.747298019965212,NONE,False,225.99996776923214,40,58.000032230767744,368
SRC_SINKSIDE,LAW_16_L40_S950008,LAW_16,284,5.747298019965212,5.747298019965212,5.747298019965213,NONE,False,225.89391994898548,40,58.106080051014395,384
SRC_SINKSIDE,LAW_16_L40_S950008,LAW_16,284,5.747298019965212,5.747298019965212,5.7472980199652115,NONE,False,225.04668867200817,40,58.95331132799186,528
SRC_SINKSIDE,LAW_16_L40_S950008,LAW_16,284,5.747298019965212,5.747298019965212,5.747298019965212,NONE,False,223.97530227869663,40,60.02469772130331,784
SRC_SINKSIDE,LAW_16_L40_S950008,LAW_16,284,5.747298019965212,5.747298019965212,5.747298019965212,NONE,False,223.20412408166678,40,60.795875918332996,1040
SRC_SINKSIDE,LAW_16_L40_S950008,LAW_16,284,5.747298019965212,5.747298019965212,5.747298019965212,NONE,False,222.60800276956664,40,61.391997230433326,1296
SRC_SINKSIDE,LAW_16_L40_S950008,LAW_16,284,5.747298019965212,5.747298019965212,5.747298019965213,NONE,False,222.12891100058877,40,61.87108899941122,1552
SRC_SINKSIDE,LAW_16_L40_S950008,LAW_16,284,5.747298019965212,5.747298019965212,5.747298019965212,NONE,False,221.7341848089209,40,62.26581519107908,1808
SRC_SINKSIDE,LAW_16_L40_S950008,LAW_16,284,5.747298019965212,5.747298019965212,5.747298019965212,NONE,False,221.40366674171375,40,62.59633325828646,2064
SRC_SINKSIDE,LAW_16_L40_S950008,LAW_16,284,5.747298019965212,5.747298019965212,5.747298019965212,NONE,False,221.12384220347104,40,62.87615779652893,2320
SRC_SINKSIDE,LAW_16_L40_S950008,LAW_16,283,5.747298019965212,5.747298019965212,5.7472980199652115,NONE,False,220.4386502781037,40,62.56134972189624,2576
SRC_SINKSIDE,LAW_16_L40_S950008,LAW_16,283,5.747298019965212,5.747298019965212,5.747298019965212,NONE,False,220.23726455479667,40,62.76273544520347,2832
SRC_SINKSIDE,LAW_16_L40_S950008,LAW_16,283,5.747298019965212,5.747298019965212,5.747298019965212,NONE,False,220.06211989376735,40,62.93788010623267,3088
SRC_SINKSIDE,LAW_16_L40_S950008,LAW_16,283,5.747298019965212,5.747298019965212,5.747298019965212,NONE,False,219.90762094211559,40,63.092379057884386,3344
SRC_SINKSIDE,LAW_16_L40_S950008,LAW_16,283,5.747298019965212,5.747298019965212,5.7472980199652115,NONE,False,219.7666689607215,40,63.233331039278546,3600
SRC_SINKSIDE,LAW_16_L40_S950008,LAW_16,283,5.747298019965212,5.747298019965212,5.747298019965212,NONE,False,219.63451365158502,40,63.365486348415025,3856
SRC_SINKSIDE,LAW_16_L40_S950008,LAW_16,283,5.747298019965212,5.747298019965212,5.747298019965212,NONE,False,219.5099146528316,40,63.49008534716833,4112
SRC_SINKSIDE,LAW_16_L40_S950008,LAW_16,283,5.747298019965212,5.747298019965212,5.747298019965212,NONE,False,219.39208577433894,40,63.607914225661055,4368
SRC_SINKSIDE,LAW_16_L40_S950008,LAW_16,283,5.747298019965212,5.747298019965212,5.747298019965212,NONE,False,219.28039759360036,40,63.7196024063995,4624
SRC_SINKSIDE,LAW_16_L40_S950008,LAW_16,283,5.747298019965212,5.747298019965212,5.747298019965212,NONE,False,219.1743132257055,40,63.82568677429437,4880
SRC_SINKSIDE,LAW_16_L40_S950008,LAW_16,283,5.747298019965212,5.747298019965212,5.747298019965212,NONE,False,219.07336651106579,40,63.92663348893408,5136
PARENT,LAW_29_L24_S950000,LAW_29,113,1.999124539075749,1.999124539075749,1.999124539075749,NONE,False,85.14231058118604,24,24.688401596751774,272
PARENT,LAW_29_L24_S950000,LAW_29,108,1.999124539075749,1.999124539075749,1.999124539075749,NONE,False,82.06702080980259,24,23.083808280247627,288
PARENT,LAW_29_L24_S950000,LAW_29,104,1.999124539075749,1.999124539075749,1.9991245390757493,NONE,False,79.22299460277954,24,21.613129319283146,304
PARENT,LAW_29_L24_S950000,LAW_29,100,1.999124539075749,1.999124539075749,1.999124539075749,NONE,False,76.68580551859601,24,20.11840861075004,320
PARENT,LAW_29_L24_S950000,LAW_29,97,1.999124539075749,1.999124539075749,1.999124539075749,NONE,False,73.90695539939131,24,18.7277810980911,336
PARENT,LAW_29_L24_S950000,LAW_29,93,1.999124539075749,1.999124539075749,1.999124539075749,NONE,False,71.07320374603313,24,17.291295242039872,352
PARENT,LAW_29_L24_S950000,LAW_29,88,1.999124539075749,1.999124539075749,1.999124539075749,NONE,False,67.74050594106701,24,15.946748773978936,368
PARENT,LAW_29_L24_S950000,LAW_29,85,1.999124539075749,1.999124539075749,1.9991245390757486,NONE,False,65.04541300848892,24,14.55874583284415,384
PARENT,LAW_29_L24_S950000,LAW_29,53,1.999124539075749,1.999124539075749,1.999124539075749,NONE,False,39.26782916401351,24,2.5777569976145838,528
PARENT,LAW_29_L24_S950000,LAW_29,25,1.999124539075749,0.6583858625920603,0.6583858625920603,NONE,False,18.174045544969907,24,0.6583858625920603,784
PARENT,LAW_29_L24_S950000,LAW_29,8,1.999124539075749,0.9166763249215971,0.9166763249215971,NONE,False,5.131833812078524,24,0.9166763249215971,1040
PARENT,LAW_29_L24_S950000,LAW_29,2,1.999124539075749,0.9180678158190003,0.9180678158190003,NONE,False,0.9180678158190003,24,3.3901947110881423,1296
PARENT,LAW_29_L24_S950000,LAW_29,0,1.999124539075749,0.0,0.0,NO_SINK_CAPACITY,True,0.0,24,7.396638416655356,1552
PARENT,LAW_29_L24_S950000,LAW_29,1,1.999124539075749,0.4523706390961013,0.4523706390961013,NONE,False,0.4523706390961013,24,12.246725798389056,1808
PARENT,LAW_29_L24_S950000,LAW_29,0,1.999124539075749,0.0,0.0,NO_SINK_CAPACITY,True,0.0,24,15.636576171410091,2064
PARENT,LAW_29_L24_S950000,LAW_29,0,1.999124539075749,0.0,0.0,NO_SINK_CAPACITY,True,0.0,24,18.71448242830214,2320
PARENT,LAW_29_L24_S950000,LAW_29,0,1.999124539075749,0.0,0.0,NO_SINK_CAPACITY,True,0.0,24,21.518260041948402,2576
PARENT,LAW_29_L24_S950000,LAW_29,0,1.999124539075749,0.0,0.0,NO_SINK_CAPACITY,True,0.0,24,23.05639347172148,2832
SRC_SINKSIDE,LAW_29_L24_S950000,LAW_29,113,1.999124539075749,1.999124539075749,1.999124539075749,NONE,False,85.14231058118604,24,27.85768941881396,272
SRC_SINKSIDE,LAW_29_L24_S950000,LAW_29,111,1.999124539075749,1.999124539075749,1.999124539075749,NONE,False,84.12680578184265,24,26.873194218157344,288
SRC_SINKSIDE,LAW_29_L24_S950000,LAW_29,111,1.999124539075749,1.999124539075749,1.999124539075749,NONE,False,83.79778752015243,24,27.20221247984758,304
SRC_SINKSIDE,LAW_29_L24_S950000,LAW_29,111,1.999124539075749,1.999124539075749,1.9991245390757493,NONE,False,83.56557594713064,24,27.434424052869378,320
SRC_SINKSIDE,LAW_29_L24_S950000,LAW_29,111,1.999124539075749,1.999124539075749,1.999124539075749,NONE,False,83.4973099500361,24,27.502690049963892,336
SRC_SINKSIDE,LAW_29_L24_S950000,LAW_29,112,1.999124539075749,1.999124539075749,1.999124539075749,NONE,False,83.63850791787301,24,28.36149208212705,352
SRC_SINKSIDE,LAW_29_L24_S950000,LAW_29,111,1.999124539075749,1.999124539075749,1.9991245390757488,NONE,False,83.01202567707433,24,27.98797432292562,368
SRC_SINKSIDE,LAW_29_L24_S950000,LAW_29,111,1.999124539075749,1.999124539075749,1.999124539075749,NONE,False,82.89267494842083,24,28.107325051579156,384
SRC_SINKSIDE,LAW_29_L24_S950000,LAW_29,109,1.999124539075749,1.999124539075749,1.999124539075749,NONE,False,80.33729784397616,24,28.662702156023872,528
SRC_SINKSIDE,LAW_29_L24_S950000,LAW_29,109,1.999124539075749,1.999124539075749,1.999124539075749,NONE,False,77.67862613689687,24,31.32137386310313,784
SRC_SINKSIDE,LAW_29_L24_S950000,LAW_29,107,1.999124539075749,1.999124539075749,1.999124539075749,NONE,False,74.6719175516889,24,32.328082448311065,1040
SRC_SINKSIDE,LAW_29_L24_S950000,LAW_29,106,1.999124539075749,1.999124539075749,1.999124539075749,NONE,False,72.21559620784815,24,33.78440379215183,1296
SRC_SINKSIDE,LAW_29_L24_S950000,LAW_29,107,1.999124539075749,1.999124539075749,1.9991245390757493,NONE,False,70.96914815663145,24,36.03085184336857,1552
SRC_SINKSIDE,LAW_29_L24_S950000,LAW_29,107,1.999124539075749,1.999124539075749,1.999124539075749,NONE,False,69.39029080373734,24,37.60970919626265,1808
SRC_SINKSIDE,LAW_29_L24_S950000,LAW_29,106,1.999124539075749,1.999124539075749,1.999124539075749,NONE,False,67.54849093094991,24,38.45150906905008,2064
SRC_SINKSIDE,LAW_29_L24_S950000,LAW_29,105,1.999124539075749,1.999124539075749,1.999124539075749,NONE,False,65.83324255609965,24,39.166757443900345,2320
SRC_SINKSIDE,LAW_29_L24_S950000,LAW_29,106,1.999124539075749,1.999124539075749,1.999124539075749,NONE,False,65.1508968886529,24,40.849103111347084,2576
SRC_SINKSIDE,LAW_29_L24_S950000,LAW_29,104,1.999124539075749,1.999124539075749,1.999124539075749,NONE,False,63.05170769634491,24,40.94829230365509,2832
SRC_SINKSIDE,LAW_29_L24_S950000,LAW_29,104,1.999124539075749,1.999124539075749,1.999124539075749,NONE,False,62.105506944841586,24,41.89449305515842,3088
SRC_SINKSIDE,LAW_29_L24_S950000,LAW_29,105,1.999124539075749,1.999124539075749,1.9991245390757486,NONE,False,61.623114462414655,24,43.376885537585345,3344
SRC_SINKSIDE,LAW_29_L24_S950000,LAW_29,105,1.999124539075749,1.999124539075749,1.999124539075749,NONE,False,60.59864557651862,24,44.40135442348138,3600
SRC_SINKSIDE,LAW_29_L24_S950000,LAW_29,102,1.999124539075749,1.999124539075749,1.999124539075749,NONE,False,58.47340901182656,24,43.526590988173425,3856
SRC_SINKSIDE,LAW_29_L24_S950000,LAW_29,101,1.999124539075749,1.999124539075749,1.999124539075749,NONE,False,57.337721915678166,24,43.66227808432182,4112
SRC_SINKSIDE,LAW_29_L24_S950000,LAW_29,103,1.999124539075749,1.999124539075749,1.999124539075749,NONE,False,57.36453540825084,24,45.63546459174916,4368
SRC_SINKSIDE,LAW_29_L24_S950000,LAW_29,101,1.999124539075749,1.999124539075749,1.999124539075749,NONE,False,55.84421196323369,24,45.155788036766296,4624
SRC_SINKSIDE,LAW_29_L24_S950000,LAW_29,100,1.999124539075749,1.999124539075749,1.9991245390757488,NONE,False,54.83840881752988,24,45.16159118247012,4880
SRC_SINKSIDE,LAW_29_L24_S950000,LAW_29,100,1.999124539075749,1.999124539075749,1.999124539075749,NONE,False,54.12152470594176,24,45.878475294058255,5136
PARENT,LAW_29_L24_S950001,LAW_29,112,1.986613186497502,1.986613186497502,1.986613186497502,NONE,False,82.77583349058166,24,27.301076339609693,272
PARENT,LAW_29_L24_S950001,LAW_29,108,1.986613186497502,1.986613186497502,1.986613186497502,NONE,False,79.8096071596691,24,25.70349023576107,288
PARENT,LAW_29_L24_S950001,LAW_29,103,1.986613186497502,1.986613186497502,1.986613186497502,NONE,False,76.85520996028481,24,23.733176515391623,304
PARENT,LAW_29_L24_S950001,LAW_29,99,1.986613186497502,1.986613186497502,1.986613186497502,NONE,False,73.71096752530343,24,22.25710629053711,320
PARENT,LAW_29_L24_S950001,LAW_29,96,1.986613186497502,1.986613186497502,1.986613186497502,NONE,False,71.14042790166023,24,21.395790574126806,336
PARENT,LAW_29_L24_S950001,LAW_29,90,1.986613186497502,1.986613186497502,1.9866131864975018,NONE,False,67.56390174431465,24,20.019709023214155,352
PARENT,LAW_29_L24_S950001,LAW_29,87,1.986613186497502,1.986613186497502,1.986613186497502,NONE,False,64.76726226149452,24,18.625459825745473,368
PARENT,LAW_29_L24_S950001,LAW_29,84,1.986613186497502,1.986613186497502,1.986613186497502,NONE,False,62.26037137466672,24,17.307921937819657,384
PARENT,LAW_29_L24_S950001,LAW_29,47,1.986613186497502,1.986613186497502,1.986613186497502,NONE,False,34.51996427913561,24,5.1710476673517185,528
PARENT,LAW_29_L24_S950001,LAW_29,14,1.986613186497502,0.8524568965278074,0.8524568965278074,NONE,False,9.735540065357275,24,0.8524568965278074,784
PARENT,LAW_29_L24_S950001,LAW_29,1,1.986613186497502,0.46411194558293123,0.46411194558293123,NONE,False,0.46411194558293123,24,2.760013265693633,1040
PARENT,LAW_29_L24_S950001,LAW_29,0,1.986613186497502,0.0,0.0,NO_SINK_CAPACITY,True,0.0,24,7.912849703663858,1296
PARENT,LAW_29_L24_S950001,LAW_29,2,1.986613186497502,0.9020465925979309,0.9020465925979309,NONE,False,0.9020465925979309,24,12.791707436777218,1552
PARENT,LAW_29_L24_S950001,LAW_29,0,1.986613186497502,0.0,0.0,NO_SINK_CAPACITY,True,0.0,24,16.48952518490071,1808
PARENT,LAW_29_L24_S950001,LAW_29,0,1.986613186497502,0.0,0.0,NO_SINK_CAPACITY,True,0.0,24,19.548944550391482,2064
PARENT,LAW_29_L24_S950001,LAW_29,0,1.986613186497502,0.0,0.0,NO_SINK_CAPACITY,True,0.0,24,22.283444152795486,2320
PARENT,LAW_29_L24_S950001,LAW_29,0,1.986613186497502,0.0,0.0,NO_SINK_CAPACITY,True,0.0,24,25.11925979683915,2576
PARENT,LAW_29_L24_S950001,LAW_29,0,1.986613186497502,0.0,0.0,NO_SINK_CAPACITY,True,0.0,24,27.515779605592893,2832
PARENT,LAW_29_L24_S950001,LAW_29,0,1.986613186497502,0.0,0.0,NO_SINK_CAPACITY,True,0.0,24,29.359161436623314,3088
PARENT,LAW_29_L24_S950001,LAW_29,0,1.986613186497502,0.0,0.0,NO_SINK_CAPACITY,True,0.0,24,31.017207817660527,3344
PARENT,LAW_29_L24_S950001,LAW_29,0,1.986613186497502,0.0,0.0,NO_SINK_CAPACITY,True,0.0,24,32.934005819591974,3600
PARENT,LAW_29_L24_S950001,LAW_29,0,1.986613186497502,0.0,0.0,NO_SINK_CAPACITY,True,0.0,24,34.638993584536976,3856
SRC_SINKSIDE,LAW_29_L24_S950001,LAW_29,112,1.986613186497502,1.986613186497502,1.986613186497502,NONE,False,82.77583349058166,24,29.22416650941839,272
SRC_SINKSIDE,LAW_29_L24_S950001,LAW_29,110,1.986613186497502,1.986613186497502,1.986613186497502,NONE,False,81.75678185092096,24,28.24321814907902,288
SRC_SINKSIDE,LAW_29_L24_S950001,LAW_29,111,1.986613186497502,1.986613186497502,1.986613186497502,NONE,False,81.90421440272084,24,29.095785597279168,304
SRC_SINKSIDE,LAW_29_L24_S950001,LAW_29,109,1.986613186497502,1.986613186497502,1.986613186497502,NONE,False,81.06249404653904,24,27.937505953461,320
SRC_SINKSIDE,LAW_29_L24_S950001,LAW_29,109,1.986613186497502,1.986613186497502,1.986613186497502,NONE,False,80.95477236171475,24,28.04522763828522,336
SRC_SINKSIDE,LAW_29_L24_S950001,LAW_29,108,1.986613186497502,1.986613186497502,1.986613186497502,NONE,False,80.29905804730122,24,27.70094195269879,352
SRC_SINKSIDE,LAW_29_L24_S950001,LAW_29,108,1.986613186497502,1.986613186497502,1.986613186497502,NONE,False,79.94268115478884,24,28.057318845211146,368
SRC_SINKSIDE,LAW_29_L24_S950001,LAW_29,108,1.986613186497502,1.986613186497502,1.986613186497502,NONE,False,79.69327808539154,24,28.306721914608485,384
SRC_SINKSIDE,LAW_29_L24_S950001,LAW_29,108,1.986613186497502,1.986613186497502,1.986613186497502,NONE,False,78.00092788534246,24,29.999072114657555,528
SRC_SINKSIDE,LAW_29_L24_S950001,LAW_29,106,1.986613186497502,1.986613186497502,1.986613186497502,NONE,False,74.46020405263182,24,31.539795947368166,784
SRC_SINKSIDE,LAW_29_L24_S950001,LAW_29,107,1.986613186497502,1.986613186497502,1.986613186497502,NONE,False,72.72009026357776,24,34.27990973642226,1040
SRC_SINKSIDE,LAW_29_L24_S950001,LAW_29,106,1.986613186497502,1.986613186497502,1.9866131864975023,NONE,False,70.38715394447894,24,35.612846055521054,1296
SRC_SINKSIDE,LAW_29_L24_S950001,LAW_29,106,1.986613186497502,1.986613186497502,1.986613186497502,NONE,False,68.7106534930849,24,37.28934650691509,1552
SRC_SINKSIDE,LAW_29_L24_S950001,LAW_29,106,1.986613186497502,1.986613186497502,1.9866131864975023,NONE,False,67.19190894937246,24,38.808091050627546,1808
SRC_SINKSIDE,LAW_29_L24_S950001,LAW_29,105,1.986613186497502,1.986613186497502,1.986613186497502,NONE,False,65.38710628585602,24,39.61289371414399,2064
SRC_SINKSIDE,LAW_29_L24_S950001,LAW_29,105,1.986613186497502,1.986613186497502,1.986613186497502,NONE,False,64.03756885291041,24,40.9624311470896,2320
SRC_SINKSIDE,LAW_29_L24_S950001,LAW_29,104,1.986613186497502,1.986613186497502,1.986613186497502,NONE,False,62.445405955435234,24,41.55459404456476,2576
SRC_SINKSIDE,LAW_29_L24_S950001,LAW_29,102,1.986613186497502,1.986613186497502,1.9866131864975018,NONE,False,60.42029426356467,24,41.5797057364353,2832
SRC_SINKSIDE,LAW_29_L24_S950001,LAW_29,99,1.986613186497502,1.986613186497502,1.9866131864975018,NONE,False,58.001479580029915,24,40.99852041997006,3088
SRC_SINKSIDE,LAW_29_L24_S950001,LAW_29,99,1.986613186497502,1.986613186497502,1.986613186497502,NONE,False,57.07835516664651,24,41.92164483335348,3344
SRC_SINKSIDE,LAW_29_L24_S950001,LAW_29,94,1.986613186497502,1.986613186497502,1.986613186497502,NONE,False,53.916239476042264,24,40.08376052395773,3600
SRC_SINKSIDE,LAW_29_L24_S950001,LAW_29,93,1.986613186497502,1.986613186497502,1.986613186497502,NONE,False,52.62025217476347,24,40.379747825236514,3856
SRC_SINKSIDE,LAW_29_L24_S950001,LAW_29,91,1.986613186497502,1.986613186497502,1.986613186497502,NONE,False,50.82406863543253,24,40.17593136456748,4112
SRC_SINKSIDE,LAW_29_L24_S950001,LAW_29,91,1.986613186497502,1.986613186497502,1.986613186497502,NONE,False,50.05473893678929,24,40.945261063210715,4368
SRC_SINKSIDE,LAW_29_L24_S950001,LAW_29,90,1.986613186497502,1.986613186497502,1.986613186497502,NONE,False,48.915006563490316,24,41.08499343650969,4624
SRC_SINKSIDE,LAW_29_L24_S950001,LAW_29,89,1.986613186497502,1.986613186497502,1.9866131864975018,NONE,False,47.822045194263985,24,41.17795480573603,4880
SRC_SINKSIDE,LAW_29_L24_S950001,LAW_29,86,1.986613186497502,1.986613186497502,1.986613186497502,NONE,False,45.89088259345308,24,40.10911740654692,5136
PARENT,LAW_29_L24_S950002,LAW_29,105,1.991120371648634,1.991120371648634,1.991120371648634,NONE,False,77.66616599135233,24,28.829685916668982,272
PARENT,LAW_29_L24_S950002,LAW_29,100,1.991120371648634,1.991120371648634,1.991120371648634,NONE,False,74.618702033691,24,27.23247510717219,288
PARENT,LAW_29_L24_S950002,LAW_29,96,1.991120371648634,1.991120371648634,1.991120371648634,NONE,False,71.61323728251749,24,25.736415598688588,304
PARENT,LAW_29_L24_S950002,LAW_29,92,1.991120371648634,1.991120371648634,1.991120371648634,NONE,False,68.79517230167178,24,24.324649176440957,320
PARENT,LAW_29_L24_S950002,LAW_29,88,1.991120371648634,1.991120371648634,1.991120371648634,NONE,False,66.00339423045668,24,22.858259150428626,336
PARENT,LAW_29_L24_S950002,LAW_29,85,1.991120371648634,1.991120371648634,1.991120371648634,NONE,False,63.34783133105677,24,21.500078056979273,352
PARENT,LAW_29_L24_S950002,LAW_29,82,1.991120371648634,1.991120371648634,1.991120371648634,NONE,False,60.728927177184765,24,20.088306083899123,368
PARENT,LAW_29_L24_S950002,LAW_29,76,1.991120371648634,1.991120371648634,1.991120371648634,NONE,False,57.06794967365821,24,18.753760912661086,384
PARENT,LAW_29_L24_S950002,LAW_29,43,1.991120371648634,1.991120371648634,1.9911203716486343,NONE,False,30.940076742824374,24,6.527418391580925,528
PARENT,LAW_29_L24_S950002,LAW_29,7,1.991120371648634,1.0349881266661978,1.0349881266661978,NONE,False,4.8867106756633385,24,1.0349881266661978,784
PARENT,LAW_29_L24_S950002,LAW_29,1,1.991120371648634,0.4503401615800821,0.4503401615800821,NONE,False,0.4503401615800821,24,5.419656982313093,1040
PARENT,LAW_29_L24_S950002,LAW_29,4,1.991120371648634,1.8100870728275054,1.8100870728275054,NONE,False,1.8100870728275054,24,11.28646395925864,1296
PARENT,LAW_29_L24_S950002,LAW_29,0,1.991120371648634,0.0,0.0,NO_SINK_CAPACITY,True,0.0,24,15.585179809405757,1552
PARENT,LAW_29_L24_S950002,LAW_29,2,1.991120371648634,0.9011814503649903,0.9011814503649903,NONE,False,0.9011814503649903,24,19.50224536628379,1808
PARENT,LAW_29_L24_S950002,LAW_29,0,1.991120371648634,0.0,0.0,NO_SINK_CAPACITY,True,0.0,24,22.33226324995708,2064
PARENT,LAW_29_L24_S950002,LAW_29,2,1.991120371648634,0.9010199783970556,0.9010199783970556,NONE,False,0.9010199783970556,24,25.359632759540382,2320
PARENT,LAW_29_L24_S950002,LAW_29,0,1.991120371648634,0.0,0.0,NO_SINK_CAPACITY,True,0.0,24,27.555992834348917,2576
PARENT,LAW_29_L24_S950002,LAW_29,0,1.991120371648634,0.0,0.0,NO_SINK_CAPACITY,True,0.0,24,30.07107677014224,2832
SRC_SINKSIDE,LAW_29_L24_S950002,LAW_29,105,1.991120371648634,1.991120371648634,1.991120371648634,NONE,False,77.66616599135233,24,27.333834008647656,272
SRC_SINKSIDE,LAW_29_L24_S950002,LAW_29,103,1.991120371648634,1.991120371648634,1.991120371648634,NONE,False,77.06062844842732,24,25.93937155157268,288
SRC_SINKSIDE,LAW_29_L24_S950002,LAW_29,103,1.991120371648634,1.991120371648634,1.991120371648634,NONE,False,76.70137837615464,24,26.29862162384538,304
SRC_SINKSIDE,LAW_29_L24_S950002,LAW_29,102,1.991120371648634,1.991120371648634,1.991120371648634,NONE,False,75.9287011080385,24,26.07129889196153,320
SRC_SINKSIDE,LAW_29_L24_S950002,LAW_29,104,1.991120371648634,1.991120371648634,1.991120371648634,NONE,False,76.56420833400965,24,27.435791665990358,336
SRC_SINKSIDE,LAW_29_L24_S950002,LAW_29,103,1.991120371648634,1.991120371648634,1.9911203716486339,NONE,False,75.91455783307134,24,27.08544216692866,352
SRC_SINKSIDE,LAW_29_L24_S950002,LAW_29,104,1.991120371648634,1.991120371648634,1.9911203716486339,NONE,False,76.1046335389934,24,27.89536646100658,368
SRC_SINKSIDE,LAW_29_L24_S950002,LAW_29,103,1.991120371648634,1.991120371648634,1.991120371648634,NONE,False,75.45951952785309,24,27.5404804721469,384
SRC_SINKSIDE,LAW_29_L24_S950002,LAW_29,104,1.991120371648634,1.991120371648634,1.991120371648634,NONE,False,74.1429655599757,24,29.857034440024286,528
SRC_SINKSIDE,LAW_29_L24_S950002,LAW_29,103,1.991120371648634,1.991120371648634,1.991120371648634,NONE,False,71.211460904888,24,31.78853909511202,784
SRC_SINKSIDE,LAW_29_L24_S950002,LAW_29,102,1.991120371648634,1.991120371648634,1.991120371648634,NONE,False,68.75832072106925,24,33.241679278930704,1040
SRC_SINKSIDE,LAW_29_L24_S950002,LAW_29,100,1.991120371648634,1.991120371648634,1.991120371648634,NONE,False,66.09401998440842,24,33.90598001559153,1296
SRC_SINKSIDE,LAW_29_L24_S950002,LAW_29,99,1.991120371648634,1.991120371648634,1.991120371648634,NONE,False,63.96068965042742,24,35.039310349572574,1552
SRC_SINKSIDE,LAW_29_L24_S950002,LAW_29,98,1.991120371648634,1.991120371648634,1.991120371648634,NONE,False,62.06758084615569,24,35.932419153844286,1808
SRC_SINKSIDE,LAW_29_L24_S950002,LAW_29,98,1.991120371648634,1.991120371648634,1.991120371648634,NONE,False,60.85078217753446,24,37.14921782246555,2064
SRC_SINKSIDE,LAW_29_L24_S950002,LAW_29,98,1.991120371648634,1.991120371648634,1.991120371648634,NONE,False,59.6328910387295,24,38.36710896127052,2320
SRC_SINKSIDE,LAW_29_L24_S950002,LAW_29,98,1.991120371648634,1.991120371648634,1.9911203716486343,NONE,False,58.58970761285042,24,39.410292387149575,2576
SRC_SINKSIDE,LAW_29_L24_S950002,LAW_29,98,1.991120371648634,1.991120371648634,1.991120371648634,NONE,False,57.60017517022868,24,40.39982482977132,2832
SRC_SINKSIDE,LAW_29_L24_S950002,LAW_29,97,1.991120371648634,1.991120371648634,1.9911203716486339,NONE,False,56.26283836060153,24,40.73716163939846,3088
SRC_SINKSIDE,LAW_29_L24_S950002,LAW_29,94,1.991120371648634,1.991120371648634,1.991120371648634,NONE,False,53.94242700622669,24,40.057572993773306,3344
SRC_SINKSIDE,LAW_29_L24_S950002,LAW_29,93,1.991120371648634,1.991120371648634,1.9911203716486343,NONE,False,52.77419406641734,24,40.22580593358267,3600
SRC_SINKSIDE,LAW_29_L24_S950002,LAW_29,92,1.991120371648634,1.991120371648634,1.991120371648634,NONE,False,51.59388441899252,24,40.40611558100746,3856
SRC_SINKSIDE,LAW_29_L24_S950002,LAW_29,90,1.991120371648634,1.991120371648634,1.991120371648634,NONE,False,50.010837606138466,24,39.98916239386155,4112
SRC_SINKSIDE,LAW_29_L24_S950002,LAW_29,90,1.991120371648634,1.991120371648634,1.991120371648634,NONE,False,49.37190811911938,24,40.62809188088062,4368
SRC_SINKSIDE,LAW_29_L24_S950002,LAW_29,88,1.991120371648634,1.991120371648634,1.991120371648634,NONE,False,47.908468411037106,24,40.09153158896291,4624
SRC_SINKSIDE,LAW_29_L24_S950002,LAW_29,86,1.991120371648634,1.991120371648634,1.9911203716486343,NONE,False,46.33424428274736,24,39.66575571725263,4880
PARENT,LAW_29_L24_S950003,LAW_29,112,2.0726093547862834,2.0726093547862834,2.0726093547862834,NONE,False,81.66503696741063,24,28.316360043876138,272
PARENT,LAW_29_L24_S950003,LAW_29,106,2.0726093547862834,2.0726093547862834,2.0726093547862834,NONE,False,77.93949568657519,24,26.74847422901973,288
PARENT,LAW_29_L24_S950003,LAW_29,101,2.0726093547862834,2.0726093547862834,2.0726093547862834,NONE,False,74.74825652501042,24,25.175690275108128,304
PARENT,LAW_29_L24_S950003,LAW_29,97,2.0726093547862834,2.0726093547862834,2.072609354786284,NONE,False,71.50814940877727,24,23.769049500638367,320
PARENT,LAW_29_L24_S950003,LAW_29,92,2.0726093547862834,2.0726093547862834,2.0726093547862834,NONE,False,68.39960393656543,24,22.295078600071143,336
PARENT,LAW_29_L24_S950003,LAW_29,89,2.0726093547862834,2.0726093547862834,2.0726093547862834,NONE,False,65.55822966423518,24,20.9329826460659,352
PARENT,LAW_29_L24_S950003,LAW_29,85,2.0726093547862834,2.0726093547862834,2.0726093547862834,NONE,False,62.604622564651685,24,19.541397147075052,368
PARENT,LAW_29_L24_S950003,LAW_29,80,2.0726093547862834,2.0726093547862834,2.0726093547862834,NONE,False,59.261138671558264,24,18.129989793371475,384
PARENT,LAW_29_L24_S950003,LAW_29,44,2.0726093547862834,2.0726093547862834,2.072609354786284,NONE,False,31.5226354164889,24,5.176810366122027,528
PARENT,LAW_29_L24_S950003,LAW_29,7,2.0726093547862834,1.1640903310337574,1.1640903310337574,NONE,False,4.589611684592051,24,1.1640903310337574,784
PARENT,LAW_29_L24_S950003,LAW_29,1,2.0726093547862834,0.45012151246416976,0.45012151246416976,NONE,False,0.45012151246416976,24,5.995574632609041,1040
PARENT,LAW_29_L24_S950003,LAW_29,0,2.0726093547862834,0.0,0.0,NO_SINK_CAPACITY,True,0.0,24,11.700825406696197,1296
PARENT,LAW_29_L24_S950003,LAW_29,0,2.0726093547862834,0.0,0.0,NO_SINK_CAPACITY,True,0.0,24,16.422457823248063,1552
PARENT,LAW_29_L24_S950003,LAW_29,0,2.0726093547862834,0.0,0.0,NO_SINK_CAPACITY,True,0.0,24,20.026074611717792,1808
PARENT,LAW_29_L24_S950003,LAW_29,0,2.0726093547862834,0.0,0.0,NO_SINK_CAPACITY,True,0.0,24,23.47552708756261,2064
PARENT,LAW_29_L24_S950003,LAW_29,0,2.0726093547862834,0.0,0.0,NO_SINK_CAPACITY,True,0.0,24,25.633216664668918,2320
PARENT,LAW_29_L24_S950003,LAW_29,0,2.0726093547862834,0.0,0.0,NO_SINK_CAPACITY,True,0.0,24,28.792547090414924,2576
PARENT,LAW_29_L24_S950003,LAW_29,0,2.0726093547862834,0.0,0.0,NO_SINK_CAPACITY,True,0.0,24,30.91616253623245,2832
PARENT,LAW_29_L24_S950003,LAW_29,0,2.0726093547862834,0.0,0.0,NO_SINK_CAPACITY,True,0.0,24,32.89232271173993,3088
PARENT,LAW_29_L24_S950003,LAW_29,0,2.0726093547862834,0.0,0.0,NO_SINK_CAPACITY,True,0.0,24,33.622994486278586,3344
SRC_SINKSIDE,LAW_29_L24_S950003,LAW_29,112,2.0726093547862834,2.0726093547862834,2.0726093547862834,NONE,False,81.66503696741063,24,30.334963032589382,272
SRC_SINKSIDE,LAW_29_L24_S950003,LAW_29,109,2.0726093547862834,2.0726093547862834,2.072609354786283,NONE,False,80.39336811707,24,28.606631882930042,288
SRC_SINKSIDE,LAW_29_L24_S950003,LAW_29,109,2.0726093547862834,2.0726093547862834,2.072609354786283,NONE,False,80.07118260852303,24,28.92881739147696,304
SRC_SINKSIDE,LAW_29_L24_S950003,LAW_29,109,2.0726093547862834,2.0726093547862834,2.0726093547862834,NONE,False,79.84659413295468,24,29.153405867045322,320
SRC_SINKSIDE,LAW_29_L24_S950003,LAW_29,110,2.0726093547862834,2.0726093547862834,2.072609354786283,NONE,False,80.11355305709462,24,29.886446942905405,336
SRC_SINKSIDE,LAW_29_L24_S950003,LAW_29,109,2.0726093547862834,2.0726093547862834,2.072609354786284,NONE,False,79.5466528257544,24,29.45334717424561,352
SRC_SINKSIDE,LAW_29_L24_S950003,LAW_29,108,2.0726093547862834,2.0726093547862834,2.072609354786284,NONE,False,78.86502181174032,24,29.134978188259655,368
SRC_SINKSIDE,LAW_29_L24_S950003,LAW_29,110,2.0726093547862834,2.0726093547862834,2.0726093547862834,NONE,False,79.31516922162831,24,30.68483077837168,384
SRC_SINKSIDE,LAW_29_L24_S950003,LAW_29,108,2.0726093547862834,2.0726093547862834,2.0726093547862834,NONE,False,76.7122722971672,24,31.287727702832825,528
SRC_SINKSIDE,LAW_29_L24_S950003,LAW_29,107,2.0726093547862834,2.0726093547862834,2.0726093547862834,NONE,False,73.79626585636049,24,33.203734143639544,784
SRC_SINKSIDE,LAW_29_L24_S950003,LAW_29,106,2.0726093547862834,2.0726093547862834,2.0726093547862834,NONE,False,71.23894379100989,24,34.76105620899015,1040
SRC_SINKSIDE,LAW_29_L24_S950003,LAW_29,104,2.0726093547862834,2.0726093547862834,2.0726093547862834,NONE,False,68.4410042327281,24,35.558995767271874,1296
SRC_SINKSIDE,LAW_29_L24_S950003,LAW_29,104,2.0726093547862834,2.0726093547862834,2.0726093547862834,NONE,False,66.83168234297534,24,37.16831765702466,1552
SRC_SINKSIDE,LAW_29_L24_S950003,LAW_29,103,2.0726093547862834,2.0726093547862834,2.072609354786283,NONE,False,64.91337215312505,24,38.086627846874926,1808
SRC_SINKSIDE,LAW_29_L24_S950003,LAW_29,101,2.0726093547862834,2.0726093547862834,2.0726093547862834,NONE,False,62.55117088943628,24,38.4488291105637,2064
SRC_SINKSIDE,LAW_29_L24_S950003,LAW_29,98,2.0726093547862834,2.0726093547862834,2.0726093547862834,NONE,False,60.062220518840334,24,37.93777948115967,2320
SRC_SINKSIDE,LAW_29_L24_S950003,LAW_29,98,2.0726093547862834,2.0726093547862834,2.072609354786283,NONE,False,58.93246106139559,24,39.06753893860441,2576
SRC_SINKSIDE,LAW_29_L24_S950003,LAW_29,96,2.0726093547862834,2.0726093547862834,2.0726093547862834,NONE,False,56.98860548740229,24,39.0113945125977,2832
SRC_SINKSIDE,LAW_29_L24_S950003,LAW_29,95,2.0726093547862834,2.0726093547862834,2.0726093547862834,NONE,False,55.5788141908069,24,39.42118580919312,3088
SRC_SINKSIDE,LAW_29_L24_S950003,LAW_29,94,2.0726093547862834,2.0726093547862834,2.0726093547862834,NONE,False,54.144083759879905,24,39.85591624012008,3344
SRC_SINKSIDE,LAW_29_L24_S950003,LAW_29,94,2.0726093547862834,2.0726093547862834,2.0726093547862834,NONE,False,53.26809372323549,24,40.73190627676452,3600
SRC_SINKSIDE,LAW_29_L24_S950003,LAW_29,93,2.0726093547862834,2.0726093547862834,2.0726093547862834,NONE,False,52.20103282372176,24,40.79896717627824,3856
SRC_SINKSIDE,LAW_29_L24_S950003,LAW_29,91,2.0726093547862834,2.0726093547862834,2.0726093547862834,NONE,False,50.47433093371396,24,40.52566906628604,4112
SRC_SINKSIDE,LAW_29_L24_S950003,LAW_29,90,2.0726093547862834,2.0726093547862834,2.0726093547862834,NONE,False,49.33422119710162,24,40.66577880289837,4368
SRC_SINKSIDE,LAW_29_L24_S950003,LAW_29,89,2.0726093547862834,2.0726093547862834,2.0726093547862834,NONE,False,48.27065527556329,24,40.729344724436686,4624
SRC_SINKSIDE,LAW_29_L24_S950003,LAW_29,86,2.0726093547862834,2.0726093547862834,2.0726093547862834,NONE,False,46.28496732015714,24,39.71503267984286,4880
PARENT,LAW_29_L24_S950004,LAW_29,106,1.9755604281112222,1.9755604281112222,1.9755604281112222,NONE,False,78.60864744497735,24,26.031510854714167,272
PARENT,LAW_29_L24_S950004,LAW_29,101,1.9755604281112222,1.9755604281112222,1.9755604281112225,NONE,False,75.39132423121625,24,24.460372926938525,288
PARENT,LAW_29_L24_S950004,LAW_29,97,1.9755604281112222,1.9755604281112222,1.9755604281112222,NONE,False,72.92293553915442,24,23.038750185422362,304
PARENT,LAW_29_L24_S950004,LAW_29,94,1.9755604281112222,1.9755604281112222,1.9755604281112222,NONE,False,70.20034683733093,24,21.591502488795133,320
PARENT,LAW_29_L24_S950004,LAW_29,90,1.9755604281112222,1.9755604281112222,1.9755604281112222,NONE,False,67.54487381972831,24,20.239547525588566,336
PARENT,LAW_29_L24_S950004,LAW_29,87,1.9755604281112222,1.9755604281112222,1.9755604281112222,NONE,False,64.9359777334494,24,18.831159683041655,352
PARENT,LAW_29_L24_S950004,LAW_29,83,1.9755604281112222,1.9755604281112222,1.9755604281112222,NONE,False,61.951109719130976,24,17.50192175864486,368
PARENT,LAW_29_L24_S950004,LAW_29,78,1.9755604281112222,1.9755604281112222,1.9755604281112222,NONE,False,58.42148507553152,24,16.152346295109588,384
PARENT,LAW_29_L24_S950004,LAW_29,44,1.9755604281112222,1.9755604281112222,1.9755604281112225,NONE,False,32.28015664166496,24,4.135718472497372,528
PARENT,LAW_29_L24_S950004,LAW_29,12,1.9755604281112222,0.8868349967574266,0.8868349967574266,NONE,False,8.538118071970636,24,0.8868349967574266,784
PARENT,LAW_29_L24_S950004,LAW_29,2,1.9755604281112222,0.9148158100619923,0.9148158100619923,NONE,False,0.9148158100619923,24,3.2613836765350914,1040
PARENT,LAW_29_L24_S950004,LAW_29,0,1.9755604281112222,0.0,0.0,NO_SINK_CAPACITY,True,0.0,24,7.924240202263159,1296
PARENT,LAW_29_L24_S950004,LAW_29,0,1.9755604281112222,0.0,0.0,NO_SINK_CAPACITY,True,0.0,24,11.92452079680304,1552
PARENT,LAW_29_L24_S950004,LAW_29,0,1.9755604281112222,0.0,0.0,NO_SINK_CAPACITY,True,0.0,24,16.955492402317983,1808
PARENT,LAW_29_L24_S950004,LAW_29,1,1.9755604281112222,0.45032924679137337,0.45032924679137337,NONE,False,0.45032924679137337,24,20.3413883322459,2064
PARENT,LAW_29_L24_S950004,LAW_29,0,1.9755604281112222,0.0,0.0,NO_SINK_CAPACITY,True,0.0,24,23.169118968885112,2320
PARENT,LAW_29_L24_S950004,LAW_29,0,1.9755604281112222,0.0,0.0,NO_SINK_CAPACITY,True,0.0,24,25.521816885991324,2576
PARENT,LAW_29_L24_S950004,LAW_29,0,1.9755604281112222,0.0,0.0,NO_SINK_CAPACITY,True,0.0,24,28.043722962817462,2832
PARENT,LAW_29_L24_S950004,LAW_29,0,1.9755604281112222,0.0,0.0,NO_SINK_CAPACITY,True,0.0,24,30.13666951253407,3088
PARENT,LAW_29_L24_S950004,LAW_29,0,1.9755604281112222,0.0,0.0,NO_SINK_CAPACITY,True,0.0,24,32.078441270493975,3344
PARENT,LAW_29_L24_S950004,LAW_29,0,1.9755604281112222,0.0,0.0,NO_SINK_CAPACITY,True,0.0,24,33.717187878825214,3600
PARENT,LAW_29_L24_S950004,LAW_29,0,1.9755604281112222,0.0,0.0,NO_SINK_CAPACITY,True,0.0,24,35.183216469145314,3856
PARENT,LAW_29_L24_S950004,LAW_29,0,1.9755604281112222,0.0,0.0,NO_SINK_CAPACITY,True,0.0,24,36.8773806166627,4112
PARENT,LAW_29_L24_S950004,LAW_29,0,1.9755604281112222,0.0,0.0,NO_SINK_CAPACITY,True,0.0,24,38.289734785738446,4368
PARENT,LAW_29_L24_S950004,LAW_29,0,1.9755604281112222,0.0,0.0,NO_SINK_CAPACITY,True,0.0,24,39.30767773505357,4624
SRC_SINKSIDE,LAW_29_L24_S950004,LAW_29,106,1.9755604281112222,1.9755604281112222,1.9755604281112222,NONE,False,78.60864744497735,24,27.391352555022674,272
SRC_SINKSIDE,LAW_29_L24_S950004,LAW_29,104,1.9755604281112222,1.9755604281112222,1.9755604281112222,NONE,False,77.69065034378197,24,26.30934965621802,288
SRC_SINKSIDE,LAW_29_L24_S950004,LAW_29,103,1.9755604281112222,1.9755604281112222,1.9755604281112225,NONE,False,77.15224956630762,24,25.847750433692386,304
SRC_SINKSIDE,LAW_29_L24_S950004,LAW_29,103,1.9755604281112222,1.9755604281112222,1.9755604281112225,NONE,False,76.75244070889569,24,26.247559291104324,320
SRC_SINKSIDE,LAW_29_L24_S950004,LAW_29,104,1.9755604281112222,1.9755604281112222,1.975560428111222,NONE,False,76.8758751150657,24,27.12412488493431,336
SRC_SINKSIDE,LAW_29_L24_S950004,LAW_29,103,1.9755604281112222,1.9755604281112222,1.9755604281112222,NONE,False,76.2131170545517,24,26.78688294544831,352
SRC_SINKSIDE,LAW_29_L24_S950004,LAW_29,103,1.9755604281112222,1.9755604281112222,1.9755604281112222,NONE,False,75.89798420253346,24,27.102015797466493,368
SRC_SINKSIDE,LAW_29_L24_S950004,LAW_29,103,1.9755604281112222,1.9755604281112222,1.975560428111222,NONE,False,75.61193007611375,24,27.388069923886224,384
SRC_SINKSIDE,LAW_29_L24_S950004,LAW_29,104,1.9755604281112222,1.9755604281112222,1.9755604281112222,NONE,False,74.09810037162514,24,29.901899628374878,528
SRC_SINKSIDE,LAW_29_L24_S950004,LAW_29,104,1.9755604281112222,1.9755604281112222,1.9755604281112222,NONE,False,71.48491701783271,24,32.51508298216732,784
SRC_SINKSIDE,LAW_29_L24_S950004,LAW_29,104,1.9755604281112222,1.9755604281112222,1.975560428111222,NONE,False,69.09573067090314,24,34.9042693290969,1040
SRC_SINKSIDE,LAW_29_L24_S950004,LAW_29,102,1.9755604281112222,1.9755604281112222,1.9755604281112222,NONE,False,66.30867496277193,24,35.691325037228054,1296
SRC_SINKSIDE,LAW_29_L24_S950004,LAW_29,100,1.9755604281112222,1.9755604281112222,1.9755604281112222,NONE,False,63.680917701339744,24,36.31908229866024,1552
SRC_SINKSIDE,LAW_29_L24_S950004,LAW_29,98,1.9755604281112222,1.9755604281112222,1.9755604281112222,NONE,False,61.28936803025147,24,36.71063196974852,1808
SRC_SINKSIDE,LAW_29_L24_S950004,LAW_29,96,1.9755604281112222,1.9755604281112222,1.9755604281112222,NONE,False,58.967914501055915,24,37.03208549894407,2064
SRC_SINKSIDE,LAW_29_L24_S950004,LAW_29,93,1.9755604281112222,1.9755604281112222,1.9755604281112222,NONE,False,56.30631628619444,24,36.69368371380556,2320
SRC_SINKSIDE,LAW_29_L24_S950004,LAW_29,91,1.9755604281112222,1.9755604281112222,1.9755604281112222,NONE,False,54.18534450936948,24,36.81465549063055,2576
SRC_SINKSIDE,LAW_29_L24_S950004,LAW_29,91,1.9755604281112222,1.9755604281112222,1.9755604281112222,NONE,False,53.28436347622538,24,37.71563652377463,2832
SRC_SINKSIDE,LAW_29_L24_S950004,LAW_29,89,1.9755604281112222,1.9755604281112222,1.9755604281112222,NONE,False,51.03719529197612,24,37.96280470802388,3088
SRC_SINKSIDE,LAW_29_L24_S950004,LAW_29,85,1.9755604281112222,1.9755604281112222,1.9755604281112222,NONE,False,48.636290594069365,24,36.363709405930635,3344
SRC_SINKSIDE,LAW_29_L24_S950004,LAW_29,83,1.9755604281112222,1.9755604281112222,1.9755604281112222,NONE,False,46.8480921611909,24,36.1519078388091,3600
SRC_SINKSIDE,LAW_29_L24_S950004,LAW_29,84,1.9755604281112222,1.9755604281112222,1.9755604281112222,NONE,False,46.49067100474055,24,37.509328995259445,3856
PARENT,LAW_29_L24_S950005,LAW_29,113,1.987634002643032,1.987634002643032,1.987634002643032,NONE,False,83.36696485177698,24,26.820907640491935,272
PARENT,LAW_29_L24_S950005,LAW_29,109,1.987634002643032,1.987634002643032,1.987634002643032,NONE,False,80.44518429675738,24,25.242749130903594,288
PARENT,LAW_29_L24_S950005,LAW_29,105,1.987634002643032,1.987634002643032,1.987634002643032,NONE,False,77.93534562209143,24,23.796562562546736,304
PARENT,LAW_29_L24_S950005,LAW_29,99,1.987634002643032,1.987634002643032,1.987634002643032,NONE,False,74.1124659389713,24,22.329045063080713,320
PARENT,LAW_29_L24_S950005,LAW_29,96,1.987634002643032,1.987634002643032,1.987634002643032,NONE,False,71.51201577043365,24,21.01705076050933,336
PARENT,LAW_29_L24_S950005,LAW_29,90,1.987634002643032,1.987634002643032,1.987634002643032,NONE,False,67.85904974990734,24,19.640323616372765,352
PARENT,LAW_29_L24_S950005,LAW_29,87,1.987634002643032,1.987634002643032,1.987634002643032,NONE,False,65.04597229060485,24,18.307597665591025,368
PARENT,LAW_29_L24_S950005,LAW_29,84,1.987634002643032,1.987634002643032,1.987634002643032,NONE,False,62.544629266654816,24,16.98618350992207,384
PARENT,LAW_29_L24_S950005,LAW_29,47,1.987634002643032,1.987634002643032,1.987634002643032,NONE,False,34.72958463869204,24,4.987654570385382,528
PARENT,LAW_29_L24_S950005,LAW_29,14,1.987634002643032,0.792886913840132,0.792886913840132,NONE,False,10.209821979934707,24,0.792886913840132,784
PARENT,LAW_29_L24_S950005,LAW_29,1,1.987634002643032,0.4540893889817973,0.4540893889817973,NONE,False,0.4540893889817973,24,2.476046858502449,1040
PARENT,LAW_29_L24_S950005,LAW_29,0,1.987634002643032,0.0,0.0,NO_SINK_CAPACITY,True,0.0,24,6.734634592139399,1296
PARENT,LAW_29_L24_S950005,LAW_29,0,1.987634002643032,0.0,0.0,NO_SINK_CAPACITY,True,0.0,24,12.615683373654555,1552
PARENT,LAW_29_L24_S950005,LAW_29,0,1.987634002643032,0.0,0.0,NO_SINK_CAPACITY,True,0.0,24,16.33949398013831,1808
PARENT,LAW_29_L24_S950005,LAW_29,0,1.987634002643032,0.0,0.0,NO_SINK_CAPACITY,True,0.0,24,20.00308498100862,2064
PARENT,LAW_29_L24_S950005,LAW_29,0,1.987634002643032,0.0,0.0,NO_SINK_CAPACITY,True,0.0,24,22.46448367140697,2320
PARENT,LAW_29_L24_S950005,LAW_29,0,1.987634002643032,0.0,0.0,NO_SINK_CAPACITY,True,0.0,24,24.966822642416552,2576
PARENT,LAW_29_L24_S950005,LAW_29,0,1.987634002643032,0.0,0.0,NO_SINK_CAPACITY,True,0.0,24,27.46036499554806,2832
PARENT,LAW_29_L24_S950005,LAW_29,0,1.987634002643032,0.0,0.0,NO_SINK_CAPACITY,True,0.0,24,29.155476611789283,3088
PARENT,LAW_29_L24_S950005,LAW_29,0,1.987634002643032,0.0,0.0,NO_SINK_CAPACITY,True,0.0,24,31.261291948678434,3344
PARENT,LAW_29_L24_S950005,LAW_29,0,1.987634002643032,0.0,0.0,NO_SINK_CAPACITY,True,0.0,24,32.91850271087429,3600
PARENT,LAW_29_L24_S950005,LAW_29,0,1.987634002643032,0.0,0.0,NO_SINK_CAPACITY,True,0.0,24,34.08485489182963,3856
SRC_SINKSIDE,LAW_29_L24_S950005,LAW_29,113,1.987634002643032,1.987634002643032,1.987634002643032,NONE,False,83.36696485177698,24,29.633035148222998,272
SRC_SINKSIDE,LAW_29_L24_S950005,LAW_29,111,1.987634002643032,1.987634002643032,1.987634002643032,NONE,False,82.39496515651042,24,28.605034843489566,288
SRC_SINKSIDE,LAW_29_L24_S950005,LAW_29,112,1.987634002643032,1.987634002643032,1.987634002643032,NONE,False,82.52044407762739,24,29.47955592237257,304
SRC_SINKSIDE,LAW_29_L24_S950005,LAW_29,111,1.987634002643032,1.987634002643032,1.987634002643032,NONE,False,82.13476117570163,24,28.865238824298316,320
SRC_SINKSIDE,LAW_29_L24_S950005,LAW_29,110,1.987634002643032,1.987634002643032,1.9876340026430321,NONE,False,81.57029263407225,24,28.429707365927776,336
SRC_SINKSIDE,LAW_29_L24_S950005,LAW_29,109,1.987634002643032,1.987634002643032,1.987634002643032,NONE,False,80.96410538415876,24,28.035894615841244,352
SRC_SINKSIDE,LAW_29_L24_S950005,LAW_29,108,1.987634002643032,1.987634002643032,1.987634002643032,NONE,False,80.2809340541079,24,27.719065945892105,368
SRC_SINKSIDE,LAW_29_L24_S950005,LAW_29,109,1.987634002643032,1.987634002643032,1.987634002643032,NONE,False,80.39884080265578,24,28.60115919734421,384
SRC_SINKSIDE,LAW_29_L24_S950005,LAW_29,109,1.987634002643032,1.987634002643032,1.987634002643032,NONE,False,78.53238052785547,24,30.467619472144566,528
SRC_SINKSIDE,LAW_29_L24_S950005,LAW_29,109,1.987634002643032,1.987634002643032,1.987634002643032,NONE,False,75.87401245593416,24,33.12598754406582,784
SRC_SINKSIDE,LAW_29_L24_S950005,LAW_29,109,1.987634002643032,1.987634002643032,1.987634002643032,NONE,False,73.65157246009075,24,35.34842753990928,1040
SRC_SINKSIDE,LAW_29_L24_S950005,LAW_29,107,1.987634002643032,1.987634002643032,1.987634002643032,NONE,False,70.82756584502995,24,36.17243415497007,1296
SRC_SINKSIDE,LAW_29_L24_S950005,LAW_29,106,1.987634002643032,1.987634002643032,1.987634002643032,NONE,False,68.66580853337165,24,37.334191466628354,1552
SRC_SINKSIDE,LAW_29_L24_S950005,LAW_29,105,1.987634002643032,1.987634002643032,1.987634002643032,NONE,False,66.68417625468334,24,38.31582374531663,1808
SRC_SINKSIDE,LAW_29_L24_S950005,LAW_29,104,1.987634002643032,1.987634002643032,1.987634002643032,NONE,False,64.89397048659245,24,39.10602951340757,2064
SRC_SINKSIDE,LAW_29_L24_S950005,LAW_29,103,1.987634002643032,1.987634002643032,1.987634002643032,NONE,False,63.034874999128824,24,39.96512500087116,2320
SRC_SINKSIDE,LAW_29_L24_S950005,LAW_29,102,1.987634002643032,1.987634002643032,1.987634002643032,NONE,False,61.40177866639732,24,40.598221333602694,2576
SRC_SINKSIDE,LAW_29_L24_S950005,LAW_29,100,1.987634002643032,1.987634002643032,1.987634002643032,NONE,False,59.34649043940271,24,40.653509560597314,2832
SRC_SINKSIDE,LAW_29_L24_S950005,LAW_29,100,1.987634002643032,1.987634002643032,1.987634002643032,NONE,False,58.341622357646465,24,41.658377642353535,3088
SRC_SINKSIDE,LAW_29_L24_S950005,LAW_29,98,1.987634002643032,1.987634002643032,1.987634002643032,NONE,False,56.46050433493501,24,41.53949566506499,3344
SRC_SINKSIDE,LAW_29_L24_S950005,LAW_29,96,1.987634002643032,1.987634002643032,1.987634002643032,NONE,False,54.63196576184539,24,41.368034238154614,3600
SRC_SINKSIDE,LAW_29_L24_S950005,LAW_29,95,1.987634002643032,1.987634002643032,1.987634002643032,NONE,False,53.23305459476146,24,41.766945405238545,3856
SRC_SINKSIDE,LAW_29_L24_S950005,LAW_29,94,1.987634002643032,1.987634002643032,1.9876340026430324,NONE,False,52.004886556545884,24,41.99511344345411,4112
SRC_SINKSIDE,LAW_29_L24_S950005,LAW_29,91,1.987634002643032,1.987634002643032,1.987634002643032,NONE,False,49.89683737810622,24,41.10316262189378,4368
SRC_SINKSIDE,LAW_29_L24_S950005,LAW_29,89,1.987634002643032,1.987634002643032,1.987634002643032,NONE,False,48.30052340263049,24,40.699476597369504,4624
SRC_SINKSIDE,LAW_29_L24_S950005,LAW_29,89,1.987634002643032,1.987634002643032,1.987634002643032,NONE,False,47.74597624869696,24,41.25402375130305,4880
SRC_SINKSIDE,LAW_29_L24_S950005,LAW_29,86,1.987634002643032,1.987634002643032,1.987634002643032,NONE,False,45.693558471901284,24,40.306441528098716,5136
PARENT,LAW_29_L24_S950006,LAW_29,103,1.9475561399845993,1.9475561399845993,1.9475561399845995,NONE,False,75.0626818724416,24,28.706455367928026,272
PARENT,LAW_29_L24_S950006,LAW_29,97,1.9475561399845993,1.9475561399845993,1.9475561399845995,NONE,False,71.50225141353958,24,27.14391931039565,288
PARENT,LAW_29_L24_S950006,LAW_29,93,1.9475561399845993,1.9475561399845993,1.9475561399845993,NONE,False,68.5791963455253,24,25.750337057083325,304
PARENT,LAW_29_L24_S950006,LAW_29,89,1.9475561399845993,1.9475561399845993,1.9475561399845995,NONE,False,65.85031283283911,24,24.328599750821464,320
PARENT,LAW_29_L24_S950006,LAW_29,86,1.9475561399845993,1.9475561399845993,1.947556139984599,NONE,False,63.291638884428004,24,22.94875926084353,336
PARENT,LAW_29_L24_S950006,LAW_29,82,1.9475561399845993,1.9475561399845993,1.947556139984599,NONE,False,60.31896444503394,24,21.622810633713186,352
PARENT,LAW_29_L24_S950006,LAW_29,76,1.9475561399845993,1.9475561399845993,1.947556139984599,NONE,False,56.40485710285278,24,20.247465752446185,368
PARENT,LAW_29_L24_S950006,LAW_29,73,1.9475561399845993,1.9475561399845993,1.9475561399845995,NONE,False,53.811228533374226,24,18.970972978622076,384
PARENT,LAW_29_L24_S950006,LAW_29,40,1.9475561399845993,1.9475561399845993,1.9475561399845993,NONE,False,28.457243419422344,24,7.020187977558019,528
PARENT,LAW_29_L24_S950006,LAW_29,2,1.9475561399845993,0.9993824413197622,0.9993824413197622,NONE,False,0.9993824413197622,24,1.147729959120415,784
PARENT,LAW_29_L24_S950006,LAW_29,0,1.9475561399845993,0.0,0.0,NO_SINK_CAPACITY,True,0.0,24,7.23442813362859,1040
PARENT,LAW_29_L24_S950006,LAW_29,0,1.9475561399845993,0.0,0.0,NO_SINK_CAPACITY,True,0.0,24,13.061553869450655,1296
PARENT,LAW_29_L24_S950006,LAW_29,0,1.9475561399845993,0.0,0.0,NO_SINK_CAPACITY,True,0.0,24,16.825115387914302,1552
PARENT,LAW_29_L24_S950006,LAW_29,0,1.9475561399845993,0.0,0.0,NO_SINK_CAPACITY,True,0.0,24,20.477996764613522,1808
PARENT,LAW_29_L24_S950006,LAW_29,0,1.9475561399845993,0.0,0.0,NO_SINK_CAPACITY,True,0.0,24,23.27516461133378,2064
PARENT,LAW_29_L24_S950006,LAW_29,0,1.9475561399845993,0.0,0.0,NO_SINK_CAPACITY,True,0.0,24,26.39377848666988,2320
PARENT,LAW_29_L24_S950006,LAW_29,0,1.9475561399845993,0.0,0.0,NO_SINK_CAPACITY,True,0.0,24,28.595163445425968,2576
PARENT,LAW_29_L24_S950006,LAW_29,0,1.9475561399845993,0.0,0.0,NO_SINK_CAPACITY,True,0.0,24,31.06648907215738,2832
PARENT,LAW_29_L24_S950006,LAW_29,0,1.9475561399845993,0.0,0.0,NO_SINK_CAPACITY,True,0.0,24,33.0884847986611,3088
SRC_SINKSIDE,LAW_29_L24_S950006,LAW_29,103,1.9475561399845993,1.9475561399845993,1.9475561399845995,NONE,False,75.0626818724416,24,27.93731812755842,272
SRC_SINKSIDE,LAW_29_L24_S950006,LAW_29,100,1.9475561399845993,1.9475561399845993,1.947556139984599,NONE,False,73.93922935000734,24,26.060770649992655,288
SRC_SINKSIDE,LAW_29_L24_S950006,LAW_29,100,1.9475561399845993,1.9475561399845993,1.947556139984599,NONE,False,73.52062399793105,24,26.47937600206895,304
SRC_SINKSIDE,LAW_29_L24_S950006,LAW_29,99,1.9475561399845993,1.9475561399845993,1.947556139984599,NONE,False,72.69869334474774,24,26.301306655252247,320
SRC_SINKSIDE,LAW_29_L24_S950006,LAW_29,101,1.9475561399845993,1.9475561399845993,1.9475561399845993,NONE,False,73.3847492660346,24,27.615250733965386,336
SRC_SINKSIDE,LAW_29_L24_S950006,LAW_29,101,1.9475561399845993,1.9475561399845993,1.9475561399845995,NONE,False,73.21074843543242,24,27.78925156456754,352
SRC_SINKSIDE,LAW_29_L24_S950006,LAW_29,101,1.9475561399845993,1.9475561399845993,1.9475561399845993,NONE,False,72.92267933164071,24,28.0773206683593,368
SRC_SINKSIDE,LAW_29_L24_S950006,LAW_29,101,1.9475561399845993,1.9475561399845993,1.9475561399845995,NONE,False,72.7134396327877,24,28.286560367212306,384
SRC_SINKSIDE,LAW_29_L24_S950006,LAW_29,101,1.9475561399845993,1.9475561399845993,1.9475561399845995,NONE,False,70.98985956654835,24,30.010140433451657,528
SRC_SINKSIDE,LAW_29_L24_S950006,LAW_29,100,1.9475561399845993,1.9475561399845993,1.9475561399845995,NONE,False,68.0339730420297,24,31.966026957970332,784
SRC_SINKSIDE,LAW_29_L24_S950006,LAW_29,99,1.9475561399845993,1.9475561399845993,1.947556139984599,NONE,False,65.54695451246107,24,33.45304548753892,1040
SRC_SINKSIDE,LAW_29_L24_S950006,LAW_29,99,1.9475561399845993,1.9475561399845993,1.9475561399845995,NONE,False,63.77362963783525,24,35.22637036216476,1296
SRC_SINKSIDE,LAW_29_L24_S950006,LAW_29,99,1.9475561399845993,1.9475561399845993,1.947556139984599,NONE,False,62.18054657258343,24,36.819453427416576,1552
SRC_SINKSIDE,LAW_29_L24_S950006,LAW_29,97,1.9475561399845993,1.9475561399845993,1.9475561399845995,NONE,False,59.92175764168156,24,37.07824235831842,1808
SRC_SINKSIDE,LAW_29_L24_S950006,LAW_29,94,1.9475561399845993,1.9475561399845993,1.947556139984599,NONE,False,57.403509577039195,24,36.596490422960784,2064
SRC_SINKSIDE,LAW_29_L24_S950006,LAW_29,94,1.9475561399845993,1.9475561399845993,1.9475561399845993,NONE,False,56.1643793729266,24,37.8356206270734,2320
SRC_SINKSIDE,LAW_29_L24_S950006,LAW_29,91,1.9475561399845993,1.9475561399845993,1.9475561399845995,NONE,False,53.83459460417883,24,37.16540539582115,2576
SRC_SINKSIDE,LAW_29_L24_S950006,LAW_29,90,1.9475561399845993,1.9475561399845993,1.9475561399845993,NONE,False,52.32947303916876,24,37.670526960831246,2832
SRC_SINKSIDE,LAW_29_L24_S950006,LAW_29,89,1.9475561399845993,1.9475561399845993,1.947556139984599,NONE,False,51.13623107921683,24,37.86376892078317,3088
SRC_SINKSIDE,LAW_29_L24_S950006,LAW_29,88,1.9475561399845993,1.9475561399845993,1.9475561399845993,NONE,False,49.89928661606037,24,38.10071338393962,3344
SRC_SINKSIDE,LAW_29_L24_S950006,LAW_29,86,1.9475561399845993,1.9475561399845993,1.9475561399845993,NONE,False,48.18858860446575,24,37.81141139553426,3600
SRC_SINKSIDE,LAW_29_L24_S950006,LAW_29,83,1.9475561399845993,1.9475561399845993,1.9475561399845995,NONE,False,46.03943964130646,24,36.96056035869354,3856
SRC_SINKSIDE,LAW_29_L24_S950006,LAW_29,84,1.9475561399845993,1.9475561399845993,1.9475561399845995,NONE,False,45.798493499878624,24,38.201506500121376,4112
SRC_SINKSIDE,LAW_29_L24_S950006,LAW_29,81,1.9475561399845993,1.9475561399845993,1.9475561399845995,NONE,False,43.806248049340546,24,37.19375195065946,4368
SRC_SINKSIDE,LAW_29_L24_S950006,LAW_29,80,1.9475561399845993,1.9475561399845993,1.9475561399845993,NONE,False,42.97719616219501,24,37.02280383780498,4624
SRC_SINKSIDE,LAW_29_L24_S950006,LAW_29,78,1.9475561399845993,1.9475561399845993,1.9475561399845995,NONE,False,41.45747905679473,24,36.542520943205275,4880
SRC_SINKSIDE,LAW_29_L24_S950006,LAW_29,77,1.9475561399845993,1.9475561399845993,1.947556139984599,NONE,False,40.51160407177551,24,36.488395928224485,5136
PARENT,LAW_29_L24_S950007,LAW_29,106,2.029850763739057,2.029850763739057,2.029850763739057,NONE,False,77.63011276840722,24,29.68986680705119,272
PARENT,LAW_29_L24_S950007,LAW_29,100,2.029850763739057,2.029850763739057,2.0298507637390566,NONE,False,74.10031135718145,24,28.05412791507271,288
PARENT,LAW_29_L24_S950007,LAW_29,96,2.029850763739057,2.029850763739057,2.029850763739057,NONE,False,71.10823321955225,24,26.58599720297997,304
PARENT,LAW_29_L24_S950007,LAW_29,92,2.029850763739057,2.029850763739057,2.029850763739057,NONE,False,68.37528881588385,24,25.11416418014363,320
PARENT,LAW_29_L24_S950007,LAW_29,88,2.029850763739057,2.029850763739057,2.0298507637390566,NONE,False,65.56727872295725,24,23.64316961275614,336
PARENT,LAW_29_L24_S950007,LAW_29,85,2.029850763739057,2.029850763739057,2.029850763739057,NONE,False,62.87820447070831,24,22.274765137486455,352
PARENT,LAW_29_L24_S950007,LAW_29,80,2.029850763739057,2.029850763739057,2.0298507637390575,NONE,False,59.4280401504706,24,20.851079125941858,368
PARENT,LAW_29_L24_S950007,LAW_29,76,2.029850763739057,2.029850763739057,2.029850763739057,NONE,False,56.630185166214844,24,19.454324246490536,384
PARENT,LAW_29_L24_S950007,LAW_29,42,2.029850763739057,2.029850763739057,2.029850763739057,NONE,False,29.977525586803317,24,7.002199746949631,528
PARENT,LAW_29_L24_S950007,LAW_29,3,2.029850763739057,1.1944895895951748,1.1944895895951748,NONE,False,1.71337273434069,24,1.1944895895951748,784
PARENT,LAW_29_L24_S950007,LAW_29,0,2.029850763739057,0.0,0.0,NO_SINK_CAPACITY,True,0.0,24,6.874701933770633,1040
PARENT,LAW_29_L24_S950007,LAW_29,0,2.029850763739057,0.0,0.0,NO_SINK_CAPACITY,True,0.0,24,13.266942221551544,1296
PARENT,LAW_29_L24_S950007,LAW_29,0,2.029850763739057,0.0,0.0,NO_SINK_CAPACITY,True,0.0,24,16.815614738405934,1552
PARENT,LAW_29_L24_S950007,LAW_29,0,2.029850763739057,0.0,0.0,NO_SINK_CAPACITY,True,0.0,24,21.10018745666106,1808
PARENT,LAW_29_L24_S950007,LAW_29,0,2.029850763739057,0.0,0.0,NO_SINK_CAPACITY,True,0.0,24,23.998971524227077,2064
SRC_SINKSIDE,LAW_29_L24_S950007,LAW_29,106,2.029850763739057,2.029850763739057,2.029850763739057,NONE,False,77.63011276840722,24,28.36988723159277,272
SRC_SINKSIDE,LAW_29_L24_S950007,LAW_29,103,2.029850763739057,2.029850763739057,2.029850763739057,NONE,False,76.55122031274722,24,26.448779687252788,288
SRC_SINKSIDE,LAW_29_L24_S950007,LAW_29,103,2.029850763739057,2.029850763739057,2.029850763739057,NONE,False,76.19882655445434,24,26.801173445545682,304
SRC_SINKSIDE,LAW_29_L24_S950007,LAW_29,103,2.029850763739057,2.029850763739057,2.029850763739057,NONE,False,75.90193019501253,24,27.09806980498745,320
SRC_SINKSIDE,LAW_29_L24_S950007,LAW_29,103,2.029850763739057,2.029850763739057,2.029850763739057,NONE,False,75.70904899719838,24,27.29095100280162,336
SRC_SINKSIDE,LAW_29_L24_S950007,LAW_29,104,2.029850763739057,2.029850763739057,2.029850763739057,NONE,False,75.87508837057155,24,28.12491162942844,352
SRC_SINKSIDE,LAW_29_L24_S950007,LAW_29,103,2.029850763739057,2.029850763739057,2.029850763739057,NONE,False,75.26208705841256,24,27.737912941587435,368
SRC_SINKSIDE,LAW_29_L24_S950007,LAW_29,103,2.029850763739057,2.029850763739057,2.029850763739057,NONE,False,75.01973405885819,24,27.980265941141848,384
SRC_SINKSIDE,LAW_29_L24_S950007,LAW_29,103,2.029850763739057,2.029850763739057,2.029850763739057,NONE,False,73.3689136283105,24,29.631086371689523,528
SRC_SINKSIDE,LAW_29_L24_S950007,LAW_29,103,2.029850763739057,2.029850763739057,2.029850763739057,NONE,False,70.97537113532549,24,32.02462886467451,784
SRC_SINKSIDE,LAW_29_L24_S950007,LAW_29,103,2.029850763739057,2.029850763739057,2.0298507637390566,NONE,False,68.92953493718093,24,34.070465062819096,1040
SRC_SINKSIDE,LAW_29_L24_S950007,LAW_29,102,2.029850763739057,2.029850763739057,2.029850763739057,NONE,False,66.74758847405596,24,35.25241152594406,1296
SRC_SINKSIDE,LAW_29_L24_S950007,LAW_29,101,2.029850763739057,2.029850763739057,2.029850763739057,NONE,False,64.59389767987068,24,36.40610232012932,1552
SRC_SINKSIDE,LAW_29_L24_S950007,LAW_29,100,2.029850763739057,2.029850763739057,2.029850763739057,NONE,False,62.717723105308814,24,37.282276894691165,1808
SRC_SINKSIDE,LAW_29_L24_S950007,LAW_29,98,2.029850763739057,2.029850763739057,2.029850763739057,NONE,False,60.658614429849806,24,37.34138557015019,2064
SRC_SINKSIDE,LAW_29_L24_S950007,LAW_29,98,2.029850763739057,2.029850763739057,2.029850763739057,NONE,False,59.48450108326165,24,38.51549891673835,2320
SRC_SINKSIDE,LAW_29_L24_S950007,LAW_29,95,2.029850763739057,2.029850763739057,2.029850763739057,NONE,False,57.04114077000538,24,37.958859229994616,2576
SRC_SINKSIDE,LAW_29_L24_S950007,LAW_29,94,2.029850763739057,2.029850763739057,2.0298507637390575,NONE,False,55.62724039398269,24,38.37275960601731,2832
SRC_SINKSIDE,LAW_29_L24_S950007,LAW_29,91,2.029850763739057,2.029850763739057,2.029850763739057,NONE,False,53.38262835313123,24,37.61737164686878,3088
SRC_SINKSIDE,LAW_29_L24_S950007,LAW_29,91,2.029850763739057,2.029850763739057,2.029850763739057,NONE,False,52.552124163600375,24,38.447875836399604,3344
SRC_SINKSIDE,LAW_29_L24_S950007,LAW_29,91,2.029850763739057,2.029850763739057,2.029850763739057,NONE,False,51.698448212509426,24,39.30155178749059,3600
SRC_SINKSIDE,LAW_29_L24_S950007,LAW_29,89,2.029850763739057,2.029850763739057,2.029850763739057,NONE,False,50.093405951023605,24,38.90659404897638,3856
SRC_SINKSIDE,LAW_29_L24_S950007,LAW_29,90,2.029850763739057,2.029850763739057,2.029850763739057,NONE,False,49.88765250297851,24,40.112347497021474,4112
SRC_SINKSIDE,LAW_29_L24_S950007,LAW_29,89,2.029850763739057,2.029850763739057,2.029850763739057,NONE,False,48.811060509245536,24,40.188939490754464,4368
SRC_SINKSIDE,LAW_29_L24_S950007,LAW_29,88,2.029850763739057,2.029850763739057,2.029850763739057,NONE,False,47.59539809791262,24,40.40460190208738,4624
SRC_SINKSIDE,LAW_29_L24_S950007,LAW_29,85,2.029850763739057,2.029850763739057,2.029850763739057,NONE,False,45.856321787799004,24,39.14367821220101,4880
SRC_SINKSIDE,LAW_29_L24_S950007,LAW_29,86,2.029850763739057,2.029850763739057,2.0298507637390566,NONE,False,45.899856244307244,24,40.100143755692756,5136
PARENT,LAW_29_L24_S950008,LAW_29,112,1.9878624422614866,1.9878624422614866,1.9878624422614866,NONE,False,81.53517235705387,24,27.954762490095998,272
PARENT,LAW_29_L24_S950008,LAW_29,107,1.9878624422614866,1.9878624422614866,1.9878624422614863,NONE,False,78.30785232124177,24,26.384578067456125,288
PARENT,LAW_29_L24_S950008,LAW_29,103,1.9878624422614866,1.9878624422614866,1.9878624422614863,NONE,False,75.66267595114773,24,24.914747087052127,304
PARENT,LAW_29_L24_S950008,LAW_29,99,1.9878624422614866,1.9878624422614866,1.9878624422614866,NONE,False,72.93544737433787,24,23.49135681188278,320
PARENT,LAW_29_L24_S950008,LAW_29,96,1.9878624422614866,1.9878624422614866,1.9878624422614863,NONE,False,70.33098301159562,24,22.09783708122707,336
PARENT,LAW_29_L24_S950008,LAW_29,90,1.9878624422614866,1.9878624422614866,1.9878624422614866,NONE,False,66.68867956061166,24,20.67579567140069,352
PARENT,LAW_29_L24_S950008,LAW_29,87,1.9878624422614866,1.9878624422614866,1.9878624422614868,NONE,False,63.88797053930645,24,19.371186673948422,368
PARENT,LAW_29_L24_S950008,LAW_29,84,1.9878624422614866,1.9878624422614866,1.9878624422614866,NONE,False,61.42535732799499,24,18.008323191008657,384
PARENT,LAW_29_L24_S950008,LAW_29,49,1.9878624422614866,1.9878624422614866,1.9878624422614868,NONE,False,35.21206027046289,24,6.027462542020819,528
PARENT,LAW_29_L24_S950008,LAW_29,12,1.9878624422614866,0.9709248889915062,0.9709248889915063,NONE,False,7.982809315818095,24,0.9709248889915062,784
PARENT,LAW_29_L24_S950008,LAW_29,1,1.9878624422614866,0.45498709952918365,0.45498709952918365,NONE,False,0.45498709952918365,24,2.878633194523767,1040
PARENT,LAW_29_L24_S950008,LAW_29,0,1.9878624422614866,0.0,0.0,NO_SINK_CAPACITY,True,0.0,24,8.885760207538148,1296
PARENT,LAW_29_L24_S950008,LAW_29,0,1.9878624422614866,0.0,0.0,NO_SINK_CAPACITY,True,0.0,24,12.6233317925046,1552
PARENT,LAW_29_L24_S950008,LAW_29,0,1.9878624422614866,0.0,0.0,NO_SINK_CAPACITY,True,0.0,24,17.319995197454105,1808
PARENT,LAW_29_L24_S950008,LAW_29,0,1.9878624422614866,0.0,0.0,NO_SINK_CAPACITY,True,0.0,24,19.90907417567707,2064
PARENT,LAW_29_L24_S950008,LAW_29,0,1.9878624422614866,0.0,0.0,NO_SINK_CAPACITY,True,0.0,24,23.028208389966412,2320
SRC_SINKSIDE,LAW_29_L24_S950008,LAW_29,112,1.9878624422614866,1.9878624422614866,1.9878624422614866,NONE,False,81.53517235705387,24,30.464827642946133,272
SRC_SINKSIDE,LAW_29_L24_S950008,LAW_29,110,1.9878624422614866,1.9878624422614866,1.9878624422614868,NONE,False,80.6247463558485,24,29.375253644151517,288
SRC_SINKSIDE,LAW_29_L24_S950008,LAW_29,110,1.9878624422614866,1.9878624422614866,1.9878624422614866,NONE,False,80.3048103723673,24,29.695189627632693,304
SRC_SINKSIDE,LAW_29_L24_S950008,LAW_29,109,1.9878624422614866,1.9878624422614866,1.9878624422614863,NONE,False,79.68685218319345,24,29.31314781680656,320
SRC_SINKSIDE,LAW_29_L24_S950008,LAW_29,109,1.9878624422614866,1.9878624422614866,1.9878624422614866,NONE,False,79.57008622583432,24,29.42991377416565,336
SRC_SINKSIDE,LAW_29_L24_S950008,LAW_29,109,1.9878624422614866,1.9878624422614866,1.9878624422614868,NONE,False,79.59737361121007,24,29.40262638878995,352
SRC_SINKSIDE,LAW_29_L24_S950008,LAW_29,108,1.9878624422614866,1.9878624422614866,1.9878624422614868,NONE,False,78.92711990295744,24,29.072880097042567,368
SRC_SINKSIDE,LAW_29_L24_S950008,LAW_29,109,1.9878624422614866,1.9878624422614866,1.9878624422614863,NONE,False,78.93810356362043,24,30.06189643637953,384
SRC_SINKSIDE,LAW_29_L24_S950008,LAW_29,106,1.9878624422614866,1.9878624422614866,1.9878624422614866,NONE,False,75.5038635340882,24,30.496136465911786,528
SRC_SINKSIDE,LAW_29_L24_S950008,LAW_29,105,1.9878624422614866,1.9878624422614866,1.9878624422614863,NONE,False,72.14129705832809,24,32.85870294167195,784
SRC_SINKSIDE,LAW_29_L24_S950008,LAW_29,106,1.9878624422614866,1.9878624422614866,1.9878624422614868,NONE,False,70.29112182676579,24,35.70887817323424,1040
SRC_SINKSIDE,LAW_29_L24_S950008,LAW_29,104,1.9878624422614866,1.9878624422614866,1.9878624422614868,NONE,False,67.29091113177665,24,36.70908886822337,1296
SRC_SINKSIDE,LAW_29_L24_S950008,LAW_29,102,1.9878624422614866,1.9878624422614866,1.9878624422614868,NONE,False,64.74480053307417,24,37.25519946692584,1552
SRC_SINKSIDE,LAW_29_L24_S950008,LAW_29,102,1.9878624422614866,1.9878624422614866,1.9878624422614863,NONE,False,63.08591887451382,24,38.914081125486156,1808
SRC_SINKSIDE,LAW_29_L24_S950008,LAW_29,98,1.9878624422614866,1.9878624422614866,1.9878624422614863,NONE,False,59.775372059255346,24,38.22462794074464,2064
SRC_SINKSIDE,LAW_29_L24_S950008,LAW_29,97,1.9878624422614866,1.9878624422614866,1.9878624422614866,NONE,False,58.014224063582475,24,38.98577593641753,2320
SRC_SINKSIDE,LAW_29_L24_S950008,LAW_29,91,1.9878624422614866,1.9878624422614866,1.9878624422614868,NONE,False,53.835696075114754,24,37.16430392488524,2576
SRC_SINKSIDE,LAW_29_L24_S950008,LAW_29,81,1.9878624422614866,1.9878624422614866,1.9878624422614866,NONE,False,46.47729045559641,24,34.5227095444036,2832
SRC_SINKSIDE,LAW_29_L24_S950008,LAW_29,88,1.9878624422614866,1.9878624422614866,1.9878624422614866,NONE,False,50.95791609589588,24,37.042083904104125,3088
SRC_SINKSIDE,LAW_29_L24_S950008,LAW_29,87,1.9878624422614866,1.9878624422614866,1.9878624422614863,NONE,False,49.7732006643791,24,37.226799335620896,3344
SRC_SINKSIDE,LAW_29_L24_S950008,LAW_29,85,1.9878624422614866,1.9878624422614866,1.9878624422614866,NONE,False,48.341411082400604,24,36.65858891759942,3600
SRC_SINKSIDE,LAW_29_L24_S950008,LAW_29,75,1.9878624422614866,1.9878624422614866,1.9878624422614863,NONE,False,40.49558098933086,24,34.504419010669125,3856
SRC_SINKSIDE,LAW_29_L24_S950008,LAW_29,80,1.9878624422614866,1.9878624422614866,1.9878624422614866,NONE,False,44.05762401675197,24,35.94237598324802,4112
SRC_SINKSIDE,LAW_29_L24_S950008,LAW_29,71,1.9878624422614866,1.9878624422614866,1.9878624422614866,NONE,False,37.757358835197486,24,33.24264116480249,4368
SRC_SINKSIDE,LAW_29_L24_S950008,LAW_29,75,1.9878624422614866,1.9878624422614866,1.9878624422614866,NONE,False,40.09059255804098,24,34.90940744195902,4624
PARENT,LAW_29_L32_S950000,LAW_29,179,3.5810995963094525,3.5810995963094525,3.581099596309453,NONE,False,136.7442907258733,32,46.868811918022885,272
PARENT,LAW_29_L32_S950000,LAW_29,172,3.5810995963094525,3.5810995963094525,3.581099596309453,NONE,False,131.67890997418795,32,43.9130847307015,288
PARENT,LAW_29_L32_S950000,LAW_29,165,3.5810995963094525,3.5810995963094525,3.5810995963094525,NONE,False,126.87370071128161,32,41.02887419063576,304
PARENT,LAW_29_L32_S950000,LAW_29,158,3.5810995963094525,3.5810995963094525,3.5810995963094525,NONE,False,121.70436685740795,32,38.26230418430704,320
PARENT,LAW_29_L32_S950000,LAW_29,152,3.5810995963094525,3.5810995963094525,3.581099596309452,NONE,False,117.139626259727,32,35.562852037127506,336
PARENT,LAW_29_L32_S950000,LAW_29,146,3.5810995963094525,3.5810995963094525,3.5810995963094534,NONE,False,112.16939760757725,32,32.78683574809763,352
PARENT,LAW_29_L32_S950000,LAW_29,139,3.5810995963094525,3.5810995963094525,3.581099596309453,NONE,False,107.35604275631502,32,30.09965540041654,368
PARENT,LAW_29_L32_S950000,LAW_29,133,3.5810995963094525,3.5810995963094525,3.5810995963094525,NONE,False,102.42611529548918,32,27.399815171717744,384
PARENT,LAW_29_L32_S950000,LAW_29,77,3.5810995963094525,3.2646649054873347,3.2646649054873347,NONE,False,58.42939960312596,32,3.2646649054873347,528
PARENT,LAW_29_L32_S950000,LAW_29,38,3.5810995963094525,0.8132450817803466,0.8132450817803466,NONE,False,29.198984917222667,32,0.8132450817803466,784
PARENT,LAW_29_L32_S950000,LAW_29,18,3.5810995963094525,0.9989946395936271,0.9989946395936271,NONE,False,12.739419607616286,32,0.9989946395936271,1040
PARENT,LAW_29_L32_S950000,LAW_29,1,3.5810995963094525,0.45404012701471647,0.45404012701471647,NONE,False,0.45404012701471647,32,1.369197971681039,1296
PARENT,LAW_29_L32_S950000,LAW_29,2,3.5810995963094525,0.905532962175148,0.905532962175148,NONE,False,0.905532962175148,32,7.568193574868185,1552
PARENT,LAW_29_L32_S950000,LAW_29,0,3.5810995963094525,0.0,0.0,NO_SINK_CAPACITY,True,0.0,32,12.989290628498672,1808
PARENT,LAW_29_L32_S950000,LAW_29,1,3.5810995963094525,0.45057443579560214,0.45057443579560214,NONE,False,0.45057443579560214,32,18.069573195190337,2064
PARENT,LAW_29_L32_S950000,LAW_29,0,3.5810995963094525,0.0,0.0,NO_SINK_CAPACITY,True,0.0,32,23.27234766557235,2320
PARENT,LAW_29_L32_S950000,LAW_29,0,3.5810995963094525,0.0,0.0,NO_SINK_CAPACITY,True,0.0,32,27.191178324413272,2576
PARENT,LAW_29_L32_S950000,LAW_29,0,3.5810995963094525,0.0,0.0,NO_SINK_CAPACITY,True,0.0,32,31.279883037174205,2832
PARENT,LAW_29_L32_S950000,LAW_29,0,3.5810995963094525,0.0,0.0,NO_SINK_CAPACITY,True,0.0,32,34.48093775476941,3088
PARENT,LAW_29_L32_S950000,LAW_29,1,3.5810995963094525,0.4501372004524394,0.4501372004524394,NONE,False,0.4501372004524394,32,38.07927765507253,3344
PARENT,LAW_29_L32_S950000,LAW_29,0,3.5810995963094525,0.0,0.0,NO_SINK_CAPACITY,True,0.0,32,41.46432111030091,3600
PARENT,LAW_29_L32_S950000,LAW_29,0,3.5810995963094525,0.0,0.0,NO_SINK_CAPACITY,True,0.0,32,43.636613594930104,3856
PARENT,LAW_29_L32_S950000,LAW_29,0,3.5810995963094525,0.0,0.0,NO_SINK_CAPACITY,True,0.0,32,46.36818083443057,4112
PARENT,LAW_29_L32_S950000,LAW_29,0,3.5810995963094525,0.0,0.0,NO_SINK_CAPACITY,True,0.0,32,48.639910933553324,4368
PARENT,LAW_29_L32_S950000,LAW_29,0,3.5810995963094525,0.0,0.0,NO_SINK_CAPACITY,True,0.0,32,51.54150125856377,4624
SRC_SINKSIDE,LAW_29_L32_S950000,LAW_29,179,3.5810995963094525,3.5810995963094525,3.581099596309453,NONE,False,136.7442907258733,32,42.255709274126694,272
SRC_SINKSIDE,LAW_29_L32_S950000,LAW_29,178,3.5810995963094525,3.5810995963094525,3.5810995963094525,NONE,False,136.32009852375413,32,41.67990147624587,288
SRC_SINKSIDE,LAW_29_L32_S950000,LAW_29,176,3.5810995963094525,3.5810995963094525,3.5810995963094525,NONE,False,135.38028784872574,32,40.6197121512742,304
SRC_SINKSIDE,LAW_29_L32_S950000,LAW_29,176,3.5810995963094525,3.5810995963094525,3.581099596309453,NONE,False,134.91698191670923,32,41.08301808329076,320
SRC_SINKSIDE,LAW_29_L32_S950000,LAW_29,177,3.5810995963094525,3.5810995963094525,3.581099596309453,NONE,False,134.78023210160237,32,42.21976789839766,336
SRC_SINKSIDE,LAW_29_L32_S950000,LAW_29,176,3.5810995963094525,3.5810995963094525,3.5810995963094525,NONE,False,133.9617345057229,32,42.03826549427714,352
SRC_SINKSIDE,LAW_29_L32_S950000,LAW_29,178,3.5810995963094525,3.5810995963094525,3.5810995963094525,NONE,False,134.39591022489952,32,43.60408977510049,368
SRC_SINKSIDE,LAW_29_L32_S950000,LAW_29,177,3.5810995963094525,3.5810995963094525,3.5810995963094525,NONE,False,133.6336055175139,32,43.36639448248608,384
SRC_SINKSIDE,LAW_29_L32_S950000,LAW_29,175,3.5810995963094525,3.5810995963094525,3.581099596309452,NONE,False,129.9601604102925,32,45.039839589707526,528
SRC_SINKSIDE,LAW_29_L32_S950000,LAW_29,173,3.5810995963094525,3.5810995963094525,3.581099596309452,NONE,False,124.80662225087868,32,48.19337774912131,784
SRC_SINKSIDE,LAW_29_L32_S950000,LAW_29,173,3.5810995963094525,3.5810995963094525,3.5810995963094525,NONE,False,121.40214359329238,32,51.59785640670754,1040
SRC_SINKSIDE,LAW_29_L32_S950000,LAW_29,167,3.5810995963094525,3.5810995963094525,3.5810995963094525,NONE,False,115.70483463847127,32,51.29516536152868,1296
SRC_SINKSIDE,LAW_29_L32_S950000,LAW_29,166,3.5810995963094525,3.5810995963094525,3.5810995963094525,NONE,False,112.49724797737633,32,53.5027520226237,1552
SRC_SINKSIDE,LAW_29_L32_S950000,LAW_29,163,3.5810995963094525,3.5810995963094525,3.5810995963094525,NONE,False,108.79770836616885,32,54.20229163383114,1808
SRC_SINKSIDE,LAW_29_L32_S950000,LAW_29,161,3.5810995963094525,3.5810995963094525,3.5810995963094525,NONE,False,105.66926643840335,32,55.33073356159664,2064
SRC_SINKSIDE,LAW_29_L32_S950000,LAW_29,156,3.5810995963094525,3.5810995963094525,3.5810995963094516,NONE,False,101.20421442668531,32,54.79578557331459,2320
SRC_SINKSIDE,LAW_29_L32_S950000,LAW_29,159,3.5810995963094525,3.5810995963094525,3.5810995963094525,NONE,False,100.61749480752368,32,58.382505192476344,2576
SRC_SINKSIDE,LAW_29_L32_S950000,LAW_29,158,3.5810995963094525,3.5810995963094525,3.5810995963094525,NONE,False,98.57036959006513,32,59.429630409934894,2832
SRC_SINKSIDE,LAW_29_L32_S950000,LAW_29,155,3.5810995963094525,3.5810995963094525,3.5810995963094525,NONE,False,95.67579437190962,32,59.324205628090326,3088
SRC_SINKSIDE,LAW_29_L32_S950000,LAW_29,154,3.5810995963094525,3.5810995963094525,3.5810995963094525,NONE,False,93.69475368429259,32,60.30524631570743,3344
SRC_SINKSIDE,LAW_29_L32_S950000,LAW_29,131,3.5810995963094525,3.5810995963094525,3.5810995963094516,NONE,False,80.95383691741735,32,50.04616308258264,3600
SRC_SINKSIDE,LAW_29_L32_S950000,LAW_29,147,3.5810995963094525,3.5810995963094525,3.5810995963094534,NONE,False,88.1638151450378,32,58.836184854962184,3856
SRC_SINKSIDE,LAW_29_L32_S950000,LAW_29,143,3.5810995963094525,3.5810995963094525,3.581099596309452,NONE,False,84.87992024944052,32,58.12007975055951,4112
SRC_SINKSIDE,LAW_29_L32_S950000,LAW_29,138,3.5810995963094525,3.5810995963094525,3.5810995963094525,NONE,False,81.47955453198321,32,56.520445468016824,4368
SRC_SINKSIDE,LAW_29_L32_S950000,LAW_29,131,3.5810995963094525,3.5810995963094525,3.5810995963094525,NONE,False,77.94516348612106,32,53.05483651387893,4624
SRC_SINKSIDE,LAW_29_L32_S950000,LAW_29,133,3.5810995963094525,3.5810995963094525,3.5810995963094525,NONE,False,76.85779169393835,32,56.142208306061676,4880
SRC_SINKSIDE,LAW_29_L32_S950000,LAW_29,132,3.5810995963094525,3.5810995963094525,3.581099596309452,NONE,False,75.28195049079694,32,56.71804950920307,5136
PARENT,LAW_29_L32_S950001,LAW_29,178,3.5566955532881446,3.5566955532881446,3.5566955532881437,NONE,False,134.95669429829175,32,48.49769813702641,272
PARENT,LAW_29_L32_S950001,LAW_29,169,3.5566955532881446,3.5566955532881446,3.556695553288144,NONE,False,129.15017898496865,32,45.56854189875797,288
PARENT,LAW_29_L32_S950001,LAW_29,163,3.5566955532881446,3.5566955532881446,3.5566955532881446,NONE,False,124.65816400573934,32,42.69018838359326,304
PARENT,LAW_29_L32_S950001,LAW_29,156,3.5566955532881446,3.5566955532881446,3.5566955532881446,NONE,False,119.65405014408782,32,39.93981133433014,320
PARENT,LAW_29_L32_S950001,LAW_29,150,3.5566955532881446,3.5566955532881446,3.5566955532881446,NONE,False,114.81354645849575,32,37.27766450572513,336
PARENT,LAW_29_L32_S950001,LAW_29,144,3.5566955532881446,3.5566955532881446,3.5566955532881446,NONE,False,110.07062237503722,32,34.55813763693594,352
PARENT,LAW_29_L32_S950001,LAW_29,138,3.5566955532881446,3.5566955532881446,3.556695553288145,NONE,False,105.52856540934816,32,31.92358386589915,368
PARENT,LAW_29_L32_S950001,LAW_29,132,3.5566955532881446,3.5566955532881446,3.556695553288144,NONE,False,100.58423310912191,32,29.213721289263066,384
PARENT,LAW_29_L32_S950001,LAW_29,76,3.5566955532881446,3.5566955532881446,3.5566955532881446,NONE,False,56.84797554619834,32,5.441036329798957,528
PARENT,LAW_29_L32_S950001,LAW_29,34,3.5566955532881446,0.8966343826836516,0.8966343826836516,NONE,False,25.526688389479176,32,0.8966343826836516,784
PARENT,LAW_29_L32_S950001,LAW_29,12,3.5566955532881446,1.22991003977526,1.22991003977526,NONE,False,8.194395247837921,32,1.22991003977526,1040
PARENT,LAW_29_L32_S950001,LAW_29,2,3.5566955532881446,0.907044656186096,0.907044656186096,NONE,False,0.907044656186096,32,4.268263402503765,1296
PARENT,LAW_29_L32_S950001,LAW_29,0,3.5566955532881446,0.0,0.0,NO_SINK_CAPACITY,True,0.0,32,10.859086084664812,1552
PARENT,LAW_29_L32_S950001,LAW_29,1,3.5566955532881446,0.4514201953874077,0.4514201953874077,NONE,False,0.4514201953874077,32,18.10108875079876,1808
PARENT,LAW_29_L32_S950001,LAW_29,0,3.5566955532881446,0.0,0.0,NO_SINK_CAPACITY,True,0.0,32,23.088134041803063,2064
PARENT,LAW_29_L32_S950001,LAW_29,0,3.5566955532881446,0.0,0.0,NO_SINK_CAPACITY,True,0.0,32,27.410301807196717,2320
PARENT,LAW_29_L32_S950001,LAW_29,0,3.5566955532881446,0.0,0.0,NO_SINK_CAPACITY,True,0.0,32,31.49999731935352,2576
PARENT,LAW_29_L32_S950001,LAW_29,0,3.5566955532881446,0.0,0.0,NO_SINK_CAPACITY,True,0.0,32,35.25053112079204,2832
PARENT,LAW_29_L32_S950001,LAW_29,0,3.5566955532881446,0.0,0.0,NO_SINK_CAPACITY,True,0.0,32,39.028463188154454,3088
PARENT,LAW_29_L32_S950001,LAW_29,0,3.5566955532881446,0.0,0.0,NO_SINK_CAPACITY,True,0.0,32,41.52508485088739,3344
PARENT,LAW_29_L32_S950001,LAW_29,0,3.5566955532881446,0.0,0.0,NO_SINK_CAPACITY,True,0.0,32,44.81061099781618,3600
PARENT,LAW_29_L32_S950001,LAW_29,0,3.5566955532881446,0.0,0.0,NO_SINK_CAPACITY,True,0.0,32,47.468070990502746,3856
PARENT,LAW_29_L32_S950001,LAW_29,0,3.5566955532881446,0.0,0.0,NO_SINK_CAPACITY,True,0.0,32,50.48558819897091,4112
PARENT,LAW_29_L32_S950001,LAW_29,0,3.5566955532881446,0.0,0.0,NO_SINK_CAPACITY,True,0.0,32,52.79473467557939,4368
PARENT,LAW_29_L32_S950001,LAW_29,0,3.5566955532881446,0.0,0.0,NO_SINK_CAPACITY,True,0.0,32,55.043325241505485,4624
PARENT,LAW_29_L32_S950001,LAW_29,0,3.5566955532881446,0.0,0.0,NO_SINK_CAPACITY,True,0.0,32,57.248129528518305,4880
PARENT,LAW_29_L32_S950001,LAW_29,0,3.5566955532881446,0.0,0.0,NO_SINK_CAPACITY,True,0.0,32,57.92875559793903,5136
SRC_SINKSIDE,LAW_29_L32_S950001,LAW_29,178,3.5566955532881446,3.5566955532881446,3.5566955532881437,NONE,False,134.95669429829175,32,43.04330570170826,272
SRC_SINKSIDE,LAW_29_L32_S950001,LAW_29,175,3.5566955532881446,3.5566955532881446,3.5566955532881437,NONE,False,133.8750114984046,32,41.124988501595375,288
SRC_SINKSIDE,LAW_29_L32_S950001,LAW_29,175,3.5566955532881446,3.5566955532881446,3.556695553288145,NONE,False,133.3552848643264,32,41.6447151356736,304
SRC_SINKSIDE,LAW_29_L32_S950001,LAW_29,176,3.5566955532881446,3.5566955532881446,3.556695553288145,NONE,False,133.36113764973902,32,42.63886235026098,320
SRC_SINKSIDE,LAW_29_L32_S950001,LAW_29,175,3.5566955532881446,3.5566955532881446,3.5566955532881446,NONE,False,132.79654869281705,32,42.20345130718295,336
SRC_SINKSIDE,LAW_29_L32_S950001,LAW_29,175,3.5566955532881446,3.5566955532881446,3.5566955532881446,NONE,False,132.42962521241677,32,42.57037478758322,352
SRC_SINKSIDE,LAW_29_L32_S950001,LAW_29,176,3.5566955532881446,3.5566955532881446,3.5566955532881446,NONE,False,132.2840058331732,32,43.71599416682682,368
SRC_SINKSIDE,LAW_29_L32_S950001,LAW_29,177,3.5566955532881446,3.5566955532881446,3.5566955532881446,NONE,False,132.42094772680596,32,44.57905227319402,384
SRC_SINKSIDE,LAW_29_L32_S950001,LAW_29,175,3.5566955532881446,3.5566955532881446,3.556695553288145,NONE,False,129.04187826639816,32,45.958121733601914,528
SRC_SINKSIDE,LAW_29_L32_S950001,LAW_29,175,3.5566955532881446,3.5566955532881446,3.5566955532881446,NONE,False,125.1546203430239,32,49.84537965697609,784
SRC_SINKSIDE,LAW_29_L32_S950001,LAW_29,173,3.5566955532881446,3.5566955532881446,3.5566955532881437,NONE,False,121.29585571695263,32,51.70414428304748,1040
SRC_SINKSIDE,LAW_29_L32_S950001,LAW_29,170,3.5566955532881446,3.5566955532881446,3.556695553288144,NONE,False,117.15896340385255,32,52.84103659614742,1296
SRC_SINKSIDE,LAW_29_L32_S950001,LAW_29,167,3.5566955532881446,3.5566955532881446,3.556695553288145,NONE,False,113.42686168061734,32,53.57313831938261,1552
SRC_SINKSIDE,LAW_29_L32_S950001,LAW_29,166,3.5566955532881446,3.5566955532881446,3.5566955532881446,NONE,False,110.71720115163458,32,55.28279884836543,1808
SRC_SINKSIDE,LAW_29_L32_S950001,LAW_29,164,3.5566955532881446,3.5566955532881446,3.5566955532881446,NONE,False,107.79207076857716,32,56.207929231422824,2064
SRC_SINKSIDE,LAW_29_L32_S950001,LAW_29,160,3.5566955532881446,3.5566955532881446,3.5566955532881446,NONE,False,104.03926038891841,32,55.9607396110816,2320
SRC_SINKSIDE,LAW_29_L32_S950001,LAW_29,162,3.5566955532881446,3.5566955532881446,3.5566955532881446,NONE,False,103.11680306968549,32,58.883196930314455,2576
SRC_SINKSIDE,LAW_29_L32_S950001,LAW_29,159,3.5566955532881446,3.5566955532881446,3.5566955532881446,NONE,False,100.11151891364895,32,58.88848108635107,2832
SRC_SINKSIDE,LAW_29_L32_S950001,LAW_29,156,3.5566955532881446,3.5566955532881446,3.5566955532881446,NONE,False,97.20356797956877,32,58.796432020431254,3088
SRC_SINKSIDE,LAW_29_L32_S950001,LAW_29,150,3.5566955532881446,3.5566955532881446,3.5566955532881446,NONE,False,93.22102977816547,32,56.77897022183451,3344
SRC_SINKSIDE,LAW_29_L32_S950001,LAW_29,151,3.5566955532881446,3.5566955532881446,3.5566955532881446,NONE,False,92.03163517105284,32,58.96836482894721,3600
SRC_SINKSIDE,LAW_29_L32_S950001,LAW_29,147,3.5566955532881446,3.5566955532881446,3.5566955532881446,NONE,False,88.98767297948976,32,58.0123270205102,3856
SRC_SINKSIDE,LAW_29_L32_S950001,LAW_29,148,3.5566955532881446,3.5566955532881446,3.556695553288144,NONE,False,87.9619041927482,32,60.03809580725183,4112
SRC_SINKSIDE,LAW_29_L32_S950001,LAW_29,138,3.5566955532881446,3.5566955532881446,3.5566955532881446,NONE,False,82.81656359281567,32,55.18343640718431,4368
SRC_SINKSIDE,LAW_29_L32_S950001,LAW_29,145,3.5566955532881446,3.5566955532881446,3.5566955532881446,NONE,False,84.403821388067,32,60.596178611932956,4624
SRC_SINKSIDE,LAW_29_L32_S950001,LAW_29,144,3.5566955532881446,3.5566955532881446,3.5566955532881446,NONE,False,82.75339975427224,32,61.246600245727755,4880
SRC_SINKSIDE,LAW_29_L32_S950001,LAW_29,138,3.5566955532881446,3.5566955532881446,3.5566955532881446,NONE,False,80.08973079897609,32,57.91026920102389,5136
PARENT,LAW_29_L32_S950002,LAW_29,197,3.5634694076406164,3.5634694076406164,3.5634694076406164,NONE,False,148.53547889821223,32,43.04518549788046,272
PARENT,LAW_29_L32_S950002,LAW_29,189,3.5634694076406164,3.5634694076406164,3.5634694076406164,NONE,False,143.21126447052438,32,40.049077212046136,288
PARENT,LAW_29_L32_S950002,LAW_29,181,3.5634694076406164,3.5634694076406164,3.5634694076406164,NONE,False,137.7070305530319,32,37.21016844123666,304
PARENT,LAW_29_L32_S950002,LAW_29,174,3.5634694076406164,3.5634694076406164,3.563469407640617,NONE,False,132.73507394918235,32,34.49089235894731,320
PARENT,LAW_29_L32_S950002,LAW_29,168,3.5634694076406164,3.5634694076406164,3.563469407640617,NONE,False,127.97082883329331,32,31.69886503948771,336
PARENT,LAW_29_L32_S950002,LAW_29,161,3.5634694076406164,3.5634694076406164,3.563469407640616,NONE,False,123.01565526528799,32,28.954193094460205,352
PARENT,LAW_29_L32_S950002,LAW_29,154,3.5634694076406164,3.5634694076406164,3.563469407640617,NONE,False,117.79559125831557,32,26.295600365306424,368
PARENT,LAW_29_L32_S950002,LAW_29,148,3.5634694076406164,3.5634694076406164,3.5634694076406164,NONE,False,112.84894037835505,32,23.56724947478802,384
PARENT,LAW_29_L32_S950002,LAW_29,92,3.5634694076406164,1.1342168301637012,1.1342168301637012,NONE,False,69.8721553290922,32,1.1342168301637012,528
PARENT,LAW_29_L32_S950002,LAW_29,58,3.5634694076406164,0.7628607763529862,0.7628607763529862,NONE,False,44.440898454965,32,0.7628607763529862,784
PARENT,LAW_29_L32_S950002,LAW_29,35,3.5634694076406164,0.7223148893143768,0.7223148893143768,NONE,False,25.95842050554644,32,0.7223148893143768,1040
PARENT,LAW_29_L32_S950002,LAW_29,21,3.5634694076406164,0.9103865003281775,0.9103865003281775,NONE,False,14.059064466106861,32,0.9103865003281775,1296
PARENT,LAW_29_L32_S950002,LAW_29,4,3.5634694076406164,1.2299491554651145,1.2299491554651145,NONE,False,2.612777602249884,32,1.2299491554651145,1552
PARENT,LAW_29_L32_S950002,LAW_29,2,3.5634694076406164,0.9168261307605203,0.9168261307605203,NONE,False,0.9168261307605203,32,5.394265982389026,1808
PARENT,LAW_29_L32_S950002,LAW_29,0,3.5634694076406164,0.0,0.0,NO_SINK_CAPACITY,True,0.0,32,10.918403443752203,2064
PARENT,LAW_29_L32_S950002,LAW_29,0,3.5634694076406164,0.0,0.0,NO_SINK_CAPACITY,True,0.0,32,15.645051228524553,2320
PARENT,LAW_29_L32_S950002,LAW_29,1,3.5634694076406164,0.4511116575990921,0.4511116575990921,NONE,False,0.4511116575990921,32,20.667695575686913,2576
PARENT,LAW_29_L32_S950002,LAW_29,0,3.5634694076406164,0.0,0.0,NO_SINK_CAPACITY,True,0.0,32,23.68061274003737,2832
PARENT,LAW_29_L32_S950002,LAW_29,0,3.5634694076406164,0.0,0.0,NO_SINK_CAPACITY,True,0.0,32,28.143600481633097,3088
PARENT,LAW_29_L32_S950002,LAW_29,0,3.5634694076406164,0.0,0.0,NO_SINK_CAPACITY,True,0.0,32,30.400181336234265,3344
PARENT,LAW_29_L32_S950002,LAW_29,0,3.5634694076406164,0.0,0.0,NO_SINK_CAPACITY,True,0.0,32,34.209857393435904,3600
PARENT,LAW_29_L32_S950002,LAW_29,0,3.5634694076406164,0.0,0.0,NO_SINK_CAPACITY,True,0.0,32,37.340012801483034,3856
PARENT,LAW_29_L32_S950002,LAW_29,0,3.5634694076406164,0.0,0.0,NO_SINK_CAPACITY,True,0.0,32,39.58846923146024,4112
PARENT,LAW_29_L32_S950002,LAW_29,0,3.5634694076406164,0.0,0.0,NO_SINK_CAPACITY,True,0.0,32,42.32717208221675,4368
PARENT,LAW_29_L32_S950002,LAW_29,2,3.5634694076406164,0.9012449920125638,0.9012449920125638,NONE,False,0.9012449920125638,32,44.71886515480206,4624
PARENT,LAW_29_L32_S950002,LAW_29,0,3.5634694076406164,0.0,0.0,NO_SINK_CAPACITY,True,0.0,32,46.76266347691982,4880
SRC_SINKSIDE,LAW_29_L32_S950002,LAW_29,197,3.5634694076406164,3.5634694076406164,3.5634694076406164,NONE,False,148.53547889821223,32,48.464521101787724,272
SRC_SINKSIDE,LAW_29_L32_S950002,LAW_29,194,3.5634694076406164,3.5634694076406164,3.563469407640616,NONE,False,147.39675107455835,32,46.60324892544166,288
SRC_SINKSIDE,LAW_29_L32_S950002,LAW_29,193,3.5634694076406164,3.5634694076406164,3.563469407640617,NONE,False,146.61981584124476,32,46.38018415875525,304
SRC_SINKSIDE,LAW_29_L32_S950002,LAW_29,193,3.5634694076406164,3.5634694076406164,3.5634694076406164,NONE,False,146.07674303707142,32,46.92325696292852,320
SRC_SINKSIDE,LAW_29_L32_S950002,LAW_29,196,3.5634694076406164,3.5634694076406164,3.5634694076406164,NONE,False,147.0109474372656,32,48.98905256273436,336
SRC_SINKSIDE,LAW_29_L32_S950002,LAW_29,195,3.5634694076406164,3.5634694076406164,3.563469407640616,NONE,False,146.25334241396055,32,48.746657586039525,352
SRC_SINKSIDE,LAW_29_L32_S950002,LAW_29,195,3.5634694076406164,3.5634694076406164,3.5634694076406164,NONE,False,146.01085817235597,32,48.98914182764396,368
SRC_SINKSIDE,LAW_29_L32_S950002,LAW_29,196,3.5634694076406164,3.5634694076406164,3.5634694076406164,NONE,False,146.13067675324174,32,49.869323246758256,384
SRC_SINKSIDE,LAW_29_L32_S950002,LAW_29,194,3.5634694076406164,3.5634694076406164,3.5634694076406164,NONE,False,143.1824540527131,32,50.81754594728686,528
SRC_SINKSIDE,LAW_29_L32_S950002,LAW_29,194,3.5634694076406164,3.5634694076406164,3.5634694076406155,NONE,False,139.88217426428014,32,54.117825735719926,784
SRC_SINKSIDE,LAW_29_L32_S950002,LAW_29,193,3.5634694076406164,3.5634694076406164,3.5634694076406164,NONE,False,136.43238701578125,32,56.567612984218776,1040
SRC_SINKSIDE,LAW_29_L32_S950002,LAW_29,191,3.5634694076406164,3.5634694076406164,3.5634694076406164,NONE,False,132.45224821360065,32,58.54775178639932,1296
SRC_SINKSIDE,LAW_29_L32_S950002,LAW_29,191,3.5634694076406164,3.5634694076406164,3.563469407640616,NONE,False,129.85669532273766,32,61.14330467726245,1552
SRC_SINKSIDE,LAW_29_L32_S950002,LAW_29,189,3.5634694076406164,3.5634694076406164,3.5634694076406164,NONE,False,126.478636322634,32,62.521363677365954,1808
SRC_SINKSIDE,LAW_29_L32_S950002,LAW_29,184,3.5634694076406164,3.5634694076406164,3.5634694076406164,NONE,False,122.1759470809335,32,61.82405291906646,2064
SRC_SINKSIDE,LAW_29_L32_S950002,LAW_29,184,3.5634694076406164,3.5634694076406164,3.5634694076406164,NONE,False,120.17812734880798,32,63.82187265119201,2320
SRC_SINKSIDE,LAW_29_L32_S950002,LAW_29,184,3.5634694076406164,3.5634694076406164,3.563469407640616,NONE,False,118.15518038539528,32,65.84481961460472,2576
SRC_SINKSIDE,LAW_29_L32_S950002,LAW_29,183,3.5634694076406164,3.5634694076406164,3.563469407640617,NONE,False,115.98337783765155,32,67.01662216234844,2832
SRC_SINKSIDE,LAW_29_L32_S950002,LAW_29,182,3.5634694076406164,3.5634694076406164,3.5634694076406164,NONE,False,113.99296083659009,32,68.00703916340987,3088
SRC_SINKSIDE,LAW_29_L32_S950002,LAW_29,182,3.5634694076406164,3.5634694076406164,3.563469407640616,NONE,False,112.37001857646304,32,69.62998142353698,3344
SRC_SINKSIDE,LAW_29_L32_S950002,LAW_29,178,3.5634694076406164,3.5634694076406164,3.5634694076406164,NONE,False,109.15887476533716,32,68.84112523466291,3600
SRC_SINKSIDE,LAW_29_L32_S950002,LAW_29,173,3.5634694076406164,3.5634694076406164,3.563469407640616,NONE,False,105.52430137069652,32,67.4756986293035,3856
SRC_SINKSIDE,LAW_29_L32_S950002,LAW_29,172,3.5634694076406164,3.5634694076406164,3.563469407640616,NONE,False,103.7571003492357,32,68.24289965076431,4112
SRC_SINKSIDE,LAW_29_L32_S950002,LAW_29,169,3.5634694076406164,3.5634694076406164,3.5634694076406155,NONE,False,101.08463311123084,32,67.9153668887691,4368
SRC_SINKSIDE,LAW_29_L32_S950002,LAW_29,168,3.5634694076406164,3.5634694076406164,3.563469407640617,NONE,False,99.4074675065069,32,68.5925324934931,4624
SRC_SINKSIDE,LAW_29_L32_S950002,LAW_29,163,3.5634694076406164,3.5634694076406164,3.563469407640617,NONE,False,96.05639215352383,32,66.94360784647608,4880
SRC_SINKSIDE,LAW_29_L32_S950002,LAW_29,164,3.5634694076406164,3.5634694076406164,3.5634694076406164,NONE,False,95.36819846818085,32,68.63180153181914,5136
PARENT,LAW_29_L32_S950003,LAW_29,195,3.5894886776131023,3.5894886776131023,3.589488677613102,NONE,False,149.1374376119156,32,44.58769246859202,272
PARENT,LAW_29_L32_S950003,LAW_29,187,3.5894886776131023,3.5894886776131023,3.5894886776131023,NONE,False,143.7460345372111,32,41.56414169275039,288
PARENT,LAW_29_L32_S950003,LAW_29,181,3.5894886776131023,3.5894886776131023,3.5894886776131023,NONE,False,139.27198717900455,32,38.76018819706037,304
PARENT,LAW_29_L32_S950003,LAW_29,173,3.5894886776131023,3.5894886776131023,3.5894886776131023,NONE,False,133.97378009229035,32,35.98340725363705,320
PARENT,LAW_29_L32_S950003,LAW_29,167,3.5894886776131023,3.5894886776131023,3.5894886776131028,NONE,False,128.9218849228158,32,33.21106670556995,336
PARENT,LAW_29_L32_S950003,LAW_29,160,3.5894886776131023,3.5894886776131023,3.589488677613102,NONE,False,123.95607733207676,32,30.52205196528496,352
PARENT,LAW_29_L32_S950003,LAW_29,154,3.5894886776131023,3.5894886776131023,3.5894886776131028,NONE,False,119.03496045359901,32,27.83496345779925,368
PARENT,LAW_29_L32_S950003,LAW_29,148,3.5894886776131023,3.5894886776131023,3.5894886776131028,NONE,False,114.18730741255374,32,25.108439084472987,384
PARENT,LAW_29_L32_S950003,LAW_29,91,3.5894886776131023,1.180872054169916,1.180872054169916,NONE,False,69.62485558606065,32,1.180872054169916,528
PARENT,LAW_29_L32_S950003,LAW_29,58,3.5894886776131023,0.7665559617830346,0.7665559617830346,NONE,False,44.44641015813064,32,0.7665559617830346,784
PARENT,LAW_29_L32_S950003,LAW_29,37,3.5894886776131023,0.726537842039338,0.726537842039338,NONE,False,26.999028293787855,32,0.726537842039338,1040
PARENT,LAW_29_L32_S950003,LAW_29,19,3.5894886776131023,0.902191641065586,0.902191641065586,NONE,False,13.131261328306984,32,0.902191641065586,1296
PARENT,LAW_29_L32_S950003,LAW_29,7,3.5894886776131023,1.252129206071375,1.252129206071375,NONE,False,3.487961565917508,32,1.252129206071375,1552
PARENT,LAW_29_L32_S950003,LAW_29,0,3.5894886776131023,0.0,0.0,NO_SINK_CAPACITY,True,0.0,32,5.080252614089024,1808
PARENT,LAW_29_L32_S950003,LAW_29,0,3.5894886776131023,0.0,0.0,NO_SINK_CAPACITY,True,0.0,32,10.000798672612431,2064
PARENT,LAW_29_L32_S950003,LAW_29,0,3.5894886776131023,0.0,0.0,NO_SINK_CAPACITY,True,0.0,32,15.426479115319276,2320
PARENT,LAW_29_L32_S950003,LAW_29,0,3.5894886776131023,0.0,0.0,NO_SINK_CAPACITY,True,0.0,32,20.57104835229569,2576
PARENT,LAW_29_L32_S950003,LAW_29,0,3.5894886776131023,0.0,0.0,NO_SINK_CAPACITY,True,0.0,32,23.348285701832584,2832
PARENT,LAW_29_L32_S950003,LAW_29,0,3.5894886776131023,0.0,0.0,NO_SINK_CAPACITY,True,0.0,32,28.124501592545247,3088
PARENT,LAW_29_L32_S950003,LAW_29,0,3.5894886776131023,0.0,0.0,NO_SINK_CAPACITY,True,0.0,32,31.538955519970568,3344
PARENT,LAW_29_L32_S950003,LAW_29,0,3.5894886776131023,0.0,0.0,NO_SINK_CAPACITY,True,0.0,32,34.764001657352175,3600
PARENT,LAW_29_L32_S950003,LAW_29,0,3.5894886776131023,0.0,0.0,NO_SINK_CAPACITY,True,0.0,32,37.09483978375847,3856
PARENT,LAW_29_L32_S950003,LAW_29,0,3.5894886776131023,0.0,0.0,NO_SINK_CAPACITY,True,0.0,32,40.197189691219975,4112
PARENT,LAW_29_L32_S950003,LAW_29,0,3.5894886776131023,0.0,0.0,NO_SINK_CAPACITY,True,0.0,32,42.9646930679304,4368
PARENT,LAW_29_L32_S950003,LAW_29,5,3.5894886776131023,2.251395221720131,2.251395221720131,NONE,False,2.251395221720131,32,45.15577215292674,4624
PARENT,LAW_29_L32_S950003,LAW_29,0,3.5894886776131023,0.0,0.0,NO_SINK_CAPACITY,True,0.0,32,45.27296900918362,4880
SRC_SINKSIDE,LAW_29_L32_S950003,LAW_29,195,3.5894886776131023,3.5894886776131023,3.589488677613102,NONE,False,149.1374376119156,32,45.862562388084356,272
SRC_SINKSIDE,LAW_29_L32_S950003,LAW_29,193,3.5894886776131023,3.5894886776131023,3.5894886776131023,NONE,False,148.50525958923072,32,44.494740410769204,288
SRC_SINKSIDE,LAW_29_L32_S950003,LAW_29,193,3.5894886776131023,3.5894886776131023,3.5894886776131028,NONE,False,147.99837894044606,32,45.00162105955386,304
SRC_SINKSIDE,LAW_29_L32_S950003,LAW_29,192,3.5894886776131023,3.5894886776131023,3.5894886776131023,NONE,False,147.22503811718676,32,44.77496188281315,320
SRC_SINKSIDE,LAW_29_L32_S950003,LAW_29,194,3.5894886776131023,3.5894886776131023,3.5894886776131014,NONE,False,147.56371153153742,32,46.436288468462614,336
SRC_SINKSIDE,LAW_29_L32_S950003,LAW_29,193,3.5894886776131023,3.5894886776131023,3.5894886776131023,NONE,False,146.81257116971565,32,46.187428830284375,352
SRC_SINKSIDE,LAW_29_L32_S950003,LAW_29,193,3.5894886776131023,3.5894886776131023,3.589488677613102,NONE,False,146.46581308824483,32,46.53418691175522,368
SRC_SINKSIDE,LAW_29_L32_S950003,LAW_29,193,3.5894886776131023,3.5894886776131023,3.5894886776131023,NONE,False,146.11751523220832,32,46.882484767791574,384
SRC_SINKSIDE,LAW_29_L32_S950003,LAW_29,191,3.5894886776131023,3.5894886776131023,3.5894886776131023,NONE,False,142.60264207474228,32,48.39735792525772,528
SRC_SINKSIDE,LAW_29_L32_S950003,LAW_29,191,3.5894886776131023,3.5894886776131023,3.589488677613102,NONE,False,138.8452545463421,32,52.15474545365788,784
SRC_SINKSIDE,LAW_29_L32_S950003,LAW_29,191,3.5894886776131023,3.5894886776131023,3.589488677613102,NONE,False,135.68654711262474,32,55.31345288737535,1040
SRC_SINKSIDE,LAW_29_L32_S950003,LAW_29,191,3.5894886776131023,3.5894886776131023,3.5894886776131023,NONE,False,132.74403918578784,32,58.2559608142121,1296
SRC_SINKSIDE,LAW_29_L32_S950003,LAW_29,187,3.5894886776131023,3.5894886776131023,3.5894886776131028,NONE,False,128.5065161949343,32,58.493483805065736,1552
SRC_SINKSIDE,LAW_29_L32_S950003,LAW_29,185,3.5894886776131023,3.5894886776131023,3.5894886776131023,NONE,False,125.21777000215256,32,59.78222999784738,1808
SRC_SINKSIDE,LAW_29_L32_S950003,LAW_29,184,3.5894886776131023,3.5894886776131023,3.5894886776131028,NONE,False,122.60333945238779,32,61.396660547612186,2064
SRC_SINKSIDE,LAW_29_L32_S950003,LAW_29,181,3.5894886776131023,3.5894886776131023,3.5894886776131023,NONE,False,119.30811584481549,32,61.691884155184404,2320
SRC_SINKSIDE,LAW_29_L32_S950003,LAW_29,179,3.5894886776131023,3.5894886776131023,3.589488677613102,NONE,False,116.62300610441552,32,62.37699389558448,2576
SRC_SINKSIDE,LAW_29_L32_S950003,LAW_29,179,3.5894886776131023,3.5894886776131023,3.5894886776131023,NONE,False,114.93811704959252,32,64.06188295040748,2832
SRC_SINKSIDE,LAW_29_L32_S950003,LAW_29,178,3.5894886776131023,3.5894886776131023,3.5894886776131023,NONE,False,112.92785822085537,32,65.07214177914454,3088
SRC_SINKSIDE,LAW_29_L32_S950003,LAW_29,177,3.5894886776131023,3.5894886776131023,3.5894886776131023,NONE,False,110.9182799410605,32,66.08172005893944,3344
SRC_SINKSIDE,LAW_29_L32_S950003,LAW_29,176,3.5894886776131023,3.5894886776131023,3.5894886776131028,NONE,False,109.00385812103137,32,66.99614187896864,3600
SRC_SINKSIDE,LAW_29_L32_S950003,LAW_29,173,3.5894886776131023,3.5894886776131023,3.5894886776131023,NONE,False,106.27609122637443,32,66.72390877362562,3856
SRC_SINKSIDE,LAW_29_L32_S950003,LAW_29,171,3.5894886776131023,3.5894886776131023,3.589488677613102,NONE,False,104.11449074411986,32,66.88550925588012,4112
SRC_SINKSIDE,LAW_29_L32_S950003,LAW_29,171,3.5894886776131023,3.5894886776131023,3.5894886776131028,NONE,False,102.91584353510102,32,68.084156464899,4368
SRC_SINKSIDE,LAW_29_L32_S950003,LAW_29,171,3.5894886776131023,3.5894886776131023,3.589488677613102,NONE,False,101.57960542320969,32,69.42039457679033,4624
SRC_SINKSIDE,LAW_29_L32_S950003,LAW_29,167,3.5894886776131023,3.5894886776131023,3.5894886776131023,NONE,False,98.790606278985,32,68.20939372101499,4880
SRC_SINKSIDE,LAW_29_L32_S950003,LAW_29,166,3.5894886776131023,3.5894886776131023,3.5894886776131028,NONE,False,97.16274464494333,32,68.83725535505667,5136
PARENT,LAW_29_L32_S950004,LAW_29,196,3.6196162270735917,3.6196162270735917,3.6196162270735917,NONE,False,149.00162019942968,32,45.03732642833455,272
PARENT,LAW_29_L32_S950004,LAW_29,187,3.6196162270735917,3.6196162270735917,3.6196162270735917,NONE,False,143.30230513028653,32,42.054905276601126,288
PARENT,LAW_29_L32_S950004,LAW_29,181,3.6196162270735917,3.6196162270735917,3.6196162270735917,NONE,False,138.67072092056236,32,39.29455168425936,304
PARENT,LAW_29_L32_S950004,LAW_29,173,3.6196162270735917,3.6196162270735917,3.6196162270735917,NONE,False,133.42028326244875,32,36.48012463706065,320
PARENT,LAW_29_L32_S950004,LAW_29,167,3.6196162270735917,3.6196162270735917,3.6196162270735917,NONE,False,128.4747847573144,32,33.75210126711375,336
PARENT,LAW_29_L32_S950004,LAW_29,160,3.6196162270735917,3.6196162270735917,3.6196162270735917,NONE,False,123.48191620899779,32,30.9938722894322,352
PARENT,LAW_29_L32_S950004,LAW_29,154,3.6196162270735917,3.6196162270735917,3.619616227073591,NONE,False,118.28537649296544,32,28.237229186646996,368
PARENT,LAW_29_L32_S950004,LAW_29,147,3.6196162270735917,3.6196162270735917,3.6196162270735917,NONE,False,112.93199490233933,32,25.519117879281396,384
PARENT,LAW_29_L32_S950004,LAW_29,89,3.6196162270735917,1.4247029990076263,1.4247029990076263,NONE,False,67.72355128109186,32,1.4247029990076263,528
PARENT,LAW_29_L32_S950004,LAW_29,55,3.6196162270735917,0.7862786246014759,0.7862786246014759,NONE,False,41.90478385508065,32,0.7862786246014759,784
PARENT,LAW_29_L32_S950004,LAW_29,31,3.6196162270735917,0.7690038844416887,0.7690038844416887,NONE,False,23.05363896519751,32,0.7690038844416887,1040
PARENT,LAW_29_L32_S950004,LAW_29,15,3.6196162270735917,1.0001942764744678,1.0001942764744678,NONE,False,10.387685824135554,32,1.0001942764744678,1296
PARENT,LAW_29_L32_S950004,LAW_29,3,3.6196162270735917,1.3526357478101079,1.3526357478101079,NONE,False,1.3909932482499219,32,1.3526357478101079,1552
PARENT,LAW_29_L32_S950004,LAW_29,2,3.6196162270735917,0.9115498558395854,0.9115498558395854,NONE,False,0.9115498558395854,32,7.975318567289698,1808
PARENT,LAW_29_L32_S950004,LAW_29,0,3.6196162270735917,0.0,0.0,NO_SINK_CAPACITY,True,0.0,32,13.337172601322235,2064
PARENT,LAW_29_L32_S950004,LAW_29,0,3.6196162270735917,0.0,0.0,NO_SINK_CAPACITY,True,0.0,32,18.118522590659143,2320
PARENT,LAW_29_L32_S950004,LAW_29,0,3.6196162270735917,0.0,0.0,NO_SINK_CAPACITY,True,0.0,32,22.80035862132202,2576
PARENT,LAW_29_L32_S950004,LAW_29,0,3.6196162270735917,0.0,0.0,NO_SINK_CAPACITY,True,0.0,32,26.600933082851636,2832
PARENT,LAW_29_L32_S950004,LAW_29,0,3.6196162270735917,0.0,0.0,NO_SINK_CAPACITY,True,0.0,32,30.452412295683434,3088
PARENT,LAW_29_L32_S950004,LAW_29,0,3.6196162270735917,0.0,0.0,NO_SINK_CAPACITY,True,0.0,32,33.59142999517807,3344
PARENT,LAW_29_L32_S950004,LAW_29,0,3.6196162270735917,0.0,0.0,NO_SINK_CAPACITY,True,0.0,32,36.88098207131581,3600
PARENT,LAW_29_L32_S950004,LAW_29,0,3.6196162270735917,0.0,0.0,NO_SINK_CAPACITY,True,0.0,32,39.26924032767904,3856
PARENT,LAW_29_L32_S950004,LAW_29,0,3.6196162270735917,0.0,0.0,NO_SINK_CAPACITY,True,0.0,32,42.38222678199753,4112
PARENT,LAW_29_L32_S950004,LAW_29,0,3.6196162270735917,0.0,0.0,NO_SINK_CAPACITY,True,0.0,32,44.62021700099364,4368
PARENT,LAW_29_L32_S950004,LAW_29,0,3.6196162270735917,0.0,0.0,NO_SINK_CAPACITY,True,0.0,32,46.571138284367315,4624
PARENT,LAW_29_L32_S950004,LAW_29,0,3.6196162270735917,0.0,0.0,NO_SINK_CAPACITY,True,0.0,32,49.363144096031654,4880
PARENT,LAW_29_L32_S950004,LAW_29,0,3.6196162270735917,0.0,0.0,NO_SINK_CAPACITY,True,0.0,32,51.62828156231091,5136
SRC_SINKSIDE,LAW_29_L32_S950004,LAW_29,196,3.6196162270735917,3.6196162270735917,3.6196162270735917,NONE,False,149.00162019942968,32,46.99837980057033,272
SRC_SINKSIDE,LAW_29_L32_S950004,LAW_29,193,3.6196162270735917,3.6196162270735917,3.619616227073591,NONE,False,148.01609192544072,32,44.98390807455927,288
SRC_SINKSIDE,LAW_29_L32_S950004,LAW_29,193,3.6196162270735917,3.6196162270735917,3.6196162270735917,NONE,False,147.59886178492158,32,45.401138215078404,304
SRC_SINKSIDE,LAW_29_L32_S950004,LAW_29,194,3.6196162270735917,3.6196162270735917,3.6196162270735917,NONE,False,147.42338250041465,32,46.57661749958535,320
SRC_SINKSIDE,LAW_29_L32_S950004,LAW_29,193,3.6196162270735917,3.6196162270735917,3.6196162270735917,NONE,False,146.65084299515001,32,46.34915700484982,336
SRC_SINKSIDE,LAW_29_L32_S950004,LAW_29,194,3.6196162270735917,3.6196162270735917,3.619616227073591,NONE,False,146.6828408601976,32,47.31715913980245,352
SRC_SINKSIDE,LAW_29_L32_S950004,LAW_29,194,3.6196162270735917,3.6196162270735917,3.6196162270735917,NONE,False,146.3254083610266,32,47.674591638973354,368
SRC_SINKSIDE,LAW_29_L32_S950004,LAW_29,194,3.6196162270735917,3.6196162270735917,3.619616227073591,NONE,False,146.03800713636429,32,47.96199286363569,384
SRC_SINKSIDE,LAW_29_L32_S950004,LAW_29,193,3.6196162270735917,3.6196162270735917,3.6196162270735917,NONE,False,142.87226958042407,32,50.127730419575784,528
SRC_SINKSIDE,LAW_29_L32_S950004,LAW_29,191,3.6196162270735917,3.6196162270735917,3.6196162270735917,NONE,False,138.19711898361868,32,52.802881016381306,784
SRC_SINKSIDE,LAW_29_L32_S950004,LAW_29,190,3.6196162270735917,3.6196162270735917,3.619616227073592,NONE,False,134.56490107149955,32,55.43509892850052,1040
SRC_SINKSIDE,LAW_29_L32_S950004,LAW_29,191,3.6196162270735917,3.6196162270735917,3.6196162270735917,NONE,False,132.0667196241947,32,58.93328037580528,1296
SRC_SINKSIDE,LAW_29_L32_S950004,LAW_29,188,3.6196162270735917,3.6196162270735917,3.6196162270735917,NONE,False,128.1571885245458,32,59.84281147545416,1552
SRC_SINKSIDE,LAW_29_L32_S950004,LAW_29,186,3.6196162270735917,3.6196162270735917,3.6196162270735917,NONE,False,124.85316051325329,32,61.146839486746806,1808
SRC_SINKSIDE,LAW_29_L32_S950004,LAW_29,183,3.6196162270735917,3.6196162270735917,3.6196162270735917,NONE,False,121.48707382515319,32,61.512926174846775,2064
SRC_SINKSIDE,LAW_29_L32_S950004,LAW_29,182,3.6196162270735917,3.6196162270735917,3.619616227073591,NONE,False,119.0753813027572,32,62.924618697242856,2320
SRC_SINKSIDE,LAW_29_L32_S950004,LAW_29,180,3.6196162270735917,3.6196162270735917,3.6196162270735917,NONE,False,116.3149137756009,32,63.685086224399114,2576
SRC_SINKSIDE,LAW_29_L32_S950004,LAW_29,176,3.6196162270735917,3.6196162270735917,3.619616227073592,NONE,False,112.82869955816943,32,63.17130044183056,2832
SRC_SINKSIDE,LAW_29_L32_S950004,LAW_29,175,3.6196162270735917,3.6196162270735917,3.6196162270735917,NONE,False,110.78570675908662,32,64.21429324091332,3088
SRC_SINKSIDE,LAW_29_L32_S950004,LAW_29,173,3.6196162270735917,3.6196162270735917,3.619616227073592,NONE,False,108.35442555554752,32,64.6455744444524,3344
SRC_SINKSIDE,LAW_29_L32_S950004,LAW_29,173,3.6196162270735917,3.6196162270735917,3.6196162270735917,NONE,False,106.88307434870626,32,66.11692565129377,3600
SRC_SINKSIDE,LAW_29_L32_S950004,LAW_29,170,3.6196162270735917,3.6196162270735917,3.6196162270735917,NONE,False,104.15909898681444,32,65.84090101318552,3856
SRC_SINKSIDE,LAW_29_L32_S950004,LAW_29,169,3.6196162270735917,3.6196162270735917,3.6196162270735917,NONE,False,102.41931858465621,32,66.58068141534379,4112
SRC_SINKSIDE,LAW_29_L32_S950004,LAW_29,168,3.6196162270735917,3.6196162270735917,3.6196162270735917,NONE,False,100.74649816225457,32,67.25350183774547,4368
SRC_SINKSIDE,LAW_29_L32_S950004,LAW_29,164,3.6196162270735917,3.6196162270735917,3.6196162270735917,NONE,False,97.66164929247141,32,66.33835070752859,4624
SRC_SINKSIDE,LAW_29_L32_S950004,LAW_29,163,3.6196162270735917,3.6196162270735917,3.619616227073591,NONE,False,96.10546406779739,32,66.89453593220264,4880
SRC_SINKSIDE,LAW_29_L32_S950004,LAW_29,160,3.6196162270735917,3.6196162270735917,3.6196162270735917,NONE,False,94.00261926121843,32,65.99738073878157,5136
PARENT,LAW_29_L32_S950005,LAW_29,192,3.579497069978273,3.579497069978273,3.579497069978272,NONE,False,147.29504953818483,32,42.54626337282776,272
PARENT,LAW_29_L32_S950005,LAW_29,184,3.579497069978273,3.579497069978273,3.579497069978273,NONE,False,141.79494034930605,32,39.54208514423194,288
PARENT,LAW_29_L32_S950005,LAW_29,177,3.579497069978273,3.579497069978273,3.5794970699782733,NONE,False,136.86410380159467,32,36.725605041382906,304
PARENT,LAW_29_L32_S950005,LAW_29,169,3.579497069978273,3.579497069978273,3.5794970699782733,NONE,False,131.55983394497346,32,33.98715326551385,320
PARENT,LAW_29_L32_S950005,LAW_29,163,3.579497069978273,3.579497069978273,3.579497069978273,NONE,False,126.44068913179537,32,31.175046580342308,336
PARENT,LAW_29_L32_S950005,LAW_29,156,3.579497069978273,3.579497069978273,3.579497069978273,NONE,False,122.06309450378873,32,28.40590760430023,352
PARENT,LAW_29_L32_S950005,LAW_29,151,3.579497069978273,3.579497069978273,3.5794970699782724,NONE,False,117.1955902515379,32,25.722466443052962,368
PARENT,LAW_29_L32_S950005,LAW_29,145,3.579497069978273,3.579497069978273,3.579497069978273,NONE,False,112.78380897413517,32,22.966333828504702,384
PARENT,LAW_29_L32_S950005,LAW_29,92,3.579497069978273,1.1116780057359918,1.1116780057359918,NONE,False,71.2510114057357,32,1.1116780057359918,528
PARENT,LAW_29_L32_S950005,LAW_29,58,3.579497069978273,0.757196245652144,0.757196245652144,NONE,False,45.529443681105114,32,0.757196245652144,784
PARENT,LAW_29_L32_S950005,LAW_29,38,3.579497069978273,0.7091274822686149,0.7091274822686149,NONE,False,28.327930889162225,32,0.7091274822686149,1040
PARENT,LAW_29_L32_S950005,LAW_29,21,3.579497069978273,0.8624663183723362,0.8624663183723362,NONE,False,14.643479921441847,32,0.8624663183723362,1296
PARENT,LAW_29_L32_S950005,LAW_29,5,3.579497069978273,1.2246294542871485,1.2246294542871485,NONE,False,2.846402226229585,32,1.2246294542871485,1552
PARENT,LAW_29_L32_S950005,LAW_29,0,3.579497069978273,0.0,0.0,NO_SINK_CAPACITY,True,0.0,32,4.431229592977707,1808
PARENT,LAW_29_L32_S950005,LAW_29,0,3.579497069978273,0.0,0.0,NO_SINK_CAPACITY,True,0.0,32,9.358090513864507,2064
PARENT,LAW_29_L32_S950005,LAW_29,1,3.579497069978273,0.45084964747546424,0.45084964747546424,NONE,False,0.45084964747546424,32,15.360321578096677,2320
PARENT,LAW_29_L32_S950005,LAW_29,0,3.579497069978273,0.0,0.0,NO_SINK_CAPACITY,True,0.0,32,19.69444681606509,2576
PARENT,LAW_29_L32_S950005,LAW_29,0,3.579497069978273,0.0,0.0,NO_SINK_CAPACITY,True,0.0,32,23.27907529474807,2832
PARENT,LAW_29_L32_S950005,LAW_29,0,3.579497069978273,0.0,0.0,NO_SINK_CAPACITY,True,0.0,32,27.80557191024399,3088
PARENT,LAW_29_L32_S950005,LAW_29,0,3.579497069978273,0.0,0.0,NO_SINK_CAPACITY,True,0.0,32,30.61759884463148,3344
PARENT,LAW_29_L32_S950005,LAW_29,0,3.579497069978273,0.0,0.0,NO_SINK_CAPACITY,True,0.0,32,34.45434232456171,3600
PARENT,LAW_29_L32_S950005,LAW_29,0,3.579497069978273,0.0,0.0,NO_SINK_CAPACITY,True,0.0,32,36.98660278922496,3856
PARENT,LAW_29_L32_S950005,LAW_29,0,3.579497069978273,0.0,0.0,NO_SINK_CAPACITY,True,0.0,32,40.099265289618394,4112
PARENT,LAW_29_L32_S950005,LAW_29,0,3.579497069978273,0.0,0.0,NO_SINK_CAPACITY,True,0.0,32,42.8863714178477,4368
PARENT,LAW_29_L32_S950005,LAW_29,1,3.579497069978273,0.4500907122857873,0.4500907122857873,NONE,False,0.4500907122857873,32,44.19670878915171,4624
PARENT,LAW_29_L32_S950005,LAW_29,0,3.579497069978273,0.0,0.0,NO_SINK_CAPACITY,True,0.0,32,47.13031806700085,4880
PARENT,LAW_29_L32_S950005,LAW_29,0,3.579497069978273,0.0,0.0,NO_SINK_CAPACITY,True,0.0,32,49.605012152755876,5136
SRC_SINKSIDE,LAW_29_L32_S950005,LAW_29,192,3.579497069978273,3.579497069978273,3.579497069978272,NONE,False,147.29504953818483,32,44.70495046181515,272
SRC_SINKSIDE,LAW_29_L32_S950005,LAW_29,190,3.579497069978273,3.579497069978273,3.579497069978273,NONE,False,146.5145297296425,32,43.48547027035753,288
SRC_SINKSIDE,LAW_29_L32_S950005,LAW_29,190,3.579497069978273,3.579497069978273,3.579497069978273,NONE,False,146.06307269612455,32,43.93692730387551,304
SRC_SINKSIDE,LAW_29_L32_S950005,LAW_29,189,3.579497069978273,3.579497069978273,3.579497069978273,NONE,False,145.11666115059722,32,43.88333884940278,320
SRC_SINKSIDE,LAW_29_L32_S950005,LAW_29,191,3.579497069978273,3.579497069978273,3.579497069978273,NONE,False,145.53353255130108,32,45.46646744869886,336
SRC_SINKSIDE,LAW_29_L32_S950005,LAW_29,190,3.579497069978273,3.579497069978273,3.579497069978273,NONE,False,144.7935863979297,32,45.206413602070256,352
SRC_SINKSIDE,LAW_29_L32_S950005,LAW_29,190,3.579497069978273,3.579497069978273,3.5794970699782733,NONE,False,144.41811343009581,32,45.581886569904235,368
SRC_SINKSIDE,LAW_29_L32_S950005,LAW_29,189,3.579497069978273,3.579497069978273,3.579497069978272,NONE,False,143.68579141306134,32,45.31420858693864,384
SRC_SINKSIDE,LAW_29_L32_S950005,LAW_29,187,3.579497069978273,3.579497069978273,3.579497069978273,NONE,False,140.04395966362944,32,46.95604033637054,528
SRC_SINKSIDE,LAW_29_L32_S950005,LAW_29,184,3.579497069978273,3.579497069978273,3.579497069978273,NONE,False,134.99471081503367,32,49.005289184966365,784
SRC_SINKSIDE,LAW_29_L32_S950005,LAW_29,185,3.579497069978273,3.579497069978273,3.579497069978273,NONE,False,132.3938586326833,32,52.60614136731684,1040
SRC_SINKSIDE,LAW_29_L32_S950005,LAW_29,185,3.579497069978273,3.579497069978273,3.579497069978273,NONE,False,129.37082083182761,32,55.62917916817242,1296
SRC_SINKSIDE,LAW_29_L32_S950005,LAW_29,183,3.579497069978273,3.579497069978273,3.5794970699782724,NONE,False,126.08689110033407,32,56.913108899666,1552
SRC_SINKSIDE,LAW_29_L32_S950005,LAW_29,178,3.579497069978273,3.579497069978273,3.5794970699782724,NONE,False,121.63419099686749,32,56.36580900313251,1808
SRC_SINKSIDE,LAW_29_L32_S950005,LAW_29,178,3.579497069978273,3.579497069978273,3.5794970699782724,NONE,False,119.56197522512241,32,58.43802477487753,2064
SRC_SINKSIDE,LAW_29_L32_S950005,LAW_29,177,3.579497069978273,3.579497069978273,3.579497069978273,NONE,False,117.08197873652131,32,59.918021263478714,2320
SRC_SINKSIDE,LAW_29_L32_S950005,LAW_29,175,3.579497069978273,3.579497069978273,3.579497069978273,NONE,False,114.12459443252196,32,60.87540556747798,2576
SRC_SINKSIDE,LAW_29_L32_S950005,LAW_29,173,3.579497069978273,3.579497069978273,3.579497069978273,NONE,False,111.49317675214928,32,61.506823247850775,2832
SRC_SINKSIDE,LAW_29_L32_S950005,LAW_29,172,3.579497069978273,3.579497069978273,3.579497069978273,NONE,False,109.24496560610567,32,62.75503439389431,3088
SRC_SINKSIDE,LAW_29_L32_S950005,LAW_29,170,3.579497069978273,3.579497069978273,3.579497069978273,NONE,False,107.42023647536494,32,62.57976352463506,3344
SRC_SINKSIDE,LAW_29_L32_S950005,LAW_29,168,3.579497069978273,3.579497069978273,3.579497069978273,NONE,False,104.5890664608297,32,63.410933539170266,3600
SRC_SINKSIDE,LAW_29_L32_S950005,LAW_29,167,3.579497069978273,3.579497069978273,3.579497069978273,NONE,False,102.62839745637885,32,64.37160254362118,3856
SRC_SINKSIDE,LAW_29_L32_S950005,LAW_29,163,3.579497069978273,3.579497069978273,3.579497069978273,NONE,False,99.25650257181063,32,63.74349742818942,4112
SRC_SINKSIDE,LAW_29_L32_S950005,LAW_29,162,3.579497069978273,3.579497069978273,3.5794970699782724,NONE,False,97.61699053376412,32,64.3830094662359,4368
SRC_SINKSIDE,LAW_29_L32_S950005,LAW_29,160,3.579497069978273,3.579497069978273,3.5794970699782733,NONE,False,95.8558523082516,32,64.14414769174839,4624
SRC_SINKSIDE,LAW_29_L32_S950005,LAW_29,160,3.579497069978273,3.579497069978273,3.579497069978273,NONE,False,94.06838904546751,32,65.93161095453247,4880
SRC_SINKSIDE,LAW_29_L32_S950005,LAW_29,152,3.579497069978273,3.579497069978273,3.579497069978273,NONE,False,89.5337760408936,32,62.46622395910648,5136
PARENT,LAW_29_L32_S950006,LAW_29,198,3.5855570843677897,3.5855570843677897,3.5855570843677893,NONE,False,152.25810156458087,32,45.01800588065581,272
PARENT,LAW_29_L32_S950006,LAW_29,191,3.5855570843677897,3.5855570843677897,3.585557084367789,NONE,False,147.1927019503463,32,42.017258250141126,288
PARENT,LAW_29_L32_S950006,LAW_29,184,3.5855570843677897,3.5855570843677897,3.5855570843677897,NONE,False,142.38230904943282,32,39.16277779960633,304
PARENT,LAW_29_L32_S950006,LAW_29,177,3.5855570843677897,3.5855570843677897,3.5855570843677897,NONE,False,137.333845331486,32,36.41121345700283,320
PARENT,LAW_29_L32_S950006,LAW_29,171,3.5855570843677897,3.5855570843677897,3.5855570843677897,NONE,False,132.46767494014077,32,33.583074452758574,336
PARENT,LAW_29_L32_S950006,LAW_29,165,3.5855570843677897,3.5855570843677897,3.5855570843677897,NONE,False,127.76708920394428,32,30.861019874680185,352
PARENT,LAW_29_L32_S950006,LAW_29,159,3.5855570843677897,3.5855570843677897,3.58555708436779,NONE,False,123.14626110218249,32,28.16429287896121,368
PARENT,LAW_29_L32_S950006,LAW_29,153,3.5855570843677897,3.5855570843677897,3.5855570843677897,NONE,False,118.13354468030887,32,25.39415018693783,384
PARENT,LAW_29_L32_S950006,LAW_29,98,3.5855570843677897,1.6023479065855704,1.6023479065855706,NONE,False,74.99320442788583,32,1.6023479065855704,528
PARENT,LAW_29_L32_S950006,LAW_29,62,3.5855570843677897,0.7824778015140563,0.7824778015140563,NONE,False,48.102409129685626,32,0.7824778015140563,784
PARENT,LAW_29_L32_S950006,LAW_29,39,3.5855570843677897,0.7169568701804921,0.7169568701804921,NONE,False,29.59365441591093,32,0.7169568701804921,1040
PARENT,LAW_29_L32_S950006,LAW_29,22,3.5855570843677897,0.8025949715588778,0.8025949715588778,NONE,False,16.009391970301436,32,0.8025949715588778,1296
PARENT,LAW_29_L32_S950006,LAW_29,11,3.5855570843677897,1.190787921525278,1.190787921525278,NONE,False,6.776342612878776,32,1.190787921525278,1552
PARENT,LAW_29_L32_S950006,LAW_29,2,3.5855570843677897,0.9036240031156306,0.9036240031156306,NONE,False,0.9036240031156306,32,4.30335055982698,1808
PARENT,LAW_29_L32_S950006,LAW_29,0,3.5855570843677897,0.0,0.0,NO_SINK_CAPACITY,True,0.0,32,9.676193602388821,2064
PARENT,LAW_29_L32_S950006,LAW_29,0,3.5855570843677897,0.0,0.0,NO_SINK_CAPACITY,True,0.0,32,15.1840416258527,2320
PARENT,LAW_29_L32_S950006,LAW_29,0,3.5855570843677897,0.0,0.0,NO_SINK_CAPACITY,True,0.0,32,20.02446257464644,2576
PARENT,LAW_29_L32_S950006,LAW_29,0,3.5855570843677897,0.0,0.0,NO_SINK_CAPACITY,True,0.0,32,22.653868322610748,2832
PARENT,LAW_29_L32_S950006,LAW_29,0,3.5855570843677897,0.0,0.0,NO_SINK_CAPACITY,True,0.0,32,27.144465401709162,3088
PARENT,LAW_29_L32_S950006,LAW_29,0,3.5855570843677897,0.0,0.0,NO_SINK_CAPACITY,True,0.0,32,29.96357687509923,3344
PARENT,LAW_29_L32_S950006,LAW_29,0,3.5855570843677897,0.0,0.0,NO_SINK_CAPACITY,True,0.0,32,33.332258257268904,3600
PARENT,LAW_29_L32_S950006,LAW_29,0,3.5855570843677897,0.0,0.0,NO_SINK_CAPACITY,True,0.0,32,36.24740353081153,3856
PARENT,LAW_29_L32_S950006,LAW_29,0,3.5855570843677897,0.0,0.0,NO_SINK_CAPACITY,True,0.0,32,39.327141733805746,4112
PARENT,LAW_29_L32_S950006,LAW_29,0,3.5855570843677897,0.0,0.0,NO_SINK_CAPACITY,True,0.0,32,41.858251909189256,4368
PARENT,LAW_29_L32_S950006,LAW_29,0,3.5855570843677897,0.0,0.0,NO_SINK_CAPACITY,True,0.0,32,43.6809357182429,4624
SRC_SINKSIDE,LAW_29_L32_S950006,LAW_29,198,3.5855570843677897,3.5855570843677897,3.5855570843677893,NONE,False,152.25810156458087,32,45.741898435419166,272
SRC_SINKSIDE,LAW_29_L32_S950006,LAW_29,196,3.5855570843677897,3.5855570843677897,3.5855570843677897,NONE,False,151.37136669495618,32,44.62863330504392,288
SRC_SINKSIDE,LAW_29_L32_S950006,LAW_29,195,3.5855570843677897,3.5855570843677897,3.5855570843677893,NONE,False,150.5785789301654,32,44.421421069834594,304
SRC_SINKSIDE,LAW_29_L32_S950006,LAW_29,196,3.5855570843677897,3.5855570843677897,3.5855570843677897,NONE,False,150.57408149749787,32,45.42591850250212,320
SRC_SINKSIDE,LAW_29_L32_S950006,LAW_29,195,3.5855570843677897,3.5855570843677897,3.5855570843677893,NONE,False,149.83212490634997,32,45.16787509364998,336
SRC_SINKSIDE,LAW_29_L32_S950006,LAW_29,196,3.5855570843677897,3.5855570843677897,3.5855570843677897,NONE,False,149.87270211597152,32,46.12729788402845,352
SRC_SINKSIDE,LAW_29_L32_S950006,LAW_29,195,3.5855570843677897,3.5855570843677897,3.5855570843677893,NONE,False,149.09757744589893,32,45.902422554100994,368
SRC_SINKSIDE,LAW_29_L32_S950006,LAW_29,195,3.5855570843677897,3.5855570843677897,3.585557084367789,NONE,False,148.82910729444114,32,46.170892705558934,384
SRC_SINKSIDE,LAW_29_L32_S950006,LAW_29,194,3.5855570843677897,3.5855570843677897,3.5855570843677893,NONE,False,145.8242376170882,32,48.17576238291187,528
SRC_SINKSIDE,LAW_29_L32_S950006,LAW_29,194,3.5855570843677897,3.5855570843677897,3.5855570843677897,NONE,False,142.0928317407389,32,51.90716825926103,784
SRC_SINKSIDE,LAW_29_L32_S950006,LAW_29,193,3.5855570843677897,3.5855570843677897,3.5855570843677897,NONE,False,138.42328855886555,32,54.57671144113439,1040
SRC_SINKSIDE,LAW_29_L32_S950006,LAW_29,193,3.5855570843677897,3.5855570843677897,3.58555708436779,NONE,False,135.64133543735196,32,57.35866456264816,1296
SRC_SINKSIDE,LAW_29_L32_S950006,LAW_29,192,3.5855570843677897,3.5855570843677897,3.5855570843677897,NONE,False,132.6569036944691,32,59.343096305530906,1552
SRC_SINKSIDE,LAW_29_L32_S950006,LAW_29,190,3.5855570843677897,3.5855570843677897,3.5855570843677897,NONE,False,129.3425866493436,32,60.65741335065637,1808
SRC_SINKSIDE,LAW_29_L32_S950006,LAW_29,187,3.5855570843677897,3.5855570843677897,3.5855570843677893,NONE,False,125.63802045260604,32,61.361979547393915,2064
SRC_SINKSIDE,LAW_29_L32_S950006,LAW_29,187,3.5855570843677897,3.5855570843677897,3.5855570843677897,NONE,False,123.61515780973488,32,63.38484219026509,2320
SRC_SINKSIDE,LAW_29_L32_S950006,LAW_29,186,3.5855570843677897,3.5855570843677897,3.5855570843677897,NONE,False,121.27212653460805,32,64.72787346539194,2576
SRC_SINKSIDE,LAW_29_L32_S950006,LAW_29,184,3.5855570843677897,3.5855570843677897,3.58555708436779,NONE,False,118.66309446544166,32,65.3369055345583,2832
SRC_SINKSIDE,LAW_29_L32_S950006,LAW_29,183,3.5855570843677897,3.5855570843677897,3.58555708436779,NONE,False,116.52667113050083,32,66.47332886949917,3088
SRC_SINKSIDE,LAW_29_L32_S950006,LAW_29,182,3.5855570843677897,3.5855570843677897,3.58555708436779,NONE,False,114.53519586126795,32,67.46480413873202,3344
SRC_SINKSIDE,LAW_29_L32_S950006,LAW_29,181,3.5855570843677897,3.5855570843677897,3.5855570843677897,NONE,False,112.59185194219896,32,68.40814805780099,3600
SRC_SINKSIDE,LAW_29_L32_S950006,LAW_29,179,3.5855570843677897,3.5855570843677897,3.5855570843677897,NONE,False,110.24954005078689,32,68.75045994921307,3856
SRC_SINKSIDE,LAW_29_L32_S950006,LAW_29,178,3.5855570843677897,3.5855570843677897,3.5855570843677897,NONE,False,108.27006952716467,32,69.72993047283532,4112
SRC_SINKSIDE,LAW_29_L32_S950006,LAW_29,176,3.5855570843677897,3.5855570843677897,3.58555708436779,NONE,False,105.81300230009501,32,70.186997699905,4368
SRC_SINKSIDE,LAW_29_L32_S950006,LAW_29,173,3.5855570843677897,3.5855570843677897,3.5855570843677897,NONE,False,103.0082012235131,32,69.99179877648689,4624
SRC_SINKSIDE,LAW_29_L32_S950006,LAW_29,167,3.5855570843677897,3.5855570843677897,3.5855570843677897,NONE,False,99.7022136222001,32,67.29778637779991,4880
SRC_SINKSIDE,LAW_29_L32_S950006,LAW_29,165,3.5855570843677897,3.5855570843677897,3.5855570843677897,NONE,False,97.20708929870774,32,67.7929107012923,5136
PARENT,LAW_29_L32_S950007,LAW_29,202,3.663735789489775,3.663735789489775,3.6637357894897753,NONE,False,153.11096442388887,32,42.614671567803356,272
PARENT,LAW_29_L32_S950007,LAW_29,193,3.663735789489775,3.663735789489775,3.663735789489775,NONE,False,147.41781961668033,32,39.60173521073629,288
PARENT,LAW_29_L32_S950007,LAW_29,186,3.663735789489775,3.663735789489775,3.663735789489774,NONE,False,142.80617166340218,32,36.74701140891628,304
PARENT,LAW_29_L32_S950007,LAW_29,178,3.663735789489775,3.663735789489775,3.6637357894897744,NONE,False,137.27402904906563,32,33.998626662987675,320
PARENT,LAW_29_L32_S950007,LAW_29,172,3.663735789489775,3.663735789489775,3.6637357894897753,NONE,False,132.62597632929882,32,31.15325962625533,336
PARENT,LAW_29_L32_S950007,LAW_29,166,3.663735789489775,3.663735789489775,3.6637357894897744,NONE,False,127.80307083671666,32,28.403015488015832,352
PARENT,LAW_29_L32_S950007,LAW_29,158,3.663735789489775,3.663735789489775,3.663735789489775,NONE,False,122.63684741945502,32,25.728026156039633,368
PARENT,LAW_29_L32_S950007,LAW_29,153,3.663735789489775,3.663735789489775,3.663735789489775,NONE,False,117.78130076288356,32,22.976204610940254,384
PARENT,LAW_29_L32_S950007,LAW_29,98,3.663735789489775,1.1352581610073504,1.1352581610073504,NONE,False,75.74352875095944,32,1.1352581610073504,528
PARENT,LAW_29_L32_S950007,LAW_29,64,3.663735789489775,0.7680893989600774,0.7680893989600774,NONE,False,49.66592589040687,32,0.7680893989600774,784
PARENT,LAW_29_L32_S950007,LAW_29,41,3.663735789489775,0.6847032929057881,0.6847032929057881,NONE,False,31.591893030144494,32,0.6847032929057881,1040
PARENT,LAW_29_L32_S950007,LAW_29,26,3.663735789489775,0.7585601728657526,0.7585601728657526,NONE,False,18.68835168899966,32,0.7585601728657526,1296
PARENT,LAW_29_L32_S950007,LAW_29,11,3.663735789489775,1.05686159209007,1.05686159209007,NONE,False,7.371333492439236,32,1.05686159209007,1552
PARENT,LAW_29_L32_S950007,LAW_29,2,3.663735789489775,0.9192119059288868,0.9192119059288868,NONE,False,0.9192119059288868,32,3.0728654711660353,1808
PARENT,LAW_29_L32_S950007,LAW_29,2,3.663735789489775,0.9069519429435311,0.9069519429435311,NONE,False,0.9069519429435311,32,8.208330246862587,2064
PARENT,LAW_29_L32_S950007,LAW_29,0,3.663735789489775,0.0,0.0,NO_SINK_CAPACITY,True,0.0,32,13.674859153710523,2320
PARENT,LAW_29_L32_S950007,LAW_29,1,3.663735789489775,0.4505661993321921,0.4505661993321921,NONE,False,0.4505661993321921,32,18.141737366110984,2576
PARENT,LAW_29_L32_S950007,LAW_29,0,3.663735789489775,0.0,0.0,NO_SINK_CAPACITY,True,0.0,32,22.590198400871,2832
PARENT,LAW_29_L32_S950007,LAW_29,0,3.663735789489775,0.0,0.0,NO_SINK_CAPACITY,True,0.0,32,26.141168222482293,3088
PARENT,LAW_29_L32_S950007,LAW_29,2,3.663735789489775,0.901585717952794,0.901585717952794,NONE,False,0.901585717952794,32,30.14250614183978,3344
PARENT,LAW_29_L32_S950007,LAW_29,0,3.663735789489775,0.0,0.0,NO_SINK_CAPACITY,True,0.0,32,32.52904113733168,3600
PARENT,LAW_29_L32_S950007,LAW_29,0,3.663735789489775,0.0,0.0,NO_SINK_CAPACITY,True,0.0,32,35.895947697562555,3856
PARENT,LAW_29_L32_S950007,LAW_29,0,3.663735789489775,0.0,0.0,NO_SINK_CAPACITY,True,0.0,32,38.78066808830846,4112
PARENT,LAW_29_L32_S950007,LAW_29,0,3.663735789489775,0.0,0.0,NO_SINK_CAPACITY,True,0.0,32,41.020136412172334,4368
PARENT,LAW_29_L32_S950007,LAW_29,0,3.663735789489775,0.0,0.0,NO_SINK_CAPACITY,True,0.0,32,43.92484318741845,4624
SRC_SINKSIDE,LAW_29_L32_S950007,LAW_29,202,3.663735789489775,3.663735789489775,3.6637357894897753,NONE,False,153.11096442388887,32,48.88903557611111,272
SRC_SINKSIDE,LAW_29_L32_S950007,LAW_29,199,3.663735789489775,3.663735789489775,3.663735789489775,NONE,False,151.91361983259316,32,47.08638016740677,288
SRC_SINKSIDE,LAW_29_L32_S950007,LAW_29,198,3.663735789489775,3.663735789489775,3.663735789489775,NONE,False,151.05101994117504,32,46.94898005882492,304
SRC_SINKSIDE,LAW_29_L32_S950007,LAW_29,198,3.663735789489775,3.663735789489775,3.663735789489775,NONE,False,151.04175143686007,32,46.95824856313989,320
SRC_SINKSIDE,LAW_29_L32_S950007,LAW_29,197,3.663735789489775,3.663735789489775,3.663735789489775,NONE,False,150.11494510130265,32,46.88505489869727,336
SRC_SINKSIDE,LAW_29_L32_S950007,LAW_29,197,3.663735789489775,3.663735789489775,3.663735789489775,NONE,False,149.67299479541046,32,47.32700520458956,352
SRC_SINKSIDE,LAW_29_L32_S950007,LAW_29,197,3.663735789489775,3.663735789489775,3.6637357894897744,NONE,False,149.28109972020255,32,47.718900279797566,368
SRC_SINKSIDE,LAW_29_L32_S950007,LAW_29,197,3.663735789489775,3.663735789489775,3.663735789489775,NONE,False,148.91876049046226,32,48.08123950953771,384
SRC_SINKSIDE,LAW_29_L32_S950007,LAW_29,196,3.663735789489775,3.663735789489775,3.6637357894897744,NONE,False,145.90735956356457,32,50.09264043643544,528
SRC_SINKSIDE,LAW_29_L32_S950007,LAW_29,196,3.663735789489775,3.663735789489775,3.6637357894897744,NONE,False,142.271880182092,32,53.72811981790798,784
SRC_SINKSIDE,LAW_29_L32_S950007,LAW_29,193,3.663735789489775,3.663735789489775,3.663735789489775,NONE,False,137.83902371926047,32,55.16097628073959,1040
SRC_SINKSIDE,LAW_29_L32_S950007,LAW_29,192,3.663735789489775,3.663735789489775,3.6637357894897753,NONE,False,134.59792047821608,32,57.40207952178381,1296
SRC_SINKSIDE,LAW_29_L32_S950007,LAW_29,190,3.663735789489775,3.663735789489775,3.6637357894897744,NONE,False,131.2876894574423,32,58.712310542557695,1552
SRC_SINKSIDE,LAW_29_L32_S950007,LAW_29,188,3.663735789489775,3.663735789489775,3.663735789489775,NONE,False,128.18520027438677,32,59.81479972561334,1808
SRC_SINKSIDE,LAW_29_L32_S950007,LAW_29,186,3.663735789489775,3.663735789489775,3.6637357894897744,NONE,False,125.27356541934373,32,60.72643458065629,2064
SRC_SINKSIDE,LAW_29_L32_S950007,LAW_29,187,3.663735789489775,3.663735789489775,3.663735789489775,NONE,False,123.71417725601833,32,63.28582274398164,2320
SRC_SINKSIDE,LAW_29_L32_S950007,LAW_29,184,3.663735789489775,3.663735789489775,3.663735789489775,NONE,False,120.53617164416598,32,63.46382835583402,2576
SRC_SINKSIDE,LAW_29_L32_S950007,LAW_29,183,3.663735789489775,3.663735789489775,3.6637357894897744,NONE,False,118.43324287551529,32,64.5667571244848,2832
SRC_SINKSIDE,LAW_29_L32_S950007,LAW_29,183,3.663735789489775,3.663735789489775,3.663735789489775,NONE,False,116.79471995763629,32,66.20528004236368,3088
SRC_SINKSIDE,LAW_29_L32_S950007,LAW_29,182,3.663735789489775,3.663735789489775,3.663735789489775,NONE,False,114.90126051782646,32,67.09873948217358,3344
SRC_SINKSIDE,LAW_29_L32_S950007,LAW_29,180,3.663735789489775,3.663735789489775,3.663735789489775,NONE,False,112.57292378281589,32,67.42707621718405,3600
SRC_SINKSIDE,LAW_29_L32_S950007,LAW_29,179,3.663735789489775,3.663735789489775,3.663735789489775,NONE,False,110.77644942122612,32,68.22355057877385,3856
SRC_SINKSIDE,LAW_29_L32_S950007,LAW_29,176,3.663735789489775,3.663735789489775,3.663735789489775,NONE,False,108.09779503091798,32,67.90220496908206,4112
SRC_SINKSIDE,LAW_29_L32_S950007,LAW_29,177,3.663735789489775,3.663735789489775,3.663735789489775,NONE,False,107.36034879638662,32,69.6396512036134,4368
SRC_SINKSIDE,LAW_29_L32_S950007,LAW_29,177,3.663735789489775,3.663735789489775,3.6637357894897744,NONE,False,106.44260730465977,32,70.5573926953402,4624
SRC_SINKSIDE,LAW_29_L32_S950007,LAW_29,173,3.663735789489775,3.663735789489775,3.663735789489775,NONE,False,103.2400207418539,32,69.75997925814616,4880
SRC_SINKSIDE,LAW_29_L32_S950007,LAW_29,172,3.663735789489775,3.663735789489775,3.663735789489775,NONE,False,101.39825737514386,32,70.60174262485606,5136
PARENT,LAW_29_L32_S950008,LAW_29,199,3.5901408783115203,3.5901408783115203,3.5901408783115203,NONE,False,151.22465870236283,32,44.60118455721948,272
PARENT,LAW_29_L32_S950008,LAW_29,191,3.5901408783115203,3.5901408783115203,3.5901408783115203,NONE,False,145.90398577902363,32,41.58592110665162,288
PARENT,LAW_29_L32_S950008,LAW_29,184,3.5901408783115203,3.5901408783115203,3.5901408783115203,NONE,False,141.07041156266052,32,38.74722996940024,304
PARENT,LAW_29_L32_S950008,LAW_29,176,3.5901408783115203,3.5901408783115203,3.5901408783115194,NONE,False,135.85085931999248,32,36.00805788804761,320
PARENT,LAW_29_L32_S950008,LAW_29,170,3.5901408783115203,3.5901408783115203,3.5901408783115203,NONE,False,131.00070490188148,32,33.26986692700477,336
PARENT,LAW_29_L32_S950008,LAW_29,164,3.5901408783115203,3.5901408783115203,3.5901408783115203,NONE,False,126.50765750389188,32,30.559074452139242,352
PARENT,LAW_29_L32_S950008,LAW_29,157,3.5901408783115203,3.5901408783115203,3.5901408783115203,NONE,False,121.30692960189576,32,27.905728802011005,368
PARENT,LAW_29_L32_S950008,LAW_29,151,3.5901408783115203,3.5901408783115203,3.59014087831152,NONE,False,116.26404997529531,32,25.199415323440324,384
PARENT,LAW_29_L32_S950008,LAW_29,94,3.5901408783115203,1.391961855964618,1.391961855964618,NONE,False,71.51524790261035,32,1.391961855964618,528
PARENT,LAW_29_L32_S950008,LAW_29,59,3.5901408783115203,0.7771176018912648,0.7771176018912648,NONE,False,45.058701958555936,32,0.7771176018912648,784
PARENT,LAW_29_L32_S950008,LAW_29,35,3.5901408783115203,0.732544169782706,0.732544169782706,NONE,False,26.25035366021861,32,0.732544169782706,1040
PARENT,LAW_29_L32_S950008,LAW_29,18,3.5901408783115203,0.9420740117470112,0.9420740117470112,NONE,False,12.520494965206638,32,0.9420740117470112,1296
PARENT,LAW_29_L32_S950008,LAW_29,3,3.5901408783115203,1.246360046739499,1.246360046739499,NONE,False,1.7910533353191394,32,1.246360046739499,1552
PARENT,LAW_29_L32_S950008,LAW_29,2,3.5901408783115203,0.911490650128727,0.911490650128727,NONE,False,0.911490650128727,32,5.476006058656517,1808
PARENT,LAW_29_L32_S950008,LAW_29,1,3.5901408783115203,0.4505232641706923,0.4505232641706923,NONE,False,0.4505232641706923,32,11.209342196977596,2064
PARENT,LAW_29_L32_S950008,LAW_29,1,3.5901408783115203,0.45082830363164844,0.45082830363164844,NONE,False,0.45082830363164844,32,16.883948472243606,2320
PARENT,LAW_29_L32_S950008,LAW_29,0,3.5901408783115203,0.0,0.0,NO_SINK_CAPACITY,True,0.0,32,20.66886320680206,2576
PARENT,LAW_29_L32_S950008,LAW_29,1,3.5901408783115203,0.4510895062760738,0.4510895062760738,NONE,False,0.4510895062760738,32,24.983360226984484,2832
PARENT,LAW_29_L32_S950008,LAW_29,0,3.5901408783115203,0.0,0.0,NO_SINK_CAPACITY,True,0.0,32,28.89781906421263,3088
PARENT,LAW_29_L32_S950008,LAW_29,2,3.5901408783115203,0.9019165083811379,0.9019165083811379,NONE,False,0.9019165083811379,32,31.644331075988408,3344
PARENT,LAW_29_L32_S950008,LAW_29,0,3.5901408783115203,0.0,0.0,NO_SINK_CAPACITY,True,0.0,32,35.17408843531618,3600
PARENT,LAW_29_L32_S950008,LAW_29,0,3.5901408783115203,0.0,0.0,NO_SINK_CAPACITY,True,0.0,32,37.128313968728214,3856
PARENT,LAW_29_L32_S950008,LAW_29,0,3.5901408783115203,0.0,0.0,NO_SINK_CAPACITY,True,0.0,32,40.34721623436294,4112
PARENT,LAW_29_L32_S950008,LAW_29,0,3.5901408783115203,0.0,0.0,NO_SINK_CAPACITY,True,0.0,32,43.205892954982986,4368
PARENT,LAW_29_L32_S950008,LAW_29,0,3.5901408783115203,0.0,0.0,NO_SINK_CAPACITY,True,0.0,32,45.05813705546075,4624
PARENT,LAW_29_L32_S950008,LAW_29,0,3.5901408783115203,0.0,0.0,NO_SINK_CAPACITY,True,0.0,32,47.68513885202746,4880
PARENT,LAW_29_L32_S950008,LAW_29,0,3.5901408783115203,0.0,0.0,NO_SINK_CAPACITY,True,0.0,32,49.82503526631581,5136
SRC_SINKSIDE,LAW_29_L32_S950008,LAW_29,199,3.5901408783115203,3.5901408783115203,3.5901408783115203,NONE,False,151.22465870236283,32,47.77534129763717,272
SRC_SINKSIDE,LAW_29_L32_S950008,LAW_29,196,3.5901408783115203,3.5901408783115203,3.5901408783115203,NONE,False,150.17654394816924,32,45.82345605183077,288
SRC_SINKSIDE,LAW_29_L32_S950008,LAW_29,196,3.5901408783115203,3.5901408783115203,3.5901408783115203,NONE,False,149.8333616278544,32,46.166638372145634,304
SRC_SINKSIDE,LAW_29_L32_S950008,LAW_29,196,3.5901408783115203,3.5901408783115203,3.59014087831152,NONE,False,149.22677318104977,32,46.77322681895024,320
SRC_SINKSIDE,LAW_29_L32_S950008,LAW_29,197,3.5901408783115203,3.5901408783115203,3.5901408783115203,NONE,False,149.37622050103448,32,47.623779498965526,336
SRC_SINKSIDE,LAW_29_L32_S950008,LAW_29,197,3.5901408783115203,3.5901408783115203,3.5901408783115207,NONE,False,148.98532339811203,32,48.01467660188794,352
SRC_SINKSIDE,LAW_29_L32_S950008,LAW_29,197,3.5901408783115203,3.5901408783115203,3.5901408783115203,NONE,False,148.665850427714,32,48.33414957228595,368
SRC_SINKSIDE,LAW_29_L32_S950008,LAW_29,197,3.5901408783115203,3.5901408783115203,3.5901408783115207,NONE,False,148.33512766309173,32,48.664872336908296,384
SRC_SINKSIDE,LAW_29_L32_S950008,LAW_29,195,3.5901408783115203,3.5901408783115203,3.59014087831152,NONE,False,145.01256124008142,32,49.98743875991863,528
SRC_SINKSIDE,LAW_29_L32_S950008,LAW_29,195,3.5901408783115203,3.5901408783115203,3.5901408783115207,NONE,False,141.42198669290931,32,53.57801330709067,784
SRC_SINKSIDE,LAW_29_L32_S950008,LAW_29,195,3.5901408783115203,3.5901408783115203,3.5901408783115203,NONE,False,138.33877003899994,32,56.661229961000046,1040
SRC_SINKSIDE,LAW_29_L32_S950008,LAW_29,193,3.5901408783115203,3.5901408783115203,3.5901408783115203,NONE,False,134.61115187804927,32,58.388848121950836,1296
SRC_SINKSIDE,LAW_29_L32_S950008,LAW_29,191,3.5901408783115203,3.5901408783115203,3.5901408783115203,NONE,False,131.00743299343793,32,59.992567006562034,1552
SRC_SINKSIDE,LAW_29_L32_S950008,LAW_29,190,3.5901408783115203,3.5901408783115203,3.5901408783115207,NONE,False,128.27099837673444,32,61.72900162326564,1808
SRC_SINKSIDE,LAW_29_L32_S950008,LAW_29,189,3.5901408783115203,3.5901408783115203,3.59014087831152,NONE,False,125.6958161698029,32,63.30418383019713,2064
SRC_SINKSIDE,LAW_29_L32_S950008,LAW_29,188,3.5901408783115203,3.5901408783115203,3.5901408783115207,NONE,False,123.33121776633924,32,64.66878223366078,2320
SRC_SINKSIDE,LAW_29_L32_S950008,LAW_29,187,3.5901408783115203,3.5901408783115203,3.5901408783115203,NONE,False,121.00682872111989,32,65.99317127888011,2576
SRC_SINKSIDE,LAW_29_L32_S950008,LAW_29,185,3.5901408783115203,3.5901408783115203,3.5901408783115207,NONE,False,118.39559395115602,32,66.60440604884391,2832
SRC_SINKSIDE,LAW_29_L32_S950008,LAW_29,184,3.5901408783115203,3.5901408783115203,3.5901408783115203,NONE,False,116.30361859803521,32,67.69638140196477,3088
SRC_SINKSIDE,LAW_29_L32_S950008,LAW_29,182,3.5901408783115203,3.5901408783115203,3.59014087831152,NONE,False,113.83323171768033,32,68.16676828231968,3344
SRC_SINKSIDE,LAW_29_L32_S950008,LAW_29,178,3.5901408783115203,3.5901408783115203,3.5901408783115203,NONE,False,110.53778829432478,32,67.46221170567519,3600
SRC_SINKSIDE,LAW_29_L32_S950008,LAW_29,178,3.5901408783115203,3.5901408783115203,3.5901408783115203,NONE,False,109.12072128479588,32,68.87927871520418,3856
SRC_SINKSIDE,LAW_29_L32_S950008,LAW_29,177,3.5901408783115203,3.5901408783115203,3.5901408783115203,NONE,False,107.27446608330888,32,69.72553391669112,4112
SRC_SINKSIDE,LAW_29_L32_S950008,LAW_29,177,3.5901408783115203,3.5901408783115203,3.5901408783115203,NONE,False,106.06402084375492,32,70.93597915624503,4368
SRC_SINKSIDE,LAW_29_L32_S950008,LAW_29,172,3.5901408783115203,3.5901408783115203,3.5901408783115203,NONE,False,102.60664330935981,32,69.39335669064018,4624
SRC_SINKSIDE,LAW_29_L32_S950008,LAW_29,167,3.5901408783115203,3.5901408783115203,3.59014087831152,NONE,False,99.2221904209671,32,67.77780957903283,4880
SRC_SINKSIDE,LAW_29_L32_S950008,LAW_29,168,3.5901408783115203,3.5901408783115203,3.5901408783115203,NONE,False,98.34886986381753,32,69.6511301361825,5136
