DELIVERED_FRACTION,I0,M256,UCR,arm,attempted_mass,axis,block,bound_by,ceil,delivered_over_M256,first_failure_time,first_failure_type,floor,fresh_over_M256,futile_fraction,incumbent_displacement,incumbent_removed_over_M256,law,loss,max_global_balance_residual,max_identity_residual,merger,n_events,n_opportunities,n_rejected,n_waited,quantum,reacquisition,realized_sink,reject_causes,same_track_continuous,seed,size,spacing,split,terminal_I_over_I0,terminal_T,terminal_margin_frac_below_0.05,terminal_margin_frac_below_0.10,terminal_margin_median,terminal_margin_min,terminal_margin_q10,terminal_shadow_40_alive,terminal_shadow_40_area,terminal_shadow_40_jaccard_C256,terminal_shadow_40_jaccard_official,terminal_shadow_45_alive,terminal_shadow_45_area,terminal_shadow_45_jaccard_C256,terminal_shadow_45_jaccard_official,terminal_shadow_50_alive,terminal_shadow_50_area,terminal_shadow_50_jaccard_C256,terminal_shadow_50_jaccard_official,terminal_shadow_55_alive,terminal_shadow_55_area,terminal_shadow_55_jaccard_C256,terminal_shadow_55_jaccard_official,terminal_shadow_60_alive,terminal_shadow_60_area,terminal_shadow_60_jaccard_C256,terminal_shadow_60_jaccard_official
0.0,165.71345242478662,165.7134524247865,0.0,SHAM,662.8538096991507,+x,LAW_16_L24_S930000,"{""PLANNED"": 0, ""SOURCE"": 0, ""SINK"": 0, ""OTHER"": 0}",1.0,0.0,,NONE,0.0,0.0,0.0,0.24441183155345048,0.0,LAW_16,False,0.0,3.552713678800501e-15,False,0,320,0,0,2.071418155309831,False,0.0,{},True,930000,24,16,False,0.7555881684465495,164.2245144842201,0.07391304347826087,0.1391304347826087,0.30837724522766025,0.004040389818635026,0.07054782312775515,True,252,0.8253968253968254,0.9126984126984127,True,230,0.9043478260869565,1.0,True,213,0.9672897196261683,0.9260869565217391,True,198,0.9519230769230769,0.8608695652173913,True,182,0.875,0.7913043478260869
0.14613299636259414,165.71345242478662,165.7134524247865,0.3965321334157817,PARENT,662.8538096991507,+x,LAW_16_L24_S930000,"{""PLANNED"": 11, ""SOURCE"": 309, ""SINK"": 0, ""OTHER"": 0}",1.0,0.5845319854503807,,NONE,0.0,0.3965321334157817,0.13970378096210273,0.5877606856299982,0.4585313724237801,LAW_16,False,1.1368683772161603e-13,7.549516567451064e-15,False,320,320,0,0,2.071418155309831,False,96.86481336169766,{},True,930000,24,16,False,0.4122393143700018,169.7991822829379,0.0684931506849315,0.1141552511415525,0.3746648287971905,0.001361063214492364,0.06272743535270003,True,228,0.3710691823899371,0.9605263157894737,True,219,0.3774193548387097,1.0,True,204,0.3779264214046823,0.9315068493150684,True,194,0.39100346020761245,0.8858447488584474,True,184,0.39501779359430605,0.8401826484018264
0.09085342426635609,165.71345242478662,165.7134524247865,0.2507809085984781,SINK_FLOOR,662.8538096991507,+x,LAW_16_L24_S930000,"{""PLANNED"": 11, ""SOURCE"": 47, ""SINK"": 262, ""OTHER"": 0}",1.0,0.3634136970654269,1296,SPLIT,0.5,0.2507809085984781,0.07418260403456506,0.5736235864769647,0.32356357680792824,LAW_16,False,5.684341886080802e-14,7.216449660063518e-15,False,320,320,0,0,2.071418155309831,False,60.222538399167405,{},False,930000,24,16,True,0.42637641352303535,145.295443220459,0.10945273631840796,0.15422885572139303,0.30849705692082025,0.0002536232211612366,0.04091242794926914,True,252,0.5436241610738255,0.7976190476190477,True,201,0.43508771929824563,1.0,True,179,0.40217391304347827,0.8905472636815921,True,170,0.4052044609665427,0.845771144278607,True,145,0.3735408560311284,0.7213930348258707
0.07023125990811215,165.71345242478662,165.7134524247865,0.21270869160429876,SRC_CAP,662.8538096991507,+x,LAW_16_L24_S930000,"{""PLANNED"": 5, ""SOURCE"": 315, ""SINK"": 0, ""OTHER"": 0}",0.9,0.2809250396324506,,NONE,0.0,0.21270869160429876,0.0075235808856848945,0.43819258690337903,0.25190351990194443,LAW_16,False,5.684341886080802e-14,4.3298697960381105e-15,False,320,320,0,0,2.071418155309831,False,46.55305819006336,{},True,930000,24,16,False,0.561807413096621,165.10275578086254,0.058823529411764705,0.14479638009049775,0.34780345913600547,0.0043570456176226235,0.07461272985708983,True,234,0.4882154882154882,0.9444444444444444,True,221,0.5052631578947369,1.0,True,208,0.5127272727272727,0.9411764705882353,True,189,0.48134328358208955,0.8552036199095022,True,179,0.4942084942084942,0.8099547511312217
0.0,166.65652820955953,166.65652820955955,0.0,SHAM,666.6261128382392,-x,LAW_16_L24_S930001,"{""PLANNED"": 0, ""SOURCE"": 0, ""SINK"": 0, ""OTHER"": 0}",1.0,0.0,,NONE,0.0,0.0,0.0,0.2495722759596638,0.0,LAW_16,False,0.0,3.6637359812630166e-15,False,0,320,0,0,2.0832066026194944,False,0.0,{},True,930001,24,16,False,0.7504277240403362,163.84520801103088,0.0735930735930736,0.13852813852813853,0.30561184070181907,0.002026471917858763,0.07291939916343376,True,253,0.8537549407114624,0.9130434782608695,True,231,0.9184549356223176,1.0,True,214,0.9815668202764977,0.9264069264069265,True,199,0.9212962962962963,0.8614718614718615,True,181,0.8379629629629629,0.7835497835497836
0.16244274804107217,166.65652820955953,166.65652820955955,0.0,PARENT,666.6261128382392,-x,LAW_16_L24_S930001,"{""PLANNED"": 13, ""SOURCE"": 213, ""SINK"": 26, ""OTHER"": 0}",1.0,0.6497709921642897,7392,TRACK_LOST_OR_DISSOLVED,0.0,0.0,0.21020705921212662,1.0,0.46889272202332555,LAW_16,True,1.7053025658242404e-13,7.66053886991358e-15,False,252,320,68,0,2.0832066026194944,False,108.28857768538144,"{""NO_SINK_CAPACITY"": 68}",False,930001,24,16,False,,,,,,,,,,,,,,,,,,,,,,,,,,,
0.0715468351433072,166.65652820955953,166.65652820955955,0.20799085030235834,SINK_FLOOR,666.6261128382392,-x,LAW_16_L24_S930001,"{""PLANNED"": 14, ""SOURCE"": 0, ""SINK"": 306, ""OTHER"": 0}",1.0,0.28618734057322925,752,SPLIT,0.5,0.20799085030235834,0.03041609570816165,0.5420453385795244,0.2703510671302973,LAW_16,False,5.684341886080802e-14,6.217248937900877e-15,False,320,320,0,0,2.0832066026194944,False,47.694988597461204,{},False,930001,24,16,True,0.4579546614204756,143.9092616902476,0.095,0.16,0.30228893804900575,0.006007637701163415,0.052901962185425255,True,263,0.6073825503355704,0.7604562737642585,True,200,0.4647887323943662,1.0,True,181,0.4384057971014493,0.905,True,168,0.44360902255639095,0.84,True,148,0.40540540540540543,0.74
0.08462891613931817,166.65652820955953,166.65652820955955,0.25012770703514003,SRC_CAP,666.6261128382392,-x,LAW_16_L24_S930001,"{""PLANNED"": 7, ""SOURCE"": 313, ""SINK"": 0, ""OTHER"": 0}",0.9,0.33851566455727317,,NONE,0.0,0.25012770703514003,0.027709777002193053,0.47844945501158065,0.29999293122433157,LAW_16,False,5.684341886080802e-14,4.218847493575595e-15,False,320,320,0,0,2.0832066026194944,False,56.415845399667,{},True,930001,24,16,False,0.5215505449884194,165.28467006773843,0.06334841628959276,0.13122171945701358,0.34810658585994597,0.0030237958740205184,0.09093042939289225,True,236,0.4533762057877814,0.9364406779661016,True,221,0.4713804713804714,1.0,True,207,0.4894366197183099,0.9366515837104072,True,192,0.4729241877256318,0.8687782805429864,True,174,0.4716981132075472,0.7873303167420814
0.0,167.0428947516701,167.04289475167,0.0,SHAM,668.1715790066778,+y,LAW_16_L24_S930002,"{""PLANNED"": 0, ""SOURCE"": 0, ""SINK"": 0, ""OTHER"": 0}",1.0,0.0,,NONE,0.0,0.0,0.0,0.2499851248518964,0.0,LAW_16,False,0.0,3.774758283725532e-15,False,0,320,0,0,2.088036184395875,False,0.0,{},True,930002,24,16,False,0.7500148751481036,161.74402931378756,0.08771929824561403,0.14473684210526316,0.3046131845179522,0.0032222277130891652,0.05483608216542496,True,245,0.8653061224489796,0.9306122448979591,True,228,0.9213973799126638,1.0,True,208,0.9811320754716981,0.9122807017543859,True,195,0.9198113207547169,0.8552631578947368,True,178,0.839622641509434,0.7807017543859649
0.14049944577836362,167.0428947516701,167.04289475167,0.0,PARENT,668.1715790066778,+y,LAW_16_L24_S930002,"{""PLANNED"": 13, ""SOURCE"": 168, ""SINK"": 26, ""OTHER"": 0}",1.0,0.5619977831134526,7360,TRACK_LOST_OR_DISSOLVED,0.0,0.0,0.16111782504108255,1.0,0.4358554092078642,LAW_16,True,5.684341886080802e-14,1.0103029524088925e-14,False,207,320,113,0,2.088036184395875,False,93.87773653529233,"{""NO_SINK_CAPACITY"": 113}",False,930002,24,16,False,,,,,,,,,,,,,,,,,,,,,,,,,,,
0.07037618049554731,167.0428947516701,167.04289475167,0.20322631713064213,SINK_FLOOR,668.1715790066778,+y,LAW_16_L24_S930002,"{""PLANNED"": 13, ""SOURCE"": 1, ""SINK"": 306, ""OTHER"": 0}",1.0,0.2815047219821883,800,SPLIT,0.5,0.20322631713064213,0.029337437909016762,0.523187592492546,0.26552824035497224,LAW_16,False,8.526512829121202e-14,5.551115123125783e-15,False,320,320,0,0,2.088036184395875,False,47.023363646168804,{},False,930002,24,16,True,0.476812407507454,144.6558543665825,0.09,0.15,0.31654922357482435,0.0034400197173298785,0.05917014796420278,True,245,0.5868055555555556,0.8163265306122449,True,200,0.49818181818181817,1.0,True,182,0.4701492537313433,0.91,True,170,0.46923076923076923,0.85,True,149,0.43824701195219123,0.745
0.0878257318940831,167.0428947516701,167.04289475167,0.25269255213975284,SRC_CAP,668.1715790066778,+y,LAW_16_L24_S930002,"{""PLANNED"": 7, ""SOURCE"": 313, ""SINK"": 0, ""OTHER"": 0}",0.9,0.35130292757633125,,NONE,0.0,0.25269255213975284,0.04386612523462335,0.4789285573740626,0.3047387054355853,LAW_16,False,8.526512829121202e-14,3.9968028886505635e-15,False,320,320,0,0,2.088036184395875,False,58.68265795708665,{},True,930002,24,16,False,0.5210714426259374,163.08080101785902,0.06880733944954129,0.14678899082568808,0.34663500368182926,0.00017278949274518451,0.07597405563066079,True,232,0.46534653465346537,0.9396551724137931,True,218,0.47766323024054985,1.0,True,203,0.4874551971326165,0.9311926605504587,True,186,0.4740740740740741,0.8532110091743119,True,175,0.4770992366412214,0.8027522935779816
0.0,163.50859085753194,163.50859085753203,0.0,SHAM,654.034363430132,-y,LAW_16_L24_S930003,"{""PLANNED"": 0, ""SOURCE"": 0, ""SINK"": 0, ""OTHER"": 0}",1.0,0.0,,NONE,0.0,0.0,0.0,0.2569604247529027,0.0,LAW_16,False,0.0,3.9968028886505635e-15,False,0,320,0,0,2.0438573857191504,False,0.0,{},True,930003,24,16,False,0.7430395752470973,158.36609179802798,0.07623318385650224,0.13901345291479822,0.3011014379061993,0.0031596804089137898,0.06851263293589199,True,244,0.8524590163934426,0.9139344262295082,True,223,0.9241071428571429,1.0,True,206,0.9620853080568721,0.9237668161434978,True,192,0.9230769230769231,0.8609865470852018,True,178,0.8557692307692307,0.7982062780269058
0.1434777827604876,163.50859085753194,163.50859085753203,0.3612013704195207,PARENT,654.034363430132,-y,LAW_16_L24_S930003,"{""PLANNED"": 13, ""SOURCE"": 157, ""SINK"": 28, ""OTHER"": 0}",1.0,0.5739111310419537,,NONE,0.0,0.3612013704195207,0.16914006328524528,0.5593705945605737,0.4365480266330495,LAW_16,False,1.1368683772161603e-13,7.882583474838611e-15,False,198,320,122,0,2.0438573857191504,False,93.83940031412226,"{""NO_SINK_CAPACITY"": 122}",True,930003,24,16,False,0.4406294054394263,164.65681555008672,0.06451612903225806,0.15207373271889402,0.3525411290190657,0.0024303780890750915,0.06110357715628484,False,0,0.0,0.0,True,217,0.4214046822742475,1.0,True,203,0.3979591836734694,0.9354838709677419,True,184,0.3900709219858156,0.847926267281106,True,172,0.4074074074074074,0.7926267281105991
0.07021018524255074,163.50859085753194,163.50859085753203,0.2025071364552756,SINK_FLOOR,654.034363430132,-y,LAW_16_L24_S930003,"{""PLANNED"": 13, ""SOURCE"": 1, ""SINK"": 306, ""OTHER"": 0}",1.0,0.2808407409702046,848,SPLIT,0.5,0.2025071364552756,0.028754933377729237,0.5221073053732145,0.263768717158792,LAW_16,False,1.4210854715202004e-13,5.551115123125783e-15,False,320,320,0,0,2.0438573857191504,False,45.91987381142332,{},False,930003,24,16,True,0.4778926946267855,142.87294645589364,0.09547738693467336,0.15577889447236182,0.30544521350222004,0.00018363316713487787,0.041108148986043425,True,239,0.5851063829787234,0.8326359832635983,True,199,0.5018450184501845,1.0,True,180,0.4641509433962264,0.9045226130653267,True,168,0.4745098039215686,0.8442211055276382,True,144,0.43673469387755104,0.7236180904522613
0.09294529135201761,163.50859085753194,163.50859085753203,0.2585719345399952,SRC_CAP,654.034363430132,-y,LAW_16_L24_S930003,"{""PLANNED"": 6, ""SOURCE"": 314, ""SINK"": 0, ""OTHER"": 0}",0.9,0.37178116540807266,,NONE,0.0,0.2585719345399952,0.05985471610755801,0.4919105585884337,0.3125578695667406,LAW_16,False,1.1368683772161603e-13,4.773959005888173e-15,False,320,320,0,0,2.0438573857191504,False,60.78941446324499,{},True,930003,24,16,False,0.5080894414115663,158.94333824814098,0.0660377358490566,0.10849056603773585,0.3451986195835279,0.001914892453020789,0.09257841546945239,True,231,0.45364238410596025,0.9177489177489178,True,212,0.46853146853146854,1.0,True,198,0.48717948717948717,0.9339622641509434,True,189,0.4758364312267658,0.8915094339622641,True,170,0.4708171206225681,0.8018867924528302
0.0,167.06102967466325,167.06102967466316,0.0,SHAM,668.244118698651,+x,LAW_16_L24_S930004,"{""PLANNED"": 0, ""SOURCE"": 0, ""SINK"": 0, ""OTHER"": 0}",1.0,0.0,,NONE,0.0,0.0,0.0,0.2505762675809796,0.0,LAW_16,False,0.0,3.1086244689504383e-15,False,0,320,0,0,2.0882628709332893,False,0.0,{},True,930004,24,16,False,0.7494237324190204,160.60960224255646,0.1013215859030837,0.16740088105726872,0.30187710635616766,0.0015734391919933755,0.04630145945906172,True,241,0.8838174273858921,0.941908713692946,True,227,0.9213973799126638,1.0,True,204,0.9577464788732394,0.8986784140969163,True,189,0.8873239436619719,0.8325991189427313,True,179,0.8403755868544601,0.788546255506608
0.1594325895574884,167.06102967466325,167.06102967466316,0.3958390624390186,PARENT,668.244118698651,+x,LAW_16_L24_S930004,"{""PLANNED"": 12, ""SOURCE"": 272, ""SINK"": 13, ""OTHER"": 0}",1.0,0.6377303582299522,,NONE,0.0,0.3958390624390186,0.18867731687879147,0.6009348852511911,0.4750544874265181,LAW_16,False,1.1368683772161603e-13,8.659739592076221e-15,False,297,320,23,0,2.0882628709332893,False,106.5398903006876,"{""NO_SINK_CAPACITY"": 23}",True,930004,24,16,False,0.39906511474880896,163.8427245720806,0.04739336492890995,0.11848341232227488,0.37489742210480953,0.00304007211227475,0.08451745558250573,True,219,0.3670886075949367,0.9634703196347032,True,211,0.37662337662337664,1.0,True,201,0.38926174496644295,0.95260663507109,True,186,0.3902439024390244,0.8815165876777251,True,166,0.35842293906810035,0.7867298578199052
0.08311371563548241,167.06102967466325,167.06102967466316,0.23058473040394853,SINK_FLOOR,668.244118698651,+x,LAW_16_L24_S930004,"{""PLANNED"": 12, ""SOURCE"": 26, ""SINK"": 282, ""OTHER"": 0}",1.0,0.33245486254192885,992,SPLIT,0.5,0.23058473040394853,0.05594094918653267,0.5693569438418724,0.30414662588858005,LAW_16,False,8.526512829121202e-14,7.327471962526033e-15,False,320,320,0,0,2.0882628709332893,False,55.54025165660324,{},False,930004,24,16,True,0.43064305615812765,140.37842009656447,0.1319796954314721,0.19289340101522842,0.29813156325825835,0.0004213994355373729,0.024180511362043244,True,249,0.593103448275862,0.7911646586345381,True,197,0.44366197183098594,1.0,True,171,0.41697416974169743,0.868020304568528,True,159,0.4198473282442748,0.8071065989847716,True,142,0.38132295719844356,0.7208121827411168
0.07763104316255875,167.06102967466325,167.06102967466316,0.22851236920659765,SRC_CAP,668.244118698651,+x,LAW_16_L24_S930004,"{""PLANNED"": 6, ""SOURCE"": 314, ""SINK"": 0, ""OTHER"": 0}",0.9,0.3105241726502343,,NONE,0.0,0.22851236920659765,0.013410282115526462,0.4769542556187505,0.2822356382742422,LAW_16,False,8.526512829121202e-14,4.3298697960381105e-15,False,320,320,0,0,2.0882628709332893,False,51.87648802182102,{},True,930004,24,16,False,0.5230457443812495,157.91505020525568,0.04739336492890995,0.12322274881516587,0.34674888053263225,0.0006905971574601155,0.07770854418162415,True,225,0.4697986577181208,0.9377777777777778,True,211,0.4825174825174825,1.0,True,201,0.4785714285714286,0.95260663507109,True,185,0.48507462686567165,0.8767772511848341,True,168,0.48249027237354086,0.7962085308056872
0.0,166.06903710049895,166.06903710049895,0.0,SHAM,664.2761484019971,-x,LAW_16_L24_S930005,"{""PLANNED"": 0, ""SOURCE"": 0, ""SINK"": 0, ""OTHER"": 0}",1.0,0.0,,NONE,0.0,0.0,0.0,0.25274577731871206,0.0,LAW_16,False,0.0,3.6637359812630166e-15,False,0,320,0,0,2.075862963756237,False,0.0,{},True,930005,24,16,False,0.7472542226812879,160.24110874542026,0.07964601769911504,0.1592920353982301,0.30555024089935595,0.001489929872907525,0.06201711309701824,True,240,0.8875,0.9416666666666667,True,226,0.9170305676855895,1.0,True,208,0.9490740740740741,0.9203539823008849,True,190,0.892018779342723,0.8407079646017699,True,177,0.8309859154929577,0.7831858407079646
0.13685488123213801,166.06903710049895,166.06903710049895,0.3570710522017039,PARENT,664.2761484019971,-x,LAW_16_L24_S930005,"{""PLANNED"": 15, ""SOURCE"": 124, ""SINK"": 33, ""OTHER"": 0}",1.0,0.5474195249285532,,NONE,0.0,0.3570710522017039,0.13869629514648155,0.5604863056651312,0.43842847022456916,LAW_16,False,8.526512829121202e-14,7.327471962526033e-15,False,172,320,148,0,2.075862963756237,False,90.9094333948974,"{""NO_SINK_CAPACITY"": 148}",True,930005,24,16,False,0.4395136943348687,166.3730461641814,0.1,0.14545454545454545,0.3596490785442253,0.00016536531483901662,0.03879916262855326,True,240,0.40683229813664595,0.9166666666666666,True,220,0.419672131147541,1.0,True,198,0.3885135135135135,0.9,True,188,0.4020979020979021,0.8545454545454545,True,176,0.41454545454545455,0.8
0.06625210787313604,166.06903710049895,166.06903710049895,0.1971189657145263,SINK_FLOOR,664.2761484019971,-x,LAW_16_L24_S930005,"{""PLANNED"": 13, ""SOURCE"": 0, ""SINK"": 307, ""OTHER"": 0}",1.0,0.2650084314925447,1104,SPLIT,0.5,0.1971189657145263,0.013392407325685312,0.5144091387013159,0.2540764670245883,LAW_16,False,8.526512829121202e-14,4.551914400963142e-15,False,320,320,0,0,2.075862963756237,False,44.00969504148044,{},False,930005,24,16,True,0.4855908612986841,145.32812764956722,0.12745098039215685,0.17647058823529413,0.30245522472283787,0.0007311509728865073,0.02975800217520541,True,246,0.5993031358885017,0.8292682926829268,True,204,0.5054151624548736,1.0,True,178,0.4810606060606061,0.8725490196078431,True,168,0.48828125,0.8235294117647058,True,149,0.4365079365079365,0.7303921568627451
0.1048180037039644,166.06903710049895,166.06903710049895,0.2859475327901635,SRC_CAP,664.2761484019971,-x,LAW_16_L24_S930005,"{""PLANNED"": 8, ""SOURCE"": 312, ""SINK"": 0, ""OTHER"": 0}",0.9,0.41927201481585846,,NONE,0.0,0.2859475327901635,0.07756310255268538,0.5152058206434401,0.3518394583295038,LAW_16,False,1.1368683772161603e-13,4.551914400963142e-15,False,320,320,0,0,2.075862963756237,False,69.62809978365574,{},True,930005,24,16,False,0.4847941793565599,161.65702723525436,0.06046511627906977,0.10697674418604651,0.3458789470951445,0.011431882291638773,0.08432481972463773,True,227,0.4426229508196721,0.947136563876652,True,215,0.4557823129251701,1.0,True,202,0.4664310954063604,0.9395348837209302,True,192,0.4727272727272727,0.8930232558139535,True,169,0.46360153256704983,0.786046511627907
0.0,164.79692399136079,164.79692399136067,0.0,SHAM,659.1876959654446,+y,LAW_16_L24_S930006,"{""PLANNED"": 0, ""SOURCE"": 0, ""SINK"": 0, ""OTHER"": 0}",1.0,0.0,,NONE,0.0,0.0,0.0,0.2506470436132464,0.0,LAW_16,False,0.0,3.219646771412954e-15,False,0,320,0,0,2.0599615498920083,False,0.0,{},True,930006,24,16,False,0.7493529563867536,160.8798386663076,0.084070796460177,0.14601769911504425,0.3050215458875271,2.8234376591829147e-05,0.06106870024992367,True,243,0.8641975308641975,0.9300411522633745,True,226,0.9292035398230089,1.0,True,207,0.9577464788732394,0.915929203539823,True,193,0.919047619047619,0.8539823008849557,True,175,0.8333333333333334,0.7743362831858407
0.16175202646287862,164.79692399136079,164.79692399136067,0.39262379801385455,PARENT,659.1876959654446,+y,LAW_16_L24_S930006,"{""PLANNED"": 12, ""SOURCE"": 235, ""SINK"": 25, ""OTHER"": 0}",1.0,0.6470081058515164,,NONE,0.0,0.39262379801385455,0.21246636591708445,0.5817801877614617,0.4639564712333946,LAW_16,False,5.684341886080802e-14,9.992007221626409e-15,False,272,320,48,0,2.0599615498920083,False,106.62494564180658,"{""NO_SINK_CAPACITY"": 48}",True,930006,24,16,False,0.4182198122385383,167.84159743594356,0.0639269406392694,0.1278538812785388,0.3639923665988987,0.0018055928147689415,0.07676109275567061,False,0,0.0,0.0,True,219,0.3883495145631068,1.0,True,205,0.40202702702702703,0.9360730593607306,True,191,0.3875432525951557,0.8721461187214612,True,175,0.36524822695035464,0.7990867579908676
0.07822608743800043,164.79692399136079,164.79692399136067,0.21882267122037397,SINK_FLOOR,659.1876959654446,+y,LAW_16_L24_S930006,"{""PLANNED"": 12, ""SOURCE"": 15, ""SINK"": 293, ""OTHER"": 0}",1.0,0.3129043497520026,848,SPLIT,0.5,0.21882267122037397,0.04999627028328338,0.547959034199506,0.28775312468313785,LAW_16,False,8.526512829121202e-14,5.88418203051333e-15,False,320,320,0,0,2.0599615498920083,False,51.56567434264691,{},False,930006,24,16,True,0.45204096580049397,142.527855867664,0.11557788944723618,0.16080402010050251,0.30651293815746,0.0012438083655114118,0.031147089197156252,True,250,0.5807560137457045,0.796,True,199,0.4659498207885305,1.0,True,176,0.4349442379182156,0.8844221105527639,True,167,0.43346007604562736,0.8391959798994975,True,146,0.396078431372549,0.7336683417085427
0.07929640243394939,164.79692399136079,164.79692399136067,0.2352769436522665,SRC_CAP,659.1876959654446,+y,LAW_16_L24_S930006,"{""PLANNED"": 6, ""SOURCE"": 314, ""SINK"": 0, ""OTHER"": 0}",0.9,0.3171856097357985,,NONE,0.0,0.2352769436522665,0.017931088165085273,0.47338849868837474,0.2855601405041486,LAW_16,False,5.684341886080802e-14,4.218847493575595e-15,False,320,320,0,0,2.0599615498920083,False,52.27121281878377,{},True,930006,24,16,False,0.5266115013116253,161.00539659803397,0.06944444444444445,0.12037037037037036,0.3433179929139772,0.009063652565726166,0.08356850391018561,True,231,0.45544554455445546,0.935064935064935,True,216,0.4639175257731959,1.0,True,201,0.4891304347826087,0.9305555555555556,True,190,0.48698884758364314,0.8796296296296297,True,171,0.47104247104247104,0.7916666666666666
0.0,165.5624992344425,165.56249923444238,0.0,SHAM,662.249996937767,-y,LAW_16_L24_S930007,"{""PLANNED"": 0, ""SOURCE"": 0, ""SINK"": 0, ""OTHER"": 0}",1.0,0.0,,NONE,0.0,0.0,0.0,0.2441324678738287,0.0,LAW_16,False,0.0,3.3306690738754696e-15,False,0,320,0,0,2.0695312404305297,False,0.0,{},True,930007,24,16,False,0.7558675321261713,164.32097420749886,0.09012875536480687,0.1459227467811159,0.30202357682348674,0.0006971507359565532,0.05233058513047889,True,250,0.848,0.932,True,233,0.9098712446351931,1.0,True,212,0.9720930232558139,0.9098712446351931,True,199,0.9386792452830188,0.8540772532188842,True,179,0.8443396226415094,0.7682403433476395
0.15850650364255875,165.5624992344425,165.56249923444238,0.39732077563731066,PARENT,662.249996937767,-y,LAW_16_L24_S930007,"{""PLANNED"": 14, ""SOURCE"": 229, ""SINK"": 19, ""OTHER"": 0}",1.0,0.6340260145702326,,NONE,0.0,0.39732077563731066,0.1952515614737816,0.5814790438094498,0.4634496809152453,LAW_16,False,1.1368683772161603e-13,9.2148511043888e-15,False,262,320,58,0,2.0695312404305297,False,104.97093155190069,"{""NO_SINK_CAPACITY"": 58}",True,930007,24,16,False,0.4185209561905502,169.3998551833674,0.045454545454545456,0.14545454545454545,0.3673795413100715,0.00014726002390702542,0.0820039486950282,False,0,0.0,0.0,True,220,0.3890675241157556,1.0,True,210,0.4019933554817276,0.9545454545454546,True,188,0.3698630136986301,0.8545454545454545,True,173,0.375,0.7863636363636364
0.076086071526286,165.5624992344425,165.56249923444238,0.21820355977756112,SINK_FLOOR,662.249996937767,-y,LAW_16_L24_S930007,"{""PLANNED"": 13, ""SOURCE"": 9, ""SINK"": 298, ""OTHER"": 0}",1.0,0.30434428610514286,816,SPLIT,0.5,0.21820355977756112,0.04044592353978603,0.5455919018213726,0.28250831193367626,LAW_16,False,1.1368683772161603e-13,6.661338147750939e-15,False,320,320,0,0,2.0695312404305297,False,50.38800063528963,{},False,930007,24,16,True,0.4544080981786273,143.94495470685484,0.1188118811881188,0.16336633663366337,0.28968091428914594,0.0013422805370473245,0.02321070615696441,True,255,0.5938566552901023,0.792156862745098,True,202,0.46808510638297873,1.0,True,178,0.43911439114391143,0.8811881188118812,True,169,0.4431818181818182,0.8366336633663366,True,145,0.40551181102362205,0.7178217821782178
0.07982789361550957,165.5624992344425,165.56249923444238,0.23710360814304535,SRC_CAP,662.249996937767,-y,LAW_16_L24_S930007,"{""PLANNED"": 7, ""SOURCE"": 313, ""SINK"": 0, ""OTHER"": 0}",0.9,0.3193115744620371,,NONE,0.0,0.23710360814304535,0.01655750947007953,0.477049830210336,0.2857250620440563,LAW_16,False,1.1368683772161603e-13,3.9968028886505635e-15,False,320,320,0,0,2.0695312404305297,False,52.86602230241961,{},True,930007,24,16,False,0.522950169789664,160.58098081781864,0.03755868544600939,0.107981220657277,0.3523687340134101,0.001280316031520845,0.09687367800187824,True,237,0.46254071661237783,0.8987341772151899,True,213,0.4756944444444444,1.0,True,205,0.48398576512455516,0.9624413145539906,True,190,0.47794117647058826,0.892018779342723,True,173,0.47509578544061304,0.812206572769953
0.0,164.16958531802942,164.16958531802945,0.0,SHAM,656.6783412721163,+x,LAW_16_L24_S930008,"{""PLANNED"": 0, ""SOURCE"": 0, ""SINK"": 0, ""OTHER"": 0}",1.0,0.0,,NONE,0.0,0.0,0.0,0.24957416140029276,0.0,LAW_16,False,0.0,3.1086244689504383e-15,False,0,320,0,0,2.052119816475368,False,0.0,{},True,930008,24,16,False,0.7504258385997072,161.2787833861354,0.07048458149779736,0.14537444933920704,0.30264031733761204,0.0009310568208552028,0.06885140182871147,True,244,0.8483606557377049,0.930327868852459,True,227,0.9118942731277533,1.0,True,211,0.9624413145539906,0.9295154185022027,True,194,0.9371980676328503,0.8546255506607929,True,177,0.855072463768116,0.7797356828193832
0.14830471859148137,164.16958531802942,164.16958531802945,0.37263013240628445,PARENT,656.6783412721163,+x,LAW_16_L24_S930008,"{""PLANNED"": 12, ""SOURCE"": 203, ""SINK"": 21, ""OTHER"": 0}",1.0,0.5932188743659241,,NONE,0.0,0.37263013240628445,0.1873362012087319,0.5587513146802808,0.43988019573059545,LAW_16,False,8.526512829121202e-14,9.769962616701378e-15,False,236,320,84,0,2.052119816475368,False,97.38849660748197,"{""NO_SINK_CAPACITY"": 84}",True,930008,24,16,False,0.44124868531971917,168.86995079693145,0.045454545454545456,0.14545454545454545,0.3691502020326332,0.0018587609252579407,0.06230987927843784,False,0,0.0,0.0,True,220,0.40924092409240925,1.0,True,210,0.40878378378378377,0.9545454545454546,True,188,0.37630662020905925,0.8545454545454545,True,178,0.3898916967509025,0.8090909090909091
0.07376350086273818,164.16958531802942,164.16958531802945,0.21212304738533913,SINK_FLOOR,656.6783412721163,+x,LAW_16_L24_S930008,"{""PLANNED"": 12, ""SOURCE"": 9, ""SINK"": 299, ""OTHER"": 0}",1.0,0.29505400345095206,848,SPLIT,0.5,0.21212304738533913,0.040040701919931386,0.5239518282077367,0.27435548526740655,LAW_16,False,8.526512829121202e-14,5.995204332975845e-15,False,320,320,0,0,2.052119816475368,False,48.43889339296723,{},False,930008,24,16,True,0.4760481717922633,146.55733641120585,0.10344827586206896,0.15763546798029557,0.31013616720345455,0.0016903605480220185,0.04110322918624393,True,245,0.5640138408304498,0.8285714285714286,True,203,0.48014440433212996,1.0,True,182,0.45692883895131087,0.896551724137931,True,171,0.45384615384615384,0.8423645320197044,True,150,0.42231075697211157,0.7389162561576355
0.07921147694857318,164.16958531802942,164.16958531802945,0.2348897149098196,SRC_CAP,656.6783412721163,+x,LAW_16_L24_S930008,"{""PLANNED"": 6, ""SOURCE"": 314, ""SINK"": 0, ""OTHER"": 0}",0.9,0.316845907794292,,NONE,0.0,0.2348897149098196,0.02749953267734321,0.4584816492102741,0.277657635202203,LAW_16,False,1.1368683772161603e-13,4.551914400963142e-15,False,320,320,0,0,2.052119816475368,False,52.01646129230351,{},True,930008,24,16,False,0.5415183507897259,163.6163590871224,0.0730593607305936,0.1415525114155251,0.3484510681241783,0.0039157493224474815,0.07487040934910788,True,231,0.4697986577181208,0.948051948051948,True,219,0.4843205574912892,1.0,True,203,0.5073529411764706,0.9269406392694064,True,188,0.4794007490636704,0.8584474885844748,True,174,0.47674418604651164,0.7945205479452054
0.0,294.0525338485875,294.05253384858736,0.0,SHAM,1176.210135394356,+x,LAW_16_L32_S930000,"{""PLANNED"": 0, ""SOURCE"": 0, ""SINK"": 0, ""OTHER"": 0}",1.0,0.0,,NONE,0.0,0.0,0.0,0.19138087495661293,0.0,LAW_16,False,0.0,3.774758283725532e-15,False,0,320,0,0,3.675656673107342,False,0.0,{},True,930000,32,16,False,0.8086191250433871,291.436630150279,0.06297229219143577,0.10579345088161209,0.33636956446380845,0.0038527078949356364,0.09206163379774884,True,425,0.8705882352941177,0.9341176470588235,True,397,0.9319899244332494,1.0,True,372,0.973404255319149,0.9370277078085643,True,355,0.9594594594594594,0.8942065491183879,True,332,0.8972972972972973,0.836272040302267
0.11333155917472354,294.0525338485875,294.05253384858736,0.3430005567760406,PARENT,1176.210135394356,+x,LAW_16_L32_S930000,"{""PLANNED"": 11, ""SOURCE"": 309, ""SINK"": 0, ""OTHER"": 0}",1.0,0.4533262366988967,,NONE,0.0,0.3430005567760406,0.08183281621453847,0.5095946171333562,0.39087706299754316,LAW_16,False,1.1368683772161603e-13,1.2545520178264269e-14,False,320,320,0,0,3.675656673107342,False,133.30172856135505,{},True,930000,32,16,False,0.4904053828666438,294.63153148127,0.0335195530726257,0.06983240223463687,0.4266142623115838,0.001817907276661257,0.11684166230675036,True,372,0.43520309477756286,0.9623655913978495,True,358,0.4415841584158416,1.0,True,346,0.4493927125506073,0.9664804469273743,True,333,0.4524793388429752,0.9301675977653632,True,313,0.4470338983050847,0.8743016759776536
0.07207327558510998,294.0525338485875,294.05253384858736,0.2130118959804371,SINK_FLOOR,1176.210135394356,+x,LAW_16_L32_S930000,"{""PLANNED"": 11, ""SOURCE"": 28, ""SINK"": 281, ""OTHER"": 0}",1.0,0.28829310234044153,1040,SPLIT,0.5,0.2130118959804371,0.05367809326663033,0.5197735315388139,0.26669319868012414,LAW_16,False,1.7053025658242404e-13,7.66053886991358e-15,False,320,320,0,0,3.675656673107342,False,84.77331723427694,{},False,930000,32,16,True,0.48022646846118616,249.2637810268503,0.06748466257668712,0.11042944785276074,0.3616933869832714,0.001679505384865887,0.08463939957449323,True,420,0.6188524590163934,0.7761904761904762,True,326,0.46835443037974683,1.0,True,304,0.4525862068965517,0.9325153374233128,True,290,0.46017699115044247,0.8895705521472392,True,262,0.42663656884875845,0.803680981595092
0.05808378366500636,294.0525338485875,294.05253384858736,0.18408804298737652,SRC_CAP,1176.210135394356,+x,LAW_16_L32_S930000,"{""PLANNED"": 5, ""SOURCE"": 315, ""SINK"": 0, ""OTHER"": 0}",0.9,0.23233513466002675,,NONE,0.0,0.18408804298737652,0.0035603140257284695,0.3712395161423725,0.21696230281633086,LAW_16,False,1.7053025658242404e-13,4.773959005888173e-15,False,320,320,0,0,3.675656673107342,False,68.31873504883362,{},True,930000,32,16,False,0.6287604838576275,290.83525545346873,0.0481283422459893,0.10427807486631016,0.38681361675228704,0.0011208174118058079,0.09114586674600328,True,396,0.5443548387096774,0.9444444444444444,True,374,0.5630252100840336,1.0,True,356,0.5680345572354212,0.9518716577540107,True,335,0.552863436123348,0.8957219251336899,True,317,0.5613636363636364,0.8475935828877005
0.0,291.26705102089915,291.26705102089903,0.0,SHAM,1165.0682040835893,-x,LAW_16_L32_S930001,"{""PLANNED"": 0, ""SOURCE"": 0, ""SINK"": 0, ""OTHER"": 0}",1.0,0.0,,NONE,0.0,0.0,0.0,0.19465282460112998,0.0,LAW_16,False,0.0,3.774758283725532e-15,False,0,320,0,0,3.640838137761238,False,0.0,{},True,930001,32,16,False,0.80534717539887,287.3338728865622,0.05357142857142857,0.10714285714285714,0.33453359355609497,0.005609286119435342,0.09509883374136024,True,419,0.8806682577565632,0.9355608591885441,True,392,0.9413265306122449,1.0,True,371,0.9786096256684492,0.9464285714285714,True,350,0.948509485094851,0.8928571428571429,True,329,0.8915989159891599,0.8392857142857143
0.1015074100121569,291.26705102089915,291.26705102089903,0.3377690026216133,PARENT,1165.0682040835893,-x,LAW_16_L32_S930001,"{""PLANNED"": 11, ""SOURCE"": 309, ""SINK"": 0, ""OTHER"": 0}",1.0,0.40602964004862524,,NONE,0.0,0.3377690026216133,0.02294559348321804,0.5112358955083903,0.3765199021095179,LAW_16,False,1.7053025658242404e-13,1.0769163338864018e-14,False,320,320,0,0,3.640838137761238,False,118.2630558840402,{},True,930001,32,16,False,0.4887641044916097,292.6004670364698,0.06685236768802229,0.08913649025069638,0.4279418147695854,0.001686607017001629,0.1255845530703597,True,370,0.4266409266409266,0.9702702702702702,True,359,0.4302554027504912,1.0,True,335,0.4455852156057495,0.9331476323119777,True,327,0.45,0.9108635097493036,True,310,0.4385593220338983,0.8635097493036211
0.08258666429799491,291.26705102089915,291.26705102089903,0.23692238196059906,SINK_FLOOR,1165.0682040835893,-x,LAW_16_L32_S930001,"{""PLANNED"": 11, ""SOURCE"": 61, ""SINK"": 248, ""OTHER"": 0}",1.0,0.3303466571919777,1456,SPLIT,0.5,0.23692238196059906,0.07879406105704571,0.566366308010174,0.29680612374731624,LAW_16,False,1.7053025658242404e-13,6.5503158452884236e-15,False,320,320,0,0,3.640838137761238,False,96.21909665491921,{},False,930001,32,16,True,0.4336336919898261,240.6091445344189,0.07667731629392971,0.10223642172523961,0.3676258400081352,0.0017218363293913796,0.09212875154773875,True,339,0.43610547667342797,0.9233038348082596,True,313,0.42083333333333334,1.0,True,289,0.4150537634408602,0.9233226837060703,True,281,0.41612200435729846,0.8977635782747604,True,250,0.38478747203579416,0.7987220447284346
0.057665628170050866,291.26705102089915,291.26705102089903,0.18373330847015917,SRC_CAP,1165.0682040835893,-x,LAW_16_L32_S930001,"{""PLANNED"": 5, ""SOURCE"": 315, ""SINK"": 0, ""OTHER"": 0}",0.9,0.23066251268020213,,NONE,0.0,0.18373330847015917,0.001443919739798646,0.3736341080110792,0.21662339517718485,LAW_16,False,1.1368683772161603e-13,4.6629367034256575e-15,False,320,320,0,0,3.640838137761238,False,67.1843898494332,{},True,930001,32,16,False,0.6263658919889208,288.2972171795335,0.051075268817204304,0.12096774193548387,0.3813900189760195,0.00020783961217107905,0.07972165980407803,True,387,0.5491803278688525,0.9612403100775194,True,372,0.5534591194968553,1.0,True,353,0.5560344827586207,0.9489247311827957,True,327,0.5535714285714286,0.8790322580645161,True,315,0.5545454545454546,0.8467741935483871
0.0,291.65181648565203,291.65181648565203,0.0,SHAM,1166.60726594261,+y,LAW_16_L32_S930002,"{""PLANNED"": 0, ""SOURCE"": 0, ""SINK"": 0, ""OTHER"": 0}",1.0,0.0,,NONE,0.0,0.0,0.0,0.1903111645508353,0.0,LAW_16,False,0.0,3.9968028886505635e-15,False,0,320,0,0,3.6456477060706503,False,0.0,{},True,930002,32,16,False,0.8096888354491647,288.6245909415936,0.07888040712468193,0.10687022900763359,0.33632136354988423,0.0006434750596625016,0.07013906187690494,True,414,0.8816425120772947,0.9492753623188406,True,393,0.9287531806615776,1.0,True,362,0.9809264305177112,0.9211195928753181,True,351,0.9616438356164384,0.8931297709923665,True,330,0.9041095890410958,0.8396946564885496
0.11623776011214336,291.65181648565203,291.65181648565203,0.3416635700900624,PARENT,1166.60726594261,+y,LAW_16_L32_S930002,"{""PLANNED"": 11, ""SOURCE"": 309, ""SINK"": 0, ""OTHER"": 0}",1.0,0.46495104044857416,,NONE,0.0,0.3416635700900624,0.09545327082196957,0.5121431161954859,0.3951913699476184,LAW_16,False,1.1368683772161603e-13,8.992806499463768e-15,False,320,320,0,0,3.6456477060706503,False,135.60381552372053,{},True,930002,32,16,False,0.4878568838045141,287.95074625619117,0.03151862464183381,0.07449856733524356,0.4303416611661483,0.006288971391203935,0.12204966019451685,True,366,0.43333333333333335,0.953551912568306,True,349,0.44242424242424244,1.0,True,338,0.44650205761316875,0.9684813753581661,True,323,0.45454545454545453,0.9255014326647565,True,307,0.45770065075921906,0.8796561604584527
0.07002439769080213,291.65181648565203,291.65181648565203,0.20696583710588556,SINK_FLOOR,1166.60726594261,+y,LAW_16_L32_S930002,"{""PLANNED"": 11, ""SOURCE"": 25, ""SINK"": 284, ""OTHER"": 0}",1.0,0.28009759076320895,976,SPLIT,0.5,0.20696583710588556,0.04595399035956965,0.5162164042414463,0.26133187017669335,LAW_16,False,1.1368683772161603e-13,9.325873406851315e-15,False,320,320,0,0,3.6456477060706503,False,81.69097113934468,{},False,930002,32,16,True,0.48378359575855373,243.65180795828493,0.08176100628930817,0.10377358490566038,0.36120148446014183,0.0027306956165947804,0.08846413835066397,True,413,0.6310272536687631,0.7699757869249395,True,318,0.48156182212581344,1.0,True,292,0.4697986577181208,0.9182389937106918,True,285,0.47058823529411764,0.8962264150943396,True,257,0.43648960739030024,0.8081761006289309
0.058584695206577136,291.65181648565203,291.65181648565203,0.1819047097015603,SRC_CAP,1166.60726594261,+y,LAW_16_L32_S930002,"{""PLANNED"": 5, ""SOURCE"": 315, ""SINK"": 0, ""OTHER"": 0}",0.9,0.2343387808263089,,NONE,0.0,0.1819047097015603,0.003442028321609523,0.3748494922375797,0.21786307675560557,LAW_16,False,1.7053025658242404e-13,4.107825191113079e-15,False,320,320,0,0,3.6456477060706503,False,68.34533110102608,{},True,930002,32,16,False,0.6251505077624203,283.1716103718669,0.03591160220994475,0.09944751381215469,0.3895886479567246,0.0005070627116071647,0.097100993194079,True,386,0.5484536082474227,0.9378238341968912,True,362,0.5668103448275862,1.0,True,349,0.5657894736842105,0.9640883977900553,True,326,0.5563063063063063,0.9005524861878453,True,312,0.5635103926096998,0.861878453038674
0.0,294.0113670242676,294.0113670242674,0.0,SHAM,1176.045468097072,-y,LAW_16_L32_S930003,"{""PLANNED"": 0, ""SOURCE"": 0, ""SINK"": 0, ""OTHER"": 0}",1.0,0.0,,NONE,0.0,0.0,0.0,0.19140407610847643,0.0,LAW_16,False,0.0,3.6637359812630166e-15,False,0,320,0,0,3.675142087803342,False,0.0,{},True,930003,32,16,False,0.8085959238915236,290.76662294910545,0.06060606060606061,0.10858585858585859,0.3370947538189731,0.0016563658733998454,0.08073579952721371,True,422,0.8767772511848341,0.9383886255924171,True,396,0.9343434343434344,1.0,True,372,0.973404255319149,0.9393939393939394,True,353,0.9540540540540541,0.8914141414141414,True,333,0.9,0.8409090909090909
0.10289037497115507,294.0113670242676,294.0113670242674,0.33252499064608454,PARENT,1176.045468097072,-y,LAW_16_L32_S930003,"{""PLANNED"": 11, ""SOURCE"": 309, ""SINK"": 0, ""OTHER"": 0}",1.0,0.41156149988462115,,NONE,0.0,0.33252499064608454,0.03459965507033147,0.5139436119091214,0.3758013504954367,LAW_16,False,1.7053025658242404e-13,9.769962616701378e-15,False,320,320,0,0,3.675142087803342,False,121.00375919563533,{},True,930003,32,16,False,0.48605638809087853,288.21592525214436,0.03418803418803419,0.06837606837606838,0.42907023750457224,0.0024092911660249516,0.1337858141580907,True,369,0.42940038684719534,0.9512195121951219,True,351,0.43912175648702595,1.0,True,339,0.44693877551020406,0.9658119658119658,True,327,0.4490644490644491,0.9316239316239316,True,305,0.43617021276595747,0.8689458689458689
0.08045984181636599,294.0113670242676,294.0113670242674,0.22930511111789417,SINK_FLOOR,1176.045468097072,-y,LAW_16_L32_S930003,"{""PLANNED"": 11, ""SOURCE"": 59, ""SINK"": 250, ""OTHER"": 0}",1.0,0.32183936726546464,1408,SPLIT,0.5,0.22930511111789417,0.07448023766767026,0.5583107699688628,0.2903647726041895,LAW_16,False,2.2737367544323206e-13,7.549516567451064e-15,False,320,320,0,0,3.675142087803342,False,94.6244323319445,{},False,930003,32,16,True,0.4416892300311373,239.90642655262036,0.05806451612903226,0.0935483870967742,0.370040516820394,0.00018790324728240604,0.11054060402903138,True,342,0.44421906693711966,0.9064327485380117,True,310,0.4345991561181435,1.0,True,292,0.4267241379310345,0.9419354838709677,True,281,0.4307692307692308,0.9064516129032258,True,253,0.3968609865470852,0.8161290322580645
0.057140724565224774,294.0113670242676,294.0113670242674,0.18139226814599999,SRC_CAP,1176.045468097072,-y,LAW_16_L32_S930003,"{""PLANNED"": 5, ""SOURCE"": 315, ""SINK"": 0, ""OTHER"": 0}",0.9,0.2285628982608996,,NONE,0.0,0.18139226814599999,0.001729994549803122,0.3730099264570429,0.21455445669389173,LAW_16,False,1.1368683772161603e-13,4.440892098500626e-15,False,320,320,0,0,3.675142087803342,False,67.20009016871563,{},True,930003,32,16,False,0.6269900735429571,288.8652550085155,0.058823529411764705,0.11764705882352941,0.38313998562389856,0.0009941039074944924,0.0728618087161102,True,390,0.5478615071283096,0.958974358974359,True,374,0.559748427672956,1.0,True,352,0.5627705627705628,0.9411764705882353,True,330,0.5521064301552107,0.8823529411764706,True,313,0.5593607305936074,0.8368983957219251
0.0,296.3241032833494,296.3241032833494,0.0,SHAM,1185.2964131334006,+x,LAW_16_L32_S930004,"{""PLANNED"": 0, ""SOURCE"": 0, ""SINK"": 0, ""OTHER"": 0}",1.0,0.0,,NONE,0.0,0.0,0.0,0.19566107356912998,0.0,LAW_16,False,0.0,3.552713678800501e-15,False,0,320,0,0,3.7040512910418677,False,0.0,{},True,930004,32,16,False,0.80433892643087,288.04253293717966,0.0663265306122449,0.09948979591836735,0.3401944437080026,0.0010867026050158657,0.09912350318696111,True,418,0.8971291866028708,0.937799043062201,True,392,0.9467005076142132,1.0,True,366,0.9603174603174603,0.9336734693877551,True,353,0.9413333333333334,0.9005102040816326,True,327,0.872,0.8341836734693877
0.11308360238205342,296.3241032833494,296.3241032833494,0.34173652919640474,PARENT,1185.2964131334006,+x,LAW_16_L32_S930004,"{""PLANNED"": 12, ""SOURCE"": 308, ""SINK"": 0, ""OTHER"": 0}",1.0,0.4523344095282148,,NONE,0.0,0.34173652919640474,0.07791415880880961,0.51857866984403,0.3947059303930323,LAW_16,False,1.7053025658242404e-13,1.1657341758564144e-14,False,320,320,0,0,3.7040512910418677,False,134.0375882876516,{},True,930004,32,16,False,0.48142133015596994,288.4621163731817,0.02865329512893983,0.07449856733524356,0.4296236802474214,0.007142653869322058,0.12710763554673749,True,364,0.42940038684719534,0.9587912087912088,True,349,0.4393638170974155,1.0,True,339,0.44242424242424244,0.9713467048710601,True,323,0.45114345114345117,0.9255014326647565,True,305,0.44680851063829785,0.8739255014326648
0.07057890543022886,296.3241032833494,296.3241032833494,0.20813589695953824,SINK_FLOOR,1185.2964131334006,+x,LAW_16_L32_S930004,"{""PLANNED"": 12, ""SOURCE"": 24, ""SINK"": 284, ""OTHER"": 0}",1.0,0.2823156217209162,976,SPLIT,0.5,0.20813589695953824,0.04693779844285519,0.5313492215693101,0.2641338353869504,LAW_16,False,1.1368683772161603e-13,6.8833827526759706e-15,False,320,320,0,0,3.7040512910418677,False,83.65692344933177,{},False,930004,32,16,True,0.4686507784306899,240.9148975019951,0.07643312101910828,0.09554140127388536,0.3627577361040519,0.0003182846808309492,0.10052406891962812,True,420,0.6391752577319587,0.7476190476190476,True,314,0.4690831556503198,1.0,True,290,0.4583333333333333,0.9235668789808917,True,284,0.4579646017699115,0.9044585987261147,True,253,0.42727272727272725,0.8057324840764332
0.059153307250190766,296.3241032833494,296.3241032833494,0.18506980633124484,SRC_CAP,1185.2964131334006,+x,LAW_16_L32_S930004,"{""PLANNED"": 6, ""SOURCE"": 314, ""SINK"": 0, ""OTHER"": 0}",0.9,0.23661322900076365,,NONE,0.0,0.18506980633124484,0.0027778623166380685,0.3823881344333455,0.22246026363420124,LAW_16,False,1.1368683772161603e-13,4.9960036108132044e-15,False,320,320,0,0,3.7040512910418677,False,70.1142029086291,{},True,930004,32,16,False,0.6176118655666545,284.3517840384216,0.04395604395604396,0.09340659340659341,0.3900640897126118,0.002248621691363417,0.1012538417503806,True,385,0.5478615071283096,0.9454545454545454,True,364,0.5590717299578059,1.0,True,348,0.5548387096774193,0.9560439560439561,True,330,0.5494505494505495,0.9065934065934066,True,314,0.5553047404063205,0.8626373626373627
0.0,294.6374553168752,294.6374553168752,0.0,SHAM,1178.5498212675082,-x,LAW_16_L32_S930005,"{""PLANNED"": 0, ""SOURCE"": 0, ""SINK"": 0, ""OTHER"": 0}",1.0,0.0,,NONE,0.0,0.0,0.0,0.1920443717647098,0.0,LAW_16,False,0.0,3.4416913763379853e-15,False,0,320,0,0,3.6829681914609402,False,0.0,{},True,930005,32,16,False,0.8079556282352902,289.4272866473606,0.0737913486005089,0.10432569974554708,0.33959046396289166,0.0019503073484902211,0.09264511558824645,True,418,0.8779904306220095,0.9401913875598086,True,393,0.9338422391857506,1.0,True,364,0.9864130434782609,0.926208651399491,True,352,0.9591280653950953,0.8956743002544529,True,330,0.8991825613079019,0.8396946564885496
0.10797405201891078,294.6374553168752,294.6374553168752,0.3327759224108099,PARENT,1178.5498212675082,-x,LAW_16_L32_S930005,"{""PLANNED"": 11, ""SOURCE"": 309, ""SINK"": 0, ""OTHER"": 0}",1.0,0.43189620807564577,,NONE,0.0,0.3327759224108099,0.06826263295329665,0.49767018247457795,0.3783829126246787,LAW_16,False,2.8421709430404007e-13,9.992007221626409e-15,False,320,320,0,0,3.6829681914609402,False,127.25279970841592,{},True,930005,32,16,False,0.502329817525422,293.4634359784546,0.03932584269662921,0.07584269662921349,0.4299615846316324,0.007800964111205233,0.11643501036892251,True,367,0.44204322200392926,0.9700272479564033,True,356,0.44889779559118237,1.0,True,342,0.45585215605749485,0.9606741573033708,True,329,0.46218487394957986,0.9241573033707865,True,309,0.45064377682403434,0.8679775280898876
0.07267774249738694,294.6374553168752,294.6374553168752,0.21319671253497965,SINK_FLOOR,1178.5498212675082,-x,LAW_16_L32_S930005,"{""PLANNED"": 11, ""SOURCE"": 37, ""SINK"": 272, ""OTHER"": 0}",1.0,0.29071096998954954,1152,SPLIT,0.5,0.21319671253497965,0.05907146188704032,0.5166302104576125,0.26709760220592094,LAW_16,False,1.7053025658242404e-13,7.771561172376096e-15,False,320,320,0,0,3.6829681914609402,False,85.65434043042136,{},False,930005,32,16,True,0.4833697895423875,249.347017874953,0.06769230769230769,0.12,0.3621100026077751,0.0014251701639197978,0.07812119628467135,True,347,0.47520661157024796,0.9365994236311239,True,325,0.4661016949152542,1.0,True,303,0.45336225596529284,0.9323076923076923,True,286,0.4641255605381166,0.88,True,262,0.4328018223234624,0.8061538461538461
0.05580104411046895,294.6374553168752,294.6374553168752,0.17610399564744791,SRC_CAP,1178.5498212675082,-x,LAW_16_L32_S930005,"{""PLANNED"": 5, ""SOURCE"": 315, ""SINK"": 0, ""OTHER"": 0}",0.9,0.22320417644187718,,NONE,0.0,0.17610399564744791,0.002939274257843357,0.3601995752140932,0.20797853025688,LAW_16,False,1.1368683772161603e-13,5.329070518200751e-15,False,320,320,0,0,3.6829681914609402,False,65.76431056293352,{},True,930005,32,16,False,0.6398004247859068,290.22617047491383,0.06702412868632708,0.10991957104557641,0.3879782494314325,0.002219352680684794,0.08287860553772824,True,392,0.5585215605749486,0.951530612244898,True,373,0.5711252653927813,1.0,True,348,0.5679824561403509,0.9329758713136729,True,332,0.5602678571428571,0.8900804289544236,True,318,0.5711009174311926,0.8525469168900804
0.0,297.6654128672878,297.66541286728796,0.0,SHAM,1190.661651469152,+y,LAW_16_L32_S930006,"{""PLANNED"": 0, ""SOURCE"": 0, ""SINK"": 0, ""OTHER"": 0}",1.0,0.0,,NONE,0.0,0.0,0.0,0.18565946224057206,0.0,LAW_16,False,0.0,3.552713678800501e-15,False,0,320,0,0,3.7208176608410994,False,0.0,{},True,930006,32,16,False,0.8143405377594279,296.9452313764972,0.07160493827160494,0.11851851851851852,0.3370154573669804,0.00017379121534211173,0.07821956292112126,True,426,0.8732394366197183,0.9507042253521126,True,405,0.9137931034482759,1.0,True,376,0.9530026109660574,0.928395061728395,True,357,0.9596774193548387,0.8814814814814815,True,341,0.9166666666666666,0.8419753086419753
0.106535022942676,297.6654128672878,297.66541286728796,0.33132793356005286,PARENT,1190.661651469152,+y,LAW_16_L32_S930006,"{""PLANNED"": 11, ""SOURCE"": 309, ""SINK"": 0, ""OTHER"": 0}",1.0,0.42614009177070405,,NONE,0.0,0.33132793356005286,0.06069595237603991,0.5020088345239884,0.3774764490097923,LAW_16,False,1.1368683772161603e-13,1.1324274851176597e-14,False,320,320,0,0,3.7208176608410994,False,126.8471663562306,{},True,930006,32,16,False,0.49799116547601163,295.51337856728526,0.02247191011235955,0.06179775280898876,0.4323888727088187,0.011670163288527713,0.12827528137227323,True,378,0.4423076923076923,0.9417989417989417,True,356,0.44731610337972166,1.0,True,348,0.45161290322580644,0.9775280898876404,True,334,0.4556701030927835,0.9382022471910112,True,315,0.4555084745762712,0.8848314606741573
0.07277678806468052,297.6654128672878,297.66541286728796,0.215459215154396,SINK_FLOOR,1190.661651469152,+y,LAW_16_L32_S930006,"{""PLANNED"": 11, ""SOURCE"": 37, ""SINK"": 272, ""OTHER"": 0}",1.0,0.29110715225872213,1152,SPLIT,0.5,0.215459215154396,0.05645278637033327,0.5205742261331315,0.26913639983524335,LAW_16,False,1.1368683772161603e-13,7.66053886991358e-15,False,320,320,0,0,3.7208176608410994,False,86.65253066571299,{},False,930006,32,16,True,0.47942577386686847,252.2614183175401,0.0672782874617737,0.10397553516819572,0.3658943165305008,0.0002800505135745479,0.0893297544146881,True,353,0.47058823529411764,0.9263456090651558,True,327,0.46234309623430964,1.0,True,305,0.44967880085653106,0.9327217125382263,True,293,0.4551422319474836,0.8960244648318043,True,263,0.43018018018018017,0.8042813455657493
0.05555243467702649,297.6654128672878,297.66541286728796,0.17598972307573924,SRC_CAP,1190.661651469152,+y,LAW_16_L32_S930006,"{""PLANNED"": 5, ""SOURCE"": 315, ""SINK"": 0, ""OTHER"": 0}",0.9,0.222209738708106,,NONE,0.0,0.17598972307573924,0.0023636327138087496,0.3610257190530405,0.20723211079715326,LAW_16,False,2.2737367544323206e-13,4.440892098500626e-15,False,320,320,0,0,3.7208176608410994,False,66.14415361568055,{},True,930006,32,16,False,0.6389742809469595,293.86963507452623,0.04509283819628647,0.10344827586206896,0.390016421347047,5.8754126365634374e-05,0.08551191258305862,True,399,0.5575757575757576,0.9448621553884712,True,377,0.5768421052631579,1.0,True,360,0.5809935205183585,0.9549071618037135,True,338,0.5604395604395604,0.896551724137931,True,324,0.5675675675675675,0.8594164456233422
0.0,296.94519692120645,296.94519692120633,0.0,SHAM,1187.780787684824,-y,LAW_16_L32_S930007,"{""PLANNED"": 0, ""SOURCE"": 0, ""SINK"": 0, ""OTHER"": 0}",1.0,0.0,,NONE,0.0,0.0,0.0,0.18641974152821394,0.0,LAW_16,False,0.0,3.9968028886505635e-15,False,0,320,0,0,3.711814961515079,False,0.0,{},True,930007,32,16,False,0.813580258471786,296.4335686276826,0.06930693069306931,0.1188118811881188,0.3380815452231453,0.002166184912709146,0.07661357616831038,True,426,0.8732394366197183,0.9483568075117371,True,404,0.9207920792079208,1.0,True,376,0.968421052631579,0.9306930693069307,True,356,0.956989247311828,0.8811881188118812,True,338,0.9086021505376344,0.8366336633663366
0.09550135056925325,296.94519692120645,296.94519692120633,0.31940713591867975,PARENT,1187.780787684824,-y,LAW_16_L32_S930007,"{""PLANNED"": 10, ""SOURCE"": 310, ""SINK"": 0, ""OTHER"": 0}",1.0,0.3820054022770126,,NONE,0.0,0.31940713591867975,0.01838563268790284,0.49436128761893927,0.3551468304673546,LAW_16,False,1.7053025658242404e-13,1.0325074129013956e-14,False,320,320,0,0,3.711814961515079,False,113.43466940411214,{},True,930007,32,16,False,0.5056387123810607,294.9789588611987,0.027932960893854747,0.07262569832402235,0.43303127516878764,0.0015151105781462948,0.12989105186861788,True,375,0.4420849420849421,0.9546666666666667,True,358,0.45129224652087474,1.0,True,348,0.45454545454545453,0.9720670391061452,True,332,0.4605809128630705,0.9273743016759777,True,313,0.44820295983086683,0.8743016759776536
0.08429613330612297,296.94519692120645,296.94519692120633,0.2407043484353967,SINK_FLOOR,1187.780787684824,-y,LAW_16_L32_S930007,"{""PLANNED"": 10, ""SOURCE"": 84, ""SINK"": 226, ""OTHER"": 0}",1.0,0.3371845332244915,1440,SPLIT,0.5,0.2407043484353967,0.08852994663107426,0.557869111196615,0.298806309215023,LAW_16,False,1.7053025658242404e-13,8.326672684688674e-15,True,320,320,0,0,3.711814961515079,False,100.12532761713166,{},False,930007,32,16,True,0.44213088880338497,247.9220789477081,0.06269592476489028,0.09717868338557993,0.3726756885166452,0.0003444985943372725,0.09520772352273904,True,348,0.437125748502994,0.9166666666666666,True,319,0.4247422680412371,1.0,True,299,0.4186046511627907,0.9373040752351097,True,288,0.4224137931034483,0.9028213166144201,True,256,0.3924611973392461,0.8025078369905956
0.05344877404080113,296.94519692120645,296.94519692120633,0.17197948449501957,SRC_CAP,1187.780787684824,-y,LAW_16_L32_S930007,"{""PLANNED"": 5, ""SOURCE"": 315, ""SINK"": 0, ""OTHER"": 0}",0.9,0.21379509616320427,,NONE,0.0,0.17197948449501957,0.0012085060296010029,0.35263300363708294,0.19903877996095234,LAW_16,False,1.7053025658242404e-13,4.440892098500626e-15,False,320,320,0,0,3.711814961515079,False,63.48542693097094,{},True,930007,32,16,False,0.6473669963629171,296.36824401440555,0.0783289817232376,0.1122715404699739,0.3844500782943097,0.0021327325757835025,0.06032908352571792,True,399,0.563894523326572,0.9598997493734336,True,383,0.5762004175365344,1.0,True,353,0.5829694323144105,0.9216710182767625,True,340,0.5717439293598234,0.8877284595300261,True,328,0.5730337078651685,0.856396866840731
0.0,294.90323734912664,294.9032373491267,0.0,SHAM,1179.6129493965104,+x,LAW_16_L32_S930008,"{""PLANNED"": 0, ""SOURCE"": 0, ""SINK"": 0, ""OTHER"": 0}",1.0,0.0,,NONE,0.0,0.0,0.0,0.19938851511810274,0.0,LAW_16,False,0.0,3.6637359812630166e-15,False,0,320,0,0,3.686290466864084,False,0.0,{},True,930008,32,16,False,0.8006114848818973,285.5277750069617,0.04381443298969072,0.10309278350515463,0.3392172240174372,0.00010547230697427468,0.09122680948354561,True,417,0.8920863309352518,0.9304556354916067,True,388,0.9587628865979382,1.0,True,371,0.9813333333333333,0.9561855670103093,True,348,0.9354838709677419,0.8969072164948454,True,326,0.8763440860215054,0.8402061855670103
0.12171922532556304,294.90323734912664,294.9032373491267,0.34800669731544137,PARENT,1179.6129493965104,+x,LAW_16_L32_S930008,"{""PLANNED"": 12, ""SOURCE"": 308, ""SINK"": 0, ""OTHER"": 0}",1.0,0.48687690130225364,,NONE,0.0,0.34800669731544137,0.11643701142698946,0.5215873748902997,0.4068638529440153,LAW_16,False,1.7053025658242404e-13,1.021405182655144e-14,False,320,320,0,0,3.686290466864084,False,143.58157438454583,{},True,930008,32,16,False,0.47841262510970034,288.2812301645041,0.037142857142857144,0.07428571428571429,0.43382239686810603,0.010181347259324347,0.13662085263644458,True,366,0.43023255813953487,0.9562841530054644,True,350,0.43824701195219123,1.0,True,337,0.44693877551020406,0.9628571428571429,True,324,0.45,0.9257142857142857,True,311,0.4439746300211416,0.8885714285714286
0.06773994424110796,294.90323734912664,294.9032373491267,0.2011334493285432,SINK_FLOOR,1179.6129493965104,+x,LAW_16_L32_S930008,"{""PLANNED"": 12, ""SOURCE"": 15, ""SINK"": 293, ""OTHER"": 0}",1.0,0.2709597769644327,896,SPLIT,0.5,0.2011334493285432,0.03976932847087261,0.5228753706938849,0.2554971930870662,LAW_16,False,1.7053025658242404e-13,7.327471962526033e-15,False,320,320,0,0,3.686290466864084,False,79.90691541820853,{},False,930008,32,16,True,0.4771246293061151,239.47817286160603,0.05466237942122187,0.09003215434083602,0.36011698728017955,6.593139310812068e-05,0.10818011934665112,True,423,0.6666666666666666,0.735224586288416,True,311,0.48478260869565215,1.0,True,294,0.47345132743362833,0.9453376205787781,True,283,0.4785553047404063,0.909967845659164,True,253,0.44675925925925924,0.8135048231511254
0.06098215663256485,294.90323734912664,294.9032373491267,0.1915434520756343,SRC_CAP,1179.6129493965104,+x,LAW_16_L32_S930008,"{""PLANNED"": 6, ""SOURCE"": 314, ""SINK"": 0, ""OTHER"": 0}",0.9,0.24392862653026015,,NONE,0.0,0.1915434520756343,0.003981235132183395,0.38749034221287226,0.22965640802312393,LAW_16,False,1.7053025658242404e-13,4.440892098500626e-15,False,320,320,0,0,3.686290466864084,False,71.9353416458998,{},True,930008,32,16,False,0.6125096577871277,283.8550085846768,0.057534246575342465,0.10684931506849316,0.38616446215339,4.51355007426435e-05,0.09195509719023226,True,380,0.5505154639175258,0.9605263157894737,True,365,0.5581395348837209,1.0,True,344,0.5599128540305011,0.9424657534246575,True,326,0.5476718403547672,0.8931506849315068,True,309,0.5583524027459954,0.8465753424657534
0.0,161.29217176053947,161.29217176053953,0.0,SHAM,645.168687042158,+x,LAW_29_L24_S930000,"{""PLANNED"": 0, ""SOURCE"": 0, ""SINK"": 0, ""OTHER"": 0}",1.0,0.0,,NONE,0.0,0.0,0.0,0.49041135543765657,0.0,LAW_29,False,0.0,2.1094237467877974e-15,False,0,320,0,0,2.016152147006744,False,0.0,{},True,930000,24,16,False,0.5095886445623434,114.57520884254387,0.537117903930131,0.8951965065502183,0.045473104830559274,0.00020496342513576238,0.0073065764167453695,False,0,0.0,0.0,True,229,0.9347826086956522,1.0,True,106,0.49074074074074076,0.462882096069869,True,24,0.1111111111111111,0.10480349344978165,False,0,0.0,0.0
0.13348628404803414,161.29217176053947,161.29217176053953,0.0,PARENT,645.168687042158,+x,LAW_29_L24_S930000,"{""PLANNED"": 18, ""SOURCE"": 38, ""SINK"": 31, ""OTHER"": 0}",1.0,0.5339451361921365,2752,TRACK_LOST_OR_DISSOLVED,0.0,0.0,0.12608236001978881,1.0,0.44271003596686964,LAW_29,True,5.684341886080802e-14,6.772360450213455e-15,False,87,320,233,0,2.016152147006744,False,86.12117061740675,"{""NO_SINK_CAPACITY"": 68, ""NO_TRACK"": 165}",False,930000,24,16,False,,,,,,,,,,,,,,,,,,,,,,,,,,,
0.06575494871034937,161.29217176053947,161.29217176053953,0.14252208464426103,SINK_FLOOR,645.168687042158,+x,LAW_29_L24_S930000,"{""PLANNED"": 14, ""SOURCE"": 0, ""SINK"": 306, ""OTHER"": 0}",1.0,0.2630197948413974,,NONE,0.5,0.14252208464426103,0.010409790741581262,0.6569661080811282,0.2561294086785796,LAW_29,False,1.1368683772161603e-13,2.9976021664879227e-15,False,320,320,0,0,2.016152147006744,False,42.42303392598054,{},True,930000,24,16,False,0.3430338919188718,110.29999247572715,0.5318181818181819,0.8681818181818182,0.04681397784631708,0.0002271973929829918,0.007208522223233815,False,0,0.0,0.0,True,220,0.44370860927152317,1.0,True,103,0.3236514522821577,0.4681818181818182,True,29,0.13425925925925927,0.1318181818181818,False,0,0.0,0.0
0.12403739726681492,161.29217176053947,161.29217176053953,0.0,SRC_CAP,645.168687042158,+x,LAW_29_L24_S930000,"{""PLANNED"": 10, ""SOURCE"": 79, ""SINK"": 24, ""OTHER"": 0}",0.9,0.4961495890672596,2560,TRACK_LOST_OR_DISSOLVED,0.0,0.0,0.1324625920505286,1.0,0.4038048378561951,LAW_29,True,5.684341886080802e-14,2.886579864025407e-15,False,113,320,207,0,2.016152147006744,False,80.02504473875754,"{""NO_SINK_CAPACITY"": 30, ""NO_TRACK"": 177}",False,930000,24,16,False,,,,,,,,,,,,,,,,,,,,,,,,,,,
0.12615893939245376,161.29217176053947,161.29217176053953,0.0,ONLINE_STRICT,645.168687042158,+x,LAW_29_L24_S930000,"{""PLANNED"": 18, ""SOURCE"": 4, ""SINK"": 2, ""OTHER"": 0}",1.0,0.5046357575698149,2944,TRACK_LOST_OR_DISSOLVED,0.0,0.0,0.1055876716997902,1.0,0.42608215226225965,LAW_29,True,5.684341886080802e-14,5.995204332975845e-15,False,24,320,153,143,2.016152147006744,False,81.39379728646058,"{""NO_TRACK"": 153}",False,930000,24,16,False,,,,,,,,,,,,,,,,,,,,,,,,,,,
0.12615893939245376,161.29217176053947,161.29217176053953,0.0,ONLINE_NORMALIZED,645.168687042158,+x,LAW_29_L24_S930000,"{""PLANNED"": 18, ""SOURCE"": 4, ""SINK"": 2, ""OTHER"": 0}",1.0,0.5046357575698149,2944,TRACK_LOST_OR_DISSOLVED,0.0,0.0,0.1055876716997902,1.0,0.42608215226225965,LAW_29,True,5.684341886080802e-14,5.995204332975845e-15,False,24,320,153,143,2.016152147006744,False,81.39379728646058,"{""NO_TRACK"": 153}",False,930000,24,16,False,,,,,,,,,,,,,,,,,,,,,,,,,,,
0.0,160.02423122225187,160.0242312222519,0.0,SHAM,640.0969248890042,-x,LAW_29_L24_S930001,"{""PLANNED"": 0, ""SOURCE"": 0, ""SINK"": 0, ""OTHER"": 0}",1.0,0.0,,NONE,0.0,0.0,0.0,0.48935860545484877,0.0,LAW_29,False,0.0,2.886579864025407e-15,False,0,320,0,0,2.0003028902781486,False,0.0,{},True,930001,24,16,False,0.5106413945451512,114.86368220579811,0.5391304347826087,0.9043478260869565,0.046406781618660076,0.0013194448813641513,0.006897402061542546,False,0,0.0,0.0,True,230,0.9310344827586207,1.0,True,106,0.48623853211009177,0.4608695652173913,True,22,0.10091743119266056,0.09565217391304348,False,0,0.0,0.0
0.11846574893135593,160.02423122225187,160.0242312222519,0.0,PARENT,640.0969248890042,-x,LAW_29_L24_S930001,"{""PLANNED"": 20, ""SOURCE"": 16, ""SINK"": 29, ""OTHER"": 0}",1.0,0.4738629957254212,3040,TRACK_LOST_OR_DISSOLVED,0.0,0.0,0.08519703192181657,1.0,0.41324289389788016,LAW_29,True,5.684341886080802e-14,4.218847493575595e-15,False,65,320,255,0,2.0003028902781486,False,75.82956159563376,"{""NO_SINK_CAPACITY"": 108, ""NO_TRACK"": 147}",False,930001,24,16,False,,,,,,,,,,,,,,,,,,,,,,,,,,,
0.05684225100161852,160.02423122225187,160.0242312222519,0.12607634524505754,SINK_FLOOR,640.0969248890042,-x,LAW_29_L24_S930001,"{""PLANNED"": 12, ""SOURCE"": 0, ""SINK"": 308, ""OTHER"": 0}",1.0,0.22736900400647286,,NONE,0.5,0.12607634524505754,0.003692254283826581,0.6312592304043514,0.22311779113551772,LAW_29,False,1.1368683772161603e-13,3.1086244689504383e-15,False,320,320,0,0,2.0003028902781486,False,36.38455006990493,{},True,930001,24,16,False,0.36874076959564855,112.84731716263163,0.5486725663716814,0.8938053097345132,0.044598072636485186,8.33088560847628e-06,0.005352826902544183,False,0,0.0,0.0,True,226,0.47019867549668876,1.0,True,102,0.3389121338912134,0.45132743362831856,True,24,0.11009174311926606,0.10619469026548672,False,0,0.0,0.0
0.11432123260465583,160.02423122225187,160.0242312222519,0.0,SRC_CAP,640.0969248890042,-x,LAW_29_L24_S930001,"{""PLANNED"": 12, ""SOURCE"": 53, ""SINK"": 19, ""OTHER"": 0}",0.9,0.4572849304186209,2352,TRACK_LOST_OR_DISSOLVED,0.0,0.0,0.11212462383030593,1.0,0.38381390050646264,LAW_29,True,1.1368683772161603e-13,2.6645352591003757e-15,False,84,320,236,0,2.0003028902781486,False,73.17666943976076,"{""NO_SINK_CAPACITY"": 46, ""NO_TRACK"": 190}",False,930001,24,16,False,,,,,,,,,,,,,,,,,,,,,,,,,,,
0.12102303957990902,160.02423122225187,160.0242312222519,0.0,ONLINE_STRICT,640.0969248890042,-x,LAW_29_L24_S930001,"{""PLANNED"": 20, ""SOURCE"": 3, ""SINK"": 2, ""OTHER"": 0}",1.0,0.4840921583196335,2880,TRACK_LOST_OR_DISSOLVED,0.0,0.0,0.09627876364114099,1.0,0.41459670057538667,LAW_29,True,5.684341886080802e-14,3.885780586188048e-15,False,25,320,157,138,2.0003028902781486,False,77.46647547582,"{""NO_TRACK"": 157}",False,930001,24,16,False,,,,,,,,,,,,,,,,,,,,,,,,,,,
0.08216740101487051,160.02423122225187,160.0242312222519,0.031104815811840394,ONLINE_NORMALIZED,640.0969248890042,-x,LAW_29_L24_S930001,"{""PLANNED"": 19, ""SOURCE"": 0, ""SINK"": 2, ""OTHER"": 0}",1.0,0.3286696040594803,6512,TRACK_LOST_OR_DISSOLVED,0.0,0.031104815811840394,0.00612021085069066,0.9349128817510245,0.30376922217728425,LAW_29,True,0.0,4.6629367034256575e-15,False,21,320,162,137,2.0003028902781486,True,52.59510071574026,"{""NO_TRACK"": 161, ""NO_SINK_CAPACITY"": 1}",False,930001,24,64,False,0.0650871182489755,23.895795371028395,1.0,1.0,0.0009455324088303851,1.5425353022457955e-05,0.0002462670030480285,False,0,0.0,0.0,True,53,0.20982142857142858,1.0,False,0,0.0,0.0,False,0,0.0,0.0,False,0,0.0,0.0
0.0,160.46714131340184,160.4671413134018,0.0,SHAM,641.8685652536077,+y,LAW_29_L24_S930002,"{""PLANNED"": 0, ""SOURCE"": 0, ""SINK"": 0, ""OTHER"": 0}",1.0,0.0,,NONE,0.0,0.0,0.0,0.5452678151312148,0.0,LAW_29,False,0.0,2.1094237467877974e-15,False,0,320,0,0,2.0058392664175226,False,0.0,{},True,930002,24,16,False,0.4547321848687852,99.48656404990342,0.555,0.93,0.04419880480041194,0.0005400093840573494,0.0057234506788475525,False,0,0.0,0.0,True,200,0.9259259259259259,1.0,True,89,0.41203703703703703,0.445,True,14,0.06481481481481481,0.07,False,0,0.0,0.0
0.11165878288660837,160.46714131340184,160.4671413134018,0.0,PARENT,641.8685652536077,+y,LAW_29_L24_S930002,"{""PLANNED"": 21, ""SOURCE"": 11, ""SINK"": 27, ""OTHER"": 0}",1.0,0.4466351315464338,3520,TRACK_LOST_OR_DISSOLVED,0.0,0.0,0.07079939277435048,1.0,0.3960784031968379,LAW_29,True,1.1368683772161603e-13,4.107825191113079e-15,False,59,320,261,0,2.0058392664175226,False,71.6702627693914,"{""NO_SINK_CAPACITY"": 144, ""NO_TRACK"": 117}",False,930002,24,16,False,,,,,,,,,,,,,,,,,,,,,,,,,,,
0.05405480436621842,160.46714131340184,160.4671413134018,0.10509244417920206,SINK_FLOOR,641.8685652536077,+y,LAW_29_L24_S930002,"{""PLANNED"": 11, ""SOURCE"": 0, ""SINK"": 309, ""OTHER"": 0}",1.0,0.21621921746487383,,NONE,0.5,0.10509244417920206,0.00237524000529601,0.6680801239767291,0.2127550583955576,LAW_29,False,8.526512829121202e-14,3.9968028886505635e-15,False,320,320,0,0,2.0058392664175226,False,34.69607972360907,{},True,930002,24,16,False,0.33191987602327083,96.60351322892765,0.5567010309278351,0.9278350515463918,0.042817891629192806,0.0006234509054381943,0.0067997486145086605,False,0,0.0,0.0,True,194,0.4909090909090909,1.0,True,86,0.32456140350877194,0.44329896907216493,True,14,0.06481481481481481,0.07216494845360824,False,0,0.0,0.0
0.10796544308859696,160.46714131340184,160.4671413134018,0.0,SRC_CAP,641.8685652536077,+y,LAW_29_L24_S930002,"{""PLANNED"": 13, ""SOURCE"": 46, ""SINK"": 21, ""OTHER"": 0}",0.9,0.43186177235438816,2688,TRACK_LOST_OR_DISSOLVED,0.0,0.0,0.09711884836613666,1.0,0.3692882429947826,LAW_29,True,8.526512829121202e-14,3.219646771412954e-15,False,80,320,240,0,2.0058392664175226,False,69.29962405224776,"{""NO_SINK_CAPACITY"": 71, ""NO_TRACK"": 169}",False,930002,24,16,False,,,,,,,,,,,,,,,,,,,,,,,,,,,
0.11153701738257993,160.46714131340184,160.4671413134018,0.0,ONLINE_STRICT,641.8685652536077,+y,LAW_29_L24_S930002,"{""PLANNED"": 21, ""SOURCE"": 2, ""SINK"": 2, ""OTHER"": 0}",1.0,0.44614806953032,2912,TRACK_LOST_OR_DISSOLVED,0.0,0.0,0.07379274286054113,1.0,0.3934141879096968,LAW_29,True,5.684341886080802e-14,4.773959005888173e-15,False,25,320,155,140,2.0058392664175226,False,71.59210532002328,"{""NO_TRACK"": 155}",False,930002,24,16,False,,,,,,,,,,,,,,,,,,,,,,,,,,,
0.11153701738257993,160.46714131340184,160.4671413134018,0.0,ONLINE_NORMALIZED,641.8685652536077,+y,LAW_29_L24_S930002,"{""PLANNED"": 21, ""SOURCE"": 2, ""SINK"": 2, ""OTHER"": 0}",1.0,0.44614806953032,2912,TRACK_LOST_OR_DISSOLVED,0.0,0.0,0.07379274286054113,1.0,0.3934141879096968,LAW_29,True,5.684341886080802e-14,4.773959005888173e-15,False,25,320,155,140,2.0058392664175226,False,71.59210532002328,"{""NO_TRACK"": 155}",False,930002,24,16,False,,,,,,,,,,,,,,,,,,,,,,,,,,,
0.0,157.94762228799607,157.94762228799607,0.0,SHAM,631.7904891519838,-y,LAW_29_L24_S930003,"{""PLANNED"": 0, ""SOURCE"": 0, ""SINK"": 0, ""OTHER"": 0}",1.0,0.0,,NONE,0.0,0.0,0.0,0.5404312801358321,0.0,LAW_29,False,0.0,2.886579864025407e-15,False,0,320,0,0,1.974345278599951,False,0.0,{},True,930003,24,16,False,0.4595687198641679,100.44636743327656,0.5495049504950495,0.9504950495049505,0.04387752567894648,3.683492421763246e-05,0.0076060285640435765,False,0,0.0,0.0,True,202,0.9170506912442397,1.0,True,91,0.4252336448598131,0.4504950495049505,True,10,0.04672897196261682,0.04950495049504951,False,0,0.0,0.0
0.11090185865053988,157.94762228799607,157.94762228799607,0.0,PARENT,631.7904891519838,-y,LAW_29_L24_S930003,"{""PLANNED"": 20, ""SOURCE"": 12, ""SINK"": 27, ""OTHER"": 0}",1.0,0.4436074346021592,2928,TRACK_LOST_OR_DISSOLVED,0.0,0.0,0.07443421908511716,1.0,0.3919149248831861,LAW_29,True,5.684341886080802e-14,4.107825191113079e-15,False,59,320,261,0,1.974345278599951,False,70.06673952468876,"{""NO_SINK_CAPACITY"": 107, ""NO_TRACK"": 154}",False,930003,24,16,False,,,,,,,,,,,,,,,,,,,,,,,,,,,
0.05446691501678933,157.94762228799607,157.94762228799607,0.10894548272020553,SINK_FLOOR,631.7904891519838,-y,LAW_29_L24_S930003,"{""PLANNED"": 11, ""SOURCE"": 0, ""SINK"": 309, ""OTHER"": 0}",1.0,0.21786766006715716,,NONE,0.5,0.10894548272020553,0.0032386555169490396,0.6597270246742231,0.21417619668350657,LAW_29,False,5.684341886080802e-14,2.886579864025407e-15,False,320,320,0,0,1.974345278599951,False,34.411678881056865,{},True,930003,24,16,False,0.3402729753257769,99.31687450829384,0.565,0.93,0.04345409483794288,0.0003808310190813735,0.006180323606781779,False,0,0.0,0.0,True,200,0.4838709677419355,1.0,True,87,0.32599118942731276,0.435,True,14,0.06542056074766354,0.07,False,0,0.0,0.0
0.10485671149670836,157.94762228799607,157.94762228799607,0.0,SRC_CAP,631.7904891519838,-y,LAW_29_L24_S930003,"{""PLANNED"": 12, ""SOURCE"": 46, ""SINK"": 20, ""OTHER"": 0}",0.9,0.4194268459868331,2288,TRACK_LOST_OR_DISSOLVED,0.0,0.0,0.09724131223106978,1.0,0.3589955346955552,LAW_29,True,5.684341886080802e-14,2.4424906541753444e-15,False,78,320,242,0,1.974345278599951,False,66.24747304737382,"{""NO_SINK_CAPACITY"": 48, ""NO_TRACK"": 194}",False,930003,24,16,False,,,,,,,,,,,,,,,,,,,,,,,,,,,
0.11010944947433995,157.94762228799607,157.94762228799607,0.0,ONLINE_STRICT,631.7904891519838,-y,LAW_29_L24_S930003,"{""PLANNED"": 20, ""SOURCE"": 2, ""SINK"": 2, ""OTHER"": 0}",1.0,0.4404377978973595,2688,TRACK_LOST_OR_DISSOLVED,0.0,0.0,0.0800789022513449,1.0,0.38591577196605303,LAW_29,True,5.684341886080802e-14,3.4416913763379853e-15,False,24,320,169,127,1.974345278599951,False,69.56610294364889,"{""NO_TRACK"": 169}",False,930003,24,16,False,,,,,,,,,,,,,,,,,,,,,,,,,,,
0.07946438436192181,157.94762228799607,157.94762228799607,0.0,ONLINE_NORMALIZED,631.7904891519838,-y,LAW_29_L24_S930003,"{""PLANNED"": 18, ""SOURCE"": 0, ""SINK"": 2, ""OTHER"": 0}",1.0,0.31785753744768697,19072,TRACK_LOST_OR_DISSOLVED,0.0,0.0,0.005938984460515576,1.0,0.2937137403507749,LAW_29,True,5.684341886080802e-14,3.885780586188048e-15,False,20,320,26,274,1.974345278599951,False,50.20484226617983,"{""NO_TRACK"": 26}",False,930003,24,64,False,,,,,,,,,,,,,,,,,,,,,,,,,,,
0.0,159.785967344797,159.78596734479686,0.0,SHAM,639.1438693791863,+x,LAW_29_L24_S930004,"{""PLANNED"": 0, ""SOURCE"": 0, ""SINK"": 0, ""OTHER"": 0}",1.0,0.0,,NONE,0.0,0.0,0.0,0.5642304350389271,0.0,LAW_29,False,0.0,2.220446049250313e-15,False,0,320,0,0,1.9973245918099607,False,0.0,{},True,930004,24,16,False,0.43576956496107283,94.39106691173397,0.5578947368421052,0.9526315789473684,0.04404003430214076,0.00017043504331393233,0.007240620163938172,False,0,0.0,0.0,True,190,0.8663594470046083,1.0,True,84,0.39069767441860465,0.4421052631578947,True,9,0.04186046511627907,0.04736842105263158,False,0,0.0,0.0
0.13153564760388053,159.785967344797,159.78596734479686,0.0,PARENT,639.1438693791863,+x,LAW_29_L24_S930004,"{""PLANNED"": 19, ""SOURCE"": 29, ""SINK"": 27, ""OTHER"": 0}",1.0,0.5261425904155212,4048,TRACK_LOST_OR_DISSOLVED,0.0,0.0,0.1143076643520582,1.0,0.4455300554845206,LAW_29,True,8.526512829121202e-14,3.774758283725532e-15,False,75,320,245,0,1.9973245918099607,False,84.0702027708413,"{""NO_SINK_CAPACITY"": 161, ""NO_TRACK"": 84}",False,930004,24,16,False,,,,,,,,,,,,,,,,,,,,,,,,,,,
0.06246383025719901,159.785967344797,159.78596734479686,0.1191877847745095,SINK_FLOOR,639.1438693791863,+x,LAW_29_L24_S930004,"{""PLANNED"": 13, ""SOURCE"": 0, ""SINK"": 307, ""OTHER"": 0}",1.0,0.2498553210287956,,NONE,0.5,0.1191877847745095,0.006718118140474362,0.7008602481576117,0.24472907371483016,LAW_29,False,8.526512829121202e-14,2.886579864025407e-15,False,320,320,0,0,1.9973245918099607,False,39.92337416683087,{},True,930004,24,16,False,0.2991397518423883,91.92327655010268,0.5621621621621622,0.9351351351351351,0.042857959421206626,0.0003016505702334027,0.006278897240836134,False,0,0.0,0.0,True,185,0.44404332129963897,1.0,True,81,0.2813852813852814,0.43783783783783786,True,12,0.05581395348837209,0.06486486486486487,False,0,0.0,0.0
0.12257203708370526,159.785967344797,159.78596734479686,0.0,SRC_CAP,639.1438693791863,+x,LAW_29_L24_S930004,"{""PLANNED"": 12, ""SOURCE"": 68, ""SINK"": 22, ""OTHER"": 0}",0.9,0.49028814833482015,3424,TRACK_LOST_OR_DISSOLVED,0.0,0.0,0.12254067364629975,1.0,0.4081703813336224,LAW_29,True,8.526512829121202e-14,2.7755575615628914e-15,False,102,320,218,0,1.9973245918099607,False,78.34116605936849,"{""NO_SINK_CAPACITY"": 95, ""NO_TRACK"": 123}",False,930004,24,16,False,,,,,,,,,,,,,,,,,,,,,,,,,,,
0.12903911067606172,159.785967344797,159.78596734479686,0.0,ONLINE_STRICT,639.1438693791863,+x,LAW_29_L24_S930004,"{""PLANNED"": 19, ""SOURCE"": 3, ""SINK"": 3, ""OTHER"": 0}",1.0,0.5161564427042459,3952,TRACK_LOST_OR_DISSOLVED,0.0,0.0,0.1031246071512195,1.0,0.439136091307558,LAW_29,True,8.526512829121202e-14,5.88418203051333e-15,False,25,320,90,205,1.9973245918099607,False,82.47455649874715,"{""NO_TRACK"": 90}",False,930004,24,16,False,,,,,,,,,,,,,,,,,,,,,,,,,,,
0.0872009854767055,159.785967344797,159.78596734479686,0.0,ONLINE_NORMALIZED,639.1438693791863,+x,LAW_29_L24_S930004,"{""PLANNED"": 21, ""SOURCE"": 0, ""SINK"": 1, ""OTHER"": 0}",1.0,0.34880394190682135,17520,TRACK_LOST_OR_DISSOLVED,0.0,0.0,0.008482857051848827,1.0,0.3218722128353241,LAW_29,True,5.684341886080802e-14,3.3306690738754696e-15,False,22,320,50,248,1.9973245918099607,False,55.73397527125978,"{""NO_TRACK"": 50}",False,930004,24,64,False,,,,,,,,,,,,,,,,,,,,,,,,,,,
0.0,160.45850049242918,160.45850049242924,0.0,SHAM,641.8340019697168,-x,LAW_29_L24_S930005,"{""PLANNED"": 0, ""SOURCE"": 0, ""SINK"": 0, ""OTHER"": 0}",1.0,0.0,,NONE,0.0,0.0,0.0,0.5587901244099431,0.0,LAW_29,False,0.0,2.1094237467877974e-15,False,0,320,0,0,2.0057312561553653,False,0.0,{},True,930005,24,16,False,0.4412098755900568,95.98305530691296,0.5440414507772021,0.9533678756476683,0.043613785977646036,0.0013628005457686498,0.008148162253375002,False,0,0.0,0.0,True,193,0.8767123287671232,1.0,True,88,0.4036697247706422,0.45595854922279794,True,9,0.04128440366972477,0.046632124352331605,False,0,0.0,0.0
0.10658837231753604,160.45850049242918,160.45850049242924,0.0,PARENT,641.8340019697168,-x,LAW_29_L24_S930005,"{""PLANNED"": 22, ""SOURCE"": 7, ""SINK"": 23, ""OTHER"": 0}",1.0,0.4263534892701441,2928,TRACK_LOST_OR_DISSOLVED,0.0,0.0,0.05280516327540789,1.0,0.388060326935487,LAW_29,True,5.684341886080802e-14,3.9968028886505635e-15,False,52,320,268,0,2.0057312561553653,False,68.41204156800234,"{""NO_SINK_CAPACITY"": 114, ""NO_TRACK"": 154}",False,930005,24,16,False,,,,,,,,,,,,,,,,,,,,,,,,,,,
0.05367105430995886,160.45850049242918,160.45850049242924,0.10332547076470049,SINK_FLOOR,641.8340019697168,-x,LAW_29_L24_S930005,"{""PLANNED"": 11, ""SOURCE"": 0, ""SINK"": 309, ""OTHER"": 0}",1.0,0.21468421723983538,,NONE,0.5,0.10332547076470049,0.0022789800338576705,0.6719445655540972,0.21147075520423914,LAW_29,False,5.684341886080802e-14,2.6645352591003757e-15,False,320,320,0,0,2.0057312561553653,False,34.44790757769491,{},True,930005,24,16,False,0.3280554344459028,95.30031971541717,0.5729166666666666,0.9375,0.04284381507913815,3.6851139881610706e-05,0.00517808499890543,False,0,0.0,0.0,True,192,0.48014440433212996,1.0,True,82,0.31004366812227074,0.4270833333333333,True,12,0.05504587155963303,0.0625,False,0,0.0,0.0
0.10407160486434673,160.45850049242918,160.45850049242924,0.0,SRC_CAP,641.8340019697168,-x,LAW_29_L24_S930005,"{""PLANNED"": 15, ""SOURCE"": 38, ""SINK"": 16, ""OTHER"": 0}",0.9,0.4162864194573868,2304,TRACK_LOST_OR_DISSOLVED,0.0,0.0,0.08139399732058056,1.0,0.3650740416883189,LAW_29,True,5.684341886080802e-14,2.9976021664879227e-15,False,69,320,251,0,2.0057312561553653,False,66.79669464149471,"{""NO_SINK_CAPACITY"": 58, ""NO_TRACK"": 193}",False,930005,24,16,False,,,,,,,,,,,,,,,,,,,,,,,,,,,
0.10401669823074591,160.45850049242918,160.45850049242924,0.0,ONLINE_STRICT,641.8340019697168,-x,LAW_29_L24_S930005,"{""PLANNED"": 23, ""SOURCE"": 1, ""SINK"": 1, ""OTHER"": 0}",1.0,0.41606679292298354,2624,TRACK_LOST_OR_DISSOLVED,0.0,0.0,0.051883984854154075,1.0,0.3790304248198405,LAW_29,True,5.684341886080802e-14,3.885780586188048e-15,False,25,320,173,122,2.0057312561553653,False,66.76145369711601,"{""NO_TRACK"": 173}",False,930005,24,16,False,,,,,,,,,,,,,,,,,,,,,,,,,,,
0.07681112944557873,160.45850049242918,160.45850049242924,0.0,ONLINE_NORMALIZED,641.8340019697168,-x,LAW_29_L24_S930005,"{""PLANNED"": 18, ""SOURCE"": 0, ""SINK"": 2, ""OTHER"": 0}",1.0,0.3072445177823149,17904,TRACK_LOST_OR_DISSOLVED,0.0,0.0,0.003514668969674915,1.0,0.28519501925190127,LAW_29,True,2.842170943040401e-14,3.552713678800501e-15,False,20,320,44,256,2.0057312561553653,False,49.299994607869756,"{""NO_TRACK"": 44}",False,930005,24,64,False,,,,,,,,,,,,,,,,,,,,,,,,,,,
0.0,159.05679821012194,159.0567982101221,0.0,SHAM,636.2271928404881,+y,LAW_29_L24_S930006,"{""PLANNED"": 0, ""SOURCE"": 0, ""SINK"": 0, ""OTHER"": 0}",1.0,0.0,,NONE,0.0,0.0,0.0,0.5266634161526704,0.0,LAW_29,False,0.0,2.55351295663786e-15,False,0,320,0,0,1.9882099776265263,False,0.0,{},True,930006,24,16,False,0.4733365838473295,104.0629942052298,0.5550239234449761,0.9234449760765551,0.04428350814581533,0.00021022783571006398,0.0051797562869766445,False,0,0.0,0.0,True,209,0.944954128440367,1.0,True,93,0.4325581395348837,0.4449760765550239,True,16,0.07441860465116279,0.07655502392344497,False,0,0.0,0.0
0.12462203587158195,159.05679821012194,159.0567982101221,0.0,PARENT,636.2271928404881,+y,LAW_29_L24_S930006,"{""PLANNED"": 19, ""SOURCE"": 20, ""SINK"": 33, ""OTHER"": 0}",1.0,0.49848814348632753,3424,TRACK_LOST_OR_DISSOLVED,0.0,0.0,0.10103001233132093,1.0,0.4250441886992894,LAW_29,True,5.684341886080802e-14,4.3298697960381105e-15,False,72,320,248,0,1.9882099776265263,False,79.2879280486432,"{""NO_SINK_CAPACITY"": 125, ""NO_TRACK"": 123}",False,930006,24,16,False,,,,,,,,,,,,,,,,,,,,,,,,,,,
0.05837198188678275,159.05679821012194,159.0567982101221,0.11651142732278508,SINK_FLOOR,636.2271928404881,+y,LAW_29_L24_S930006,"{""PLANNED"": 12, ""SOURCE"": 0, ""SINK"": 308, ""OTHER"": 0}",1.0,0.23348792754713085,,NONE,0.5,0.11651142732278508,0.004346774169555482,0.6706689913976027,0.22930063608930817,LAW_29,False,8.526512829121202e-14,4.218847493575595e-15,False,320,320,0,0,1.9882099776265263,False,37.137842176363606,{},True,930006,24,16,False,0.3293310086023973,99.1015192428705,0.5628140703517588,0.9296482412060302,0.04426808352493544,0.001018212723161549,0.006926084941424437,False,0,0.0,0.0,True,199,0.4628975265017668,1.0,True,87,0.30735930735930733,0.4371859296482412,True,14,0.06511627906976744,0.07035175879396985,False,0,0.0,0.0
0.11454453694696518,159.05679821012194,159.0567982101221,0.0,SRC_CAP,636.2271928404881,+y,LAW_29_L24_S930006,"{""PLANNED"": 11, ""SOURCE"": 56, ""SINK"": 26, ""OTHER"": 0}",0.9,0.4581781477878604,2416,TRACK_LOST_OR_DISSOLVED,0.0,0.0,0.11173937830630234,1.0,0.38377203092380435,LAW_29,True,8.526512829121202e-14,2.886579864025407e-15,False,93,320,227,0,1.9882099776265263,False,72.87634919698122,"{""NO_SINK_CAPACITY"": 41, ""NO_TRACK"": 186}",False,930006,24,16,False,,,,,,,,,,,,,,,,,,,,,,,,,,,
0.12119580599677626,159.05679821012194,159.0567982101221,0.0,ONLINE_STRICT,636.2271928404881,+y,LAW_29_L24_S930006,"{""PLANNED"": 19, ""SOURCE"": 4, ""SINK"": 2, ""OTHER"": 0}",1.0,0.48478322398710477,2864,TRACK_LOST_OR_DISSOLVED,0.0,0.0,0.09831174937822525,1.0,0.4139729249126074,LAW_29,True,5.684341886080802e-14,4.9960036108132044e-15,False,25,320,158,137,1.9882099776265263,False,77.10806743336936,"{""NO_TRACK"": 158}",False,930006,24,16,False,,,,,,,,,,,,,,,,,,,,,,,,,,,
0.08559160456205019,159.05679821012194,159.0567982101221,0.0,ONLINE_NORMALIZED,636.2271928404881,+y,LAW_29_L24_S930006,"{""PLANNED"": 19, ""SOURCE"": 0, ""SINK"": 2, ""OTHER"": 0}",1.0,0.3423664182482006,19616,TRACK_LOST_OR_DISSOLVED,0.0,0.0,0.011041331414021296,1.0,0.3138630183786461,LAW_29,True,5.684341886080802e-14,3.774758283725532e-15,False,21,320,17,282,1.9882099776265263,False,54.45570630122631,"{""NO_TRACK"": 17}",False,930006,24,64,False,,,,,,,,,,,,,,,,,,,,,,,,,,,
0.0,159.81512437420406,159.8151243742041,0.0,SHAM,639.2604974968199,-y,LAW_29_L24_S930007,"{""PLANNED"": 0, ""SOURCE"": 0, ""SINK"": 0, ""OTHER"": 0}",1.0,0.0,,NONE,0.0,0.0,0.0,0.5076593642541535,0.0,LAW_29,False,0.0,2.1094237467877974e-15,False,0,320,0,0,1.9976890546775512,False,0.0,{},True,930007,24,16,False,0.4923406357458465,109.64011040625728,0.55,0.9136363636363637,0.04527248343460044,0.00014095595143964745,0.005634646064927362,False,0,0.0,0.0,True,220,0.9251101321585903,1.0,True,99,0.45622119815668205,0.45,True,19,0.08755760368663594,0.08636363636363636,False,0,0.0,0.0
0.12165849740574158,159.81512437420406,159.8151243742041,0.0,PARENT,639.2604974968199,-y,LAW_29_L24_S930007,"{""PLANNED"": 20, ""SOURCE"": 19, ""SINK"": 28, ""OTHER"": 0}",1.0,0.486633989622969,2960,TRACK_LOST_OR_DISSOLVED,0.0,0.0,0.095963625078078,1.0,0.418608785547519,LAW_29,True,5.684341886080802e-14,4.6629367034256575e-15,False,67,320,253,0,1.9976890546775512,False,77.77147157630993,"{""NO_SINK_CAPACITY"": 101, ""NO_TRACK"": 152}",False,930007,24,16,False,,,,,,,,,,,,,,,,,,,,,,,,,,,
0.05814552711359262,159.81512437420406,159.8151243742041,0.12032172058081565,SINK_FLOOR,639.2604974968199,-y,LAW_29_L24_S930007,"{""PLANNED"": 12, ""SOURCE"": 0, ""SINK"": 308, ""OTHER"": 0}",1.0,0.23258210845437177,,NONE,0.5,0.12032172058081565,0.0040371961369778196,0.6584771144963241,0.22800227214909527,LAW_29,False,8.526512829121202e-14,2.7755575615628914e-15,False,320,320,0,0,1.9976890546775512,False,37.17013858985005,{},True,930007,24,16,False,0.34152288550367593,103.74083097455016,0.5673076923076923,0.9230769230769231,0.045248823485553646,0.00048367779798141886,0.008800338065750368,False,0,0.0,0.0,True,208,0.47058823529411764,1.0,True,90,0.31759656652360513,0.4326923076923077,True,16,0.07373271889400922,0.07692307692307693,False,0,0.0,0.0
0.1125504089960088,159.81512437420406,159.8151243742041,0.0,SRC_CAP,639.2604974968199,-y,LAW_29_L24_S930007,"{""PLANNED"": 12, ""SOURCE"": 56, ""SINK"": 20, ""OTHER"": 0}",0.9,0.4502016359840377,2480,TRACK_LOST_OR_DISSOLVED,0.0,0.0,0.10340255004508059,1.0,0.3808760423523108,LAW_29,True,8.526512829121202e-14,3.1086244689504383e-15,False,88,320,232,0,1.9976890546775512,False,71.94903044825914,"{""NO_SINK_CAPACITY"": 50, ""NO_TRACK"": 182}",False,930007,24,16,False,,,,,,,,,,,,,,,,,,,,,,,,,,,
0.12068133697258222,159.81512437420406,159.8151243742041,0.0,ONLINE_STRICT,639.2604974968199,-y,LAW_29_L24_S930007,"{""PLANNED"": 20, ""SOURCE"": 3, ""SINK"": 2, ""OTHER"": 0}",1.0,0.48272534789033156,2768,TRACK_LOST_OR_DISSOLVED,0.0,0.0,0.09376861057423057,1.0,0.4143377847448502,LAW_29,True,5.684341886080802e-14,3.9968028886505635e-15,False,25,320,164,131,1.9976890546775512,False,77.14681151167427,"{""NO_TRACK"": 164}",False,930007,24,16,False,,,,,,,,,,,,,,,,,,,,,,,,,,,
0.08989697948842912,159.81512437420406,159.8151243742041,0.0,ONLINE_NORMALIZED,639.2604974968199,-y,LAW_29_L24_S930007,"{""PLANNED"": 21, ""SOURCE"": 0, ""SINK"": 1, ""OTHER"": 0}",1.0,0.35958791795371847,7168,TRACK_LOST_OR_DISSOLVED,0.0,0.0,0.015613874336225448,1.0,0.3219852621160758,LAW_29,True,5.684341886080802e-14,3.1086244689504383e-15,False,22,320,131,167,1.9976890546775512,True,57.46758783123461,"{""NO_TRACK"": 130, ""NO_SINK_CAPACITY"": 1}",False,930007,24,64,False,,,,,,,,,,,,,,,,,,,,,,,,,,,
0.0,159.1497235487683,159.14972354876818,0.0,SHAM,636.5988941950736,+x,LAW_29_L24_S930008,"{""PLANNED"": 0, ""SOURCE"": 0, ""SINK"": 0, ""OTHER"": 0}",1.0,0.0,,NONE,0.0,0.0,0.0,0.5215310246474525,0.0,LAW_29,False,0.0,2.4424906541753444e-15,False,0,320,0,0,1.9893715443596023,False,0.0,{},True,930008,24,16,False,0.47846897535254757,105.66188314278207,0.5471698113207547,0.9150943396226415,0.044372749105551834,0.0007636466955305288,0.0065419801532374255,False,0,0.0,0.0,True,212,0.9452054794520548,1.0,True,96,0.4485981308411215,0.4528301886792453,True,18,0.08411214953271028,0.08490566037735849,False,0,0.0,0.0
0.10961562597971244,159.1497235487683,159.14972354876818,0.0,PARENT,636.5988941950736,+x,LAW_29_L24_S930008,"{""PLANNED"": 20, ""SOURCE"": 13, ""SINK"": 28, ""OTHER"": 0}",1.0,0.4384625039188504,2576,TRACK_LOST_OR_DISSOLVED,0.0,0.0,0.07058259594681654,1.0,0.3891701052325458,LAW_29,True,1.4210854715202004e-13,3.885780586188048e-15,False,61,320,259,0,1.9893715443596023,False,69.78118628518573,"{""NO_SINK_CAPACITY"": 83, ""NO_TRACK"": 176}",False,930008,24,16,False,,,,,,,,,,,,,,,,,,,,,,,,,,,
0.055590609986481604,159.1497235487683,159.14972354876818,0.11390449779665766,SINK_FLOOR,636.5988941950736,+x,LAW_29_L24_S930008,"{""PLANNED"": 11, ""SOURCE"": 0, ""SINK"": 309, ""OTHER"": 0}",1.0,0.22236243994592672,,NONE,0.5,0.11390449779665766,0.0033410225424786747,0.6486851973277328,0.21838837277089507,LAW_29,False,5.684341886080802e-14,2.9976021664879227e-15,False,320,320,0,0,1.9893715443596023,False,35.388920845023804,{},True,930008,24,16,False,0.35131480267226717,104.15746201442111,0.5598086124401914,0.9186602870813397,0.044377512439801925,0.00012336603206825059,0.006806236586398728,False,0,0.0,0.0,True,209,0.479020979020979,1.0,True,92,0.33624454148471616,0.44019138755980863,True,17,0.0794392523364486,0.08133971291866028,False,0,0.0,0.0
0.10609900962475592,159.1497235487683,159.14972354876818,0.0,SRC_CAP,636.5988941950736,+x,LAW_29_L24_S930008,"{""PLANNED"": 11, ""SOURCE"": 48, ""SINK"": 18, ""OTHER"": 0}",0.9,0.4243960384990243,2048,TRACK_LOST_OR_DISSOLVED,0.0,0.0,0.10402104086793715,1.0,0.3600292057011924,LAW_29,True,5.684341886080802e-14,2.7755575615628914e-15,False,77,320,243,0,1.9893715443596023,False,67.5425122023121,"{""NO_SINK_CAPACITY"": 34, ""NO_TRACK"": 209}",False,930008,24,16,False,,,,,,,,,,,,,,,,,,,,,,,,,,,
0.10851872008511225,159.1497235487683,159.14972354876818,0.0,ONLINE_STRICT,636.5988941950736,+x,LAW_29_L24_S930008,"{""PLANNED"": 20, ""SOURCE"": 2, ""SINK"": 2, ""OTHER"": 0}",1.0,0.4340748803404496,2416,TRACK_LOST_OR_DISSOLVED,0.0,0.0,0.0753088629747765,1.0,0.3824983400071157,LAW_29,True,5.684341886080802e-14,4.773959005888173e-15,False,24,320,186,110,1.9893715443596023,False,69.08289720564719,"{""NO_TRACK"": 186}",False,930008,24,16,False,,,,,,,,,,,,,,,,,,,,,,,,,,,
0.07649238843377526,159.1497235487683,159.14972354876818,0.0,ONLINE_NORMALIZED,636.5988941950736,+x,LAW_29_L24_S930008,"{""PLANNED"": 18, ""SOURCE"": 0, ""SINK"": 2, ""OTHER"": 0}",1.0,0.3059695537351015,6224,TRACK_LOST_OR_DISSOLVED,0.0,0.0,0.0028562231268131435,1.0,0.2836017315939276,LAW_29,True,5.684341886080802e-14,4.551914400963142e-15,False,20,320,91,209,1.9893715443596023,True,48.69496989128137,"{""NO_TRACK"": 91}",False,930008,24,64,False,,,,,,,,,,,,,,,,,,,,,,,,,,,
0.0,286.46399874399305,286.4639987439929,0.0,SHAM,1145.8559949759688,+x,LAW_29_L32_S930000,"{""PLANNED"": 0, ""SOURCE"": 0, ""SINK"": 0, ""OTHER"": 0}",1.0,0.0,,NONE,0.0,0.0,0.0,0.4064108020427035,0.0,LAW_29,False,0.0,2.6645352591003757e-15,False,0,320,0,0,3.5807999842999108,False,0.0,{},True,930000,32,16,False,0.5935891979572965,215.12073674459685,0.2915601023017903,0.5268542199488491,0.09371036768106228,0.0002845739448235629,0.014439439101882279,False,0,0.0,0.0,True,391,0.9443037974683545,1.0,True,277,0.7347480106100795,0.7084398976982097,True,185,0.4907161803713528,0.4731457800511509,True,106,0.28116710875331563,0.2710997442455243
0.12515537304158555,286.46399874399305,286.4639987439929,0.0,PARENT,1145.8559949759688,+x,LAW_29_L32_S930000,"{""PLANNED"": 16, ""SOURCE"": 53, ""SINK"": 47, ""OTHER"": 0}",1.0,0.500621492166341,4240,TRACK_LOST_OR_DISSOLVED,0.0,0.0,0.13848043882962735,1.0,0.4137135708880585,LAW_29,True,1.7053025658242404e-13,6.106226635438361e-15,False,116,320,204,0,3.5807999842999108,False,143.41003450315455,"{""NO_SINK_CAPACITY"": 132, ""NO_TRACK"": 72}",False,930000,32,16,False,,,,,,,,,,,,,,,,,,,,,,,,,,,
0.061025687878837574,286.46399874399305,286.4639987439929,0.15446765942079613,SINK_FLOOR,1145.8559949759688,+x,LAW_29_L32_S930000,"{""PLANNED"": 12, ""SOURCE"": 0, ""SINK"": 308, ""OTHER"": 0}",1.0,0.24410275151534971,,NONE,0.5,0.15446765942079613,0.009341794800992736,0.5922758741709322,0.23912199430839695,LAW_29,False,1.7053025658242404e-13,4.773959005888173e-15,False,320,320,0,0,3.5807999842999108,False,69.92665030349835,{},True,930000,32,16,False,0.4077241258290678,207.05029470439004,0.3155080213903743,0.5187165775401069,0.08819369717524422,0.0001455288647370656,0.012872629021081827,False,0,0.0,0.0,True,374,0.4871287128712871,1.0,True,256,0.4288939051918736,0.6844919786096256,True,180,0.3486682808716707,0.48128342245989303,True,107,0.24102564102564103,0.28609625668449196
0.11464001637733408,286.46399874399305,286.4639987439929,0.0,SRC_CAP,1145.8559949759688,+x,LAW_29_L32_S930000,"{""PLANNED"": 8, ""SOURCE"": 109, ""SINK"": 41, ""OTHER"": 0}",0.9,0.4585600655093352,3824,TRACK_LOST_OR_DISSOLVED,0.0,0.0,0.1435388978902121,1.0,0.37348072792929615,LAW_29,True,1.1368683772161603e-13,2.9976021664879227e-15,False,158,320,162,0,3.5807999842999108,False,131.3609500301115,"{""NO_SINK_CAPACITY"": 64, ""NO_TRACK"": 98}",False,930000,32,16,False,,,,,,,,,,,,,,,,,,,,,,,,,,,
0.11882569268014456,286.46399874399305,286.4639987439929,0.0,ONLINE_STRICT,1145.8559949759688,+x,LAW_29_L32_S930000,"{""PLANNED"": 16, ""SOURCE"": 3, ""SINK"": 3, ""OTHER"": 0}",1.0,0.47530277072057714,4704,TRACK_LOST_OR_DISSOLVED,0.0,0.0,0.09612042302729529,1.0,0.4078010166357141,LAW_29,True,1.1368683772161603e-13,6.772360450213455e-15,False,22,320,43,255,3.5807999842999108,False,136.15713231471574,"{""NO_TRACK"": 43}",False,930000,32,16,False,,,,,,,,,,,,,,,,,,,,,,,,,,,
0.11882569268014456,286.46399874399305,286.4639987439929,0.0,ONLINE_NORMALIZED,1145.8559949759688,+x,LAW_29_L32_S930000,"{""PLANNED"": 16, ""SOURCE"": 3, ""SINK"": 3, ""OTHER"": 0}",1.0,0.47530277072057714,4704,TRACK_LOST_OR_DISSOLVED,0.0,0.0,0.09612042302729529,1.0,0.4078010166357141,LAW_29,True,1.1368683772161603e-13,6.772360450213455e-15,False,22,320,43,255,3.5807999842999108,False,136.15713231471574,"{""NO_TRACK"": 43}",False,930000,32,16,False,,,,,,,,,,,,,,,,,,,,,,,,,,,
0.0,284.7663915117722,284.766391511772,0.0,SHAM,1139.0655660470907,-x,LAW_29_L32_S930001,"{""PLANNED"": 0, ""SOURCE"": 0, ""SINK"": 0, ""OTHER"": 0}",1.0,0.0,,NONE,0.0,0.0,0.0,0.4214029053740652,0.0,LAW_29,False,0.0,2.55351295663786e-15,False,0,320,0,0,3.55957989389715,False,0.0,{},True,930001,32,16,False,0.5785970946259348,206.93476007128007,0.3050397877984085,0.53315649867374,0.09164083393432992,0.00018128039374859517,0.015420016930550784,True,549,0.6885245901639344,0.6867030965391621,True,377,0.9764397905759162,1.0,True,262,0.6931216931216931,0.6949602122015915,True,176,0.4656084656084656,0.46684350132625996,True,99,0.2619047619047619,0.2625994694960212
0.14027563009086302,284.7663915117722,284.766391511772,0.0,PARENT,1139.0655660470907,-x,LAW_29_L32_S930001,"{""PLANNED"": 16, ""SOURCE"": 67, ""SINK"": 53, ""OTHER"": 0}",1.0,0.5611025203634534,5728,TRACK_LOST_OR_DISSOLVED,0.0,0.0,0.16050547444686103,1.0,0.45055093440988064,LAW_29,True,1.7053025658242404e-13,6.5503158452884236e-15,False,136,320,184,0,3.55957989389715,False,159.7831399920612,"{""NO_SINK_CAPACITY"": 184}",False,930001,32,16,False,,,,,,,,,,,,,,,,,,,,,,,,,,,
0.06570423397290165,284.7663915117722,284.766391511772,0.1629476106341773,SINK_FLOOR,1139.0655660470907,-x,LAW_29_L32_S930001,"{""PLANNED"": 13, ""SOURCE"": 0, ""SINK"": 307, ""OTHER"": 0}",1.0,0.2628169358916072,,NONE,0.5,0.1629476106341773,0.015773625591589586,0.6215906869289909,0.2560477806610601,LAW_29,False,1.7053025658242404e-13,4.773959005888173e-15,False,320,320,0,0,3.55957989389715,False,74.8414304620337,{},True,930001,32,16,False,0.37840931307100906,197.19616890080712,0.3081232492997199,0.5322128851540616,0.08852572920900065,1.6952475431653014e-05,0.01269210932210968,True,563,0.5226537216828478,0.6341030195381883,True,357,0.46706586826347307,1.0,True,247,0.4013452914798206,0.6918767507002801,True,167,0.3164251207729469,0.4677871148459384,True,99,0.2230769230769231,0.2773109243697479
0.12997249165080985,284.7663915117722,284.766391511772,0.0,SRC_CAP,1139.0655660470907,-x,LAW_29_L32_S930001,"{""PLANNED"": 9, ""SOURCE"": 127, ""SINK"": 45, ""OTHER"": 0}",0.9,0.5198899666032406,4768,TRACK_LOST_OR_DISSOLVED,0.0,0.0,0.1667514006599352,1.0,0.4101170216835175,LAW_29,True,1.1368683772161603e-13,3.4416913763379853e-15,False,181,320,139,0,3.55957989389715,False,148.04718977278048,"{""NO_SINK_CAPACITY"": 100, ""NO_TRACK"": 39}",False,930001,32,16,False,,,,,,,,,,,,,,,,,,,,,,,,,,,
0.13055331608089293,284.7663915117722,284.766391511772,0.0,ONLINE_STRICT,1139.0655660470907,-x,LAW_29_L32_S930001,"{""PLANNED"": 16, ""SOURCE"": 4, ""SINK"": 3, ""OTHER"": 0}",1.0,0.522213264323573,6304,TRACK_LOST_OR_DISSOLVED,0.0,0.0,0.1136546186965831,1.0,0.43741128045302374,LAW_29,True,1.1368683772161603e-13,5.551115123125783e-15,False,23,320,1,296,3.55957989389715,False,148.70878688100706,"{""NO_SINK_CAPACITY"": 1}",False,930001,32,16,False,,,,,,,,,,,,,,,,,,,,,,,,,,,
0.13055331608089293,284.7663915117722,284.766391511772,0.0,ONLINE_NORMALIZED,1139.0655660470907,-x,LAW_29_L32_S930001,"{""PLANNED"": 16, ""SOURCE"": 4, ""SINK"": 3, ""OTHER"": 0}",1.0,0.522213264323573,6304,TRACK_LOST_OR_DISSOLVED,0.0,0.0,0.1136546186965831,1.0,0.43741128045302374,LAW_29,True,1.1368683772161603e-13,5.551115123125783e-15,False,23,320,1,296,3.55957989389715,False,148.70878688100706,"{""NO_SINK_CAPACITY"": 1}",False,930001,32,16,False,,,,,,,,,,,,,,,,,,,,,,,,,,,
0.0,282.58932824775206,282.58932824775206,0.0,SHAM,1130.3573129910055,+y,LAW_29_L32_S930002,"{""PLANNED"": 0, ""SOURCE"": 0, ""SINK"": 0, ""OTHER"": 0}",1.0,0.0,,NONE,0.0,0.0,0.0,0.43078343664085295,0.0,LAW_29,False,0.0,2.6645352591003757e-15,False,0,320,0,0,3.532366603096901,False,0.0,{},True,930002,32,16,False,0.569216563359147,201.46674608598684,0.28493150684931506,0.5095890410958904,0.09470587474264086,0.0009091769598189026,0.017088461299956892,True,535,0.6897196261682244,0.6822429906542056,True,365,0.9417989417989417,1.0,True,261,0.7073170731707317,0.7150684931506849,True,179,0.48509485094850946,0.4904109589041096,True,100,0.27100271002710025,0.273972602739726
0.12318421653939499,282.58932824775206,282.58932824775206,0.2611825225200009,PARENT,1130.3573129910055,+y,LAW_29_L32_S930002,"{""PLANNED"": 16, ""SOURCE"": 47, ""SINK"": 48, ""OTHER"": 0}",1.0,0.4927368661575787,,NONE,0.0,0.2611825225200009,0.1190340322072557,0.6502591025768721,0.4157866969694324,LAW_29,False,2.2737367544323206e-13,5.218048215738236e-15,False,111,320,209,0,3.532366603096901,False,139.2421800103727,"{""NO_SINK_CAPACITY"": 209}",True,930002,32,16,False,0.34974089742312786,219.17609534756684,0.2619047619047619,0.4523809523809524,0.11836640512634117,6.0273828936530105e-05,0.01525772173719303,False,0,0.0,0.0,True,378,0.38333333333333336,1.0,True,279,0.38461538461538464,0.7380952380952381,True,207,0.352112676056338,0.5476190476190477,True,150,0.3106060606060606,0.3968253968253968
0.05961723982705154,282.58932824775206,282.58932824775206,0.14361177596676114,SINK_FLOOR,1130.3573129910055,+y,LAW_29_L32_S930002,"{""PLANNED"": 12, ""SOURCE"": 0, ""SINK"": 308, ""OTHER"": 0}",1.0,0.23846895930820558,,NONE,0.5,0.14361177596676114,0.0058589725701827765,0.6009490667652749,0.23410227613509743,LAW_29,False,1.1368683772161603e-13,4.9960036108132044e-15,False,320,320,0,0,3.532366603096901,False,67.38878301884634,{},True,930002,32,16,False,0.39905093323472507,194.53049586227408,0.3125,0.5284090909090909,0.09392893860397183,3.2327006184162954e-06,0.012565769852057207,True,530,0.5446735395189003,0.6641509433962264,True,352,0.5147058823529411,1.0,True,242,0.4410377358490566,0.6875,True,166,0.351010101010101,0.4715909090909091,True,101,0.246684350132626,0.2869318181818182
0.1153983386325326,282.58932824775206,282.58932824775206,0.0,SRC_CAP,1130.3573129910055,+y,LAW_29_L32_S930002,"{""PLANNED"": 9, ""SOURCE"": 98, ""SINK"": 41, ""OTHER"": 0}",0.9,0.4615933545301293,6400,TRACK_LOST_OR_DISSOLVED,0.0,0.0,0.13234149956882735,1.0,0.37977157332360195,LAW_29,True,1.7053025658242404e-13,3.774758283725532e-15,False,148,320,172,0,3.532366603096901,False,130.4413559802957,"{""NO_SINK_CAPACITY"": 172}",False,930002,32,16,False,,,,,,,,,,,,,,,,,,,,,,,,,,,
0.11765869231276382,282.58932824775206,282.58932824775206,0.27297141912758155,ONLINE_STRICT,1130.3573129910055,+y,LAW_29_L32_S930002,"{""PLANNED"": 16, ""SOURCE"": 3, ""SINK"": 3, ""OTHER"": 0}",1.0,0.4706347692510542,,NONE,0.0,0.27297141912758155,0.08439105016729724,0.6722024459604306,0.40757438002232066,LAW_29,False,1.7053025658242404e-13,4.884981308350689e-15,False,22,320,0,298,3.532366603096901,False,132.9963632926912,{},True,930002,32,16,False,0.3277975540395694,215.37879800566927,0.2541436464088398,0.4171270718232044,0.12918601896765752,0.001434764799957411,0.016973672880597646,False,0,0.0,0.0,True,362,0.3562152133580705,1.0,True,270,0.3595744680851064,0.7458563535911602,True,211,0.345707656612529,0.5828729281767956,True,164,0.3160493827160494,0.4530386740331492
0.11765869231276382,282.58932824775206,282.58932824775206,0.27297141912758155,ONLINE_NORMALIZED,1130.3573129910055,+y,LAW_29_L32_S930002,"{""PLANNED"": 16, ""SOURCE"": 3, ""SINK"": 3, ""OTHER"": 0}",1.0,0.4706347692510542,,NONE,0.0,0.27297141912758155,0.08439105016729724,0.6722024459604306,0.40757438002232066,LAW_29,False,1.7053025658242404e-13,4.884981308350689e-15,False,22,320,0,298,3.532366603096901,False,132.9963632926912,{},True,930002,32,16,False,0.3277975540395694,215.37879800566927,0.2541436464088398,0.4171270718232044,0.12918601896765752,0.001434764799957411,0.016973672880597646,False,0,0.0,0.0,True,362,0.3562152133580705,1.0,True,270,0.3595744680851064,0.7458563535911602,True,211,0.345707656612529,0.5828729281767956,True,164,0.3160493827160494,0.4530386740331492
0.0,287.88568569622316,287.88568569622305,0.0,SHAM,1151.542742784885,-y,LAW_29_L32_S930003,"{""PLANNED"": 0, ""SOURCE"": 0, ""SINK"": 0, ""OTHER"": 0}",1.0,0.0,,NONE,0.0,0.0,0.0,0.42043108039452304,0.0,LAW_29,False,0.0,2.886579864025407e-15,False,0,320,0,0,3.5985710712027883,False,0.0,{},True,930003,32,16,False,0.579568919605477,208.81100998371082,0.2849604221635884,0.5197889182058048,0.09459446838740654,0.000459748889678091,0.015300671897668483,True,564,0.6737588652482269,0.6719858156028369,True,379,0.9461538461538461,1.0,True,271,0.7131578947368421,0.7150395778364116,True,182,0.4789473684210526,0.48021108179419525,True,104,0.2736842105263158,0.27440633245382584
0.1357575675004748,287.88568569622316,287.88568569622305,0.0,PARENT,1151.542742784885,-y,LAW_29_L32_S930003,"{""PLANNED"": 15, ""SOURCE"": 67, ""SINK"": 49, ""OTHER"": 0}",1.0,0.5430302700018957,4928,TRACK_LOST_OR_DISSOLVED,0.0,0.0,0.15539269816232817,1.0,0.43952942848119986,LAW_29,True,2.8421709430404007e-13,5.662137425588298e-15,False,131,320,189,0,3.5985710712027883,False,156.3306416333009,"{""NO_SINK_CAPACITY"": 160, ""NO_TRACK"": 29}",False,930003,32,16,False,,,,,,,,,,,,,,,,,,,,,,,,,,,
0.06599977264735009,287.88568569622316,287.88568569622305,0.16138606828823687,SINK_FLOOR,1151.542742784885,-y,LAW_29_L32_S930003,"{""PLANNED"": 13, ""SOURCE"": 0, ""SINK"": 307, ""OTHER"": 0}",1.0,0.2639990905893987,,NONE,0.5,0.16138606828823687,0.017711149839387763,0.6174015961021176,0.2564558987411879,LAW_29,False,1.7053025658242404e-13,5.88418203051333e-15,False,320,320,0,0,3.5985710712027883,False,76.00155921750834,{},True,930003,32,16,False,0.38259840389788236,199.37757027810724,0.3074792243767313,0.5429362880886427,0.08896571626982658,0.0001931625809774573,0.014174849151483926,False,0,0.0,0.0,True,361,0.482,1.0,True,250,0.40625,0.6925207756232687,True,165,0.3164251207729469,0.45706371191135736,True,102,0.2233502538071066,0.28254847645429365
0.12640737652779685,287.88568569622316,287.88568569622305,0.0,SRC_CAP,1151.542742784885,-y,LAW_29_L32_S930003,"{""PLANNED"": 8, ""SOURCE"": 126, ""SINK"": 41, ""OTHER"": 0}",0.9,0.5056295061111842,4464,TRACK_LOST_OR_DISSOLVED,0.0,0.0,0.1638430774683656,1.0,0.4009340378601818,LAW_29,True,1.7053025658242404e-13,3.219646771412954e-15,False,175,320,145,0,3.5985710712027883,False,145.56349707506087,"{""NO_SINK_CAPACITY"": 87, ""NO_TRACK"": 58}",False,930003,32,16,False,,,,,,,,,,,,,,,,,,,,,,,,,,,
0.1269652592963297,287.88568569622316,287.88568569622305,0.0,ONLINE_STRICT,1151.542742784885,-y,LAW_29_L32_S930003,"{""PLANNED"": 15, ""SOURCE"": 4, ""SINK"": 3, ""OTHER"": 0}",1.0,0.5078610371853156,5552,TRACK_LOST_OR_DISSOLVED,0.0,0.0,0.10859766749280485,1.0,0.4286831008661797,LAW_29,True,1.7053025658242404e-13,5.995204332975845e-15,False,22,320,1,297,3.5985710712027883,False,146.20592292848963,"{""NO_SINK_CAPACITY"": 1}",False,930003,32,16,False,,,,,,,,,,,,,,,,,,,,,,,,,,,
0.1269652592963297,287.88568569622316,287.88568569622305,0.0,ONLINE_NORMALIZED,1151.542742784885,-y,LAW_29_L32_S930003,"{""PLANNED"": 15, ""SOURCE"": 4, ""SINK"": 3, ""OTHER"": 0}",1.0,0.5078610371853156,5552,TRACK_LOST_OR_DISSOLVED,0.0,0.0,0.10859766749280485,1.0,0.4286831008661797,LAW_29,True,1.7053025658242404e-13,5.995204332975845e-15,False,22,320,1,297,3.5985710712027883,False,146.20592292848963,"{""NO_SINK_CAPACITY"": 1}",False,930003,32,16,False,,,,,,,,,,,,,,,,,,,,,,,,,,,
0.0,286.87830730058715,286.8783073005871,0.0,SHAM,1147.5132292023468,+x,LAW_29_L32_S930004,"{""PLANNED"": 0, ""SOURCE"": 0, ""SINK"": 0, ""OTHER"": 0}",1.0,0.0,,NONE,0.0,0.0,0.0,0.43743299344779596,0.0,LAW_29,False,0.0,2.55351295663786e-15,False,0,320,0,0,3.585978841257339,False,0.0,{},True,930004,32,16,False,0.562567006552204,199.62508258733072,0.2975206611570248,0.5344352617079889,0.09450737392983516,8.683456226599162e-05,0.013720404737040004,True,515,0.7339805825242719,0.7048543689320388,True,363,0.9603174603174603,1.0,True,255,0.6746031746031746,0.7024793388429752,True,169,0.4470899470899471,0.465564738292011,True,100,0.26455026455026454,0.27548209366391185
0.12460824813118908,286.87830730058715,286.8783073005871,0.2624671141781444,PARENT,1147.5132292023468,+x,LAW_29_L32_S930004,"{""PLANNED"": 16, ""SOURCE"": 50, ""SINK"": 51, ""OTHER"": 0}",1.0,0.49843299252475565,,NONE,0.0,0.2624671141781444,0.1247679208288262,0.663674043682006,0.4199420622658654,LAW_29,False,1.1368683772161603e-13,5.995204332975845e-15,False,117,320,203,0,3.585978841257339,False,142.98961319826807,"{""NO_SINK_CAPACITY"": 203}",True,930004,32,16,False,0.336325956317994,216.1519966480588,0.26005361930294907,0.46112600536193027,0.11713383075438472,5.248543677921491e-05,0.0168404700919072,False,0,0.0,0.0,True,373,0.3704379562043796,1.0,True,276,0.3653444676409186,0.739946380697051,True,201,0.33410138248847926,0.5388739946380697,True,148,0.28921568627450983,0.3967828418230563
0.060680378368871045,286.87830730058715,286.8783073005871,0.1448789527567246,SINK_FLOOR,1147.5132292023468,+x,LAW_29_L32_S930004,"{""PLANNED"": 13, ""SOURCE"": 0, ""SINK"": 307, ""OTHER"": 0}",1.0,0.24272151347548385,,NONE,0.5,0.1448789527567246,0.008151676504186066,0.6193592374911241,0.2383085163380985,LAW_29,False,1.7053025658242404e-13,3.774758283725532e-15,False,320,320,0,0,3.585978841257339,False,69.63153693128345,{},True,930004,32,16,False,0.38064076250887596,188.79712829463335,0.2991202346041056,0.5249266862170088,0.09313374594258234,0.00046385626025752247,0.015725192551167,True,512,0.5344827586206896,0.666015625,True,341,0.4979166666666667,1.0,True,239,0.4151376146788991,0.7008797653958945,True,162,0.33004926108374383,0.4750733137829912,True,98,0.23636363636363636,0.2873900293255132
0.11435684098217405,286.87830730058715,286.8783073005871,0.0,SRC_CAP,1147.5132292023468,+x,LAW_29_L32_S930004,"{""PLANNED"": 9, ""SOURCE"": 102, ""SINK"": 45, ""OTHER"": 0}",0.9,0.45742736392869554,6784,TRACK_LOST_OR_DISSOLVED,0.0,0.0,0.1271896275441204,1.0,0.38147353299476183,LAW_29,True,1.7053025658242404e-13,3.885780586188048e-15,False,156,320,164,0,3.585978841257339,False,131.2259878768338,"{""NO_SINK_CAPACITY"": 164}",False,930004,32,16,False,,,,,,,,,,,,,,,,,,,,,,,,,,,
0.11674630896689168,286.87830730058715,286.8783073005871,0.2697097405609558,ONLINE_STRICT,1147.5132292023468,+x,LAW_29_L32_S930004,"{""PLANNED"": 16, ""SOURCE"": 3, ""SINK"": 3, ""OTHER"": 0}",1.0,0.4669852358675661,,NONE,0.0,0.2697097405609558,0.0843035421377815,0.6813709306372455,0.40723710531448276,LAW_29,False,1.1368683772161603e-13,5.218048215738236e-15,False,22,320,0,298,3.585978841257339,False,133.96793400005276,{},True,930004,32,16,False,0.3186290693627545,211.76540566501438,0.24369747899159663,0.4061624649859944,0.12618992528722678,0.00036488352168151383,0.016079493391801092,False,0,0.0,0.0,True,357,0.35608856088560886,1.0,True,270,0.3584905660377358,0.7563025210084033,True,212,0.334841628959276,0.5938375350140056,True,155,0.3,0.4341736694677871
0.11674630896689168,286.87830730058715,286.8783073005871,0.2697097405609558,ONLINE_NORMALIZED,1147.5132292023468,+x,LAW_29_L32_S930004,"{""PLANNED"": 16, ""SOURCE"": 3, ""SINK"": 3, ""OTHER"": 0}",1.0,0.4669852358675661,,NONE,0.0,0.2697097405609558,0.0843035421377815,0.6813709306372455,0.40723710531448276,LAW_29,False,1.1368683772161603e-13,5.218048215738236e-15,False,22,320,0,298,3.585978841257339,False,133.96793400005276,{},True,930004,32,16,False,0.3186290693627545,211.76540566501438,0.24369747899159663,0.4061624649859944,0.12618992528722678,0.00036488352168151383,0.016079493391801092,False,0,0.0,0.0,True,357,0.35608856088560886,1.0,True,270,0.3584905660377358,0.7563025210084033,True,212,0.334841628959276,0.5938375350140056,True,155,0.3,0.4341736694677871
0.0,285.2501286658417,285.2501286658417,0.0,SHAM,1141.0005146633657,-x,LAW_29_L32_S930005,"{""PLANNED"": 0, ""SOURCE"": 0, ""SINK"": 0, ""OTHER"": 0}",1.0,0.0,,NONE,0.0,0.0,0.0,0.4250411509642751,0.0,LAW_29,False,0.0,2.6645352591003757e-15,False,0,320,0,0,3.5656266083230213,False,0.0,{},True,930005,32,16,False,0.5749588490357249,205.06820478472142,0.2903225806451613,0.5188172043010753,0.09345831553255829,0.00010336194559884548,0.015980934954086867,True,537,0.6908752327746741,0.6927374301675978,True,372,0.9501312335958005,1.0,True,264,0.7115902964959568,0.7096774193548387,True,179,0.48247978436657685,0.48118279569892475,True,102,0.2749326145552561,0.27419354838709675
0.12649018926739156,285.2501286658417,285.2501286658417,0.0,PARENT,1141.0005146633657,-x,LAW_29_L32_S930005,"{""PLANNED"": 15, ""SOURCE"": 53, ""SINK"": 46, ""OTHER"": 0}",1.0,0.5059607570695658,5936,TRACK_LOST_OR_DISSOLVED,0.0,0.0,0.13667163737836577,1.0,0.4183512010288021,LAW_29,True,1.1368683772161603e-13,5.440092820663267e-15,False,114,320,206,0,3.5656266083230213,False,144.3253710539603,"{""NO_SINK_CAPACITY"": 206}",False,930005,32,16,False,,,,,,,,,,,,,,,,,,,,,,,,,,,
0.06095002005631555,285.2501286658417,285.2501286658417,0.14764035262894565,SINK_FLOOR,1141.0005146633657,-x,LAW_29_L32_S930005,"{""PLANNED"": 12, ""SOURCE"": 0, ""SINK"": 308, ""OTHER"": 0}",1.0,0.24380008022526195,,NONE,0.5,0.14764035262894565,0.009596884667610401,0.6008475664843846,0.2386260711572267,LAW_29,False,1.1368683772161603e-13,4.3298697960381105e-15,False,320,320,0,0,3.5656266083230213,False,69.5440042529985,{},True,930005,32,16,False,0.39915243351561536,197.88894045940066,0.3025210084033613,0.5238095238095238,0.09468067076276804,1.1629879920371788e-05,0.012578752423625605,True,540,0.5107794361525705,0.6611111111111111,True,357,0.4948665297741273,1.0,True,249,0.4418604651162791,0.6974789915966386,True,170,0.3525,0.47619047619047616,True,104,0.2532981530343008,0.2913165266106443
0.11938848062218577,285.2501286658417,285.2501286658417,0.0,SRC_CAP,1141.0005146633657,-x,LAW_29_L32_S930005,"{""PLANNED"": 8, ""SOURCE"": 106, ""SINK"": 39, ""OTHER"": 0}",0.9,0.4775539224887426,5152,TRACK_LOST_OR_DISSOLVED,0.0,0.0,0.15060469213201763,1.0,0.38425811333962634,LAW_29,True,1.7053025658242404e-13,3.774758283725532e-15,False,153,320,167,0,3.5656266083230213,False,136.22231783479123,"{""NO_SINK_CAPACITY"": 152, ""NO_TRACK"": 15}",False,930005,32,16,False,,,,,,,,,,,,,,,,,,,,,,,,,,,
0.11634127496796276,285.2501286658417,285.2501286658417,0.0,ONLINE_STRICT,1141.0005146633657,-x,LAW_29_L32_S930005,"{""PLANNED"": 15, ""SOURCE"": 3, ""SINK"": 3, ""OTHER"": 0}",1.0,0.4653650998718506,6560,TRACK_LOST_OR_DISSOLVED,0.0,0.0,0.09094105529552922,1.0,0.40094632182847584,LAW_29,True,1.1368683772161603e-13,6.328271240363392e-15,False,21,320,1,298,3.5656266083230213,False,132.74545461503766,"{""NO_SINK_CAPACITY"": 1}",False,930005,32,16,False,,,,,,,,,,,,,,,,,,,,,,,,,,,
0.11634127496796276,285.2501286658417,285.2501286658417,0.0,ONLINE_NORMALIZED,1141.0005146633657,-x,LAW_29_L32_S930005,"{""PLANNED"": 15, ""SOURCE"": 3, ""SINK"": 3, ""OTHER"": 0}",1.0,0.4653650998718506,6560,TRACK_LOST_OR_DISSOLVED,0.0,0.0,0.09094105529552922,1.0,0.40094632182847584,LAW_29,True,1.1368683772161603e-13,6.328271240363392e-15,False,21,320,1,298,3.5656266083230213,False,132.74545461503766,"{""NO_SINK_CAPACITY"": 1}",False,930005,32,16,False,,,,,,,,,,,,,,,,,,,,,,,,,,,
0.0,291.62813000943646,291.62813000943635,0.0,SHAM,1166.512520037748,+y,LAW_29_L32_S930006,"{""PLANNED"": 0, ""SOURCE"": 0, ""SINK"": 0, ""OTHER"": 0}",1.0,0.0,,NONE,0.0,0.0,0.0,0.4105905452203278,0.0,LAW_29,False,0.0,2.4424906541753444e-15,False,0,320,0,0,3.6453516251179545,False,0.0,{},True,930006,32,16,False,0.5894094547796722,215.08129325140794,0.28717948717948716,0.5230769230769231,0.09441932376512391,3.854570143746461e-05,0.013749598584267941,False,0,0.0,0.0,True,390,0.9373433583959899,1.0,True,278,0.7258485639686684,0.7128205128205128,True,186,0.4856396866840731,0.47692307692307695,True,110,0.28720626631853785,0.28205128205128205
0.12442892400496533,291.62813000943646,291.62813000943635,0.0,PARENT,1166.512520037748,+y,LAW_29_L32_S930006,"{""PLANNED"": 16, ""SOURCE"": 48, ""SINK"": 51, ""OTHER"": 0}",1.0,0.4977156960198624,5808,TRACK_LOST_OR_DISSOLVED,0.0,0.0,0.1287436710265895,1.0,0.4162234817629673,LAW_29,True,2.2737367544323206e-13,5.440092820663267e-15,False,115,320,205,0,3.6453516251179545,False,145.14789770661753,"{""NO_SINK_CAPACITY"": 205}",False,930006,32,16,False,,,,,,,,,,,,,,,,,,,,,,,,,,,
0.059575687788585845,291.62813000943646,291.62813000943635,0.1502580515421373,SINK_FLOOR,1166.512520037748,+y,LAW_29_L32_S930006,"{""PLANNED"": 12, ""SOURCE"": 0, ""SINK"": 308, ""OTHER"": 0}",1.0,0.2383027511543439,,NONE,0.5,0.1502580515421373,0.0076073465021653285,0.592394118256077,0.23405822682651936,LAW_29,False,1.7053025658242404e-13,3.885780586188048e-15,False,320,320,0,0,3.6453516251179545,False,69.49578569524536,{},True,930006,32,16,False,0.40760588174392304,206.79260215978573,0.29838709677419356,0.5268817204301075,0.09206569639965839,0.00014346177874824395,0.01261258832894735,False,0,0.0,0.0,True,372,0.49209486166007904,1.0,True,261,0.4311111111111111,0.7016129032258065,True,176,0.3405275779376499,0.4731182795698925,True,111,0.2474747474747475,0.29838709677419356
0.11680013896557664,291.62813000943646,291.62813000943635,0.0,SRC_CAP,1166.512520037748,+y,LAW_29_L32_S930006,"{""PLANNED"": 9, ""SOURCE"": 102, ""SINK"": 44, ""OTHER"": 0}",0.9,0.4672005558623076,4992,TRACK_LOST_OR_DISSOLVED,0.0,0.0,0.1437567613144286,1.0,0.380324097424367,LAW_29,True,1.7053025658242404e-13,3.219646771412954e-15,False,155,320,165,0,3.6453516251179545,False,136.24882444549397,"{""NO_SINK_CAPACITY"": 140, ""NO_TRACK"": 25}",False,930006,32,16,False,,,,,,,,,,,,,,,,,,,,,,,,,,,
0.11711169881086539,291.62813000943646,291.62813000943635,0.0,ONLINE_STRICT,1166.512520037748,+y,LAW_29_L32_S930006,"{""PLANNED"": 16, ""SOURCE"": 3, ""SINK"": 3, ""OTHER"": 0}",1.0,0.46844679524346255,6192,TRACK_LOST_OR_DISSOLVED,0.0,0.0,0.08638933773433358,1.0,0.40562730281699244,LAW_29,True,1.1368683772161603e-13,5.662137425588298e-15,False,22,320,0,298,3.6453516251179545,False,136.6122629057643,{},False,930006,32,16,False,,,,,,,,,,,,,,,,,,,,,,,,,,,
0.11711169881086539,291.62813000943646,291.62813000943635,0.0,ONLINE_NORMALIZED,1166.512520037748,+y,LAW_29_L32_S930006,"{""PLANNED"": 16, ""SOURCE"": 3, ""SINK"": 3, ""OTHER"": 0}",1.0,0.46844679524346255,6192,TRACK_LOST_OR_DISSOLVED,0.0,0.0,0.08638933773433358,1.0,0.40562730281699244,LAW_29,True,1.1368683772161603e-13,5.662137425588298e-15,False,22,320,0,298,3.6453516251179545,False,136.6122629057643,{},False,930006,32,16,False,,,,,,,,,,,,,,,,,,,,,,,,,,,
0.0,289.2023953056604,289.20239530566033,0.0,SHAM,1156.8095812226318,-y,LAW_29_L32_S930007,"{""PLANNED"": 0, ""SOURCE"": 0, ""SINK"": 0, ""OTHER"": 0}",1.0,0.0,,NONE,0.0,0.0,0.0,0.40061231088759497,0.0,LAW_29,False,0.0,2.6645352591003757e-15,False,0,320,0,0,3.615029941320754,False,0.0,{},True,930007,32,16,False,0.599387689112405,219.18329664891274,0.2947103274559194,0.5264483627204031,0.09394718873793756,0.0008614145628758618,0.012184245933160864,False,0,0.0,0.0,True,397,0.9448621553884712,1.0,True,280,0.7387862796833773,0.7052896725440806,True,188,0.49604221635883905,0.473551637279597,True,113,0.29815303430079154,0.28463476070528965
0.13869861310031967,289.2023953056604,289.20239530566033,0.0,PARENT,1156.8095812226318,-y,LAW_29_L32_S930007,"{""PLANNED"": 15, ""SOURCE"": 80, ""SINK"": 46, ""OTHER"": 0}",1.0,0.5547944524012741,4288,TRACK_LOST_OR_DISSOLVED,0.0,0.0,0.17026099123501895,1.0,0.44018149186034666,LAW_29,True,2.2737367544323206e-13,5.995204332975845e-15,False,141,320,179,0,3.615029941320754,False,160.44788453674062,"{""NO_SINK_CAPACITY"": 110, ""NO_TRACK"": 69}",False,930007,32,16,False,,,,,,,,,,,,,,,,,,,,,,,,,,,
0.06887043609881902,289.2023953056604,289.20239530566033,0.17129157734756095,SINK_FLOOR,1156.8095812226318,-y,LAW_29_L32_S930007,"{""PLANNED"": 14, ""SOURCE"": 0, ""SINK"": 306, ""OTHER"": 0}",1.0,0.2754817443952738,,NONE,0.5,0.17129157734756095,0.024092878138688253,0.6090448381725659,0.26570211017161793,LAW_29,False,1.1368683772161603e-13,5.218048215738236e-15,False,320,320,0,0,3.615029941320754,False,79.66998034209485,{},True,930007,32,16,False,0.3909551618274341,208.85446194606118,0.300531914893617,0.5372340425531915,0.09211864183312918,0.0001824994466376184,0.013174736163598544,False,0,0.0,0.0,True,376,0.4803921568627451,1.0,True,263,0.4048140043763676,0.699468085106383,True,174,0.3261390887290168,0.4627659574468085,True,115,0.2474747474747475,0.3058510638297872
0.12569371257155404,289.2023953056604,289.20239530566033,0.0,SRC_CAP,1156.8095812226318,-y,LAW_29_L32_S930007,"{""PLANNED"": 8, ""SOURCE"": 139, ""SINK"": 40, ""OTHER"": 0}",0.9,0.502774850286212,4144,TRACK_LOST_OR_DISSOLVED,0.0,0.0,0.16499009256033867,1.0,0.39704844014815743,LAW_29,True,2.2737367544323206e-13,3.774758283725532e-15,False,187,320,133,0,3.615029941320754,False,145.40369100221727,"{""NO_SINK_CAPACITY"": 55, ""NO_TRACK"": 78}",False,930007,32,16,False,,,,,,,,,,,,,,,,,,,,,,,,,,,
0.12756799319109535,289.2023953056604,289.20239530566033,0.0,ONLINE_STRICT,1156.8095812226318,-y,LAW_29_L32_S930007,"{""PLANNED"": 15, ""SOURCE"": 4, ""SINK"": 3, ""OTHER"": 0}",1.0,0.5102719727643772,5216,TRACK_LOST_OR_DISSOLVED,0.0,0.0,0.11184216754334632,1.0,0.4289426264756586,LAW_29,True,1.1368683772161603e-13,6.106226635438361e-15,False,22,320,11,287,3.615029941320754,False,147.57187678080257,"{""NO_TRACK"": 11}",False,930007,32,16,False,,,,,,,,,,,,,,,,,,,,,,,,,,,
0.12756799319109535,289.2023953056604,289.20239530566033,0.0,ONLINE_NORMALIZED,1156.8095812226318,-y,LAW_29_L32_S930007,"{""PLANNED"": 15, ""SOURCE"": 4, ""SINK"": 3, ""OTHER"": 0}",1.0,0.5102719727643772,5216,TRACK_LOST_OR_DISSOLVED,0.0,0.0,0.11184216754334632,1.0,0.4289426264756586,LAW_29,True,1.1368683772161603e-13,6.106226635438361e-15,False,22,320,11,287,3.615029941320754,False,147.57187678080257,"{""NO_TRACK"": 11}",False,930007,32,16,False,,,,,,,,,,,,,,,,,,,,,,,,,,,
0.0,287.41791900609763,287.41791900609763,0.0,SHAM,1149.6716760243808,+x,LAW_29_L32_S930008,"{""PLANNED"": 0, ""SOURCE"": 0, ""SINK"": 0, ""OTHER"": 0}",1.0,0.0,,NONE,0.0,0.0,0.0,0.43990788398523595,0.0,LAW_29,False,0.0,2.4424906541753444e-15,False,0,320,0,0,3.5927239875762202,False,0.0,{},True,930008,32,16,False,0.560092116014764,198.97570770040102,0.2845303867403315,0.5276243093922652,0.09491625221809402,6.077527274661598e-06,0.015618985414434794,True,526,0.7224334600760456,0.688212927756654,True,362,0.94750656167979,1.0,True,259,0.6815789473684211,0.7154696132596685,True,171,0.45,0.4723756906077348,True,96,0.25263157894736843,0.26519337016574585
0.12035237424401979,287.41791900609763,287.41791900609763,0.2528123076673449,PARENT,1149.6716760243808,+x,LAW_29_L32_S930008,"{""PLANNED"": 17, ""SOURCE"": 42, ""SINK"": 49, ""OTHER"": 0}",1.0,0.48140949697607505,,NONE,0.0,0.2528123076673449,0.11656766777406569,0.6564177520018604,0.4100504989047846,LAW_29,False,1.1368683772161603e-13,5.662137425588298e-15,False,108,320,212,0,3.5927239875762202,False,138.36571581063575,"{""NO_SINK_CAPACITY"": 212}",True,930008,32,16,False,0.3435822479981396,215.46995258557925,0.25806451612903225,0.4543010752688172,0.11643703300462732,3.9080827722304257e-05,0.017167627301175548,False,0,0.0,0.0,True,372,0.3798165137614679,1.0,True,276,0.3752620545073375,0.7419354838709677,True,203,0.3464203233256351,0.5456989247311828,True,148,0.2972972972972973,0.3978494623655914
0.05768920623979074,287.41791900609763,287.41791900609763,0.13744299554290496,SINK_FLOOR,1149.6716760243808,+x,LAW_29_L32_S930008,"{""PLANNED"": 12, ""SOURCE"": 0, ""SINK"": 308, ""OTHER"": 0}",1.0,0.230756824959161,,NONE,0.5,0.13744299554290496,0.0048822010986251324,0.6089828788698299,0.22731249247388027,LAW_29,False,5.684341886080802e-14,4.884981308350689e-15,False,320,320,0,0,3.5927239875762202,False,66.32364642621638,{},True,930008,32,16,False,0.39101712113017006,190.62671772093285,0.30057803468208094,0.5375722543352601,0.09230833046927706,0.00044380204444333105,0.013202948816042726,True,521,0.5401709401709401,0.6641074856046065,True,346,0.5031055900621118,1.0,True,242,0.4298850574712644,0.6994219653179191,True,160,0.3399503722084367,0.4624277456647399,True,95,0.23376623376623376,0.2745664739884393
0.11215060398475095,287.41791900609763,287.41791900609763,0.23647109368899832,SRC_CAP,1149.6716760243808,+x,LAW_29_L32_S930008,"{""PLANNED"": 9, ""SOURCE"": 93, ""SINK"": 43, ""OTHER"": 0}",0.9,0.44860241593899997,,NONE,0.0,0.23647109368899832,0.12182466948071329,0.6392941136330316,0.3766363593189252,LAW_29,False,1.1368683772161603e-13,3.3306690738754696e-15,False,145,320,175,0,3.5927239875762202,False,128.93637285029521,"{""NO_SINK_CAPACITY"": 175}",True,930008,32,16,False,0.36070588636696843,218.10060905766002,0.2793733681462141,0.4751958224543081,0.10652200314948251,0.0002008555505506604,0.012542043437942851,False,0,0.0,0.0,True,383,0.379746835443038,1.0,True,276,0.38105263157894737,0.720626631853786,True,201,0.3511627906976744,0.5248041775456919,True,143,0.3009950248756219,0.3733681462140992
0.111457349122756,287.41791900609763,287.41791900609763,0.2571492428978784,ONLINE_STRICT,1149.6716760243808,+x,LAW_29_L32_S930008,"{""PLANNED"": 17, ""SOURCE"": 3, ""SINK"": 2, ""OTHER"": 0}",1.0,0.44582939649102016,,NONE,0.0,0.2571492428978784,0.07950561807074401,0.6594483811830605,0.39309731576583806,LAW_29,False,1.7053025658242404e-13,5.329070518200751e-15,False,22,320,1,297,3.5927239875762202,False,128.13935737119343,"{""NO_SINK_CAPACITY"": 1}",True,930008,32,16,False,0.34055161881693957,215.98492719414952,0.25405405405405407,0.43243243243243246,0.12189709061256299,0.0005163034997064386,0.01598228341676,False,0,0.0,0.0,True,370,0.3837638376383764,1.0,True,276,0.386892177589852,0.745945945945946,True,210,0.3563218390804598,0.5675675675675675,True,153,0.3193069306930693,0.4135135135135135
0.111457349122756,287.41791900609763,287.41791900609763,0.2571492428978784,ONLINE_NORMALIZED,1149.6716760243808,+x,LAW_29_L32_S930008,"{""PLANNED"": 17, ""SOURCE"": 3, ""SINK"": 2, ""OTHER"": 0}",1.0,0.44582939649102016,,NONE,0.0,0.2571492428978784,0.07950561807074401,0.6594483811830605,0.39309731576583806,LAW_29,False,1.7053025658242404e-13,5.329070518200751e-15,False,22,320,1,297,3.5927239875762202,False,128.13935737119343,"{""NO_SINK_CAPACITY"": 1}",True,930008,32,16,False,0.34055161881693957,215.98492719414952,0.25405405405405407,0.43243243243243246,0.12189709061256299,0.0005163034997064386,0.01598228341676,False,0,0.0,0.0,True,370,0.3837638376383764,1.0,True,276,0.386892177589852,0.745945945945946,True,210,0.3563218390804598,0.5675675675675675,True,153,0.3193069306930693,0.4135135135135135
