M256,arm,block,bound_by,intended,law,opportunity,q_event,realized_sink,reject_reason,rejected,sink_capacity,size,source_capacity,time
159.87106154908074,PARENT,LAW_29_L24_S910000,PLANNED,1.998388269363509,LAW_29,0,1.998388269363509,1.998388269363509,NONE,False,85.1245734413335,24,26.68116889811842,272
159.87106154908074,PARENT,LAW_29_L24_S910000,PLANNED,1.998388269363509,LAW_29,8,1.998388269363509,1.9983882693635089,NONE,False,60.33956521951948,24,15.239817676937388,400
159.87106154908074,PARENT,LAW_29_L24_S910000,PLANNED,1.998388269363509,LAW_29,16,1.998388269363509,1.998388269363509,NONE,False,36.4504753408671,24,4.484052148947935,528
159.87106154908074,PARENT,LAW_29_L24_S910000,SOURCE,1.998388269363509,LAW_29,24,0.7695990454573418,0.7695990454573418,NONE,False,20.768009698740357,24,0.7695990454573418,656
159.87106154908074,PARENT,LAW_29_L24_S910000,SOURCE,1.998388269363509,LAW_29,32,0.7630453345835092,0.7630453345835092,NONE,False,11.62135930772662,24,0.7630453345835092,784
159.87106154908074,PARENT,LAW_29_L24_S910000,SOURCE,1.998388269363509,LAW_29,40,0.9696765567945044,0.9696765567945045,NONE,False,5.253079272758554,24,0.9696765567945044,912
159.87106154908074,PARENT,LAW_29_L24_S910000,SOURCE,1.998388269363509,LAW_29,48,1.1741093119889614,1.1741093119889614,NONE,False,1.3850819750382866,24,1.1741093119889614,1040
159.87106154908074,PARENT,LAW_29_L24_S910000,NONE,1.998388269363509,LAW_29,51,0.0,0.0,NO_SINK_CAPACITY,True,0.0,24,1.4405659766117673,1088
159.87106154908074,PARENT,LAW_29_L24_S910000,NONE,1.998388269363509,LAW_29,52,0.0,0.0,NO_SINK_CAPACITY,True,0.0,24,2.4014511026195335,1104
159.87106154908074,PARENT,LAW_29_L24_S910000,SINK,1.998388269363509,LAW_29,56,0.4501435873123826,0.4501435873123826,NONE,False,0.4501435873123826,24,3.623082630754613,1168
159.87106154908074,PARENT,LAW_29_L24_S910000,NONE,1.998388269363509,LAW_29,57,0.0,0.0,NO_SINK_CAPACITY,True,0.0,24,4.020955577231325,1184
159.87106154908074,PARENT,LAW_29_L24_S910000,NONE,1.998388269363509,LAW_29,59,0.0,0.0,NO_SINK_CAPACITY,True,0.0,24,4.6314280140758575,1216
159.87106154908074,PARENT,LAW_29_L24_S910000,NONE,1.998388269363509,LAW_29,62,0.0,0.0,NO_SINK_CAPACITY,True,0.0,24,4.775418080124404,1264
159.87106154908074,PARENT,LAW_29_L24_S910000,NONE,1.998388269363509,LAW_29,63,0.0,0.0,NO_SINK_CAPACITY,True,0.0,24,5.5204223666421495,1280
159.87106154908074,PARENT,LAW_29_L24_S910000,NONE,1.998388269363509,LAW_29,64,0.0,0.0,NO_SINK_CAPACITY,True,0.0,24,6.183526223989941,1296
159.87106154908074,PARENT,LAW_29_L24_S910000,NONE,1.998388269363509,LAW_29,65,0.0,0.0,NO_SINK_CAPACITY,True,0.0,24,6.7828181110616885,1312
159.87106154908074,PARENT,LAW_29_L24_S910000,NONE,1.998388269363509,LAW_29,67,0.0,0.0,NO_SINK_CAPACITY,True,0.0,24,6.689576493344139,1344
159.87106154908074,PARENT,LAW_29_L24_S910000,NONE,1.998388269363509,LAW_29,68,0.0,0.0,NO_SINK_CAPACITY,True,0.0,24,7.328479887205461,1360
159.87106154908074,PARENT,LAW_29_L24_S910000,NONE,1.998388269363509,LAW_29,70,0.0,0.0,NO_SINK_CAPACITY,True,0.0,24,8.053268943079598,1392
159.87106154908074,PARENT,LAW_29_L24_S910000,NONE,1.998388269363509,LAW_29,72,0.0,0.0,NO_SINK_CAPACITY,True,0.0,24,8.328214678355693,1424
159.87106154908074,PARENT,LAW_29_L24_S910000,NONE,1.998388269363509,LAW_29,73,0.0,0.0,NO_SINK_CAPACITY,True,0.0,24,8.896645791812066,1440
159.87106154908074,PARENT,LAW_29_L24_S910000,NONE,1.998388269363509,LAW_29,74,0.0,0.0,NO_SINK_CAPACITY,True,0.0,24,9.40904942599531,1456
159.87106154908074,PARENT,LAW_29_L24_S910000,NONE,1.998388269363509,LAW_29,76,0.0,0.0,NO_SINK_CAPACITY,True,0.0,24,9.935522160506896,1488
159.87106154908074,PARENT,LAW_29_L24_S910000,NONE,1.998388269363509,LAW_29,77,0.0,0.0,NO_SINK_CAPACITY,True,0.0,24,10.403440724835248,1504
159.87106154908074,PARENT,LAW_29_L24_S910000,NONE,1.998388269363509,LAW_29,78,0.0,0.0,NO_SINK_CAPACITY,True,0.0,24,10.834562216405704,1520
159.87106154908074,PARENT,LAW_29_L24_S910000,NONE,1.998388269363509,LAW_29,79,0.0,0.0,NO_SINK_CAPACITY,True,0.0,24,11.236362585446798,1536
159.87106154908074,PARENT,LAW_29_L24_S910000,SINK,1.998388269363509,LAW_29,80,0.4502390463677204,0.4502390463677204,NONE,False,0.4502390463677204,24,11.614792495931901,1552
159.87106154908074,PARENT,LAW_29_L24_S910000,NONE,1.998388269363509,LAW_29,82,0.0,0.0,NO_SINK_CAPACITY,True,0.0,24,11.238473755129814,1584
159.87106154908074,PARENT,LAW_29_L24_S910000,NONE,1.998388269363509,LAW_29,83,0.0,0.0,NO_SINK_CAPACITY,True,0.0,24,11.718170255321866,1600
159.87106154908074,PARENT,LAW_29_L24_S910000,NONE,1.998388269363509,LAW_29,85,0.0,0.0,NO_SINK_CAPACITY,True,0.0,24,12.173055296281335,1632
159.87106154908074,PARENT,LAW_29_L24_S910000,NONE,1.998388269363509,LAW_29,86,0.0,0.0,NO_SINK_CAPACITY,True,0.0,24,12.601470457276157,1648
159.87106154908074,PARENT,LAW_29_L24_S910000,NONE,1.998388269363509,LAW_29,87,0.0,0.0,NO_SINK_CAPACITY,True,0.0,24,12.994519981671031,1664
159.87106154908074,PARENT,LAW_29_L24_S910000,NONE,1.998388269363509,LAW_29,88,0.0,0.0,NO_SINK_CAPACITY,True,0.0,24,13.360405630023095,1680
159.87106154908074,PARENT,LAW_29_L24_S910000,NONE,1.998388269363509,LAW_29,89,0.0,0.0,NO_SINK_CAPACITY,True,0.0,24,13.705007641645665,1696
159.87106154908074,PARENT,LAW_29_L24_S910000,NONE,1.998388269363509,LAW_29,91,0.0,0.0,NO_SINK_CAPACITY,True,0.0,24,13.972346238768331,1728
159.87106154908074,PARENT,LAW_29_L24_S910000,NONE,1.998388269363509,LAW_29,92,0.0,0.0,NO_SINK_CAPACITY,True,0.0,24,14.332774279073242,1744
159.87106154908074,PARENT,LAW_29_L24_S910000,NONE,1.998388269363509,LAW_29,93,0.0,0.0,NO_SINK_CAPACITY,True,0.0,24,14.669264085100595,1760
159.87106154908074,PARENT,LAW_29_L24_S910000,NONE,1.998388269363509,LAW_29,94,0.0,0.0,NO_SINK_CAPACITY,True,0.0,24,14.98709208159971,1776
159.87106154908074,PARENT,LAW_29_L24_S910000,NONE,1.998388269363509,LAW_29,95,0.0,0.0,NO_SINK_CAPACITY,True,0.0,24,15.290063129093689,1792
159.87106154908074,PARENT,LAW_29_L24_S910000,SINK,1.998388269363509,LAW_29,96,0.4515901001991799,0.4515901001991799,NONE,False,0.4515901001991799,24,15.58089816799889,1808
159.87106154908074,PARENT,LAW_29_L24_S910000,NONE,1.998388269363509,LAW_29,97,0.0,0.0,NO_SINK_CAPACITY,True,0.0,24,15.489706050301397,1824
159.87106154908074,PARENT,LAW_29_L24_S910000,NONE,1.998388269363509,LAW_29,98,0.0,0.0,NO_SINK_CAPACITY,True,0.0,24,15.822411432479191,1840
159.87106154908074,PARENT,LAW_29_L24_S910000,NONE,1.998388269363509,LAW_29,101,0.0,0.0,NO_SINK_CAPACITY,True,0.0,24,16.00148899917193,1888
159.87106154908074,PARENT,LAW_29_L24_S910000,NONE,1.998388269363509,LAW_29,102,0.0,0.0,NO_SINK_CAPACITY,True,0.0,24,16.369808781657515,1904
159.87106154908074,PARENT,LAW_29_L24_S910000,NONE,1.998388269363509,LAW_29,103,0.0,0.0,NO_SINK_CAPACITY,True,0.0,24,16.703783690747716,1920
159.87106154908074,PARENT,LAW_29_L24_S910000,NONE,1.998388269363509,LAW_29,104,0.0,0.0,NO_SINK_CAPACITY,True,0.0,24,17.01150666647078,1936
159.87106154908074,PARENT,LAW_29_L24_S910000,NONE,1.998388269363509,LAW_29,105,0.0,0.0,NO_SINK_CAPACITY,True,0.0,24,17.299220261080304,1952
159.87106154908074,PARENT,LAW_29_L24_S910000,NONE,1.998388269363509,LAW_29,107,0.0,0.0,NO_SINK_CAPACITY,True,0.0,24,17.069688935035014,1984
159.87106154908074,PARENT,LAW_29_L24_S910000,NONE,1.998388269363509,LAW_29,108,0.0,0.0,NO_SINK_CAPACITY,True,0.0,24,17.42543410807251,2000
159.87106154908074,PARENT,LAW_29_L24_S910000,NONE,1.998388269363509,LAW_29,109,0.0,0.0,NO_SINK_CAPACITY,True,0.0,24,17.74802205008787,2016
159.87106154908074,PARENT,LAW_29_L24_S910000,NONE,1.998388269363509,LAW_29,110,0.0,0.0,NO_SINK_CAPACITY,True,0.0,24,18.04572644988807,2032
159.87106154908074,PARENT,LAW_29_L24_S910000,NONE,1.998388269363509,LAW_29,111,0.0,0.0,NO_SINK_CAPACITY,True,0.0,24,18.324484460648847,2048
159.87106154908074,PARENT,LAW_29_L24_S910000,NONE,1.998388269363509,LAW_29,112,0.0,0.0,NO_SINK_CAPACITY,True,0.0,24,18.58848633171822,2064
159.87106154908074,PARENT,LAW_29_L24_S910000,NONE,1.998388269363509,LAW_29,114,0.0,0.0,NO_SINK_CAPACITY,True,0.0,24,18.710962047555878,2096
159.87106154908074,PARENT,LAW_29_L24_S910000,NONE,1.998388269363509,LAW_29,115,0.0,0.0,NO_SINK_CAPACITY,True,0.0,24,19.004736847635815,2112
159.87106154908074,PARENT,LAW_29_L24_S910000,NONE,1.998388269363509,LAW_29,116,0.0,0.0,NO_SINK_CAPACITY,True,0.0,24,19.27749084890348,2128
159.87106154908074,PARENT,LAW_29_L24_S910000,NONE,1.998388269363509,LAW_29,117,0.0,0.0,NO_SINK_CAPACITY,True,0.0,24,19.534125230780063,2144
159.87106154908074,PARENT,LAW_29_L24_S910000,NONE,1.998388269363509,LAW_29,118,0.0,0.0,NO_SINK_CAPACITY,True,0.0,24,19.77818116328354,2160
159.87106154908074,PARENT,LAW_29_L24_S910000,NONE,1.998388269363509,LAW_29,119,0.0,0.0,NO_SINK_CAPACITY,True,0.0,24,20.012188306072602,2176
159.87106154908074,PARENT,LAW_29_L24_S910000,NONE,1.998388269363509,LAW_29,120,0.0,0.0,NO_SINK_CAPACITY,True,0.0,24,20.23797679748015,2192
159.87106154908074,PARENT,LAW_29_L24_S910000,NONE,1.998388269363509,LAW_29,121,0.0,0.0,NO_SINK_CAPACITY,True,0.0,24,20.456894033496813,2208
159.87106154908074,PARENT,LAW_29_L24_S910000,NONE,1.998388269363509,LAW_29,122,0.0,0.0,NO_SINK_CAPACITY,True,0.0,24,20.669949667866366,2224
159.87106154908074,PARENT,LAW_29_L24_S910000,NONE,1.998388269363509,LAW_29,124,0.0,0.0,NO_SINK_CAPACITY,True,0.0,24,20.704274036178333,2256
159.87106154908074,PARENT,LAW_29_L24_S910000,NONE,1.998388269363509,LAW_29,125,0.0,0.0,NO_SINK_CAPACITY,True,0.0,24,20.960396255317967,2272
159.87106154908074,PARENT,LAW_29_L24_S910000,NONE,1.998388269363509,LAW_29,127,0.0,0.0,NO_SINK_CAPACITY,True,0.0,24,21.055914191463007,2304
159.87106154908074,PARENT,LAW_29_L24_S910000,NONE,1.998388269363509,LAW_29,128,0.0,0.0,NO_SINK_CAPACITY,True,0.0,24,21.331569446378335,2320
159.87106154908074,PARENT,LAW_29_L24_S910000,NONE,1.998388269363509,LAW_29,129,0.0,0.0,NO_SINK_CAPACITY,True,0.0,24,21.58433747886336,2336
159.87106154908074,PARENT,LAW_29_L24_S910000,NONE,1.998388269363509,LAW_29,130,0.0,0.0,NO_SINK_CAPACITY,True,0.0,24,21.82013707935643,2352
159.87106154908074,PARENT,LAW_29_L24_S910000,NONE,1.998388269363509,LAW_29,131,0.0,0.0,NO_SINK_CAPACITY,True,0.0,24,22.043060641997354,2368
159.87106154908074,PARENT,LAW_29_L24_S910000,NONE,1.998388269363509,LAW_29,133,0.0,0.0,NO_SINK_CAPACITY,True,0.0,24,22.087976534732224,2400
159.87106154908074,PARENT,LAW_29_L24_S910000,NONE,1.998388269363509,LAW_29,134,0.0,0.0,NO_SINK_CAPACITY,True,0.0,24,22.345001509374992,2416
159.87106154908074,PARENT,LAW_29_L24_S910000,NONE,1.998388269363509,LAW_29,135,0.0,0.0,NO_SINK_CAPACITY,True,0.0,24,22.582281010806636,2432
159.87106154908074,PARENT,LAW_29_L24_S910000,NONE,1.998388269363509,LAW_29,136,0.0,0.0,NO_SINK_CAPACITY,True,0.0,24,22.804580545523695,2448
159.87106154908074,PARENT,LAW_29_L24_S910000,NONE,1.998388269363509,LAW_29,137,0.0,0.0,NO_SINK_CAPACITY,True,0.0,24,23.01531716993649,2464
159.87106154908074,PARENT,LAW_29_L24_S910000,NONE,1.998388269363509,LAW_29,139,0.0,0.0,NO_SINK_CAPACITY,True,0.0,24,23.038250103958024,2496
159.87106154908074,PARENT,LAW_29_L24_S910000,NONE,1.998388269363509,LAW_29,140,0.0,0.0,NO_SINK_CAPACITY,True,0.0,24,23.285217829100173,2512
159.87106154908074,PARENT,LAW_29_L24_S910000,NONE,1.998388269363509,LAW_29,141,0.0,0.0,NO_SINK_CAPACITY,True,0.0,24,23.51315665633531,2528
159.87106154908074,PARENT,LAW_29_L24_S910000,NONE,1.998388269363509,LAW_29,142,0.0,0.0,NO_SINK_CAPACITY,True,0.0,24,23.726604956405744,2544
159.87106154908074,PARENT,LAW_29_L24_S910000,NONE,1.998388269363509,LAW_29,144,0.0,0.0,NO_SINK_CAPACITY,True,0.0,24,23.75117310057033,2576
159.87106154908074,PARENT,LAW_29_L24_S910000,NONE,1.998388269363509,LAW_29,145,0.0,0.0,NO_SINK_CAPACITY,True,0.0,24,23.996521604941993,2592
159.87106154908074,PARENT,LAW_29_L24_S910000,NONE,1.998388269363509,LAW_29,146,0.0,0.0,NO_SINK_CAPACITY,True,0.0,24,24.221290803162457,2608
159.87106154908074,PARENT,LAW_29_L24_S910000,NONE,1.998388269363509,LAW_29,147,0.0,0.0,NO_SINK_CAPACITY,True,0.0,24,24.430696789003527,2624
159.87106154908074,PARENT,LAW_29_L24_S910000,NONE,1.998388269363509,LAW_29,148,0.0,0.0,NO_SINK_CAPACITY,True,0.0,24,24.62840642555661,2640
159.87106154908074,PARENT,LAW_29_L24_S910000,NONE,1.998388269363509,LAW_29,149,0.0,0.0,NO_SINK_CAPACITY,True,0.0,24,24.816989807966213,2656
159.87106154908074,PARENT,LAW_29_L24_S910000,NONE,1.998388269363509,LAW_29,150,0.0,0.0,NO_SINK_CAPACITY,True,0.0,24,24.998278339904747,2672
159.87106154908074,PARENT,LAW_29_L24_S910000,NONE,1.998388269363509,LAW_29,151,0.0,0.0,NO_SINK_CAPACITY,True,0.0,24,25.173603153346154,2688
159.87106154908074,PARENT,LAW_29_L24_S910000,NONE,1.998388269363509,LAW_29,152,0.0,0.0,NO_SINK_CAPACITY,True,0.0,24,25.34394979557842,2704
159.87106154908074,PARENT,LAW_29_L24_S910000,NONE,1.998388269363509,LAW_29,153,0.0,0.0,NO_SINK_CAPACITY,True,0.0,24,25.510060939933883,2720
159.87106154908074,PARENT,LAW_29_L24_S910000,NONE,1.998388269363509,LAW_29,154,0.0,0.0,NO_SINK_CAPACITY,True,0.0,24,25.672505677026688,2736
159.87106154908074,PARENT,LAW_29_L24_S910000,NONE,1.998388269363509,LAW_29,155,0.0,0.0,NO_SINK_CAPACITY,True,0.0,24,25.83172704939588,2752
159.87106154908074,PARENT,LAW_29_L24_S910000,NONE,1.998388269363509,LAW_29,156,0.0,0.0,NO_SINK_CAPACITY,True,0.0,24,25.98807525577835,2768
159.87106154908074,PARENT,LAW_29_L24_S910000,NONE,1.998388269363509,LAW_29,157,0.0,0.0,NO_SINK_CAPACITY,True,0.0,24,26.141830990264808,2784
159.87106154908074,PARENT,LAW_29_L24_S910000,NONE,1.998388269363509,LAW_29,158,0.0,0.0,NO_SINK_CAPACITY,True,0.0,24,26.29322241871774,2800
159.87106154908074,PARENT,LAW_29_L24_S910000,NONE,1.998388269363509,LAW_29,159,0.0,0.0,NO_SINK_CAPACITY,True,0.0,24,26.44243731762135,2816
159.87106154908074,PARENT,LAW_29_L24_S910000,SINK,1.998388269363509,LAW_29,160,0.9006031143727227,0.9006031143727227,NONE,False,0.9006031143727227,24,26.58963208675356,2832
159.87106154908074,PARENT,LAW_29_L24_S910000,NONE,1.998388269363509,LAW_29,161,0.0,0.0,NO_SINK_CAPACITY,True,0.0,24,25.990958083920468,2848
159.87106154908074,PARENT,LAW_29_L24_S910000,NONE,1.998388269363509,LAW_29,162,0.0,0.0,NO_SINK_CAPACITY,True,0.0,24,26.251592660583764,2864
159.87106154908074,PARENT,LAW_29_L24_S910000,NONE,1.998388269363509,LAW_29,164,0.0,0.0,NO_SINK_CAPACITY,True,0.0,24,26.31878123494239,2896
159.87106154908074,PARENT,LAW_29_L24_S910000,NONE,1.998388269363509,LAW_29,165,0.0,0.0,NO_SINK_CAPACITY,True,0.0,24,26.568960362332703,2912
159.87106154908074,SINK_FLOOR,LAW_29_L24_S910000,PLANNED,1.998388269363509,LAW_29,0,1.998388269363509,1.9983882693635087,NONE,False,26.45700152967335,24,26.68116889811842,272
159.87106154908074,SINK_FLOOR,LAW_29_L24_S910000,PLANNED,1.998388269363509,LAW_29,8,1.998388269363509,1.998388269363509,NONE,False,9.716030441594818,24,15.232920388580197,400
159.87106154908074,SINK_FLOOR,LAW_29_L24_S910000,SINK,1.998388269363509,LAW_29,16,0.2190364706809681,0.2190364706809681,NONE,False,0.2190364706809681,24,10.47894868587679,528
159.87106154908074,SINK_FLOOR,LAW_29_L24_S910000,SINK,1.998388269363509,LAW_29,24,0.15729387100871517,0.15729387100871517,NONE,False,0.15729387100871517,24,13.325884627955483,656
159.87106154908074,SINK_FLOOR,LAW_29_L24_S910000,SINK,1.998388269363509,LAW_29,32,0.13077244334507365,0.13077244334507365,NONE,False,0.13077244334507365,24,15.633832113528062,784
159.87106154908074,SINK_FLOOR,LAW_29_L24_S910000,SINK,1.998388269363509,LAW_29,40,0.11296915221009063,0.11296915221009063,NONE,False,0.11296915221009063,24,17.638922365263568,912
159.87106154908074,SINK_FLOOR,LAW_29_L24_S910000,SINK,1.998388269363509,LAW_29,48,0.09939459293888708,0.09939459293888708,NONE,False,0.09939459293888708,24,19.424049530433717,1040
159.87106154908074,SINK_FLOOR,LAW_29_L24_S910000,SINK,1.998388269363509,LAW_29,56,0.08845560263185515,0.08845560263185515,NONE,False,0.08845560263185515,24,20.48846998862209,1168
159.87106154908074,SINK_FLOOR,LAW_29_L24_S910000,SINK,1.998388269363509,LAW_29,64,0.07901061676106158,0.07901061676106158,NONE,False,0.07901061676106158,24,21.97188915462836,1296
159.87106154908074,SINK_FLOOR,LAW_29_L24_S910000,SINK,1.998388269363509,LAW_29,72,0.07141814056967288,0.07141814056967288,NONE,False,0.07141814056967288,24,23.34467833223306,1424
159.87106154908074,SINK_FLOOR,LAW_29_L24_S910000,SINK,1.998388269363509,LAW_29,80,0.06458310316415239,0.06458310316415239,NONE,False,0.06458310316415239,24,24.623073911717416,1552
159.87106154908074,SINK_FLOOR,LAW_29_L24_S910000,SINK,1.998388269363509,LAW_29,88,0.058434436758558084,0.058434436758558084,NONE,False,0.058434436758558084,24,25.82067195093385,1680
159.87106154908074,SINK_FLOOR,LAW_29_L24_S910000,SINK,1.998388269363509,LAW_29,96,0.05288840561841357,0.05288840561841357,NONE,False,0.05288840561841357,24,26.947379832171784,1808
159.87106154908074,SINK_FLOOR,LAW_29_L24_S910000,SINK,1.998388269363509,LAW_29,104,0.04819963134137373,0.04819963134137373,NONE,False,0.04819963134137373,24,28.010625596470096,1936
159.87106154908074,SINK_FLOOR,LAW_29_L24_S910000,SINK,1.998388269363509,LAW_29,112,0.043974481259675624,0.043974481259675624,NONE,False,0.043974481259675624,24,29.016228990088187,2064
159.87106154908074,SINK_FLOOR,LAW_29_L24_S910000,SINK,1.998388269363509,LAW_29,120,0.040072070376732216,0.040072070376732216,NONE,False,0.040072070376732216,24,29.970579178250997,2192
159.87106154908074,SINK_FLOOR,LAW_29_L24_S910000,SINK,1.998388269363509,LAW_29,128,0.0365981218822129,0.0365981218822129,NONE,False,0.0365981218822129,24,30.878266878760353,2320
159.87106154908074,SINK_FLOOR,LAW_29_L24_S910000,SINK,1.998388269363509,LAW_29,136,0.03354125497002047,0.03354125497002047,NONE,False,0.03354125497002047,24,31.738816035995654,2448
159.87106154908074,SINK_FLOOR,LAW_29_L24_S910000,SINK,1.998388269363509,LAW_29,144,0.03066808529275311,0.03066808529275311,NONE,False,0.03066808529275311,24,32.555248476559214,2576
159.87106154908074,SINK_FLOOR,LAW_29_L24_S910000,SINK,1.998388269363509,LAW_29,152,0.027982299752227102,0.027982299752227102,NONE,False,0.027982299752227102,24,33.3318213081779,2704
159.87106154908074,SINK_FLOOR,LAW_29_L24_S910000,SINK,1.998388269363509,LAW_29,160,0.025547375494323954,0.025547375494323954,NONE,False,0.025547375494323954,24,34.071908124580354,2832
159.87106154908074,SINK_FLOOR,LAW_29_L24_S910000,SINK,1.998388269363509,LAW_29,168,0.023448427535477046,0.023448427535477046,NONE,False,0.023448427535477046,24,34.77764225692646,2960
159.87106154908074,SINK_FLOOR,LAW_29_L24_S910000,SINK,1.998388269363509,LAW_29,176,0.021447871151577536,0.021447871151577536,NONE,False,0.021447871151577536,24,35.451947793573495,3088
159.87106154908074,SINK_FLOOR,LAW_29_L24_S910000,SINK,1.998388269363509,LAW_29,184,0.019558467811101155,0.019558467811101155,NONE,False,0.019558467811101155,24,36.09732240714407,3216
159.87106154908074,SINK_FLOOR,LAW_29_L24_S910000,SINK,1.998388269363509,LAW_29,192,0.017779119814602118,0.017779119814602118,NONE,False,0.017779119814602118,24,36.715811244045895,3344
159.87106154908074,SINK_FLOOR,LAW_29_L24_S910000,SINK,1.998388269363509,LAW_29,200,0.016105613612307224,0.016105613612307224,NONE,False,0.016105613612307224,24,37.309194284870934,3472
159.87106154908074,SINK_FLOOR,LAW_29_L24_S910000,SINK,1.998388269363509,LAW_29,208,0.014658392934719267,0.014658392934719267,NONE,False,0.014658392934719267,24,37.8788380644447,3600
159.87106154908074,SINK_FLOOR,LAW_29_L24_S910000,SINK,1.998388269363509,LAW_29,216,0.013307472219647787,0.013307472219647787,NONE,False,0.013307472219647787,24,37.87536511928067,3728
159.87106154908074,SINK_FLOOR,LAW_29_L24_S910000,SINK,1.998388269363509,LAW_29,224,0.012139008718404565,0.012139008718404565,NONE,False,0.012139008718404565,24,38.40077186185105,3856
159.87106154908074,SINK_FLOOR,LAW_29_L24_S910000,SINK,1.998388269363509,LAW_29,232,0.011072489360178794,0.011072489360178794,NONE,False,0.011072489360178794,24,38.906007093557825,3984
159.87106154908074,SINK_FLOOR,LAW_29_L24_S910000,SINK,1.998388269363509,LAW_29,240,0.010043021201932456,0.010043021201932456,NONE,False,0.010043021201932456,24,39.39253351007183,4112
159.87106154908074,SINK_FLOOR,LAW_29_L24_S910000,SINK,1.998388269363509,LAW_29,248,0.009057827438131327,0.009057827438131327,NONE,False,0.009057827438131327,24,39.8614524545832,4240
159.87106154908074,SINK_FLOOR,LAW_29_L24_S910000,SINK,1.998388269363509,LAW_29,256,0.008118486241628364,0.008118486241628364,NONE,False,0.008118486241628364,24,40.31370247353473,4368
159.87106154908074,SINK_FLOOR,LAW_29_L24_S910000,SINK,1.998388269363509,LAW_29,264,0.007224625372380777,0.007224625372380777,NONE,False,0.007224625372380777,24,40.75012291157807,4496
159.87106154908074,SINK_FLOOR,LAW_29_L24_S910000,SINK,1.998388269363509,LAW_29,272,0.006374999752922328,0.006374999752922328,NONE,False,0.006374999752922328,24,41.17147753084634,4624
159.87106154908074,SINK_FLOOR,LAW_29_L24_S910000,SINK,1.998388269363509,LAW_29,280,0.005612668524868747,0.005612668524868747,NONE,False,0.005612668524868747,24,41.578445426899414,4752
159.87106154908074,SINK_FLOOR,LAW_29_L24_S910000,SINK,1.998388269363509,LAW_29,288,0.0050607596631466745,0.0050607596631466745,NONE,False,0.0050607596631466745,24,41.97114086050985,4880
159.87106154908074,SINK_FLOOR,LAW_29_L24_S910000,SINK,1.998388269363509,LAW_29,296,0.004524918752503937,0.004524918752503937,NONE,False,0.004524918752503937,24,42.35023200218429,5008
159.87106154908074,SINK_FLOOR,LAW_29_L24_S910000,SINK,1.998388269363509,LAW_29,304,0.003995890804874502,0.003995890804874502,NONE,False,0.003995890804874502,24,42.7166320449598,5136
159.87106154908074,SINK_FLOOR,LAW_29_L24_S910000,SINK,1.998388269363509,LAW_29,312,0.003480546229184256,0.003480546229184256,NONE,False,0.003480546229184256,24,43.07098142948813,5264
159.13928269177325,PARENT,LAW_29_L24_S910001,PLANNED,1.9892410336471655,LAW_29,0,1.9892410336471655,1.9892410336471655,NONE,False,73.62749411241629,24,29.94129740671913,272
159.13928269177325,PARENT,LAW_29_L24_S910001,PLANNED,1.9892410336471655,LAW_29,8,1.9892410336471655,1.9892410336471655,NONE,False,49.65158801352811,24,18.105829484273134,400
159.13928269177325,PARENT,LAW_29_L24_S910001,PLANNED,1.9892410336471655,LAW_29,16,1.9892410336471655,1.9892410336471658,NONE,False,26.197108156244198,24,7.944952980291543,528
159.13928269177325,PARENT,LAW_29_L24_S910001,SOURCE,1.9892410336471655,LAW_29,24,1.0352084885962687,1.0352084885962687,NONE,False,7.589776513541613,24,1.0352084885962687,656
159.13928269177325,PARENT,LAW_29_L24_S910001,NONE,1.9892410336471655,LAW_29,32,0.0,0.0,NO_SINK_CAPACITY,True,0.0,24,2.4575983125134195,784
159.13928269177325,PARENT,LAW_29_L24_S910001,NONE,1.9892410336471655,LAW_29,33,0.0,0.0,NO_SINK_CAPACITY,True,0.0,24,3.3888377854803124,800
159.13928269177325,PARENT,LAW_29_L24_S910001,NONE,1.9892410336471655,LAW_29,35,0.0,0.0,NO_SINK_CAPACITY,True,0.0,24,3.2592199505252815,832
159.13928269177325,PARENT,LAW_29_L24_S910001,NONE,1.9892410336471655,LAW_29,36,0.0,0.0,NO_SINK_CAPACITY,True,0.0,24,4.171382167859081,848
159.13928269177325,PARENT,LAW_29_L24_S910001,NONE,1.9892410336471655,LAW_29,39,0.0,0.0,NO_SINK_CAPACITY,True,0.0,24,4.95592937832471,896
159.13928269177325,PARENT,LAW_29_L24_S910001,NONE,1.9892410336471655,LAW_29,40,0.0,0.0,NO_SINK_CAPACITY,True,0.0,24,5.760625811897899,912
159.13928269177325,PARENT,LAW_29_L24_S910001,NONE,1.9892410336471655,LAW_29,41,0.0,0.0,NO_SINK_CAPACITY,True,0.0,24,6.482029750682298,928
159.13928269177325,PARENT,LAW_29_L24_S910001,NONE,1.9892410336471655,LAW_29,42,0.0,0.0,NO_SINK_CAPACITY,True,0.0,24,7.138238867885942,944
159.13928269177325,PARENT,LAW_29_L24_S910001,NONE,1.9892410336471655,LAW_29,45,0.0,0.0,NO_SINK_CAPACITY,True,0.0,24,8.13645121531965,992
159.13928269177325,PARENT,LAW_29_L24_S910001,NONE,1.9892410336471655,LAW_29,46,0.0,0.0,NO_SINK_CAPACITY,True,0.0,24,8.734506682262781,1008
159.13928269177325,PARENT,LAW_29_L24_S910001,NONE,1.9892410336471655,LAW_29,48,0.0,0.0,NO_SINK_CAPACITY,True,0.0,24,9.415271461523709,1040
159.13928269177325,PARENT,LAW_29_L24_S910001,NONE,1.9892410336471655,LAW_29,50,0.0,0.0,NO_SINK_CAPACITY,True,0.0,24,10.075596838158493,1072
159.13928269177325,PARENT,LAW_29_L24_S910001,NONE,1.9892410336471655,LAW_29,52,0.0,0.0,NO_SINK_CAPACITY,True,0.0,24,10.710167228814726,1104
159.13928269177325,PARENT,LAW_29_L24_S910001,NONE,1.9892410336471655,LAW_29,54,0.0,0.0,NO_SINK_CAPACITY,True,0.0,24,11.321389679568828,1136
159.13928269177325,PARENT,LAW_29_L24_S910001,NONE,1.9892410336471655,LAW_29,55,0.0,0.0,NO_SINK_CAPACITY,True,0.0,24,11.826423410668312,1152
159.13928269177325,PARENT,LAW_29_L24_S910001,NONE,1.9892410336471655,LAW_29,56,0.0,0.0,NO_SINK_CAPACITY,True,0.0,24,12.294655190958338,1168
159.13928269177325,PARENT,LAW_29_L24_S910001,NONE,1.9892410336471655,LAW_29,57,0.0,0.0,NO_SINK_CAPACITY,True,0.0,24,12.734082486096314,1184
159.13928269177325,PARENT,LAW_29_L24_S910001,NONE,1.9892410336471655,LAW_29,59,0.0,0.0,NO_SINK_CAPACITY,True,0.0,24,13.16832337324665,1216
159.13928269177325,PARENT,LAW_29_L24_S910001,NONE,1.9892410336471655,LAW_29,60,0.0,0.0,NO_SINK_CAPACITY,True,0.0,24,13.60619296865028,1232
159.13928269177325,PARENT,LAW_29_L24_S910001,NONE,1.9892410336471655,LAW_29,61,0.0,0.0,NO_SINK_CAPACITY,True,0.0,24,14.017805965607117,1248
159.13928269177325,PARENT,LAW_29_L24_S910001,NONE,1.9892410336471655,LAW_29,63,0.0,0.0,NO_SINK_CAPACITY,True,0.0,24,14.015198451054573,1280
159.13928269177325,PARENT,LAW_29_L24_S910001,SINK,1.9892410336471655,LAW_29,64,0.45236242749582245,0.45236242749582245,NONE,False,0.45236242749582245,24,14.477771448677322,1296
159.13928269177325,PARENT,LAW_29_L24_S910001,NONE,1.9892410336471655,LAW_29,65,0.0,0.0,NO_SINK_CAPACITY,True,0.0,24,14.52579255220331,1312
159.13928269177325,PARENT,LAW_29_L24_S910001,NONE,1.9892410336471655,LAW_29,66,0.0,0.0,NO_SINK_CAPACITY,True,0.0,24,14.979788641804415,1328
159.13928269177325,PARENT,LAW_29_L24_S910001,NONE,1.9892410336471655,LAW_29,67,0.0,0.0,NO_SINK_CAPACITY,True,0.0,24,15.398337748712382,1344
159.13928269177325,PARENT,LAW_29_L24_S910001,NONE,1.9892410336471655,LAW_29,68,0.0,0.0,NO_SINK_CAPACITY,True,0.0,24,15.789675614467086,1360
159.13928269177325,PARENT,LAW_29_L24_S910001,NONE,1.9892410336471655,LAW_29,69,0.0,0.0,NO_SINK_CAPACITY,True,0.0,24,16.159646992064896,1376
159.13928269177325,PARENT,LAW_29_L24_S910001,NONE,1.9892410336471655,LAW_29,70,0.0,0.0,NO_SINK_CAPACITY,True,0.0,24,16.51242690454719,1392
159.13928269177325,PARENT,LAW_29_L24_S910001,NONE,1.9892410336471655,LAW_29,71,0.0,0.0,NO_SINK_CAPACITY,True,0.0,24,16.851054118972716,1408
159.13928269177325,PARENT,LAW_29_L24_S910001,NONE,1.9892410336471655,LAW_29,72,0.0,0.0,NO_SINK_CAPACITY,True,0.0,24,17.17778648922705,1424
159.13928269177325,PARENT,LAW_29_L24_S910001,NONE,1.9892410336471655,LAW_29,74,0.0,0.0,NO_SINK_CAPACITY,True,0.0,24,17.42402587865821,1456
159.13928269177325,PARENT,LAW_29_L24_S910001,NONE,1.9892410336471655,LAW_29,75,0.0,0.0,NO_SINK_CAPACITY,True,0.0,24,17.779758145252675,1472
159.13928269177325,PARENT,LAW_29_L24_S910001,NONE,1.9892410336471655,LAW_29,76,0.0,0.0,NO_SINK_CAPACITY,True,0.0,24,18.115950585193108,1488
159.13928269177325,PARENT,LAW_29_L24_S910001,NONE,1.9892410336471655,LAW_29,78,0.0,0.0,NO_SINK_CAPACITY,True,0.0,24,18.362771047387533,1520
159.13928269177325,PARENT,LAW_29_L24_S910001,NONE,1.9892410336471655,LAW_29,79,0.0,0.0,NO_SINK_CAPACITY,True,0.0,24,18.71483989030028,1536
159.13928269177325,PARENT,LAW_29_L24_S910001,SINK,1.9892410336471655,LAW_29,80,0.4508362269944558,0.4508362269944558,NONE,False,0.4508362269944558,24,19.045946069009332,1552
159.13928269177325,PARENT,LAW_29_L24_S910001,NONE,1.9892410336471655,LAW_29,81,0.0,0.0,NO_SINK_CAPACITY,True,0.0,24,18.979187114477593,1568
159.13928269177325,PARENT,LAW_29_L24_S910001,NONE,1.9892410336471655,LAW_29,82,0.0,0.0,NO_SINK_CAPACITY,True,0.0,24,19.335694501444006,1584
159.13928269177325,PARENT,LAW_29_L24_S910001,NONE,1.9892410336471655,LAW_29,83,0.0,0.0,NO_SINK_CAPACITY,True,0.0,24,19.668719530451153,1600
159.13928269177325,PARENT,LAW_29_L24_S910001,NONE,1.9892410336471655,LAW_29,84,0.0,0.0,NO_SINK_CAPACITY,True,0.0,24,19.98283519425196,1616
159.13928269177325,PARENT,LAW_29_L24_S910001,NONE,1.9892410336471655,LAW_29,85,0.0,0.0,NO_SINK_CAPACITY,True,0.0,24,20.281788919320203,1632
159.13928269177325,PARENT,LAW_29_L24_S910001,NONE,1.9892410336471655,LAW_29,86,0.0,0.0,NO_SINK_CAPACITY,True,0.0,24,20.568453741086156,1648
159.13928269177325,PARENT,LAW_29_L24_S910001,NONE,1.9892410336471655,LAW_29,88,0.0,0.0,NO_SINK_CAPACITY,True,0.0,24,20.735264584668652,1680
159.13928269177325,PARENT,LAW_29_L24_S910001,NONE,1.9892410336471655,LAW_29,90,0.0,0.0,NO_SINK_CAPACITY,True,0.0,24,20.966748839033333,1712
159.13928269177325,PARENT,LAW_29_L24_S910001,NONE,1.9892410336471655,LAW_29,91,0.0,0.0,NO_SINK_CAPACITY,True,0.0,24,21.30321446192902,1728
159.13928269177325,PARENT,LAW_29_L24_S910001,NONE,1.9892410336471655,LAW_29,92,0.0,0.0,NO_SINK_CAPACITY,True,0.0,24,21.61671528026986,1744
159.13928269177325,PARENT,LAW_29_L24_S910001,NONE,1.9892410336471655,LAW_29,93,0.0,0.0,NO_SINK_CAPACITY,True,0.0,24,21.912005203282224,1760
159.13928269177325,PARENT,LAW_29_L24_S910001,NONE,1.9892410336471655,LAW_29,94,0.0,0.0,NO_SINK_CAPACITY,True,0.0,24,22.19270542699177,1776
159.13928269177325,PARENT,LAW_29_L24_S910001,NONE,1.9892410336471655,LAW_29,95,0.0,0.0,NO_SINK_CAPACITY,True,0.0,24,22.461544918625577,1792
159.13928269177325,PARENT,LAW_29_L24_S910001,NONE,1.9892410336471655,LAW_29,96,0.0,0.0,NO_SINK_CAPACITY,True,0.0,24,22.720592338278657,1808
159.13928269177325,PARENT,LAW_29_L24_S910001,NONE,1.9892410336471655,LAW_29,98,0.0,0.0,NO_SINK_CAPACITY,True,0.0,24,22.837509825120957,1840
159.13928269177325,PARENT,LAW_29_L24_S910001,NONE,1.9892410336471655,LAW_29,99,0.0,0.0,NO_SINK_CAPACITY,True,0.0,24,23.13143579216376,1856
159.13928269177325,PARENT,LAW_29_L24_S910001,NONE,1.9892410336471655,LAW_29,100,0.0,0.0,NO_SINK_CAPACITY,True,0.0,24,23.40726376831233,1872
159.13928269177325,PARENT,LAW_29_L24_S910001,NONE,1.9892410336471655,LAW_29,101,0.0,0.0,NO_SINK_CAPACITY,True,0.0,24,23.669002628288624,1888
159.13928269177325,PARENT,LAW_29_L24_S910001,NONE,1.9892410336471655,LAW_29,102,0.0,0.0,NO_SINK_CAPACITY,True,0.0,24,23.919598362631948,1904
159.13928269177325,PARENT,LAW_29_L24_S910001,NONE,1.9892410336471655,LAW_29,103,0.0,0.0,NO_SINK_CAPACITY,True,0.0,24,24.161189955569412,1920
159.13928269177325,PARENT,LAW_29_L24_S910001,SINK,1.9892410336471655,LAW_29,104,0.4508212982575939,0.4508212982575939,NONE,False,0.4508212982575939,24,24.395349258881634,1936
159.13928269177325,PARENT,LAW_29_L24_S910001,NONE,1.9892410336471655,LAW_29,105,0.0,0.0,NO_SINK_CAPACITY,True,0.0,24,24.245271509733783,1952
159.13928269177325,PARENT,LAW_29_L24_S910001,NONE,1.9892410336471655,LAW_29,106,0.0,0.0,NO_SINK_CAPACITY,True,0.0,24,24.52376481448869,1968
159.13928269177325,PARENT,LAW_29_L24_S910001,NONE,1.9892410336471655,LAW_29,107,0.0,0.0,NO_SINK_CAPACITY,True,0.0,24,24.784809459362307,1984
159.13928269177325,PARENT,LAW_29_L24_S910001,NONE,1.9892410336471655,LAW_29,108,0.0,0.0,NO_SINK_CAPACITY,True,0.0,24,25.032345199370784,2000
159.13928269177325,PARENT,LAW_29_L24_S910001,NONE,1.9892410336471655,LAW_29,109,0.0,0.0,NO_SINK_CAPACITY,True,0.0,24,25.269255784734444,2016
159.13928269177325,PARENT,LAW_29_L24_S910001,NONE,1.9892410336471655,LAW_29,111,0.0,0.0,NO_SINK_CAPACITY,True,0.0,24,25.340670391278472,2048
159.13928269177325,PARENT,LAW_29_L24_S910001,NONE,1.9892410336471655,LAW_29,112,0.0,0.0,NO_SINK_CAPACITY,True,0.0,24,25.611705330951388,2064
159.13928269177325,PARENT,LAW_29_L24_S910001,NONE,1.9892410336471655,LAW_29,113,0.0,0.0,NO_SINK_CAPACITY,True,0.0,24,25.86508483976302,2080
159.13928269177325,PARENT,LAW_29_L24_S910001,NONE,1.9892410336471655,LAW_29,114,0.0,0.0,NO_SINK_CAPACITY,True,0.0,24,26.10482573070925,2096
159.13928269177325,PARENT,LAW_29_L24_S910001,NONE,1.9892410336471655,LAW_29,115,0.0,0.0,NO_SINK_CAPACITY,True,0.0,24,26.33386600049041,2112
159.13928269177325,PARENT,LAW_29_L24_S910001,NONE,1.9892410336471655,LAW_29,116,0.0,0.0,NO_SINK_CAPACITY,True,0.0,24,26.554331272824488,2128
159.13928269177325,PARENT,LAW_29_L24_S910001,NONE,1.9892410336471655,LAW_29,117,0.0,0.0,NO_SINK_CAPACITY,True,0.0,24,26.767780207101453,2144
159.13928269177325,PARENT,LAW_29_L24_S910001,NONE,1.9892410336471655,LAW_29,118,0.0,0.0,NO_SINK_CAPACITY,True,0.0,24,26.975375451927203,2160
159.13928269177325,PARENT,LAW_29_L24_S910001,NONE,1.9892410336471655,LAW_29,119,0.0,0.0,NO_SINK_CAPACITY,True,0.0,24,27.177997612499865,2176
159.13928269177325,PARENT,LAW_29_L24_S910001,NONE,1.9892410336471655,LAW_29,120,0.0,0.0,NO_SINK_CAPACITY,True,0.0,24,27.37632310200842,2192
159.13928269177325,PARENT,LAW_29_L24_S910001,NONE,1.9892410336471655,LAW_29,121,0.0,0.0,NO_SINK_CAPACITY,True,0.0,24,27.57087842259878,2208
159.13928269177325,PARENT,LAW_29_L24_S910001,NONE,1.9892410336471655,LAW_29,122,0.0,0.0,NO_SINK_CAPACITY,True,0.0,24,27.762078499037173,2224
159.13928269177325,PARENT,LAW_29_L24_S910001,NONE,1.9892410336471655,LAW_29,124,0.0,0.0,NO_SINK_CAPACITY,True,0.0,24,27.76078625409641,2256
159.13928269177325,PARENT,LAW_29_L24_S910001,NONE,1.9892410336471655,LAW_29,125,0.0,0.0,NO_SINK_CAPACITY,True,0.0,24,28.00081223520378,2272
159.13928269177325,PARENT,LAW_29_L24_S910001,NONE,1.9892410336471655,LAW_29,126,0.0,0.0,NO_SINK_CAPACITY,True,0.0,24,28.22511788095146,2288
159.13928269177325,PARENT,LAW_29_L24_S910001,NONE,1.9892410336471655,LAW_29,127,0.0,0.0,NO_SINK_CAPACITY,True,0.0,24,28.43757951750586,2304
159.13928269177325,PARENT,LAW_29_L24_S910001,NONE,1.9892410336471655,LAW_29,128,0.0,0.0,NO_SINK_CAPACITY,True,0.0,24,28.640932941256693,2320
159.13928269177325,PARENT,LAW_29_L24_S910001,NONE,1.9892410336471655,LAW_29,130,0.0,0.0,NO_SINK_CAPACITY,True,0.0,24,28.649537465539233,2352
159.13928269177325,PARENT,LAW_29_L24_S910001,NONE,1.9892410336471655,LAW_29,131,0.0,0.0,NO_SINK_CAPACITY,True,0.0,24,28.890759784216648,2368
159.13928269177325,PARENT,LAW_29_L24_S910001,NONE,1.9892410336471655,LAW_29,132,0.0,0.0,NO_SINK_CAPACITY,True,0.0,24,29.115121847763827,2384
159.13928269177325,PARENT,LAW_29_L24_S910001,NONE,1.9892410336471655,LAW_29,133,0.0,0.0,NO_SINK_CAPACITY,True,0.0,24,29.326663125991438,2400
159.13928269177325,PARENT,LAW_29_L24_S910001,NONE,1.9892410336471655,LAW_29,134,0.0,0.0,NO_SINK_CAPACITY,True,0.0,24,29.52828596617202,2416
159.13928269177325,PARENT,LAW_29_L24_S910001,NONE,1.9892410336471655,LAW_29,135,0.0,0.0,NO_SINK_CAPACITY,True,0.0,24,29.72205828062647,2432
159.13928269177325,PARENT,LAW_29_L24_S910001,NONE,1.9892410336471655,LAW_29,136,0.0,0.0,NO_SINK_CAPACITY,True,0.0,24,29.909474744196288,2448
159.13928269177325,PARENT,LAW_29_L24_S910001,NONE,1.9892410336471655,LAW_29,139,0.0,0.0,NO_SINK_CAPACITY,True,0.0,24,29.34879284435988,2496
159.13928269177325,PARENT,LAW_29_L24_S910001,NONE,1.9892410336471655,LAW_29,140,0.0,0.0,NO_SINK_CAPACITY,True,0.0,24,29.66618889968274,2512
159.13928269177325,PARENT,LAW_29_L24_S910001,NONE,1.9892410336471655,LAW_29,141,0.0,0.0,NO_SINK_CAPACITY,True,0.0,24,29.949899012296154,2528
159.13928269177325,PARENT,LAW_29_L24_S910001,NONE,1.9892410336471655,LAW_29,142,0.0,0.0,NO_SINK_CAPACITY,True,0.0,24,30.207320899746726,2544
159.13928269177325,PARENT,LAW_29_L24_S910001,NONE,1.9892410336471655,LAW_29,143,0.0,0.0,NO_SINK_CAPACITY,True,0.0,24,30.444354786720456,2560
159.13928269177325,PARENT,LAW_29_L24_S910001,NONE,1.9892410336471655,LAW_29,144,0.0,0.0,NO_SINK_CAPACITY,True,0.0,24,30.665466434774146,2576
159.13928269177325,PARENT,LAW_29_L24_S910001,NONE,1.9892410336471655,LAW_29,145,0.0,0.0,NO_SINK_CAPACITY,True,0.0,24,30.873996699017777,2592
159.13928269177325,PARENT,LAW_29_L24_S910001,NONE,1.9892410336471655,LAW_29,146,0.0,0.0,NO_SINK_CAPACITY,True,0.0,24,31.072445914322063,2608
159.13928269177325,PARENT,LAW_29_L24_S910001,NONE,1.9892410336471655,LAW_29,147,0.0,0.0,NO_SINK_CAPACITY,True,0.0,24,31.262699375349676,2624
159.13928269177325,PARENT,LAW_29_L24_S910001,NONE,1.9892410336471655,LAW_29,148,0.0,0.0,NO_SINK_CAPACITY,True,0.0,24,31.446191925365696,2640
159.13928269177325,PARENT,LAW_29_L24_S910001,NONE,1.9892410336471655,LAW_29,149,0.0,0.0,NO_SINK_CAPACITY,True,0.0,24,31.624026222077394,2656
159.13928269177325,PARENT,LAW_29_L24_S910001,NONE,1.9892410336471655,LAW_29,150,0.0,0.0,NO_SINK_CAPACITY,True,0.0,24,31.797057530055987,2672
159.13928269177325,PARENT,LAW_29_L24_S910001,NONE,1.9892410336471655,LAW_29,151,0.0,0.0,NO_SINK_CAPACITY,True,0.0,24,31.965955537459024,2688
159.13928269177325,PARENT,LAW_29_L24_S910001,NONE,1.9892410336471655,LAW_29,152,0.0,0.0,NO_SINK_CAPACITY,True,0.0,24,32.13124972784234,2704
159.13928269177325,PARENT,LAW_29_L24_S910001,NONE,1.9892410336471655,LAW_29,153,0.0,0.0,NO_SINK_CAPACITY,True,0.0,24,32.293362831432376,2720
159.13928269177325,PARENT,LAW_29_L24_S910001,NONE,1.9892410336471655,LAW_29,154,0.0,0.0,NO_SINK_CAPACITY,True,0.0,24,32.452635714331315,2736
159.13928269177325,PARENT,LAW_29_L24_S910001,NONE,1.9892410336471655,LAW_29,155,0.0,0.0,NO_SINK_CAPACITY,True,0.0,24,32.60934601703556,2752
159.13928269177325,PARENT,LAW_29_L24_S910001,NONE,1.9892410336471655,LAW_29,156,0.0,0.0,NO_SINK_CAPACITY,True,0.0,24,32.76372210325031,2768
159.13928269177325,PARENT,LAW_29_L24_S910001,NONE,1.9892410336471655,LAW_29,157,0.0,0.0,NO_SINK_CAPACITY,True,0.0,24,32.915953660542876,2784
159.13928269177325,PARENT,LAW_29_L24_S910001,NONE,1.9892410336471655,LAW_29,158,0.0,0.0,NO_SINK_CAPACITY,True,0.0,24,33.066199901609394,2800
159.13928269177325,PARENT,LAW_29_L24_S910001,NONE,1.9892410336471655,LAW_29,159,0.0,0.0,NO_SINK_CAPACITY,True,0.0,24,33.21459567657063,2816
159.13928269177325,PARENT,LAW_29_L24_S910001,NONE,1.9892410336471655,LAW_29,160,0.0,0.0,NO_SINK_CAPACITY,True,0.0,24,33.36125628375184,2832
159.13928269177325,PARENT,LAW_29_L24_S910001,NONE,1.9892410336471655,LAW_29,161,0.0,0.0,NO_SINK_CAPACITY,True,0.0,24,33.50628113577872,2848
159.13928269177325,PARENT,LAW_29_L24_S910001,NONE,1.9892410336471655,LAW_29,162,0.0,0.0,NO_SINK_CAPACITY,True,0.0,24,33.64975660832895,2864
159.13928269177325,PARENT,LAW_29_L24_S910001,NONE,1.9892410336471655,LAW_29,163,0.0,0.0,NO_SINK_CAPACITY,True,0.0,24,33.79175818683065,2880
159.13928269177325,PARENT,LAW_29_L24_S910001,NONE,1.9892410336471655,LAW_29,164,0.0,0.0,NO_SINK_CAPACITY,True,0.0,24,33.93235237366286,2896
159.13928269177325,PARENT,LAW_29_L24_S910001,NONE,1.9892410336471655,LAW_29,165,0.0,0.0,NO_SINK_CAPACITY,True,0.0,24,34.071598240877165,2912
159.13928269177325,PARENT,LAW_29_L24_S910001,NONE,1.9892410336471655,LAW_29,166,0.0,0.0,NO_SINK_CAPACITY,True,0.0,24,34.20954863828148,2928
159.13928269177325,PARENT,LAW_29_L24_S910001,NONE,1.9892410336471655,LAW_29,167,0.0,0.0,NO_SINK_CAPACITY,True,0.0,24,34.34625115278365,2944
159.13928269177325,PARENT,LAW_29_L24_S910001,NONE,1.9892410336471655,LAW_29,168,0.0,0.0,NO_SINK_CAPACITY,True,0.0,24,34.48174887659526,2960
159.13928269177325,PARENT,LAW_29_L24_S910001,NONE,1.9892410336471655,LAW_29,169,0.0,0.0,NO_SINK_CAPACITY,True,0.0,24,34.61608104636325,2976
159.13928269177325,PARENT,LAW_29_L24_S910001,NONE,1.9892410336471655,LAW_29,170,0.0,0.0,NO_SINK_CAPACITY,True,0.0,24,34.74928356337135,2992
159.13928269177325,PARENT,LAW_29_L24_S910001,NONE,1.9892410336471655,LAW_29,171,0.0,0.0,NO_SINK_CAPACITY,True,0.0,24,34.88138942378376,3008
159.13928269177325,PARENT,LAW_29_L24_S910001,NONE,1.9892410336471655,LAW_29,172,0.0,0.0,NO_SINK_CAPACITY,True,0.0,24,35.0124290818271,3024
159.13928269177325,PARENT,LAW_29_L24_S910001,NONE,1.9892410336471655,LAW_29,173,0.0,0.0,NO_SINK_CAPACITY,True,0.0,24,35.14243075334639,3040
159.13928269177325,PARENT,LAW_29_L24_S910001,NONE,1.9892410336471655,LAW_29,174,0.0,0.0,NO_SINK_CAPACITY,True,0.0,24,35.27142066768139,3056
159.13928269177325,PARENT,LAW_29_L24_S910001,NONE,1.9892410336471655,LAW_29,175,0.0,0.0,NO_SINK_CAPACITY,True,0.0,24,35.39942329003713,3072
159.13928269177325,PARENT,LAW_29_L24_S910001,NONE,1.9892410336471655,LAW_29,176,0.0,0.0,NO_SINK_CAPACITY,True,0.0,24,35.52646151133617,3088
159.13928269177325,PARENT,LAW_29_L24_S910001,NONE,1.9892410336471655,LAW_29,177,0.0,0.0,NO_SINK_CAPACITY,True,0.0,24,35.65255681238472,3104
159.13928269177325,PARENT,LAW_29_L24_S910001,NONE,1.9892410336471655,LAW_29,178,0.0,0.0,NO_SINK_CAPACITY,True,0.0,24,35.77772940623117,3120
159.13928269177325,PARENT,LAW_29_L24_S910001,NONE,1.9892410336471655,LAW_29,179,0.0,0.0,NO_SINK_CAPACITY,True,0.0,24,35.901998358795154,3136
159.13928269177325,PARENT,LAW_29_L24_S910001,NONE,1.9892410336471655,LAW_29,181,0.0,0.0,NO_SINK_CAPACITY,True,0.0,24,35.77910543078103,3168
159.13928269177325,PARENT,LAW_29_L24_S910001,NONE,1.9892410336471655,LAW_29,183,0.0,0.0,NO_SINK_CAPACITY,True,0.0,24,35.745844913442404,3200
159.13928269177325,PARENT,LAW_29_L24_S910001,NONE,1.9892410336471655,LAW_29,184,0.0,0.0,NO_SINK_CAPACITY,True,0.0,24,35.95408367195481,3216
159.13928269177325,PARENT,LAW_29_L24_S910001,NONE,1.9892410336471655,LAW_29,185,0.0,0.0,NO_SINK_CAPACITY,True,0.0,24,36.14199017289354,3232
159.13928269177325,PARENT,LAW_29_L24_S910001,NONE,1.9892410336471655,LAW_29,186,0.0,0.0,NO_SINK_CAPACITY,True,0.0,24,36.31480537007154,3248
159.13928269177325,PARENT,LAW_29_L24_S910001,NONE,1.9892410336471655,LAW_29,187,0.0,0.0,NO_SINK_CAPACITY,True,0.0,24,36.47624162975344,3264
159.13928269177325,PARENT,LAW_29_L24_S910001,NONE,1.9892410336471655,LAW_29,188,0.0,0.0,NO_SINK_CAPACITY,True,0.0,24,36.62892921918859,3280
159.13928269177325,PARENT,LAW_29_L24_S910001,NONE,1.9892410336471655,LAW_29,189,0.0,0.0,NO_SINK_CAPACITY,True,0.0,24,36.77475878579875,3296
159.13928269177325,PARENT,LAW_29_L24_S910001,NONE,1.9892410336471655,LAW_29,190,0.0,0.0,NO_SINK_CAPACITY,True,0.0,24,36.91511291120546,3312
159.13928269177325,PARENT,LAW_29_L24_S910001,NONE,1.9892410336471655,LAW_29,192,0.0,0.0,NO_SINK_CAPACITY,True,0.0,24,36.80962397278601,3344
159.13928269177325,PARENT,LAW_29_L24_S910001,NONE,1.9892410336471655,LAW_29,193,0.0,0.0,NO_SINK_CAPACITY,True,0.0,24,36.99633109807946,3360
159.13928269177325,PARENT,LAW_29_L24_S910001,NONE,1.9892410336471655,LAW_29,194,0.0,0.0,NO_SINK_CAPACITY,True,0.0,24,37.1665517964505,3376
159.13928269177325,PARENT,LAW_29_L24_S910001,NONE,1.9892410336471655,LAW_29,195,0.0,0.0,NO_SINK_CAPACITY,True,0.0,24,37.324638747402446,3392
159.13928269177325,PARENT,LAW_29_L24_S910001,NONE,1.9892410336471655,LAW_29,196,0.0,0.0,NO_SINK_CAPACITY,True,0.0,24,37.473602580799586,3408
159.13928269177325,PARENT,LAW_29_L24_S910001,NONE,1.9892410336471655,LAW_29,197,0.0,0.0,NO_SINK_CAPACITY,True,0.0,24,37.61553685080704,3424
159.13928269177325,PARENT,LAW_29_L24_S910001,NONE,1.9892410336471655,LAW_29,198,0.0,0.0,NO_SINK_CAPACITY,True,0.0,24,37.75192652662949,3440
159.13928269177325,SINK_FLOOR,LAW_29_L24_S910001,PLANNED,1.9892410336471655,LAW_29,0,1.9892410336471655,1.989241033647165,NONE,False,23.26945162531729,24,29.94129740671913,272
159.13928269177325,SINK_FLOOR,LAW_29_L24_S910001,PLANNED,1.9892410336471655,LAW_29,8,1.9892410336471655,1.9892410336471653,NONE,False,6.638441220109892,24,18.11327293843194,400
159.13928269177325,SINK_FLOOR,LAW_29_L24_S910001,SINK,1.9892410336471655,LAW_29,16,0.20087298738989245,0.20087298738989245,NONE,False,0.20087298738989245,24,16.776153810469612,528
159.13928269177325,SINK_FLOOR,LAW_29_L24_S910001,SINK,1.9892410336471655,LAW_29,24,0.13339498429025476,0.13339498429025476,NONE,False,0.13339498429025476,24,19.567507765403864,656
159.13928269177325,SINK_FLOOR,LAW_29_L24_S910001,SINK,1.9892410336471655,LAW_29,32,0.10121754315635578,0.10121754315635578,NONE,False,0.10121754315635578,24,21.83439880989613,784
159.13928269177325,SINK_FLOOR,LAW_29_L24_S910001,SINK,1.9892410336471655,LAW_29,40,0.08485283234900542,0.08485283234900542,NONE,False,0.08485283234900542,24,23.793314594254383,912
159.13928269177325,SINK_FLOOR,LAW_29_L24_S910001,SINK,1.9892410336471655,LAW_29,48,0.074257284663513,0.074257284663513,NONE,False,0.074257284663513,24,25.537904818596598,1040
159.13928269177325,SINK_FLOOR,LAW_29_L24_S910001,SINK,1.9892410336471655,LAW_29,56,0.06620415966572735,0.06620415966572735,NONE,False,0.06620415966572735,24,27.12757739375695,1168
159.13928269177325,SINK_FLOOR,LAW_29_L24_S910001,SINK,1.9892410336471655,LAW_29,64,0.059612588741592476,0.059612588741592476,NONE,False,0.059612588741592476,24,28.596796699262264,1296
159.13928269177325,SINK_FLOOR,LAW_29_L24_S910001,SINK,1.9892410336471655,LAW_29,72,0.0539431840543374,0.0539431840543374,NONE,False,0.0539431840543374,24,29.967671687536278,1424
159.13928269177325,SINK_FLOOR,LAW_29_L24_S910001,SINK,1.9892410336471655,LAW_29,80,0.048913600553826986,0.048913600553826986,NONE,False,0.048913600553826986,24,31.25572212473351,1552
159.13928269177325,SINK_FLOOR,LAW_29_L24_S910001,SINK,1.9892410336471655,LAW_29,88,0.04481368849855272,0.04481368849855272,NONE,False,0.04481368849855272,24,32.471103170239616,1680
159.13928269177325,SINK_FLOOR,LAW_29_L24_S910001,SINK,1.9892410336471655,LAW_29,96,0.04137780976993688,0.04137780976993688,NONE,False,0.04137780976993688,24,33.620242011859254,1808
159.13928269177325,SINK_FLOOR,LAW_29_L24_S910001,SINK,1.9892410336471655,LAW_29,104,0.038067519755239365,0.038067519755239365,NONE,False,0.038067519755239365,24,34.707986084381275,1936
159.13928269177325,SINK_FLOOR,LAW_29_L24_S910001,SINK,1.9892410336471655,LAW_29,112,0.03492240359096355,0.03492240359096355,NONE,False,0.03492240359096355,24,35.7390046119449,2064
159.13928269177325,SINK_FLOOR,LAW_29_L24_S910001,SINK,1.9892410336471655,LAW_29,120,0.03194716364361738,0.03194716364361738,NONE,False,0.03194716364361738,24,36.71898212312697,2192
159.13928269177325,SINK_FLOOR,LAW_29_L24_S910001,SINK,1.9892410336471655,LAW_29,128,0.02913947281994289,0.02913947281994289,NONE,False,0.02913947281994289,24,37.652486169026005,2320
159.13928269177325,SINK_FLOOR,LAW_29_L24_S910001,SINK,1.9892410336471655,LAW_29,136,0.026494425920684295,0.026494425920684295,NONE,False,0.026494425920684295,24,38.54332348322015,2448
159.13928269177325,SINK_FLOOR,LAW_29_L24_S910001,SINK,1.9892410336471655,LAW_29,144,0.024005984477541764,0.024005984477541764,NONE,False,0.024005984477541764,24,39.394752121043055,2576
159.13928269177325,SINK_FLOOR,LAW_29_L24_S910001,SINK,1.9892410336471655,LAW_29,152,0.021784793787752,0.021784793787752,NONE,False,0.021784793787752,24,40.20951326072549,2704
159.13928269177325,SINK_FLOOR,LAW_29_L24_S910001,SINK,1.9892410336471655,LAW_29,160,0.020029517076846304,0.020029517076846304,NONE,False,0.020029517076846304,24,40.98894279360691,2832
159.13928269177325,SINK_FLOOR,LAW_29_L24_S910001,SINK,1.9892410336471655,LAW_29,168,0.01831276588721087,0.01831276588721087,NONE,False,0.01831276588721087,24,41.73577142622143,2960
159.13928269177325,SINK_FLOOR,LAW_29_L24_S910001,SINK,1.9892410336471655,LAW_29,176,0.016661222939394427,0.016661222939394427,NONE,False,0.016661222939394427,24,42.45258818479708,3088
159.13928269177325,SINK_FLOOR,LAW_29_L24_S910001,SINK,1.9892410336471655,LAW_29,184,0.015085191211727578,0.015085191211727578,NONE,False,0.015085191211727578,24,43.14135208211837,3216
159.13928269177325,SINK_FLOOR,LAW_29_L24_S910001,SINK,1.9892410336471655,LAW_29,192,0.013587622421597612,0.013587622421597612,NONE,False,0.013587622421597612,24,43.8037450144654,3344
159.13928269177325,SINK_FLOOR,LAW_29_L24_S910001,SINK,1.9892410336471655,LAW_29,200,0.012168289511224395,0.012168289511224395,NONE,False,0.012168289511224395,24,44.441261012136415,3472
159.13928269177325,SINK_FLOOR,LAW_29_L24_S910001,SINK,1.9892410336471655,LAW_29,208,0.010828520590011048,0.010828520590011048,NONE,False,0.010828520590011048,24,45.05524799017373,3600
159.13928269177325,SINK_FLOOR,LAW_29_L24_S910001,SINK,1.9892410336471655,LAW_29,216,0.009757460233937199,0.009757460233937199,NONE,False,0.009757460233937199,24,45.64648594479469,3728
159.13928269177325,SINK_FLOOR,LAW_29_L24_S910001,SINK,1.9892410336471655,LAW_29,224,0.008708197136685913,0.008708197136685913,NONE,False,0.008708197136685913,24,46.21615219861003,3856
159.13928269177325,SINK_FLOOR,LAW_29_L24_S910001,SINK,1.9892410336471655,LAW_29,232,0.007752970800949721,0.007752970800949721,NONE,False,0.007752970800949721,24,46.21514579858508,3984
159.13928269177325,SINK_FLOOR,LAW_29_L24_S910001,SINK,1.9892410336471655,LAW_29,240,0.006920003952190168,0.006920003952190168,NONE,False,0.006920003952190168,24,46.74420542305498,4112
159.13928269177325,SINK_FLOOR,LAW_29_L24_S910001,SINK,1.9892410336471655,LAW_29,248,0.0061075048041565605,0.0061075048041565605,NONE,False,0.0061075048041565605,24,47.25485549935088,4240
159.13928269177325,SINK_FLOOR,LAW_29_L24_S910001,SINK,1.9892410336471655,LAW_29,256,0.005324949779917487,0.005324949779917487,NONE,False,0.005324949779917487,24,47.748076897929,4368
159.13928269177325,SINK_FLOOR,LAW_29_L24_S910001,SINK,1.9892410336471655,LAW_29,264,0.00463234100034049,0.00463234100034049,NONE,False,0.00463234100034049,24,48.22465972340046,4496
159.13928269177325,SINK_FLOOR,LAW_29_L24_S910001,SINK,1.9892410336471655,LAW_29,272,0.004051198349945051,0.004051198349945051,NONE,False,0.004051198349945051,24,48.68493938233163,4624
159.13928269177325,SINK_FLOOR,LAW_29_L24_S910001,SINK,1.9892410336471655,LAW_29,280,0.0034766461511142044,0.0034766461511142044,NONE,False,0.0034766461511142044,24,49.12985926402503,4752
159.13928269177325,SINK_FLOOR,LAW_29_L24_S910001,SINK,1.9892410336471655,LAW_29,288,0.002918151394775803,0.002918151394775803,NONE,False,0.002918151394775803,24,49.56019679087732,4880
159.13928269177325,SINK_FLOOR,LAW_29_L24_S910001,SINK,1.9892410336471655,LAW_29,296,0.0024033279193563795,0.0024033279193563795,NONE,False,0.0024033279193563795,24,49.9765949744304,5008
159.13928269177325,SINK_FLOOR,LAW_29_L24_S910001,SINK,1.9892410336471655,LAW_29,304,0.0019896604632909654,0.0019896604632909654,NONE,False,0.0019896604632909654,24,50.37933436731687,5136
159.13928269177325,SINK_FLOOR,LAW_29_L24_S910001,SINK,1.9892410336471655,LAW_29,312,0.0016282544125553189,0.0016282544125553189,NONE,False,0.0016282544125553189,24,50.76904561776892,5264
158.515444999356,PARENT,LAW_29_L24_S910002,PLANNED,1.98144306249195,LAW_29,0,1.98144306249195,1.98144306249195,NONE,False,80.97639262098184,24,25.92164636283917,272
158.515444999356,PARENT,LAW_29_L24_S910002,PLANNED,1.98144306249195,LAW_29,8,1.98144306249195,1.98144306249195,NONE,False,57.81840842591323,24,14.68734218616826,400
158.515444999356,PARENT,LAW_29_L24_S910002,PLANNED,1.98144306249195,LAW_29,16,1.98144306249195,1.98144306249195,NONE,False,34.767221689544805,24,4.141797822365543,528
158.515444999356,PARENT,LAW_29_L24_S910002,SOURCE,1.98144306249195,LAW_29,24,0.7490273427677091,0.7490273427677091,NONE,False,19.81636004896684,24,0.7490273427677091,656
158.515444999356,PARENT,LAW_29_L24_S910002,SOURCE,1.98144306249195,LAW_29,32,0.7610600883976517,0.7610600883976517,NONE,False,10.9643705710116,24,0.7610600883976517,784
158.515444999356,PARENT,LAW_29_L24_S910002,SOURCE,1.98144306249195,LAW_29,40,0.9984570059961476,0.9984570059961477,NONE,False,5.0792602979949315,24,0.9984570059961476,912
158.515444999356,PARENT,LAW_29_L24_S910002,SINK,1.98144306249195,LAW_29,48,0.4510592659302371,0.4510592659302371,NONE,False,0.4510592659302371,24,1.7067180085790634,1040
158.515444999356,PARENT,LAW_29_L24_S910002,NONE,1.98144306249195,LAW_29,51,0.0,0.0,NO_SINK_CAPACITY,True,0.0,24,2.802020821935844,1088
158.515444999356,PARENT,LAW_29_L24_S910002,NONE,1.98144306249195,LAW_29,54,0.0,0.0,NO_SINK_CAPACITY,True,0.0,24,3.916616310060447,1136
158.515444999356,PARENT,LAW_29_L24_S910002,NONE,1.98144306249195,LAW_29,55,0.0,0.0,NO_SINK_CAPACITY,True,0.0,24,4.643481222150254,1152
158.515444999356,PARENT,LAW_29_L24_S910002,SINK,1.98144306249195,LAW_29,56,1.3641695137543992,1.3641695137543992,NONE,False,1.3641695137543992,24,5.2978045118427195,1168
158.515444999356,PARENT,LAW_29_L24_S910002,NONE,1.98144306249195,LAW_29,59,0.0,0.0,NO_SINK_CAPACITY,True,0.0,24,4.234678471543559,1216
158.515444999356,PARENT,LAW_29_L24_S910002,NONE,1.98144306249195,LAW_29,60,0.0,0.0,NO_SINK_CAPACITY,True,0.0,24,5.028105162294113,1232
158.515444999356,PARENT,LAW_29_L24_S910002,NONE,1.98144306249195,LAW_29,61,0.0,0.0,NO_SINK_CAPACITY,True,0.0,24,5.728276614627031,1248
158.515444999356,PARENT,LAW_29_L24_S910002,NONE,1.98144306249195,LAW_29,64,0.0,0.0,NO_SINK_CAPACITY,True,0.0,24,6.764930303759987,1296
158.515444999356,PARENT,LAW_29_L24_S910002,NONE,1.98144306249195,LAW_29,65,0.0,0.0,NO_SINK_CAPACITY,True,0.0,24,7.363699040565895,1312
158.515444999356,PARENT,LAW_29_L24_S910002,NONE,1.98144306249195,LAW_29,66,0.0,0.0,NO_SINK_CAPACITY,True,0.0,24,7.909086974072004,1328
158.515444999356,PARENT,LAW_29_L24_S910002,NONE,1.98144306249195,LAW_29,67,0.0,0.0,NO_SINK_CAPACITY,True,0.0,24,8.412805404820517,1344
158.515444999356,PARENT,LAW_29_L24_S910002,NONE,1.98144306249195,LAW_29,68,0.0,0.0,NO_SINK_CAPACITY,True,0.0,24,8.883388842596604,1360
158.515444999356,PARENT,LAW_29_L24_S910002,NONE,1.98144306249195,LAW_29,69,0.0,0.0,NO_SINK_CAPACITY,True,0.0,24,9.327075863955585,1376
158.515444999356,PARENT,LAW_29_L24_S910002,NONE,1.98144306249195,LAW_29,72,0.0,0.0,NO_SINK_CAPACITY,True,0.0,24,9.457637218242269,1424
158.515444999356,PARENT,LAW_29_L24_S910002,NONE,1.98144306249195,LAW_29,73,0.0,0.0,NO_SINK_CAPACITY,True,0.0,24,9.983992007971395,1440
158.515444999356,PARENT,LAW_29_L24_S910002,NONE,1.98144306249195,LAW_29,75,0.0,0.0,NO_SINK_CAPACITY,True,0.0,24,10.146383679124828,1472
158.515444999356,PARENT,LAW_29_L24_S910002,NONE,1.98144306249195,LAW_29,76,0.0,0.0,NO_SINK_CAPACITY,True,0.0,24,10.66957818409695,1488
158.515444999356,PARENT,LAW_29_L24_S910002,NONE,1.98144306249195,LAW_29,77,0.0,0.0,NO_SINK_CAPACITY,True,0.0,24,11.141971143813798,1504
158.515444999356,PARENT,LAW_29_L24_S910002,NONE,1.98144306249195,LAW_29,80,0.0,0.0,NO_SINK_CAPACITY,True,0.0,24,11.670612635764382,1552
158.515444999356,PARENT,LAW_29_L24_S910002,NONE,1.98144306249195,LAW_29,81,0.0,0.0,NO_SINK_CAPACITY,True,0.0,24,12.136034152924585,1568
158.515444999356,PARENT,LAW_29_L24_S910002,NONE,1.98144306249195,LAW_29,82,0.0,0.0,NO_SINK_CAPACITY,True,0.0,24,12.560648124918918,1584
158.515444999356,PARENT,LAW_29_L24_S910002,NONE,1.98144306249195,LAW_29,83,0.0,0.0,NO_SINK_CAPACITY,True,0.0,24,12.954104297923667,1600
158.515444999356,PARENT,LAW_29_L24_S910002,NONE,1.98144306249195,LAW_29,84,0.0,0.0,NO_SINK_CAPACITY,True,0.0,24,13.323305347897062,1616
158.515444999356,PARENT,LAW_29_L24_S910002,NONE,1.98144306249195,LAW_29,85,0.0,0.0,NO_SINK_CAPACITY,True,0.0,24,13.673191005372995,1632
158.515444999356,PARENT,LAW_29_L24_S910002,NONE,1.98144306249195,LAW_29,86,0.0,0.0,NO_SINK_CAPACITY,True,0.0,24,14.007346046824983,1648
158.515444999356,PARENT,LAW_29_L24_S910002,NONE,1.98144306249195,LAW_29,87,0.0,0.0,NO_SINK_CAPACITY,True,0.0,24,14.328417620737033,1664
158.515444999356,PARENT,LAW_29_L24_S910002,SINK,1.98144306249195,LAW_29,88,0.4506907777742922,0.4506907777742922,NONE,False,0.4506907777742922,24,14.63839588739451,1680
158.515444999356,PARENT,LAW_29_L24_S910002,NONE,1.98144306249195,LAW_29,89,0.0,0.0,NO_SINK_CAPACITY,True,0.0,24,14.562497430098237,1696
158.515444999356,PARENT,LAW_29_L24_S910002,NONE,1.98144306249195,LAW_29,90,0.0,0.0,NO_SINK_CAPACITY,True,0.0,24,14.91196679301358,1712
158.515444999356,PARENT,LAW_29_L24_S910002,NONE,1.98144306249195,LAW_29,91,0.0,0.0,NO_SINK_CAPACITY,True,0.0,24,15.24095234252056,1728
158.515444999356,PARENT,LAW_29_L24_S910002,NONE,1.98144306249195,LAW_29,93,0.0,0.0,NO_SINK_CAPACITY,True,0.0,24,15.097836708542568,1760
158.515444999356,PARENT,LAW_29_L24_S910002,NONE,1.98144306249195,LAW_29,94,0.0,0.0,NO_SINK_CAPACITY,True,0.0,24,15.496473359365607,1776
158.515444999356,PARENT,LAW_29_L24_S910002,NONE,1.98144306249195,LAW_29,95,0.0,0.0,NO_SINK_CAPACITY,True,0.0,24,15.85876843110621,1792
158.515444999356,PARENT,LAW_29_L24_S910002,SINK,1.98144306249195,LAW_29,96,0.45028175186277153,0.45028175186277153,NONE,False,0.45028175186277153,24,16.19351629154798,1808
158.515444999356,PARENT,LAW_29_L24_S910002,NONE,1.98144306249195,LAW_29,97,0.0,0.0,NO_SINK_CAPACITY,True,0.0,24,16.129869462633383,1824
158.515444999356,PARENT,LAW_29_L24_S910002,NONE,1.98144306249195,LAW_29,98,0.0,0.0,NO_SINK_CAPACITY,True,0.0,24,16.483475569787174,1840
158.515444999356,PARENT,LAW_29_L24_S910002,NONE,1.98144306249195,LAW_29,100,0.0,0.0,NO_SINK_CAPACITY,True,0.0,24,16.743025373268097,1872
158.515444999356,PARENT,LAW_29_L24_S910002,NONE,1.98144306249195,LAW_29,101,0.0,0.0,NO_SINK_CAPACITY,True,0.0,24,17.0908513272683,1888
158.515444999356,PARENT,LAW_29_L24_S910002,NONE,1.98144306249195,LAW_29,102,0.0,0.0,NO_SINK_CAPACITY,True,0.0,24,17.41146646020463,1904
158.515444999356,PARENT,LAW_29_L24_S910002,NONE,1.98144306249195,LAW_29,103,0.0,0.0,NO_SINK_CAPACITY,True,0.0,24,17.711407547683287,1920
158.515444999356,PARENT,LAW_29_L24_S910002,NONE,1.98144306249195,LAW_29,104,0.0,0.0,NO_SINK_CAPACITY,True,0.0,24,17.995330661316494,1936
158.515444999356,PARENT,LAW_29_L24_S910002,NONE,1.98144306249195,LAW_29,105,0.0,0.0,NO_SINK_CAPACITY,True,0.0,24,18.266544766927556,1952
158.515444999356,PARENT,LAW_29_L24_S910002,NONE,1.98144306249195,LAW_29,106,0.0,0.0,NO_SINK_CAPACITY,True,0.0,24,18.527436168819257,1968
158.515444999356,PARENT,LAW_29_L24_S910002,NONE,1.98144306249195,LAW_29,109,0.0,0.0,NO_SINK_CAPACITY,True,0.0,24,18.56336987077665,2016
158.515444999356,PARENT,LAW_29_L24_S910002,NONE,1.98144306249195,LAW_29,110,0.0,0.0,NO_SINK_CAPACITY,True,0.0,24,18.89176238874316,2032
158.515444999356,PARENT,LAW_29_L24_S910002,NONE,1.98144306249195,LAW_29,111,0.0,0.0,NO_SINK_CAPACITY,True,0.0,24,19.193491502808527,2048
158.515444999356,PARENT,LAW_29_L24_S910002,NONE,1.98144306249195,LAW_29,112,0.0,0.0,NO_SINK_CAPACITY,True,0.0,24,19.475100227601686,2064
158.515444999356,PARENT,LAW_29_L24_S910002,NONE,1.98144306249195,LAW_29,113,0.0,0.0,NO_SINK_CAPACITY,True,0.0,24,19.741230990551646,2080
158.515444999356,PARENT,LAW_29_L24_S910002,NONE,1.98144306249195,LAW_29,114,0.0,0.0,NO_SINK_CAPACITY,True,0.0,24,19.995160139949288,2096
158.515444999356,PARENT,LAW_29_L24_S910002,NONE,1.98144306249195,LAW_29,116,0.0,0.0,NO_SINK_CAPACITY,True,0.0,24,20.10178065120891,2128
158.515444999356,PARENT,LAW_29_L24_S910002,NONE,1.98144306249195,LAW_29,117,0.0,0.0,NO_SINK_CAPACITY,True,0.0,24,20.389916375247125,2144
158.515444999356,PARENT,LAW_29_L24_S910002,NONE,1.98144306249195,LAW_29,118,0.0,0.0,NO_SINK_CAPACITY,True,0.0,24,20.658020948059022,2160
158.515444999356,PARENT,LAW_29_L24_S910002,NONE,1.98144306249195,LAW_29,119,0.0,0.0,NO_SINK_CAPACITY,True,0.0,24,20.910758576762117,2176
158.515444999356,PARENT,LAW_29_L24_S910002,NONE,1.98144306249195,LAW_29,120,0.0,0.0,NO_SINK_CAPACITY,True,0.0,24,21.151503830732743,2192
158.515444999356,PARENT,LAW_29_L24_S910002,NONE,1.98144306249195,LAW_29,121,0.0,0.0,NO_SINK_CAPACITY,True,0.0,24,21.382669405119692,2208
158.515444999356,PARENT,LAW_29_L24_S910002,NONE,1.98144306249195,LAW_29,122,0.0,0.0,NO_SINK_CAPACITY,True,0.0,24,21.606002650595183,2224
158.515444999356,PARENT,LAW_29_L24_S910002,NONE,1.98144306249195,LAW_29,123,0.0,0.0,NO_SINK_CAPACITY,True,0.0,24,21.822791415546675,2240
158.515444999356,PARENT,LAW_29_L24_S910002,NONE,1.98144306249195,LAW_29,124,0.0,0.0,NO_SINK_CAPACITY,True,0.0,24,22.03400168853284,2256
158.515444999356,PARENT,LAW_29_L24_S910002,NONE,1.98144306249195,LAW_29,125,0.0,0.0,NO_SINK_CAPACITY,True,0.0,24,22.240370537669058,2272
158.515444999356,PARENT,LAW_29_L24_S910002,NONE,1.98144306249195,LAW_29,127,0.0,0.0,NO_SINK_CAPACITY,True,0.0,24,22.261921643176354,2304
158.515444999356,PARENT,LAW_29_L24_S910002,NONE,1.98144306249195,LAW_29,128,0.0,0.0,NO_SINK_CAPACITY,True,0.0,24,22.512544914934164,2320
158.515444999356,PARENT,LAW_29_L24_S910002,NONE,1.98144306249195,LAW_29,129,0.0,0.0,NO_SINK_CAPACITY,True,0.0,24,22.7476527210612,2336
158.515444999356,PARENT,LAW_29_L24_S910002,NONE,1.98144306249195,LAW_29,131,0.0,0.0,NO_SINK_CAPACITY,True,0.0,24,22.409687420014507,2368
158.515444999356,PARENT,LAW_29_L24_S910002,NONE,1.98144306249195,LAW_29,132,0.0,0.0,NO_SINK_CAPACITY,True,0.0,24,22.714305907871818,2384
158.515444999356,PARENT,LAW_29_L24_S910002,NONE,1.98144306249195,LAW_29,133,0.0,0.0,NO_SINK_CAPACITY,True,0.0,24,22.990522362272973,2400
158.515444999356,PARENT,LAW_29_L24_S910002,NONE,1.98144306249195,LAW_29,134,0.0,0.0,NO_SINK_CAPACITY,True,0.0,24,23.245163361282888,2416
158.515444999356,PARENT,LAW_29_L24_S910002,NONE,1.98144306249195,LAW_29,135,0.0,0.0,NO_SINK_CAPACITY,True,0.0,24,23.48329314285433,2432
158.515444999356,PARENT,LAW_29_L24_S910002,NONE,1.98144306249195,LAW_29,136,0.0,0.0,NO_SINK_CAPACITY,True,0.0,24,23.70855465055493,2448
158.515444999356,PARENT,LAW_29_L24_S910002,NONE,1.98144306249195,LAW_29,138,0.0,0.0,NO_SINK_CAPACITY,True,0.0,24,23.363939283130236,2480
158.515444999356,PARENT,LAW_29_L24_S910002,NONE,1.98144306249195,LAW_29,139,0.0,0.0,NO_SINK_CAPACITY,True,0.0,24,23.667913976772688,2496
158.515444999356,PARENT,LAW_29_L24_S910002,NONE,1.98144306249195,LAW_29,140,0.0,0.0,NO_SINK_CAPACITY,True,0.0,24,23.941983717226712,2512
158.515444999356,PARENT,LAW_29_L24_S910002,NONE,1.98144306249195,LAW_29,141,0.0,0.0,NO_SINK_CAPACITY,True,0.0,24,24.19350757369826,2528
158.515444999356,PARENT,LAW_29_L24_S910002,NONE,1.98144306249195,LAW_29,142,0.0,0.0,NO_SINK_CAPACITY,True,0.0,24,24.427908818035622,2544
158.515444999356,PARENT,LAW_29_L24_S910002,NONE,1.98144306249195,LAW_29,143,0.0,0.0,NO_SINK_CAPACITY,True,0.0,24,24.649058605446324,2560
158.515444999356,PARENT,LAW_29_L24_S910002,NONE,1.98144306249195,LAW_29,144,0.0,0.0,NO_SINK_CAPACITY,True,0.0,24,24.85972270763236,2576
158.515444999356,PARENT,LAW_29_L24_S910002,NONE,1.98144306249195,LAW_29,146,0.0,0.0,NO_SINK_CAPACITY,True,0.0,24,24.88329657342412,2608
158.515444999356,PARENT,LAW_29_L24_S910002,NONE,1.98144306249195,LAW_29,147,0.0,0.0,NO_SINK_CAPACITY,True,0.0,24,25.130917404271905,2624
158.515444999356,PARENT,LAW_29_L24_S910002,NONE,1.98144306249195,LAW_29,148,0.0,0.0,NO_SINK_CAPACITY,True,0.0,24,25.35980953711494,2640
158.515444999356,PARENT,LAW_29_L24_S910002,NONE,1.98144306249195,LAW_29,149,0.0,0.0,NO_SINK_CAPACITY,True,0.0,24,25.574312247121263,2656
158.515444999356,PARENT,LAW_29_L24_S910002,NONE,1.98144306249195,LAW_29,150,0.0,0.0,NO_SINK_CAPACITY,True,0.0,24,25.777606654401595,2672
158.515444999356,PARENT,LAW_29_L24_S910002,NONE,1.98144306249195,LAW_29,151,0.0,0.0,NO_SINK_CAPACITY,True,0.0,24,25.971990876727915,2688
158.515444999356,PARENT,LAW_29_L24_S910002,NONE,1.98144306249195,LAW_29,152,0.0,0.0,NO_SINK_CAPACITY,True,0.0,24,26.159140845023305,2704
158.515444999356,PARENT,LAW_29_L24_S910002,NONE,1.98144306249195,LAW_29,153,0.0,0.0,NO_SINK_CAPACITY,True,0.0,24,26.34029861228496,2720
158.515444999356,PARENT,LAW_29_L24_S910002,NONE,1.98144306249195,LAW_29,154,0.0,0.0,NO_SINK_CAPACITY,True,0.0,24,26.516399111761352,2736
158.515444999356,PARENT,LAW_29_L24_S910002,NONE,1.98144306249195,LAW_29,155,0.0,0.0,NO_SINK_CAPACITY,True,0.0,24,26.68815677757236,2752
158.515444999356,PARENT,LAW_29_L24_S910002,NONE,1.98144306249195,LAW_29,156,0.0,0.0,NO_SINK_CAPACITY,True,0.0,24,26.856125702284913,2768
158.515444999356,PARENT,LAW_29_L24_S910002,NONE,1.98144306249195,LAW_29,157,0.0,0.0,NO_SINK_CAPACITY,True,0.0,24,27.020741830306832,2784
158.515444999356,PARENT,LAW_29_L24_S910002,NONE,1.98144306249195,LAW_29,158,0.0,0.0,NO_SINK_CAPACITY,True,0.0,24,27.182353060143246,2800
158.515444999356,PARENT,LAW_29_L24_S910002,NONE,1.98144306249195,LAW_29,159,0.0,0.0,NO_SINK_CAPACITY,True,0.0,24,27.341240920840086,2816
158.515444999356,PARENT,LAW_29_L24_S910002,NONE,1.98144306249195,LAW_29,160,0.0,0.0,NO_SINK_CAPACITY,True,0.0,24,27.49763631037738,2832
158.515444999356,PARENT,LAW_29_L24_S910002,NONE,1.98144306249195,LAW_29,161,0.0,0.0,NO_SINK_CAPACITY,True,0.0,24,27.651731003267827,2848
158.515444999356,PARENT,LAW_29_L24_S910002,NONE,1.98144306249195,LAW_29,162,0.0,0.0,NO_SINK_CAPACITY,True,0.0,24,27.80368643470943,2864
158.515444999356,PARENT,LAW_29_L24_S910002,NONE,1.98144306249195,LAW_29,163,0.0,0.0,NO_SINK_CAPACITY,True,0.0,24,27.95364004637092,2880
158.515444999356,PARENT,LAW_29_L24_S910002,NONE,1.98144306249195,LAW_29,164,0.0,0.0,NO_SINK_CAPACITY,True,0.0,24,28.101709897598756,2896
158.515444999356,PARENT,LAW_29_L24_S910002,NONE,1.98144306249195,LAW_29,165,0.0,0.0,NO_SINK_CAPACITY,True,0.0,24,28.24799841708513,2912
158.515444999356,PARENT,LAW_29_L24_S910002,NONE,1.98144306249195,LAW_29,166,0.0,0.0,NO_SINK_CAPACITY,True,0.0,24,28.392595369513945,2928
158.515444999356,PARENT,LAW_29_L24_S910002,NONE,1.98144306249195,LAW_29,168,0.0,0.0,NO_SINK_CAPACITY,True,0.0,24,28.30127385596289,2960
158.515444999356,PARENT,LAW_29_L24_S910002,NONE,1.98144306249195,LAW_29,169,0.0,0.0,NO_SINK_CAPACITY,True,0.0,24,28.49815262210944,2976
158.515444999356,PARENT,LAW_29_L24_S910002,NONE,1.98144306249195,LAW_29,170,0.0,0.0,NO_SINK_CAPACITY,True,0.0,24,28.680372689557984,2992
158.515444999356,PARENT,LAW_29_L24_S910002,NONE,1.98144306249195,LAW_29,171,0.0,0.0,NO_SINK_CAPACITY,True,0.0,24,28.8516183341525,3008
158.515444999356,PARENT,LAW_29_L24_S910002,NONE,1.98144306249195,LAW_29,172,0.0,0.0,NO_SINK_CAPACITY,True,0.0,24,29.014515373435042,3024
158.515444999356,PARENT,LAW_29_L24_S910002,NONE,1.98144306249195,LAW_29,173,0.0,0.0,NO_SINK_CAPACITY,True,0.0,24,29.170915004402623,3040
158.515444999356,PARENT,LAW_29_L24_S910002,NONE,1.98144306249195,LAW_29,174,0.0,0.0,NO_SINK_CAPACITY,True,0.0,24,29.322138335629976,3056
158.515444999356,PARENT,LAW_29_L24_S910002,NONE,1.98144306249195,LAW_29,175,0.0,0.0,NO_SINK_CAPACITY,True,0.0,24,29.46914578577234,3072
158.515444999356,PARENT,LAW_29_L24_S910002,NONE,1.98144306249195,LAW_29,176,0.0,0.0,NO_SINK_CAPACITY,True,0.0,24,29.612647599199576,3088
158.515444999356,PARENT,LAW_29_L24_S910002,NONE,1.98144306249195,LAW_29,177,0.0,0.0,NO_SINK_CAPACITY,True,0.0,24,29.75317753090656,3104
158.515444999356,PARENT,LAW_29_L24_S910002,NONE,1.98144306249195,LAW_29,179,0.0,0.0,NO_SINK_CAPACITY,True,0.0,24,29.650567904240237,3136
158.515444999356,PARENT,LAW_29_L24_S910002,NONE,1.98144306249195,LAW_29,180,0.0,0.0,NO_SINK_CAPACITY,True,0.0,24,29.840675963640223,3152
158.515444999356,PARENT,LAW_29_L24_S910002,NONE,1.98144306249195,LAW_29,181,0.0,0.0,NO_SINK_CAPACITY,True,0.0,24,30.015894336523754,3168
158.515444999356,PARENT,LAW_29_L24_S910002,NONE,1.98144306249195,LAW_29,182,0.0,0.0,NO_SINK_CAPACITY,True,0.0,24,30.17996518914072,3184
158.515444999356,PARENT,LAW_29_L24_S910002,NONE,1.98144306249195,LAW_29,183,0.0,0.0,NO_SINK_CAPACITY,True,0.0,24,30.335557760761493,3200
158.515444999356,PARENT,LAW_29_L24_S910002,NONE,1.98144306249195,LAW_29,184,0.0,0.0,NO_SINK_CAPACITY,True,0.0,24,30.484559448539308,3216
158.515444999356,PARENT,LAW_29_L24_S910002,NONE,1.98144306249195,LAW_29,185,0.0,0.0,NO_SINK_CAPACITY,True,0.0,24,30.62832227783203,3232
158.515444999356,PARENT,LAW_29_L24_S910002,NONE,1.98144306249195,LAW_29,186,0.0,0.0,NO_SINK_CAPACITY,True,0.0,24,30.767832434408994,3248
158.515444999356,PARENT,LAW_29_L24_S910002,NONE,1.98144306249195,LAW_29,187,0.0,0.0,NO_SINK_CAPACITY,True,0.0,24,30.903821360283867,3264
158.515444999356,PARENT,LAW_29_L24_S910002,NONE,1.98144306249195,LAW_29,188,0.0,0.0,NO_SINK_CAPACITY,True,0.0,24,31.036840144790652,3280
158.515444999356,PARENT,LAW_29_L24_S910002,NONE,1.98144306249195,LAW_29,189,0.0,0.0,NO_SINK_CAPACITY,True,0.0,24,31.16730963809114,3296
158.515444999356,PARENT,LAW_29_L24_S910002,NONE,1.98144306249195,LAW_29,190,0.0,0.0,NO_SINK_CAPACITY,True,0.0,24,31.295555352749783,3312
158.515444999356,PARENT,LAW_29_L24_S910002,NONE,1.98144306249195,LAW_29,191,0.0,0.0,NO_SINK_CAPACITY,True,0.0,24,31.421832269929425,3328
158.515444999356,PARENT,LAW_29_L24_S910002,NONE,1.98144306249195,LAW_29,192,0.0,0.0,NO_SINK_CAPACITY,True,0.0,24,31.54634254022676,3344
158.515444999356,PARENT,LAW_29_L24_S910002,NONE,1.98144306249195,LAW_29,193,0.0,0.0,NO_SINK_CAPACITY,True,0.0,24,31.669248318184373,3360
158.515444999356,PARENT,LAW_29_L24_S910002,NONE,1.98144306249195,LAW_29,194,0.0,0.0,NO_SINK_CAPACITY,True,0.0,24,31.790681238135154,3376
158.515444999356,PARENT,LAW_29_L24_S910002,NONE,1.98144306249195,LAW_29,195,0.0,0.0,NO_SINK_CAPACITY,True,0.0,24,31.910749467428392,3392
158.515444999356,PARENT,LAW_29_L24_S910002,NONE,1.98144306249195,LAW_29,197,0.0,0.0,NO_SINK_CAPACITY,True,0.0,24,31.77285334785936,3424
158.515444999356,PARENT,LAW_29_L24_S910002,NONE,1.98144306249195,LAW_29,198,0.0,0.0,NO_SINK_CAPACITY,True,0.0,24,31.94668578772008,3440
158.515444999356,PARENT,LAW_29_L24_S910002,NONE,1.98144306249195,LAW_29,199,0.0,0.0,NO_SINK_CAPACITY,True,0.0,24,32.105848747375056,3456
158.515444999356,PARENT,LAW_29_L24_S910002,NONE,1.98144306249195,LAW_29,200,0.0,0.0,NO_SINK_CAPACITY,True,0.0,24,32.2542180950691,3472
158.515444999356,PARENT,LAW_29_L24_S910002,NONE,1.98144306249195,LAW_29,201,0.0,0.0,NO_SINK_CAPACITY,True,0.0,24,32.394508796116085,3488
158.515444999356,PARENT,LAW_29_L24_S910002,NONE,1.98144306249195,LAW_29,202,0.0,0.0,NO_SINK_CAPACITY,True,0.0,24,32.52861126380364,3504
158.515444999356,PARENT,LAW_29_L24_S910002,NONE,1.98144306249195,LAW_29,203,0.0,0.0,NO_SINK_CAPACITY,True,0.0,24,32.65786111030071,3520
158.515444999356,PARENT,LAW_29_L24_S910002,NONE,1.98144306249195,LAW_29,204,0.0,0.0,NO_SINK_CAPACITY,True,0.0,24,32.783221120816684,3536
158.515444999356,PARENT,LAW_29_L24_S910002,NONE,1.98144306249195,LAW_29,205,0.0,0.0,NO_SINK_CAPACITY,True,0.0,24,32.90539756951822,3552
158.515444999356,PARENT,LAW_29_L24_S910002,NONE,1.98144306249195,LAW_29,207,0.0,0.0,NO_SINK_CAPACITY,True,0.0,24,32.76633871170347,3584
158.515444999356,PARENT,LAW_29_L24_S910002,NONE,1.98144306249195,LAW_29,208,0.0,0.0,NO_SINK_CAPACITY,True,0.0,24,32.93822614986088,3600
158.515444999356,PARENT,LAW_29_L24_S910002,NONE,1.98144306249195,LAW_29,209,0.0,0.0,NO_SINK_CAPACITY,True,0.0,24,33.09511237794689,3616
158.515444999356,PARENT,LAW_29_L24_S910002,NONE,1.98144306249195,LAW_29,210,0.0,0.0,NO_SINK_CAPACITY,True,0.0,24,33.240883936552024,3632
158.515444999356,PARENT,LAW_29_L24_S910002,NONE,1.98144306249195,LAW_29,211,0.0,0.0,NO_SINK_CAPACITY,True,0.0,24,33.37828912414305,3648
158.515444999356,PARENT,LAW_29_L24_S910002,NONE,1.98144306249195,LAW_29,212,0.0,0.0,NO_SINK_CAPACITY,True,0.0,24,33.50925598095505,3664
158.515444999356,PARENT,LAW_29_L24_S910002,NONE,1.98144306249195,LAW_29,214,0.0,0.0,NO_SINK_CAPACITY,True,0.0,24,33.37979703982035,3696
158.515444999356,PARENT,LAW_29_L24_S910002,NONE,1.98144306249195,LAW_29,215,0.0,0.0,NO_SINK_CAPACITY,True,0.0,24,33.553925431142716,3712
158.515444999356,PARENT,LAW_29_L24_S910002,NONE,1.98144306249195,LAW_29,216,0.0,0.0,NO_SINK_CAPACITY,True,0.0,24,33.712375198037726,3728
158.515444999356,PARENT,LAW_29_L24_S910002,NONE,1.98144306249195,LAW_29,217,0.0,0.0,NO_SINK_CAPACITY,True,0.0,24,33.85910517993857,3744
158.515444999356,PARENT,LAW_29_L24_S910002,NONE,1.98144306249195,LAW_29,218,0.0,0.0,NO_SINK_CAPACITY,True,0.0,24,33.99693849539223,3760
158.515444999356,PARENT,LAW_29_L24_S910002,NONE,1.98144306249195,LAW_29,219,0.0,0.0,NO_SINK_CAPACITY,True,0.0,24,34.127877718424436,3776
158.515444999356,PARENT,LAW_29_L24_S910002,NONE,1.98144306249195,LAW_29,220,0.0,0.0,NO_SINK_CAPACITY,True,0.0,24,34.25336426981351,3792
158.515444999356,PARENT,LAW_29_L24_S910002,NONE,1.98144306249195,LAW_29,221,0.0,0.0,NO_SINK_CAPACITY,True,0.0,24,34.37445475089948,3808
158.515444999356,PARENT,LAW_29_L24_S910002,NONE,1.98144306249195,LAW_29,222,0.0,0.0,NO_SINK_CAPACITY,True,0.0,24,34.491935651111504,3824
158.515444999356,PARENT,LAW_29_L24_S910002,NONE,1.98144306249195,LAW_29,223,0.0,0.0,NO_SINK_CAPACITY,True,0.0,24,34.60640082230097,3840
158.515444999356,PARENT,LAW_29_L24_S910002,NONE,1.98144306249195,LAW_29,224,0.0,0.0,NO_SINK_CAPACITY,True,0.0,24,34.71830467254785,3856
158.515444999356,PARENT,LAW_29_L24_S910002,NONE,1.98144306249195,LAW_29,225,0.0,0.0,NO_SINK_CAPACITY,True,0.0,24,34.827999257679565,3872
158.515444999356,PARENT,LAW_29_L24_S910002,NONE,1.98144306249195,LAW_29,226,0.0,0.0,NO_SINK_CAPACITY,True,0.0,24,34.93576061750127,3888
158.515444999356,PARENT,LAW_29_L24_S910002,NONE,1.98144306249195,LAW_29,227,0.0,0.0,NO_SINK_CAPACITY,True,0.0,24,35.04180778910813,3904
158.515444999356,PARENT,LAW_29_L24_S910002,NONE,1.98144306249195,LAW_29,228,0.0,0.0,NO_SINK_CAPACITY,True,0.0,24,35.14631639547818,3920
158.515444999356,PARENT,LAW_29_L24_S910002,NONE,1.98144306249195,LAW_29,229,0.0,0.0,NO_SINK_CAPACITY,True,0.0,24,35.24942878398191,3936
158.515444999356,PARENT,LAW_29_L24_S910002,NONE,1.98144306249195,LAW_29,230,0.0,0.0,NO_SINK_CAPACITY,True,0.0,24,35.35126170883983,3952
158.515444999356,PARENT,LAW_29_L24_S910002,NONE,1.98144306249195,LAW_29,231,0.0,0.0,NO_SINK_CAPACITY,True,0.0,24,35.45191199034763,3968
158.515444999356,PARENT,LAW_29_L24_S910002,NONE,1.98144306249195,LAW_29,232,0.0,0.0,NO_SINK_CAPACITY,True,0.0,24,35.55146080624359,3984
158.515444999356,SINK_FLOOR,LAW_29_L24_S910002,PLANNED,1.98144306249195,LAW_29,0,1.98144306249195,1.9814430624919497,NONE,False,26.587291883176356,24,25.92164636283917,272
158.515444999356,SINK_FLOOR,LAW_29_L24_S910002,PLANNED,1.98144306249195,LAW_29,8,1.98144306249195,1.9814430624919508,NONE,False,9.821514873823293,24,14.681221253113572,400
158.515444999356,SINK_FLOOR,LAW_29_L24_S910002,SINK,1.98144306249195,LAW_29,16,0.2234344388760796,0.2234344388760796,NONE,False,0.2234344388760796,24,10.041216575851292,528
158.515444999356,SINK_FLOOR,LAW_29_L24_S910002,SINK,1.98144306249195,LAW_29,24,0.1571525198638749,0.1571525198638749,NONE,False,0.1571525198638749,24,12.977851342503195,656
158.515444999356,SINK_FLOOR,LAW_29_L24_S910002,SINK,1.98144306249195,LAW_29,32,0.1289316250137923,0.1289316250137923,NONE,False,0.1289316250137923,24,15.354287327793898,784
158.515444999356,SINK_FLOOR,LAW_29_L24_S910002,SINK,1.98144306249195,LAW_29,40,0.11074387033823285,0.11074387033823285,NONE,False,0.11074387033823285,24,17.426569546969475,912
158.515444999356,SINK_FLOOR,LAW_29_L24_S910002,SINK,1.98144306249195,LAW_29,48,0.09759826074728228,0.09759826074728228,NONE,False,0.09759826074728228,24,19.278380076830565,1040
158.515444999356,SINK_FLOOR,LAW_29_L24_S910002,SINK,1.98144306249195,LAW_29,56,0.08747198972195391,0.08747198972195391,NONE,False,0.08747198972195391,24,20.962737542755235,1168
158.515444999356,SINK_FLOOR,LAW_29_L24_S910002,SINK,1.98144306249195,LAW_29,64,0.07859186611417812,0.07859186611417812,NONE,False,0.07859186611417812,24,22.516169794668738,1296
158.515444999356,SINK_FLOOR,LAW_29_L24_S910002,SINK,1.98144306249195,LAW_29,72,0.0707140218406872,0.0707140218406872,NONE,False,0.0707140218406872,24,23.958580594991997,1424
158.515444999356,SINK_FLOOR,LAW_29_L24_S910002,SINK,1.98144306249195,LAW_29,80,0.06367549490133029,0.06367549490133029,NONE,False,0.06367549490133029,24,25.306136167893474,1552
158.515444999356,SINK_FLOOR,LAW_29_L24_S910002,SINK,1.98144306249195,LAW_29,88,0.05735079366804363,0.05735079366804363,NONE,False,0.05735079366804363,24,26.570901498947975,1680
158.515444999356,SINK_FLOOR,LAW_29_L24_S910002,SINK,1.98144306249195,LAW_29,96,0.05164139168459558,0.05164139168459558,NONE,False,0.05164139168459558,24,27.76236328939921,1808
158.515444999356,SINK_FLOOR,LAW_29_L24_S910002,SINK,1.98144306249195,LAW_29,104,0.04705552272449165,0.04705552272449165,NONE,False,0.04705552272449165,24,28.887562058970243,1936
158.515444999356,SINK_FLOOR,LAW_29_L24_S910002,SINK,1.98144306249195,LAW_29,112,0.04309450743025389,0.04309450743025389,NONE,False,0.04309450743025389,24,29.950591019506025,2064
158.515444999356,SINK_FLOOR,LAW_29_L24_S910002,SINK,1.98144306249195,LAW_29,120,0.039356993273420016,0.039356993273420016,NONE,False,0.039356993273420016,24,30.95903174470878,2192
158.515444999356,SINK_FLOOR,LAW_29_L24_S910002,SINK,1.98144306249195,LAW_29,128,0.035862684413946466,0.035862684413946466,NONE,False,0.035862684413946466,24,31.9181043685669,2320
158.515444999356,SINK_FLOOR,LAW_29_L24_S910002,SINK,1.98144306249195,LAW_29,136,0.032605373855660535,0.032605373855660535,NONE,False,0.032605373855660535,24,32.82841403225563,2448
158.515444999356,SINK_FLOOR,LAW_29_L24_S910002,SINK,1.98144306249195,LAW_29,144,0.029572096121079583,0.029572096121079583,NONE,False,0.029572096121079583,24,33.69269538507489,2576
158.515444999356,SINK_FLOOR,LAW_29_L24_S910002,SINK,1.98144306249195,LAW_29,152,0.0267480087320342,0.0267480087320342,NONE,False,0.0267480087320342,24,34.5150821329439,2704
158.515444999356,SINK_FLOOR,LAW_29_L24_S910002,SINK,1.98144306249195,LAW_29,160,0.024155990489158063,0.024155990489158063,NONE,False,0.024155990489158063,24,35.299113558790296,2832
158.515444999356,SINK_FLOOR,LAW_29_L24_S910002,SINK,1.98144306249195,LAW_29,168,0.02216984747700823,0.02216984747700823,NONE,False,0.02216984747700823,24,36.04679489503742,2960
158.515444999356,SINK_FLOOR,LAW_29_L24_S910002,SINK,1.98144306249195,LAW_29,176,0.020291862775843716,0.020291862775843716,NONE,False,0.020291862775843716,24,36.760713892743254,3088
158.515444999356,SINK_FLOOR,LAW_29_L24_S910002,SINK,1.98144306249195,LAW_29,184,0.01848725921694727,0.01848725921694727,NONE,False,0.01848725921694727,24,37.44415379397296,3216
158.515444999356,SINK_FLOOR,LAW_29_L24_S910002,SINK,1.98144306249195,LAW_29,192,0.01676912227103433,0.01676912227103433,NONE,False,0.01676912227103433,24,38.099453541923495,3344
158.515444999356,SINK_FLOOR,LAW_29_L24_S910002,SINK,1.98144306249195,LAW_29,200,0.015140135895570284,0.015140135895570284,NONE,False,0.015140135895570284,24,38.17816618731253,3472
158.515444999356,SINK_FLOOR,LAW_29_L24_S910002,SINK,1.98144306249195,LAW_29,208,0.013599219076488867,0.013599219076488867,NONE,False,0.013599219076488867,24,38.78198585696401,3600
158.515444999356,SINK_FLOOR,LAW_29_L24_S910002,SINK,1.98144306249195,LAW_29,216,0.012143598595086735,0.012143598595086735,NONE,False,0.012143598595086735,24,39.362860885931134,3728
158.515444999356,SINK_FLOOR,LAW_29_L24_S910002,SINK,1.98144306249195,LAW_29,224,0.010769702515138868,0.010769702515138868,NONE,False,0.010769702515138868,24,39.37136794729428,3856
158.515444999356,SINK_FLOOR,LAW_29_L24_S910002,SINK,1.98144306249195,LAW_29,232,0.009774867668059128,0.009774867668059128,NONE,False,0.009774867668059128,24,39.90885931765451,3984
158.515444999356,SINK_FLOOR,LAW_29_L24_S910002,SINK,1.98144306249195,LAW_29,240,0.008841243199448234,0.008841243199448234,NONE,False,0.008841243199448234,24,40.42616703511091,4112
158.515444999356,SINK_FLOOR,LAW_29_L24_S910002,SINK,1.98144306249195,LAW_29,248,0.007926155341715257,0.007926155341715257,NONE,False,0.007926155341715257,24,40.92495743211792,4240
158.515444999356,SINK_FLOOR,LAW_29_L24_S910002,SINK,1.98144306249195,LAW_29,256,0.007041609314836328,0.007041609314836328,NONE,False,0.007041609314836328,24,41.40633924032244,4368
158.515444999356,SINK_FLOOR,LAW_29_L24_S910002,SINK,1.98144306249195,LAW_29,264,0.006191785557714824,0.006191785557714824,NONE,False,0.006191785557714824,24,41.87122990175278,4496
158.515444999356,SINK_FLOOR,LAW_29_L24_S910002,SINK,1.98144306249195,LAW_29,272,0.005378011827128937,0.005378011827128937,NONE,False,0.005378011827128937,24,42.32043973978159,4624
158.515444999356,SINK_FLOOR,LAW_29_L24_S910002,SINK,1.98144306249195,LAW_29,280,0.00460028720692407,0.00460028720692407,NONE,False,0.00460028720692407,24,42.754702786189114,4752
158.515444999356,SINK_FLOOR,LAW_29_L24_S910002,SINK,1.98144306249195,LAW_29,288,0.003976720269260214,0.003976720269260214,NONE,False,0.003976720269260214,24,43.1744832137478,4880
158.515444999356,SINK_FLOOR,LAW_29_L24_S910002,SINK,1.98144306249195,LAW_29,296,0.003459060282809845,0.003459060282809845,NONE,False,0.003459060282809845,24,43.580147896735305,5008
158.515444999356,SINK_FLOOR,LAW_29_L24_S910002,SINK,1.98144306249195,LAW_29,304,0.0029951570145354545,0.0029951570145354545,NONE,False,0.0029951570145354545,24,43.97223578150227,5136
158.515444999356,SINK_FLOOR,LAW_29_L24_S910002,SINK,1.98144306249195,LAW_29,312,0.0025302668743055756,0.0025302668743055756,NONE,False,0.0025302668743055756,24,44.35161831772631,5264
156.0732105118502,PARENT,LAW_29_L24_S910003,PLANNED,1.9509151313981274,LAW_29,0,1.9509151313981274,1.9509151313981274,NONE,False,82.25508157963723,24,27.63692844585632,272
156.0732105118502,PARENT,LAW_29_L24_S910003,PLANNED,1.9509151313981274,LAW_29,8,1.9509151313981274,1.9509151313981272,NONE,False,59.655844794144684,24,16.572536891845875,400
156.0732105118502,PARENT,LAW_29_L24_S910003,PLANNED,1.9509151313981274,LAW_29,16,1.9509151313981274,1.9509151313981277,NONE,False,37.629495855484734,24,6.027045955560539,528
156.0732105118502,PARENT,LAW_29_L24_S910003,SOURCE,1.9509151313981274,LAW_29,24,0.7900212952743708,0.7900212952743708,NONE,False,21.09968622324607,24,0.7900212952743708,656
156.0732105118502,PARENT,LAW_29_L24_S910003,SOURCE,1.9509151313981274,LAW_29,32,0.8236832899696961,0.8236832899696961,NONE,False,11.47759824605189,24,0.8236832899696961,784
156.0732105118502,PARENT,LAW_29_L24_S910003,SOURCE,1.9509151313981274,LAW_29,40,0.9978078812684026,0.9978078812684026,NONE,False,4.832750922111835,24,0.9978078812684026,912
156.0732105118502,PARENT,LAW_29_L24_S910003,SINK,1.9509151313981274,LAW_29,48,0.9311040745471473,0.9311040745471473,NONE,False,0.9311040745471473,24,1.758085109244604,1040
156.0732105118502,PARENT,LAW_29_L24_S910003,NONE,1.9509151313981274,LAW_29,50,0.0,0.0,NO_SINK_CAPACITY,True,0.0,24,2.4241590540771636,1072
156.0732105118502,PARENT,LAW_29_L24_S910003,NONE,1.9509151313981274,LAW_29,55,0.0,0.0,NO_SINK_CAPACITY,True,0.0,24,2.675827478450924,1152
156.0732105118502,PARENT,LAW_29_L24_S910003,NONE,1.9509151313981274,LAW_29,56,0.0,0.0,NO_SINK_CAPACITY,True,0.0,24,3.5900425561368756,1168
156.0732105118502,PARENT,LAW_29_L24_S910003,NONE,1.9509151313981274,LAW_29,57,0.0,0.0,NO_SINK_CAPACITY,True,0.0,24,4.388901051823469,1184
156.0732105118502,PARENT,LAW_29_L24_S910003,NONE,1.9509151313981274,LAW_29,59,0.0,0.0,NO_SINK_CAPACITY,True,0.0,24,4.970011106389458,1216
156.0732105118502,PARENT,LAW_29_L24_S910003,NONE,1.9509151313981274,LAW_29,60,0.0,0.0,NO_SINK_CAPACITY,True,0.0,24,5.670958091308793,1232
156.0732105118502,PARENT,LAW_29_L24_S910003,NONE,1.9509151313981274,LAW_29,61,0.0,0.0,NO_SINK_CAPACITY,True,0.0,24,6.3001274614714635,1248
156.0732105118502,PARENT,LAW_29_L24_S910003,NONE,1.9509151313981274,LAW_29,64,0.0,0.0,NO_SINK_CAPACITY,True,0.0,24,6.0823628873311115,1296
156.0732105118502,PARENT,LAW_29_L24_S910003,NONE,1.9509151313981274,LAW_29,66,0.0,0.0,NO_SINK_CAPACITY,True,0.0,24,6.981845147241326,1328
156.0732105118502,PARENT,LAW_29_L24_S910003,NONE,1.9509151313981274,LAW_29,67,0.0,0.0,NO_SINK_CAPACITY,True,0.0,24,7.590502077810091,1344
156.0732105118502,PARENT,LAW_29_L24_S910003,NONE,1.9509151313981274,LAW_29,68,0.0,0.0,NO_SINK_CAPACITY,True,0.0,24,8.141519436097287,1360
156.0732105118502,PARENT,LAW_29_L24_S910003,NONE,1.9509151313981274,LAW_29,69,0.0,0.0,NO_SINK_CAPACITY,True,0.0,24,8.647621530623654,1376
156.0732105118502,PARENT,LAW_29_L24_S910003,NONE,1.9509151313981274,LAW_29,70,0.0,0.0,NO_SINK_CAPACITY,True,0.0,24,9.118100091356768,1392
156.0732105118502,PARENT,LAW_29_L24_S910003,NONE,1.9509151313981274,LAW_29,71,0.0,0.0,NO_SINK_CAPACITY,True,0.0,24,9.559799382131636,1408
156.0732105118502,PARENT,LAW_29_L24_S910003,SINK,1.9509151313981274,LAW_29,72,1.3593179357838032,1.3593179357838032,NONE,False,1.3593179357838032,24,9.97783630935363,1424
156.0732105118502,PARENT,LAW_29_L24_S910003,NONE,1.9509151313981274,LAW_29,73,0.0,0.0,NO_SINK_CAPACITY,True,0.0,24,9.236928670986,1440
156.0732105118502,PARENT,LAW_29_L24_S910003,NONE,1.9509151313981274,LAW_29,74,0.0,0.0,NO_SINK_CAPACITY,True,0.0,24,9.782355228546013,1456
156.0732105118502,PARENT,LAW_29_L24_S910003,NONE,1.9509151313981274,LAW_29,76,0.0,0.0,NO_SINK_CAPACITY,True,0.0,24,9.952297822632723,1488
156.0732105118502,PARENT,LAW_29_L24_S910003,NONE,1.9509151313981274,LAW_29,77,0.0,0.0,NO_SINK_CAPACITY,True,0.0,24,10.473360214209777,1504
156.0732105118502,PARENT,LAW_29_L24_S910003,NONE,1.9509151313981274,LAW_29,79,0.0,0.0,NO_SINK_CAPACITY,True,0.0,24,9.79474644084187,1536
156.0732105118502,PARENT,LAW_29_L24_S910003,NONE,1.9509151313981274,LAW_29,80,0.0,0.0,NO_SINK_CAPACITY,True,0.0,24,10.371486231027397,1552
156.0732105118502,PARENT,LAW_29_L24_S910003,NONE,1.9509151313981274,LAW_29,81,0.0,0.0,NO_SINK_CAPACITY,True,0.0,24,10.882317399123108,1568
156.0732105118502,PARENT,LAW_29_L24_S910003,NONE,1.9509151313981274,LAW_29,82,0.0,0.0,NO_SINK_CAPACITY,True,0.0,24,11.342963112759643,1584
156.0732105118502,PARENT,LAW_29_L24_S910003,NONE,1.9509151313981274,LAW_29,83,0.0,0.0,NO_SINK_CAPACITY,True,0.0,24,11.765530610293132,1600
156.0732105118502,PARENT,LAW_29_L24_S910003,NONE,1.9509151313981274,LAW_29,84,0.0,0.0,NO_SINK_CAPACITY,True,0.0,24,12.15882858819328,1616
156.0732105118502,PARENT,LAW_29_L24_S910003,NONE,1.9509151313981274,LAW_29,85,0.0,0.0,NO_SINK_CAPACITY,True,0.0,24,12.529193501158115,1632
156.0732105118502,PARENT,LAW_29_L24_S910003,NONE,1.9509151313981274,LAW_29,86,0.0,0.0,NO_SINK_CAPACITY,True,0.0,24,12.881202934701182,1648
156.0732105118502,PARENT,LAW_29_L24_S910003,NONE,1.9509151313981274,LAW_29,87,0.0,0.0,NO_SINK_CAPACITY,True,0.0,24,13.218199073131409,1664
156.0732105118502,PARENT,LAW_29_L24_S910003,NONE,1.9509151313981274,LAW_29,88,0.0,0.0,NO_SINK_CAPACITY,True,0.0,24,13.54265596040291,1680
156.0732105118502,PARENT,LAW_29_L24_S910003,NONE,1.9509151313981274,LAW_29,89,0.0,0.0,NO_SINK_CAPACITY,True,0.0,24,13.856433064109353,1696
156.0732105118502,PARENT,LAW_29_L24_S910003,NONE,1.9509151313981274,LAW_29,91,0.0,0.0,NO_SINK_CAPACITY,True,0.0,24,14.086893900640378,1728
156.0732105118502,PARENT,LAW_29_L24_S910003,NONE,1.9509151313981274,LAW_29,92,0.0,0.0,NO_SINK_CAPACITY,True,0.0,24,14.437185276124268,1744
156.0732105118502,PARENT,LAW_29_L24_S910003,NONE,1.9509151313981274,LAW_29,94,0.0,0.0,NO_SINK_CAPACITY,True,0.0,24,14.320538627348926,1776
156.0732105118502,PARENT,LAW_29_L24_S910003,NONE,1.9509151313981274,LAW_29,95,0.0,0.0,NO_SINK_CAPACITY,True,0.0,24,14.729392607907162,1792
156.0732105118502,PARENT,LAW_29_L24_S910003,NONE,1.9509151313981274,LAW_29,96,0.0,0.0,NO_SINK_CAPACITY,True,0.0,24,15.101200255054152,1808
156.0732105118502,PARENT,LAW_29_L24_S910003,NONE,1.9509151313981274,LAW_29,97,0.0,0.0,NO_SINK_CAPACITY,True,0.0,24,15.444793866089812,1824
156.0732105118502,PARENT,LAW_29_L24_S910003,NONE,1.9509151313981274,LAW_29,99,0.0,0.0,NO_SINK_CAPACITY,True,0.0,24,15.695398757922646,1856
156.0732105118502,PARENT,LAW_29_L24_S910003,NONE,1.9509151313981274,LAW_29,100,0.0,0.0,NO_SINK_CAPACITY,True,0.0,24,16.043127657766536,1872
156.0732105118502,PARENT,LAW_29_L24_S910003,NONE,1.9509151313981274,LAW_29,101,0.0,0.0,NO_SINK_CAPACITY,True,0.0,24,16.36658648511033,1888
156.0732105118502,PARENT,LAW_29_L24_S910003,NONE,1.9509151313981274,LAW_29,102,0.0,0.0,NO_SINK_CAPACITY,True,0.0,24,16.67118737018918,1904
156.0732105118502,PARENT,LAW_29_L24_S910003,NONE,1.9509151313981274,LAW_29,103,0.0,0.0,NO_SINK_CAPACITY,True,0.0,24,16.960904429377436,1920
156.0732105118502,PARENT,LAW_29_L24_S910003,NONE,1.9509151313981274,LAW_29,104,0.0,0.0,NO_SINK_CAPACITY,True,0.0,24,17.2386214036923,1936
156.0732105118502,PARENT,LAW_29_L24_S910003,NONE,1.9509151313981274,LAW_29,105,0.0,0.0,NO_SINK_CAPACITY,True,0.0,24,17.50645082938514,1952
156.0732105118502,PARENT,LAW_29_L24_S910003,NONE,1.9509151313981274,LAW_29,106,0.0,0.0,NO_SINK_CAPACITY,True,0.0,24,17.765962069526044,1968
156.0732105118502,PARENT,LAW_29_L24_S910003,NONE,1.9509151313981274,LAW_29,108,0.0,0.0,NO_SINK_CAPACITY,True,0.0,24,17.896602848239308,2000
156.0732105118502,PARENT,LAW_29_L24_S910003,NONE,1.9509151313981274,LAW_29,110,0.0,0.0,NO_SINK_CAPACITY,True,0.0,24,18.09738647931191,2032
156.0732105118502,PARENT,LAW_29_L24_S910003,NONE,1.9509151313981274,LAW_29,111,0.0,0.0,NO_SINK_CAPACITY,True,0.0,24,18.41523500181811,2048
156.0732105118502,PARENT,LAW_29_L24_S910003,NONE,1.9509151313981274,LAW_29,112,0.0,0.0,NO_SINK_CAPACITY,True,0.0,24,18.709404427205808,2064
156.0732105118502,PARENT,LAW_29_L24_S910003,NONE,1.9509151313981274,LAW_29,113,0.0,0.0,NO_SINK_CAPACITY,True,0.0,24,18.985438894975225,2080
156.0732105118502,PARENT,LAW_29_L24_S910003,NONE,1.9509151313981274,LAW_29,114,0.0,0.0,NO_SINK_CAPACITY,True,0.0,24,19.247342479437677,2096
156.0732105118502,PARENT,LAW_29_L24_S910003,NONE,1.9509151313981274,LAW_29,115,0.0,0.0,NO_SINK_CAPACITY,True,0.0,24,19.497986296320928,2112
156.0732105118502,PARENT,LAW_29_L24_S910003,NONE,1.9509151313981274,LAW_29,116,0.0,0.0,NO_SINK_CAPACITY,True,0.0,24,19.73945412184528,2128
156.0732105118502,PARENT,LAW_29_L24_S910003,NONE,1.9509151313981274,LAW_29,117,0.0,0.0,NO_SINK_CAPACITY,True,0.0,24,19.973282503339078,2144
156.0732105118502,PARENT,LAW_29_L24_S910003,NONE,1.9509151313981274,LAW_29,118,0.0,0.0,NO_SINK_CAPACITY,True,0.0,24,20.200622697880235,2160
156.0732105118502,PARENT,LAW_29_L24_S910003,SINK,1.9509151313981274,LAW_29,120,0.45011249099456135,0.45011249099456135,NONE,False,0.45011249099456135,24,20.27160710319802,2192
156.0732105118502,PARENT,LAW_29_L24_S910003,NONE,1.9509151313981274,LAW_29,122,0.0,0.0,NO_SINK_CAPACITY,True,0.0,24,20.098274705443544,2224
156.0732105118502,PARENT,LAW_29_L24_S910003,NONE,1.9509151313981274,LAW_29,123,0.0,0.0,NO_SINK_CAPACITY,True,0.0,24,20.43946204686726,2240
156.0732105118502,PARENT,LAW_29_L24_S910003,NONE,1.9509151313981274,LAW_29,124,0.0,0.0,NO_SINK_CAPACITY,True,0.0,24,20.74457614981025,2256
156.0732105118502,PARENT,LAW_29_L24_S910003,NONE,1.9509151313981274,LAW_29,125,0.0,0.0,NO_SINK_CAPACITY,True,0.0,24,21.023243074396085,2272
156.0732105118502,PARENT,LAW_29_L24_S910003,NONE,1.9509151313981274,LAW_29,126,0.0,0.0,NO_SINK_CAPACITY,True,0.0,24,21.282127552643686,2288
156.0732105118502,PARENT,LAW_29_L24_S910003,NONE,1.9509151313981274,LAW_29,127,0.0,0.0,NO_SINK_CAPACITY,True,0.0,24,21.525874784207204,2304
156.0732105118502,PARENT,LAW_29_L24_S910003,NONE,1.9509151313981274,LAW_29,128,0.0,0.0,NO_SINK_CAPACITY,True,0.0,24,21.757767996548026,2320
156.0732105118502,PARENT,LAW_29_L24_S910003,NONE,1.9509151313981274,LAW_29,129,0.0,0.0,NO_SINK_CAPACITY,True,0.0,24,21.98016639744046,2336
156.0732105118502,PARENT,LAW_29_L24_S910003,NONE,1.9509151313981274,LAW_29,130,0.0,0.0,NO_SINK_CAPACITY,True,0.0,24,22.194792004899913,2352
156.0732105118502,PARENT,LAW_29_L24_S910003,NONE,1.9509151313981274,LAW_29,131,0.0,0.0,NO_SINK_CAPACITY,True,0.0,24,22.402921551506587,2368
156.0732105118502,PARENT,LAW_29_L24_S910003,NONE,1.9509151313981274,LAW_29,133,0.0,0.0,NO_SINK_CAPACITY,True,0.0,24,22.435036874582654,2400
156.0732105118502,PARENT,LAW_29_L24_S910003,NONE,1.9509151313981274,LAW_29,134,0.0,0.0,NO_SINK_CAPACITY,True,0.0,24,22.690094634719177,2416
156.0732105118502,PARENT,LAW_29_L24_S910003,NONE,1.9509151313981274,LAW_29,135,0.0,0.0,NO_SINK_CAPACITY,True,0.0,24,22.926229674288507,2432
156.0732105118502,PARENT,LAW_29_L24_S910003,NONE,1.9509151313981274,LAW_29,136,0.0,0.0,NO_SINK_CAPACITY,True,0.0,24,23.148025345460148,2448
156.0732105118502,PARENT,LAW_29_L24_S910003,NONE,1.9509151313981274,LAW_29,137,0.0,0.0,NO_SINK_CAPACITY,True,0.0,24,23.358811228477897,2464
156.0732105118502,PARENT,LAW_29_L24_S910003,NONE,1.9509151313981274,LAW_29,138,0.0,0.0,NO_SINK_CAPACITY,True,0.0,24,23.560963849860762,2480
156.0732105118502,PARENT,LAW_29_L24_S910003,NONE,1.9509151313981274,LAW_29,139,0.0,0.0,NO_SINK_CAPACITY,True,0.0,24,23.756189543921845,2496
156.0732105118502,PARENT,LAW_29_L24_S910003,NONE,1.9509151313981274,LAW_29,140,0.0,0.0,NO_SINK_CAPACITY,True,0.0,24,23.945730114071,2512
156.0732105118502,PARENT,LAW_29_L24_S910003,NONE,1.9509151313981274,LAW_29,141,0.0,0.0,NO_SINK_CAPACITY,True,0.0,24,24.130502008017643,2528
156.0732105118502,PARENT,LAW_29_L24_S910003,NONE,1.9509151313981274,LAW_29,142,0.0,0.0,NO_SINK_CAPACITY,True,0.0,24,24.311191612036094,2544
156.0732105118502,PARENT,LAW_29_L24_S910003,NONE,1.9509151313981274,LAW_29,143,0.0,0.0,NO_SINK_CAPACITY,True,0.0,24,24.4883208313885,2560
156.0732105118502,PARENT,LAW_29_L24_S910003,NONE,1.9509151313981274,LAW_29,144,0.0,0.0,NO_SINK_CAPACITY,True,0.0,24,24.66229257789812,2576
156.0732105118502,PARENT,LAW_29_L24_S910003,NONE,1.9509151313981274,LAW_29,146,0.0,0.0,NO_SINK_CAPACITY,True,0.0,24,24.630289168405124,2608
156.0732105118502,PARENT,LAW_29_L24_S910003,NONE,1.9509151313981274,LAW_29,148,0.0,0.0,NO_SINK_CAPACITY,True,0.0,24,24.69551009449959,2640
156.0732105118502,PARENT,LAW_29_L24_S910003,NONE,1.9509151313981274,LAW_29,149,0.0,0.0,NO_SINK_CAPACITY,True,0.0,24,24.95207304711891,2656
156.0732105118502,PARENT,LAW_29_L24_S910003,NONE,1.9509151313981274,LAW_29,150,0.0,0.0,NO_SINK_CAPACITY,True,0.0,24,25.184475567528313,2672
156.0732105118502,PARENT,LAW_29_L24_S910003,NONE,1.9509151313981274,LAW_29,151,0.0,0.0,NO_SINK_CAPACITY,True,0.0,24,25.39878023198405,2688
156.0732105118502,PARENT,LAW_29_L24_S910003,NONE,1.9509151313981274,LAW_29,152,0.0,0.0,NO_SINK_CAPACITY,True,0.0,24,25.599300007050473,2704
156.0732105118502,PARENT,LAW_29_L24_S910003,NONE,1.9509151313981274,LAW_29,154,0.0,0.0,NO_SINK_CAPACITY,True,0.0,24,25.19855402782693,2736
156.0732105118502,PARENT,LAW_29_L24_S910003,NONE,1.9509151313981274,LAW_29,155,0.0,0.0,NO_SINK_CAPACITY,True,0.0,24,25.47350072241949,2752
156.0732105118502,PARENT,LAW_29_L24_S910003,NONE,1.9509151313981274,LAW_29,156,0.0,0.0,NO_SINK_CAPACITY,True,0.0,24,25.720399287329627,2768
156.0732105118502,PARENT,LAW_29_L24_S910003,NONE,1.9509151313981274,LAW_29,157,0.0,0.0,NO_SINK_CAPACITY,True,0.0,24,25.94595594801443,2784
156.0732105118502,SINK_FLOOR,LAW_29_L24_S910003,PLANNED,1.9509151313981274,LAW_29,0,1.9509151313981274,1.9509151313981274,NONE,False,27.382226961928616,24,27.63692844585632,272
156.0732105118502,SINK_FLOOR,LAW_29_L24_S910003,PLANNED,1.9509151313981274,LAW_29,8,1.9509151313981274,1.9509151313981268,NONE,False,10.814790228255585,24,16.568306594228247,400
156.0732105118502,SINK_FLOOR,LAW_29_L24_S910003,SINK,1.9509151313981274,LAW_29,16,0.22526491957418604,0.22526491957418604,NONE,False,0.22526491957418604,24,10.805981376212456,528
156.0732105118502,SINK_FLOOR,LAW_29_L24_S910003,SINK,1.9509151313981274,LAW_29,24,0.15440613327942698,0.15440613327942698,NONE,False,0.15440613327942698,24,13.686755799062642,656
156.0732105118502,SINK_FLOOR,LAW_29_L24_S910003,SINK,1.9509151313981274,LAW_29,32,0.12735560306698646,0.12735560306698646,NONE,False,0.12735560306698646,24,15.417235647634675,784
156.0732105118502,SINK_FLOOR,LAW_29_L24_S910003,SINK,1.9509151313981274,LAW_29,40,0.11031233307608646,0.11031233307608646,NONE,False,0.11031233307608646,24,17.411521694368496,912
156.0732105118502,SINK_FLOOR,LAW_29_L24_S910003,SINK,1.9509151313981274,LAW_29,48,0.09714936000645447,0.09714936000645447,NONE,False,0.09714936000645447,24,19.196615987498824,1040
156.0732105118502,SINK_FLOOR,LAW_29_L24_S910003,SINK,1.9509151313981274,LAW_29,56,0.08660951189071153,0.08660951189071153,NONE,False,0.08660951189071153,24,20.81928184871771,1168
156.0732105118502,SINK_FLOOR,LAW_29_L24_S910003,SINK,1.9509151313981274,LAW_29,64,0.07850474769892402,0.07850474769892402,NONE,False,0.07850474769892402,24,22.30848975922578,1296
156.0732105118502,SINK_FLOOR,LAW_29_L24_S910003,SINK,1.9509151313981274,LAW_29,72,0.07115121268686664,0.07115121268686664,NONE,False,0.07115121268686664,24,23.685676082001287,1424
156.0732105118502,SINK_FLOOR,LAW_29_L24_S910003,SINK,1.9509151313981274,LAW_29,80,0.06449094033330638,0.06449094033330638,NONE,False,0.06449094033330638,24,24.965529659961252,1552
156.0732105118502,SINK_FLOOR,LAW_29_L24_S910003,SINK,1.9509151313981274,LAW_29,88,0.05844172744999632,0.05844172744999632,NONE,False,0.05844172744999632,24,26.16103434396037,1680
156.0732105118502,SINK_FLOOR,LAW_29_L24_S910003,SINK,1.9509151313981274,LAW_29,96,0.05293058669082007,0.05293058669082007,NONE,False,0.05293058669082007,24,27.28835842895652,1808
156.0732105118502,SINK_FLOOR,LAW_29_L24_S910003,SINK,1.9509151313981274,LAW_29,104,0.04789678439438638,0.04789678439438638,NONE,False,0.04789678439438638,24,28.353774435863674,1936
156.0732105118502,SINK_FLOOR,LAW_29_L24_S910003,SINK,1.9509151313981274,LAW_29,112,0.04350852923348858,0.04350852923348858,NONE,False,0.04350852923348858,24,29.362053056849287,2064
156.0732105118502,SINK_FLOOR,LAW_29_L24_S910003,SINK,1.9509151313981274,LAW_29,120,0.03984782942235854,0.03984782942235854,NONE,False,0.03984782942235854,24,30.317645871819302,2192
156.0732105118502,SINK_FLOOR,LAW_29_L24_S910003,SINK,1.9509151313981274,LAW_29,128,0.036507811290752645,0.036507811290752645,NONE,False,0.036507811290752645,24,31.22509146207003,2320
156.0732105118502,SINK_FLOOR,LAW_29_L24_S910003,SINK,1.9509151313981274,LAW_29,136,0.033356697778703315,0.033356697778703315,NONE,False,0.033356697778703315,24,32.08881496896686,2448
156.0732105118502,SINK_FLOOR,LAW_29_L24_S910003,SINK,1.9509151313981274,LAW_29,144,0.030402620473782616,0.030402620473782616,NONE,False,0.030402620473782616,24,32.908817060198345,2576
156.0732105118502,SINK_FLOOR,LAW_29_L24_S910003,SINK,1.9509151313981274,LAW_29,152,0.02763986809770702,0.02763986809770702,NONE,False,0.02763986809770702,24,33.68860826733417,2704
156.0732105118502,SINK_FLOOR,LAW_29_L24_S910003,SINK,1.9509151313981274,LAW_29,160,0.02505848749590056,0.02505848749590056,NONE,False,0.02505848749590056,24,34.43209909062733,2832
156.0732105118502,SINK_FLOOR,LAW_29_L24_S910003,SINK,1.9509151313981274,LAW_29,168,0.022647244689092294,0.022647244689092294,NONE,False,0.022647244689092294,24,35.14239473643583,2960
156.0732105118502,SINK_FLOOR,LAW_29_L24_S910003,SINK,1.9509151313981274,LAW_29,176,0.02062409172629842,0.02062409172629842,NONE,False,0.02062409172629842,24,35.821619931750554,3088
156.0732105118502,SINK_FLOOR,LAW_29_L24_S910003,SINK,1.9509151313981274,LAW_29,184,0.018892593634497246,0.018892593634497246,NONE,False,0.018892593634497246,24,36.471589965736186,3216
156.0732105118502,SINK_FLOOR,LAW_29_L24_S910003,SINK,1.9509151313981274,LAW_29,192,0.017255643749136573,0.017255643749136573,NONE,False,0.017255643749136573,24,37.094416748389726,3344
156.0732105118502,SINK_FLOOR,LAW_29_L24_S910003,SINK,1.9509151313981274,LAW_29,200,0.015686280718562706,0.015686280718562706,NONE,False,0.015686280718562706,24,37.69238665158561,3472
156.0732105118502,SINK_FLOOR,LAW_29_L24_S910003,SINK,1.9509151313981274,LAW_29,208,0.014192141715693385,0.014192141715693385,NONE,False,0.014192141715693385,24,38.267210388324564,3600
156.0732105118502,SINK_FLOOR,LAW_29_L24_S910003,SINK,1.9509151313981274,LAW_29,216,0.012774229111845004,0.012774229111845004,NONE,False,0.012774229111845004,24,38.820340626305985,3728
156.0732105118502,SINK_FLOOR,LAW_29_L24_S910003,SINK,1.9509151313981274,LAW_29,224,0.011431062420468208,0.011431062420468208,NONE,False,0.011431062420468208,24,39.35305702824785,3856
156.0732105118502,SINK_FLOOR,LAW_29_L24_S910003,SINK,1.9509151313981274,LAW_29,232,0.010203862980417533,0.010203862980417533,NONE,False,0.010203862980417533,24,39.86649180795843,3984
156.0732105118502,SINK_FLOOR,LAW_29_L24_S910003,SINK,1.9509151313981274,LAW_29,240,0.009165478404779992,0.009165478404779992,NONE,False,0.009165478404779992,24,40.361190676741174,4112
156.0732105118502,SINK_FLOOR,LAW_29_L24_S910003,SINK,1.9509151313981274,LAW_29,248,0.008265004244581764,0.008265004244581764,NONE,False,0.008265004244581764,24,40.8381698980475,4240
156.0732105118502,SINK_FLOOR,LAW_29_L24_S910003,SINK,1.9509151313981274,LAW_29,256,0.0074292402784307265,0.0074292402784307265,NONE,False,0.0074292402784307265,24,41.298176664357136,4368
156.0732105118502,SINK_FLOOR,LAW_29_L24_S910003,SINK,1.9509151313981274,LAW_29,264,0.006614032543582726,0.006614032543582726,NONE,False,0.006614032543582726,24,41.74237359989573,4496
156.0732105118502,SINK_FLOOR,LAW_29_L24_S910003,SINK,1.9509151313981274,LAW_29,272,0.005826951674994474,0.005826951674994474,NONE,False,0.005826951674994474,24,41.621606877776415,4624
156.0732105118502,SINK_FLOOR,LAW_29_L24_S910003,SINK,1.9509151313981274,LAW_29,280,0.005070540471646678,0.005070540471646678,NONE,False,0.005070540471646678,24,42.03605399151999,4752
156.0732105118502,SINK_FLOOR,LAW_29_L24_S910003,SINK,1.9509151313981274,LAW_29,288,0.004345480730898799,0.004345480730898799,NONE,False,0.004345480730898799,24,42.436982121898495,4880
156.0732105118502,SINK_FLOOR,LAW_29_L24_S910003,SINK,1.9509151313981274,LAW_29,296,0.003784663759421547,0.003784663759421547,NONE,False,0.003784663759421547,24,42.824707868393965,5008
156.0732105118502,SINK_FLOOR,LAW_29_L24_S910003,SINK,1.9509151313981274,LAW_29,304,0.003226430094217525,0.003226430094217525,NONE,False,0.003226430094217525,24,43.19976580881644,5136
156.0732105118502,SINK_FLOOR,LAW_29_L24_S910003,SINK,1.9509151313981274,LAW_29,312,0.0028037858220733014,0.0028037858220733014,NONE,False,0.0028037858220733014,24,43.562606013272635,5264
159.6056017929756,PARENT,LAW_29_L24_S910004,PLANNED,1.9950700224121949,LAW_29,0,1.9950700224121949,1.9950700224121949,NONE,False,76.08050919541097,24,29.928021398571488,272
159.6056017929756,PARENT,LAW_29_L24_S910004,PLANNED,1.9950700224121949,LAW_29,8,1.9950700224121949,1.9950700224121949,NONE,False,53.00816828192602,24,17.726984054034244,400
159.6056017929756,PARENT,LAW_29_L24_S910004,PLANNED,1.9950700224121949,LAW_29,16,1.9950700224121949,1.9950700224121949,NONE,False,29.851560353214314,24,8.197646746460142,528
159.6056017929756,PARENT,LAW_29_L24_S910004,SOURCE,1.9950700224121949,LAW_29,24,0.96416749311191,0.96416749311191,NONE,False,10.063291130103684,24,0.96416749311191,656
159.6056017929756,PARENT,LAW_29_L24_S910004,SINK,1.9950700224121949,LAW_29,32,0.45084558363115673,0.45084558363115673,NONE,False,0.45084558363115673,24,1.2127735582327697,784
159.6056017929756,PARENT,LAW_29_L24_S910004,NONE,1.9950700224121949,LAW_29,36,0.0,0.0,NO_SINK_CAPACITY,True,0.0,24,3.1392567840472996,848
159.6056017929756,PARENT,LAW_29_L24_S910004,NONE,1.9950700224121949,LAW_29,40,0.0,0.0,NO_SINK_CAPACITY,True,0.0,24,4.791841329559671,912
159.6056017929756,PARENT,LAW_29_L24_S910004,NONE,1.9950700224121949,LAW_29,42,0.0,0.0,NO_SINK_CAPACITY,True,0.0,24,5.903435758969545,944
159.6056017929756,PARENT,LAW_29_L24_S910004,NONE,1.9950700224121949,LAW_29,43,0.0,0.0,NO_SINK_CAPACITY,True,0.0,24,6.595724075319812,960
159.6056017929756,PARENT,LAW_29_L24_S910004,NONE,1.9950700224121949,LAW_29,44,0.0,0.0,NO_SINK_CAPACITY,True,0.0,24,7.220763169337449,976
159.6056017929756,PARENT,LAW_29_L24_S910004,NONE,1.9950700224121949,LAW_29,46,0.0,0.0,NO_SINK_CAPACITY,True,0.0,24,7.583092551536534,1008
159.6056017929756,PARENT,LAW_29_L24_S910004,NONE,1.9950700224121949,LAW_29,47,0.0,0.0,NO_SINK_CAPACITY,True,0.0,24,8.205127008306373,1024
159.6056017929756,PARENT,LAW_29_L24_S910004,SINK,1.9950700224121949,LAW_29,48,1.3582834094987886,1.3582834094987886,NONE,False,1.3582834094987886,24,8.770845730314509,1040
159.6056017929756,PARENT,LAW_29_L24_S910004,NONE,1.9950700224121949,LAW_29,49,0.0,0.0,NO_SINK_CAPACITY,True,0.0,24,8.163922695103368,1056
159.6056017929756,PARENT,LAW_29_L24_S910004,NONE,1.9950700224121949,LAW_29,50,0.0,0.0,NO_SINK_CAPACITY,True,0.0,24,8.819309142076126,1072
159.6056017929756,PARENT,LAW_29_L24_S910004,NONE,1.9950700224121949,LAW_29,51,0.0,0.0,NO_SINK_CAPACITY,True,0.0,24,9.402691049276573,1088
159.6056017929756,PARENT,LAW_29_L24_S910004,NONE,1.9950700224121949,LAW_29,53,0.0,0.0,NO_SINK_CAPACITY,True,0.0,24,10.05116503183127,1120
159.6056017929756,PARENT,LAW_29_L24_S910004,NONE,1.9950700224121949,LAW_29,55,0.0,0.0,NO_SINK_CAPACITY,True,0.0,24,10.675108981061962,1152
159.6056017929756,PARENT,LAW_29_L24_S910004,NONE,1.9950700224121949,LAW_29,56,0.0,0.0,NO_SINK_CAPACITY,True,0.0,24,11.181933263110729,1168
159.6056017929756,PARENT,LAW_29_L24_S910004,NONE,1.9950700224121949,LAW_29,57,0.0,0.0,NO_SINK_CAPACITY,True,0.0,24,11.649772970942202,1184
159.6056017929756,PARENT,LAW_29_L24_S910004,NONE,1.9950700224121949,LAW_29,58,0.0,0.0,NO_SINK_CAPACITY,True,0.0,24,12.087337638937846,1200
159.6056017929756,PARENT,LAW_29_L24_S910004,NONE,1.9950700224121949,LAW_29,59,0.0,0.0,NO_SINK_CAPACITY,True,0.0,24,12.500912327029996,1216
159.6056017929756,PARENT,LAW_29_L24_S910004,NONE,1.9950700224121949,LAW_29,61,0.0,0.0,NO_SINK_CAPACITY,True,0.0,24,12.902177250777457,1248
159.6056017929756,PARENT,LAW_29_L24_S910004,NONE,1.9950700224121949,LAW_29,62,0.0,0.0,NO_SINK_CAPACITY,True,0.0,24,13.327752533884228,1264
159.6056017929756,PARENT,LAW_29_L24_S910004,SINK,1.9950700224121949,LAW_29,64,0.4533692344606076,0.4533692344606076,NONE,False,0.4533692344606076,24,13.734753159777075,1296
159.6056017929756,PARENT,LAW_29_L24_S910004,NONE,1.9950700224121949,LAW_29,65,0.0,0.0,NO_SINK_CAPACITY,True,0.0,24,13.772044352454213,1312
159.6056017929756,PARENT,LAW_29_L24_S910004,NONE,1.9950700224121949,LAW_29,66,0.0,0.0,NO_SINK_CAPACITY,True,0.0,24,14.216381057462915,1328
159.6056017929756,PARENT,LAW_29_L24_S910004,NONE,1.9950700224121949,LAW_29,68,0.0,0.0,NO_SINK_CAPACITY,True,0.0,24,14.634257409007004,1360
159.6056017929756,PARENT,LAW_29_L24_S910004,NONE,1.9950700224121949,LAW_29,69,0.0,0.0,NO_SINK_CAPACITY,True,0.0,24,15.05476387719585,1376
159.6056017929756,PARENT,LAW_29_L24_S910004,NONE,1.9950700224121949,LAW_29,71,0.0,0.0,NO_SINK_CAPACITY,True,0.0,24,15.435564012966989,1408
159.6056017929756,PARENT,LAW_29_L24_S910004,NONE,1.9950700224121949,LAW_29,72,0.0,0.0,NO_SINK_CAPACITY,True,0.0,24,15.840616572426548,1424
159.6056017929756,PARENT,LAW_29_L24_S910004,NONE,1.9950700224121949,LAW_29,73,0.0,0.0,NO_SINK_CAPACITY,True,0.0,24,16.216064229097352,1440
159.6056017929756,PARENT,LAW_29_L24_S910004,NONE,1.9950700224121949,LAW_29,74,0.0,0.0,NO_SINK_CAPACITY,True,0.0,24,16.5687867837873,1456
159.6056017929756,PARENT,LAW_29_L24_S910004,NONE,1.9950700224121949,LAW_29,75,0.0,0.0,NO_SINK_CAPACITY,True,0.0,24,16.903705549865403,1472
159.6056017929756,PARENT,LAW_29_L24_S910004,NONE,1.9950700224121949,LAW_29,76,0.0,0.0,NO_SINK_CAPACITY,True,0.0,24,17.224335938431306,1488
159.6056017929756,PARENT,LAW_29_L24_S910004,NONE,1.9950700224121949,LAW_29,77,0.0,0.0,NO_SINK_CAPACITY,True,0.0,24,17.53322796116293,1504
159.6056017929756,PARENT,LAW_29_L24_S910004,NONE,1.9950700224121949,LAW_29,78,0.0,0.0,NO_SINK_CAPACITY,True,0.0,24,17.832264789415436,1520
159.6056017929756,PARENT,LAW_29_L24_S910004,NONE,1.9950700224121949,LAW_29,79,0.0,0.0,NO_SINK_CAPACITY,True,0.0,24,18.12286234357963,1536
159.6056017929756,PARENT,LAW_29_L24_S910004,NONE,1.9950700224121949,LAW_29,80,0.0,0.0,NO_SINK_CAPACITY,True,0.0,24,18.406103609304076,1552
159.6056017929756,PARENT,LAW_29_L24_S910004,NONE,1.9950700224121949,LAW_29,81,0.0,0.0,NO_SINK_CAPACITY,True,0.0,24,18.682831422977664,1568
159.6056017929756,PARENT,LAW_29_L24_S910004,NONE,1.9950700224121949,LAW_29,82,0.0,0.0,NO_SINK_CAPACITY,True,0.0,24,18.953712811087385,1584
159.6056017929756,PARENT,LAW_29_L24_S910004,NONE,1.9950700224121949,LAW_29,84,0.0,0.0,NO_SINK_CAPACITY,True,0.0,24,19.118421041557188,1616
159.6056017929756,PARENT,LAW_29_L24_S910004,NONE,1.9950700224121949,LAW_29,88,0.0,0.0,NO_SINK_CAPACITY,True,0.0,24,18.946680745658103,1680
159.6056017929756,PARENT,LAW_29_L24_S910004,NONE,1.9950700224121949,LAW_29,89,0.0,0.0,NO_SINK_CAPACITY,True,0.0,24,19.391245503264443,1696
159.6056017929756,PARENT,LAW_29_L24_S910004,NONE,1.9950700224121949,LAW_29,90,0.0,0.0,NO_SINK_CAPACITY,True,0.0,24,19.784914705444272,1712
159.6056017929756,PARENT,LAW_29_L24_S910004,NONE,1.9950700224121949,LAW_29,91,0.0,0.0,NO_SINK_CAPACITY,True,0.0,24,20.14126440839339,1728
159.6056017929756,PARENT,LAW_29_L24_S910004,NONE,1.9950700224121949,LAW_29,92,0.0,0.0,NO_SINK_CAPACITY,True,0.0,24,20.46975556172265,1744
159.6056017929756,PARENT,LAW_29_L24_S910004,NONE,1.9950700224121949,LAW_29,93,0.0,0.0,NO_SINK_CAPACITY,True,0.0,24,20.7769796244232,1760
159.6056017929756,PARENT,LAW_29_L24_S910004,NONE,1.9950700224121949,LAW_29,94,0.0,0.0,NO_SINK_CAPACITY,True,0.0,24,21.06759293731333,1776
159.6056017929756,PARENT,LAW_29_L24_S910004,NONE,1.9950700224121949,LAW_29,95,0.0,0.0,NO_SINK_CAPACITY,True,0.0,24,21.34493832165921,1792
159.6056017929756,PARENT,LAW_29_L24_S910004,NONE,1.9950700224121949,LAW_29,96,0.0,0.0,NO_SINK_CAPACITY,True,0.0,24,21.611457873610775,1808
159.6056017929756,PARENT,LAW_29_L24_S910004,NONE,1.9950700224121949,LAW_29,97,0.0,0.0,NO_SINK_CAPACITY,True,0.0,24,21.868966499749224,1824
159.6056017929756,PARENT,LAW_29_L24_S910004,NONE,1.9950700224121949,LAW_29,98,0.0,0.0,NO_SINK_CAPACITY,True,0.0,24,22.118835208696357,1840
159.6056017929756,PARENT,LAW_29_L24_S910004,NONE,1.9950700224121949,LAW_29,99,0.0,0.0,NO_SINK_CAPACITY,True,0.0,24,22.362116357315998,1856
159.6056017929756,PARENT,LAW_29_L24_S910004,NONE,1.9950700224121949,LAW_29,100,0.0,0.0,NO_SINK_CAPACITY,True,0.0,24,22.59962949346601,1872
159.6056017929756,PARENT,LAW_29_L24_S910004,NONE,1.9950700224121949,LAW_29,101,0.0,0.0,NO_SINK_CAPACITY,True,0.0,24,22.832022084514822,1888
159.6056017929756,PARENT,LAW_29_L24_S910004,NONE,1.9950700224121949,LAW_29,102,0.0,0.0,NO_SINK_CAPACITY,True,0.0,24,23.05981297190303,1904
159.6056017929756,PARENT,LAW_29_L24_S910004,NONE,1.9950700224121949,LAW_29,103,0.0,0.0,NO_SINK_CAPACITY,True,0.0,24,23.283423643461546,1920
159.6056017929756,PARENT,LAW_29_L24_S910004,SINK,1.9950700224121949,LAW_29,104,0.9018894500121188,0.9018894500121188,NONE,False,0.9018894500121188,24,23.503201021460416,1936
159.6056017929756,PARENT,LAW_29_L24_S910004,NONE,1.9950700224121949,LAW_29,105,0.0,0.0,NO_SINK_CAPACITY,True,0.0,24,22.963678507034746,1952
159.6056017929756,PARENT,LAW_29_L24_S910004,NONE,1.9950700224121949,LAW_29,106,0.0,0.0,NO_SINK_CAPACITY,True,0.0,24,23.288396483334115,1968
159.6056017929756,PARENT,LAW_29_L24_S910004,NONE,1.9950700224121949,LAW_29,107,0.0,0.0,NO_SINK_CAPACITY,True,0.0,24,23.583959107880286,1984
159.6056017929756,PARENT,LAW_29_L24_S910004,NONE,1.9950700224121949,LAW_29,108,0.0,0.0,NO_SINK_CAPACITY,True,0.0,24,23.857561554754092,2000
159.6056017929756,PARENT,LAW_29_L24_S910004,NONE,1.9950700224121949,LAW_29,109,0.0,0.0,NO_SINK_CAPACITY,True,0.0,24,24.11447250930219,2016
159.6056017929756,PARENT,LAW_29_L24_S910004,NONE,1.9950700224121949,LAW_29,110,0.0,0.0,NO_SINK_CAPACITY,True,0.0,24,24.358449289711505,2032
159.6056017929756,PARENT,LAW_29_L24_S910004,NONE,1.9950700224121949,LAW_29,111,0.0,0.0,NO_SINK_CAPACITY,True,0.0,24,24.5921862482463,2048
159.6056017929756,PARENT,LAW_29_L24_S910004,NONE,1.9950700224121949,LAW_29,112,0.0,0.0,NO_SINK_CAPACITY,True,0.0,24,24.81764293168434,2064
159.6056017929756,PARENT,LAW_29_L24_S910004,NONE,1.9950700224121949,LAW_29,113,0.0,0.0,NO_SINK_CAPACITY,True,0.0,24,25.03626482752767,2080
159.6056017929756,PARENT,LAW_29_L24_S910004,NONE,1.9950700224121949,LAW_29,114,0.0,0.0,NO_SINK_CAPACITY,True,0.0,24,25.249133266120204,2096
159.6056017929756,PARENT,LAW_29_L24_S910004,NONE,1.9950700224121949,LAW_29,115,0.0,0.0,NO_SINK_CAPACITY,True,0.0,24,25.45706847531475,2112
159.6056017929756,PARENT,LAW_29_L24_S910004,NONE,1.9950700224121949,LAW_29,116,0.0,0.0,NO_SINK_CAPACITY,True,0.0,24,25.66070133847318,2128
159.6056017929756,PARENT,LAW_29_L24_S910004,NONE,1.9950700224121949,LAW_29,117,0.0,0.0,NO_SINK_CAPACITY,True,0.0,24,25.8605238818093,2144
159.6056017929756,PARENT,LAW_29_L24_S910004,NONE,1.9950700224121949,LAW_29,118,0.0,0.0,NO_SINK_CAPACITY,True,0.0,24,26.05692525781433,2160
159.6056017929756,PARENT,LAW_29_L24_S910004,NONE,1.9950700224121949,LAW_29,119,0.0,0.0,NO_SINK_CAPACITY,True,0.0,24,26.250217496372876,2176
159.6056017929756,PARENT,LAW_29_L24_S910004,NONE,1.9950700224121949,LAW_29,120,0.0,0.0,NO_SINK_CAPACITY,True,0.0,24,26.440654158857896,2192
159.6056017929756,PARENT,LAW_29_L24_S910004,NONE,1.9950700224121949,LAW_29,121,0.0,0.0,NO_SINK_CAPACITY,True,0.0,24,26.628444192693802,2208
159.6056017929756,PARENT,LAW_29_L24_S910004,NONE,1.9950700224121949,LAW_29,122,0.0,0.0,NO_SINK_CAPACITY,True,0.0,24,26.81376220155434,2224
159.6056017929756,PARENT,LAW_29_L24_S910004,NONE,1.9950700224121949,LAW_29,123,0.0,0.0,NO_SINK_CAPACITY,True,0.0,24,26.996755886689773,2240
159.6056017929756,PARENT,LAW_29_L24_S910004,NONE,1.9950700224121949,LAW_29,124,0.0,0.0,NO_SINK_CAPACITY,True,0.0,24,27.1775515308686,2256
159.6056017929756,PARENT,LAW_29_L24_S910004,NONE,1.9950700224121949,LAW_29,125,0.0,0.0,NO_SINK_CAPACITY,True,0.0,24,27.356258411399875,2272
159.6056017929756,PARENT,LAW_29_L24_S910004,NONE,1.9950700224121949,LAW_29,127,0.0,0.0,NO_SINK_CAPACITY,True,0.0,24,26.957273284063145,2304
159.6056017929756,PARENT,LAW_29_L24_S910004,NONE,1.9950700224121949,LAW_29,128,0.0,0.0,NO_SINK_CAPACITY,True,0.0,24,27.244520232953086,2320
159.6056017929756,PARENT,LAW_29_L24_S910004,NONE,1.9950700224121949,LAW_29,129,0.0,0.0,NO_SINK_CAPACITY,True,0.0,24,27.502882330791515,2336
159.6056017929756,PARENT,LAW_29_L24_S910004,NONE,1.9950700224121949,LAW_29,131,0.0,0.0,NO_SINK_CAPACITY,True,0.0,24,27.210244497976447,2368
159.6056017929756,PARENT,LAW_29_L24_S910004,NONE,1.9950700224121949,LAW_29,132,0.0,0.0,NO_SINK_CAPACITY,True,0.0,24,27.533621685709864,2384
159.6056017929756,PARENT,LAW_29_L24_S910004,NONE,1.9950700224121949,LAW_29,133,0.0,0.0,NO_SINK_CAPACITY,True,0.0,24,27.819851682083144,2400
159.6056017929756,PARENT,LAW_29_L24_S910004,NONE,1.9950700224121949,LAW_29,134,0.0,0.0,NO_SINK_CAPACITY,True,0.0,24,28.078446448179314,2416
159.6056017929756,PARENT,LAW_29_L24_S910004,NONE,1.9950700224121949,LAW_29,135,0.0,0.0,NO_SINK_CAPACITY,True,0.0,24,28.31634730930866,2432
159.6056017929756,PARENT,LAW_29_L24_S910004,NONE,1.9950700224121949,LAW_29,136,0.0,0.0,NO_SINK_CAPACITY,True,0.0,24,28.53850806340792,2448
159.6056017929756,PARENT,LAW_29_L24_S910004,NONE,1.9950700224121949,LAW_29,137,0.0,0.0,NO_SINK_CAPACITY,True,0.0,24,28.748470603221392,2464
159.6056017929756,PARENT,LAW_29_L24_S910004,NONE,1.9950700224121949,LAW_29,138,0.0,0.0,NO_SINK_CAPACITY,True,0.0,24,28.94879469082631,2480
159.6056017929756,PARENT,LAW_29_L24_S910004,NONE,1.9950700224121949,LAW_29,139,0.0,0.0,NO_SINK_CAPACITY,True,0.0,24,29.141355869937872,2496
159.6056017929756,PARENT,LAW_29_L24_S910004,NONE,1.9950700224121949,LAW_29,140,0.0,0.0,NO_SINK_CAPACITY,True,0.0,24,29.327547817573745,2512
159.6056017929756,PARENT,LAW_29_L24_S910004,NONE,1.9950700224121949,LAW_29,141,0.0,0.0,NO_SINK_CAPACITY,True,0.0,24,29.50842006401536,2528
159.6056017929756,PARENT,LAW_29_L24_S910004,NONE,1.9950700224121949,LAW_29,142,0.0,0.0,NO_SINK_CAPACITY,True,0.0,24,29.684773376890636,2544
159.6056017929756,PARENT,LAW_29_L24_S910004,NONE,1.9950700224121949,LAW_29,143,0.0,0.0,NO_SINK_CAPACITY,True,0.0,24,29.857226911478783,2560
159.6056017929756,PARENT,LAW_29_L24_S910004,NONE,1.9950700224121949,LAW_29,144,0.0,0.0,NO_SINK_CAPACITY,True,0.0,24,30.026265492256833,2576
159.6056017929756,PARENT,LAW_29_L24_S910004,NONE,1.9950700224121949,LAW_29,145,0.0,0.0,NO_SINK_CAPACITY,True,0.0,24,30.192273413639533,2592
159.6056017929756,PARENT,LAW_29_L24_S910004,NONE,1.9950700224121949,LAW_29,146,0.0,0.0,NO_SINK_CAPACITY,True,0.0,24,30.355559144097498,2608
159.6056017929756,PARENT,LAW_29_L24_S910004,NONE,1.9950700224121949,LAW_29,147,0.0,0.0,NO_SINK_CAPACITY,True,0.0,24,30.51637321855157,2624
159.6056017929756,PARENT,LAW_29_L24_S910004,NONE,1.9950700224121949,LAW_29,148,0.0,0.0,NO_SINK_CAPACITY,True,0.0,24,30.674921352106335,2640
159.6056017929756,PARENT,LAW_29_L24_S910004,NONE,1.9950700224121949,LAW_29,149,0.0,0.0,NO_SINK_CAPACITY,True,0.0,24,30.831374390023147,2656
159.6056017929756,PARENT,LAW_29_L24_S910004,NONE,1.9950700224121949,LAW_29,150,0.0,0.0,NO_SINK_CAPACITY,True,0.0,24,30.985875766204096,2672
159.6056017929756,PARENT,LAW_29_L24_S910004,NONE,1.9950700224121949,LAW_29,151,0.0,0.0,NO_SINK_CAPACITY,True,0.0,24,31.13854725444387,2688
159.6056017929756,PARENT,LAW_29_L24_S910004,NONE,1.9950700224121949,LAW_29,152,0.0,0.0,NO_SINK_CAPACITY,True,0.0,24,31.289493131174194,2704
159.6056017929756,PARENT,LAW_29_L24_S910004,NONE,1.9950700224121949,LAW_29,153,0.0,0.0,NO_SINK_CAPACITY,True,0.0,24,31.438803645380325,2720
159.6056017929756,PARENT,LAW_29_L24_S910004,NONE,1.9950700224121949,LAW_29,154,0.0,0.0,NO_SINK_CAPACITY,True,0.0,24,31.586557547229678,2736
159.6056017929756,PARENT,LAW_29_L24_S910004,NONE,1.9950700224121949,LAW_29,155,0.0,0.0,NO_SINK_CAPACITY,True,0.0,24,31.732824000613057,2752
159.6056017929756,PARENT,LAW_29_L24_S910004,NONE,1.9950700224121949,LAW_29,157,0.0,0.0,NO_SINK_CAPACITY,True,0.0,24,31.281650821194397,2784
159.6056017929756,PARENT,LAW_29_L24_S910004,NONE,1.9950700224121949,LAW_29,158,0.0,0.0,NO_SINK_CAPACITY,True,0.0,24,31.544242615766684,2800
159.6056017929756,PARENT,LAW_29_L24_S910004,NONE,1.9950700224121949,LAW_29,159,0.0,0.0,NO_SINK_CAPACITY,True,0.0,24,31.775525733358375,2816
159.6056017929756,PARENT,LAW_29_L24_S910004,NONE,1.9950700224121949,LAW_29,160,0.0,0.0,NO_SINK_CAPACITY,True,0.0,24,31.984093139695613,2832
159.6056017929756,PARENT,LAW_29_L24_S910004,NONE,1.9950700224121949,LAW_29,161,0.0,0.0,NO_SINK_CAPACITY,True,0.0,24,32.176060318538305,2848
159.6056017929756,PARENT,LAW_29_L24_S910004,NONE,1.9950700224121949,LAW_29,162,0.0,0.0,NO_SINK_CAPACITY,True,0.0,24,32.35568719723122,2864
159.6056017929756,PARENT,LAW_29_L24_S910004,NONE,1.9950700224121949,LAW_29,163,0.0,0.0,NO_SINK_CAPACITY,True,0.0,24,32.525951600509046,2880
159.6056017929756,PARENT,LAW_29_L24_S910004,NONE,1.9950700224121949,LAW_29,164,0.0,0.0,NO_SINK_CAPACITY,True,0.0,24,32.688957279232206,2896
159.6056017929756,PARENT,LAW_29_L24_S910004,NONE,1.9950700224121949,LAW_29,165,0.0,0.0,NO_SINK_CAPACITY,True,0.0,24,32.846212702698345,2912
159.6056017929756,PARENT,LAW_29_L24_S910004,NONE,1.9950700224121949,LAW_29,166,0.0,0.0,NO_SINK_CAPACITY,True,0.0,24,32.99881573284711,2928
159.6056017929756,PARENT,LAW_29_L24_S910004,NONE,1.9950700224121949,LAW_29,167,0.0,0.0,NO_SINK_CAPACITY,True,0.0,24,33.14757655205924,2944
159.6056017929756,PARENT,LAW_29_L24_S910004,NONE,1.9950700224121949,LAW_29,168,0.0,0.0,NO_SINK_CAPACITY,True,0.0,24,33.29310125739683,2960
159.6056017929756,PARENT,LAW_29_L24_S910004,NONE,1.9950700224121949,LAW_29,169,0.0,0.0,NO_SINK_CAPACITY,True,0.0,24,33.43584955254486,2976
159.6056017929756,PARENT,LAW_29_L24_S910004,NONE,1.9950700224121949,LAW_29,170,0.0,0.0,NO_SINK_CAPACITY,True,0.0,24,33.576174834977934,2992
159.6056017929756,PARENT,LAW_29_L24_S910004,NONE,1.9950700224121949,LAW_29,171,0.0,0.0,NO_SINK_CAPACITY,True,0.0,24,33.71435243915538,3008
159.6056017929756,PARENT,LAW_29_L24_S910004,NONE,1.9950700224121949,LAW_29,172,0.0,0.0,NO_SINK_CAPACITY,True,0.0,24,33.85059974267594,3024
159.6056017929756,PARENT,LAW_29_L24_S910004,NONE,1.9950700224121949,LAW_29,173,0.0,0.0,NO_SINK_CAPACITY,True,0.0,24,33.985090652475044,3040
159.6056017929756,PARENT,LAW_29_L24_S910004,NONE,1.9950700224121949,LAW_29,174,0.0,0.0,NO_SINK_CAPACITY,True,0.0,24,34.11796612825986,3056
159.6056017929756,PARENT,LAW_29_L24_S910004,NONE,1.9950700224121949,LAW_29,175,0.0,0.0,NO_SINK_CAPACITY,True,0.0,24,34.24934188909366,3072
159.6056017929756,PARENT,LAW_29_L24_S910004,SINK,1.9950700224121949,LAW_29,176,0.45002058917068166,0.45002058917068166,NONE,False,0.45002058917068166,24,34.37931411667008,3088
159.6056017929756,PARENT,LAW_29_L24_S910004,NONE,1.9950700224121949,LAW_29,178,0.0,0.0,NO_SINK_CAPACITY,True,0.0,24,33.97551299956483,3120
159.6056017929756,PARENT,LAW_29_L24_S910004,NONE,1.9950700224121949,LAW_29,179,0.0,0.0,NO_SINK_CAPACITY,True,0.0,24,34.211012965251626,3136
159.6056017929756,PARENT,LAW_29_L24_S910004,NONE,1.9950700224121949,LAW_29,180,0.0,0.0,NO_SINK_CAPACITY,True,0.0,24,34.41819751279771,3152
159.6056017929756,PARENT,LAW_29_L24_S910004,NONE,1.9950700224121949,LAW_29,181,0.0,0.0,NO_SINK_CAPACITY,True,0.0,24,34.604980554735704,3168
159.6056017929756,PARENT,LAW_29_L24_S910004,NONE,1.9950700224121949,LAW_29,182,0.0,0.0,NO_SINK_CAPACITY,True,0.0,24,34.776824534022325,3184
159.6056017929756,PARENT,LAW_29_L24_S910004,NONE,1.9950700224121949,LAW_29,183,0.0,0.0,NO_SINK_CAPACITY,True,0.0,24,34.93751503848776,3200
159.6056017929756,PARENT,LAW_29_L24_S910004,NONE,1.9950700224121949,LAW_29,184,0.0,0.0,NO_SINK_CAPACITY,True,0.0,24,35.08970889420061,3216
159.6056017929756,PARENT,LAW_29_L24_S910004,NONE,1.9950700224121949,LAW_29,185,0.0,0.0,NO_SINK_CAPACITY,True,0.0,24,35.23529855816459,3232
159.6056017929756,PARENT,LAW_29_L24_S910004,NONE,1.9950700224121949,LAW_29,186,0.0,0.0,NO_SINK_CAPACITY,True,0.0,24,35.3756525026244,3248
159.6056017929756,PARENT,LAW_29_L24_S910004,NONE,1.9950700224121949,LAW_29,187,0.0,0.0,NO_SINK_CAPACITY,True,0.0,24,35.51177386019233,3264
159.6056017929756,PARENT,LAW_29_L24_S910004,NONE,1.9950700224121949,LAW_29,188,0.0,0.0,NO_SINK_CAPACITY,True,0.0,24,35.644407368054736,3280
159.6056017929756,PARENT,LAW_29_L24_S910004,NONE,1.9950700224121949,LAW_29,189,0.0,0.0,NO_SINK_CAPACITY,True,0.0,24,35.774112905184445,3296
159.6056017929756,PARENT,LAW_29_L24_S910004,NONE,1.9950700224121949,LAW_29,190,0.0,0.0,NO_SINK_CAPACITY,True,0.0,24,35.901316620213585,3312
159.6056017929756,PARENT,LAW_29_L24_S910004,NONE,1.9950700224121949,LAW_29,191,0.0,0.0,NO_SINK_CAPACITY,True,0.0,24,36.026346861822816,3328
159.6056017929756,PARENT,LAW_29_L24_S910004,NONE,1.9950700224121949,LAW_29,192,0.0,0.0,NO_SINK_CAPACITY,True,0.0,24,36.14945972216181,3344
159.6056017929756,PARENT,LAW_29_L24_S910004,NONE,1.9950700224121949,LAW_29,193,0.0,0.0,NO_SINK_CAPACITY,True,0.0,24,36.270857374242595,3360
159.6056017929756,PARENT,LAW_29_L24_S910004,NONE,1.9950700224121949,LAW_29,194,0.0,0.0,NO_SINK_CAPACITY,True,0.0,24,36.39070138682734,3376
159.6056017929756,PARENT,LAW_29_L24_S910004,NONE,1.9950700224121949,LAW_29,195,0.0,0.0,NO_SINK_CAPACITY,True,0.0,24,36.50912245233283,3392
159.6056017929756,PARENT,LAW_29_L24_S910004,NONE,1.9950700224121949,LAW_29,196,0.0,0.0,NO_SINK_CAPACITY,True,0.0,24,36.626227589173055,3408
159.6056017929756,PARENT,LAW_29_L24_S910004,NONE,1.9950700224121949,LAW_29,197,0.0,0.0,NO_SINK_CAPACITY,True,0.0,24,36.742105620910785,3424
159.6056017929756,PARENT,LAW_29_L24_S910004,NONE,1.9950700224121949,LAW_29,198,0.0,0.0,NO_SINK_CAPACITY,True,0.0,24,36.85683114092763,3440
159.6056017929756,SINK_FLOOR,LAW_29_L24_S910004,PLANNED,1.9950700224121949,LAW_29,0,1.9950700224121949,1.9950700224121949,NONE,False,24.239686396687226,24,29.928021398571488,272
159.6056017929756,SINK_FLOOR,LAW_29_L24_S910004,PLANNED,1.9950700224121949,LAW_29,8,1.9950700224121949,1.995070022412194,NONE,False,7.474408191314163,24,17.717755802007485,400
159.6056017929756,SINK_FLOOR,LAW_29_L24_S910004,SINK,1.9950700224121949,LAW_29,16,0.20232823643582776,0.20232823643582776,NONE,False,0.20232823643582776,24,16.28118424927648,528
159.6056017929756,SINK_FLOOR,LAW_29_L24_S910004,SINK,1.9950700224121949,LAW_29,24,0.1338104926406194,0.1338104926406194,NONE,False,0.1338104926406194,24,19.111733927023618,656
159.6056017929756,SINK_FLOOR,LAW_29_L24_S910004,SINK,1.9950700224121949,LAW_29,32,0.10262411748805522,0.10262411748805522,NONE,False,0.10262411748805522,24,21.39325608487235,784
159.6056017929756,SINK_FLOOR,LAW_29_L24_S910004,SINK,1.9950700224121949,LAW_29,40,0.08603621564683162,0.08603621564683162,NONE,False,0.08603621564683162,24,23.37365727174839,912
159.6056017929756,SINK_FLOOR,LAW_29_L24_S910004,SINK,1.9950700224121949,LAW_29,48,0.07612483528629177,0.07612483528629177,NONE,False,0.07612483528629177,24,25.126559170783025,1040
159.6056017929756,SINK_FLOOR,LAW_29_L24_S910004,SINK,1.9950700224121949,LAW_29,56,0.06837399958738255,0.06837399958738255,NONE,False,0.06837399958738255,24,26.711745273214927,1168
159.6056017929756,SINK_FLOOR,LAW_29_L24_S910004,SINK,1.9950700224121949,LAW_29,64,0.06188123726701289,0.06188123726701289,NONE,False,0.06188123726701289,24,28.167044858900795,1296
159.6056017929756,SINK_FLOOR,LAW_29_L24_S910004,SINK,1.9950700224121949,LAW_29,72,0.05619653112210776,0.05619653112210776,NONE,False,0.05619653112210776,24,29.51657778654288,1424
159.6056017929756,SINK_FLOOR,LAW_29_L24_S910004,SINK,1.9950700224121949,LAW_29,80,0.05108996598665527,0.05108996598665527,NONE,False,0.05108996598665527,24,30.77695339566042,1552
159.6056017929756,SINK_FLOOR,LAW_29_L24_S910004,SINK,1.9950700224121949,LAW_29,88,0.046434899745213865,0.046434899745213865,NONE,False,0.046434899745213865,24,31.959419286556304,1680
159.6056017929756,SINK_FLOOR,LAW_29_L24_S910004,SINK,1.9950700224121949,LAW_29,96,0.04253213030886316,0.04253213030886316,NONE,False,0.04253213030886316,24,33.07262642517462,1808
159.6056017929756,SINK_FLOOR,LAW_29_L24_S910004,SINK,1.9950700224121949,LAW_29,104,0.03923028694651409,0.03923028694651409,NONE,False,0.03923028694651409,24,34.12228502003541,1936
159.6056017929756,SINK_FLOOR,LAW_29_L24_S910004,SINK,1.9950700224121949,LAW_29,112,0.03605075605684771,0.03605075605684771,NONE,False,0.03605075605684771,24,35.11618744120351,2064
159.6056017929756,SINK_FLOOR,LAW_29_L24_S910004,SINK,1.9950700224121949,LAW_29,120,0.03302977409385399,0.03302977409385399,NONE,False,0.03302977409385399,24,36.06049760925969,2192
159.6056017929756,SINK_FLOOR,LAW_29_L24_S910004,SINK,1.9950700224121949,LAW_29,128,0.030174691706573387,0.030174691706573387,NONE,False,0.030174691706573387,24,36.95966132793136,2320
159.6056017929756,SINK_FLOOR,LAW_29_L24_S910004,SINK,1.9950700224121949,LAW_29,136,0.027484894187159825,0.027484894187159825,NONE,False,0.027484894187159825,24,37.81716826460911,2448
159.6056017929756,SINK_FLOOR,LAW_29_L24_S910004,SINK,1.9950700224121949,LAW_29,144,0.02495627520751409,0.02495627520751409,NONE,False,0.02495627520751409,24,38.63617731769452,2576
159.6056017929756,SINK_FLOOR,LAW_29_L24_S910004,SINK,1.9950700224121949,LAW_29,152,0.02258292355207514,0.02258292355207514,NONE,False,0.02258292355207514,24,39.41949343134624,2704
159.6056017929756,SINK_FLOOR,LAW_29_L24_S910004,SINK,1.9950700224121949,LAW_29,160,0.020553147764462043,0.020553147764462043,NONE,False,0.020553147764462043,24,40.16946311796645,2832
159.6056017929756,SINK_FLOOR,LAW_29_L24_S910004,SINK,1.9950700224121949,LAW_29,168,0.018886483343614868,0.018886483343614868,NONE,False,0.018886483343614868,24,40.8870499626656,2960
159.6056017929756,SINK_FLOOR,LAW_29_L24_S910004,SINK,1.9950700224121949,LAW_29,176,0.01726083468353712,0.01726083468353712,NONE,False,0.01726083468353712,24,41.575195861711414,3088
159.6056017929756,SINK_FLOOR,LAW_29_L24_S910004,SINK,1.9950700224121949,LAW_29,184,0.015703489718911667,0.015703489718911667,NONE,False,0.015703489718911667,24,42.23610352651247,3216
159.6056017929756,SINK_FLOOR,LAW_29_L24_S910004,SINK,1.9950700224121949,LAW_29,192,0.014221713521843315,0.014221713521843315,NONE,False,0.014221713521843315,24,42.871520026342026,3344
159.6056017929756,SINK_FLOOR,LAW_29_L24_S910004,SINK,1.9950700224121949,LAW_29,200,0.012817031277883695,0.012817031277883695,NONE,False,0.012817031277883695,24,43.48296928710763,3472
159.6056017929756,SINK_FLOOR,LAW_29_L24_S910004,SINK,1.9950700224121949,LAW_29,208,0.011488432971401674,0.011488432971401674,NONE,False,0.011488432971401674,24,44.071816256652056,3600
159.6056017929756,SINK_FLOOR,LAW_29_L24_S910004,SINK,1.9950700224121949,LAW_29,216,0.010233615582198041,0.010233615582198041,NONE,False,0.010233615582198041,24,44.639298219720324,3728
159.6056017929756,SINK_FLOOR,LAW_29_L24_S910004,SINK,1.9950700224121949,LAW_29,224,0.009167453297088235,0.009167453297088235,NONE,False,0.009167453297088235,24,45.18647255038113,3856
159.6056017929756,SINK_FLOOR,LAW_29_L24_S910004,SINK,1.9950700224121949,LAW_29,232,0.00834734367073664,0.00834734367073664,NONE,False,0.00834734367073664,24,45.71348476122267,3984
159.6056017929756,SINK_FLOOR,LAW_29_L24_S910004,SINK,1.9950700224121949,LAW_29,240,0.007529689645603632,0.007529689645603632,NONE,False,0.007529689645603632,24,46.221868266049334,4112
159.6056017929756,SINK_FLOOR,LAW_29_L24_S910004,SINK,1.9950700224121949,LAW_29,248,0.006735399891675042,0.006735399891675042,NONE,False,0.006735399891675042,24,46.71279636257036,4240
159.6056017929756,SINK_FLOOR,LAW_29_L24_S910004,SINK,1.9950700224121949,LAW_29,256,0.00597069014239171,0.00597069014239171,NONE,False,0.00597069014239171,24,47.18717838325147,4368
159.6056017929756,SINK_FLOOR,LAW_29_L24_S910004,SINK,1.9950700224121949,LAW_29,264,0.0052378091221598755,0.0052378091221598755,NONE,False,0.0052378091221598755,24,47.645815212065685,4496
159.6056017929756,SINK_FLOOR,LAW_29_L24_S910004,SINK,1.9950700224121949,LAW_29,272,0.004537280913308517,0.004537280913308517,NONE,False,0.004537280913308517,24,48.089433178788234,4624
159.6056017929756,SINK_FLOOR,LAW_29_L24_S910004,SINK,1.9950700224121949,LAW_29,280,0.003868751135566728,0.003868751135566728,NONE,False,0.003868751135566728,24,48.518699055233036,4752
159.6056017929756,SINK_FLOOR,LAW_29_L24_S910004,SINK,1.9950700224121949,LAW_29,288,0.0034022667252282535,0.0034022667252282535,NONE,False,0.0034022667252282535,24,48.933979466700904,4880
159.6056017929756,SINK_FLOOR,LAW_29_L24_S910004,SINK,1.9950700224121949,LAW_29,296,0.0029980689267504745,0.0029980689267504745,NONE,False,0.0029980689267504745,24,48.78521378550573,5008
159.6056017929756,SINK_FLOOR,LAW_29_L24_S910004,SINK,1.9950700224121949,LAW_29,304,0.0025885942231083092,0.0025885942231083092,NONE,False,0.0025885942231083092,24,48.62326015861602,5136
159.6056017929756,SINK_FLOOR,LAW_29_L24_S910004,SINK,1.9950700224121949,LAW_29,312,0.002184021767219546,0.002184021767219546,NONE,False,0.002184021767219546,24,48.99896411360422,5264
162.13040226785068,PARENT,LAW_29_L24_S910005,PLANNED,2.0266300283481335,LAW_29,0,2.0266300283481335,2.0266300283481335,NONE,False,85.63751098800937,24,27.94530474751011,272
162.13040226785068,PARENT,LAW_29_L24_S910005,PLANNED,2.0266300283481335,LAW_29,8,2.0266300283481335,2.026630028348134,NONE,False,60.70021895274137,24,16.18918010673228,400
162.13040226785068,PARENT,LAW_29_L24_S910005,PLANNED,2.0266300283481335,LAW_29,16,2.0266300283481335,2.0266300283481335,NONE,False,36.212785205820644,24,4.964825388944711,528
162.13040226785068,PARENT,LAW_29_L24_S910005,SOURCE,2.0266300283481335,LAW_29,24,0.765455630293687,0.765455630293687,NONE,False,20.43991950605068,24,0.765455630293687,656
162.13040226785068,PARENT,LAW_29_L24_S910005,SOURCE,2.0266300283481335,LAW_29,32,0.8208081036924759,0.8208081036924759,NONE,False,11.387972001865995,24,0.8208081036924759,784
162.13040226785068,PARENT,LAW_29_L24_S910005,SOURCE,2.0266300283481335,LAW_29,40,1.0128283344807167,1.0128283344807167,NONE,False,4.6693752886474815,24,1.0128283344807167,912
162.13040226785068,PARENT,LAW_29_L24_S910005,SINK,2.0266300283481335,LAW_29,48,0.46671295505946386,0.46671295505946386,NONE,False,0.46671295505946386,24,1.1552908594235287,1040
162.13040226785068,PARENT,LAW_29_L24_S910005,NONE,2.0266300283481335,LAW_29,51,0.0,0.0,NO_SINK_CAPACITY,True,0.0,24,2.3944586666586156,1088
162.13040226785068,PARENT,LAW_29_L24_S910005,NONE,2.0266300283481335,LAW_29,53,0.0,0.0,NO_SINK_CAPACITY,True,0.0,24,3.28260241357092,1120
162.13040226785068,PARENT,LAW_29_L24_S910005,NONE,2.0266300283481335,LAW_29,56,0.0,0.0,NO_SINK_CAPACITY,True,0.0,24,2.8103819028688575,1168
162.13040226785068,PARENT,LAW_29_L24_S910005,NONE,2.0266300283481335,LAW_29,57,0.0,0.0,NO_SINK_CAPACITY,True,0.0,24,3.7180203916956005,1184
162.13040226785068,PARENT,LAW_29_L24_S910005,NONE,2.0266300283481335,LAW_29,58,0.0,0.0,NO_SINK_CAPACITY,True,0.0,24,4.515128944952857,1200
162.13040226785068,PARENT,LAW_29_L24_S910005,NONE,2.0266300283481335,LAW_29,61,0.0,0.0,NO_SINK_CAPACITY,True,0.0,24,5.753265633157868,1248
162.13040226785068,PARENT,LAW_29_L24_S910005,NONE,2.0266300283481335,LAW_29,64,0.0,0.0,NO_SINK_CAPACITY,True,0.0,24,5.984710096397487,1296
162.13040226785068,PARENT,LAW_29_L24_S910005,NONE,2.0266300283481335,LAW_29,66,0.0,0.0,NO_SINK_CAPACITY,True,0.0,24,6.868393716037964,1328
162.13040226785068,PARENT,LAW_29_L24_S910005,NONE,2.0266300283481335,LAW_29,68,0.0,0.0,NO_SINK_CAPACITY,True,0.0,24,7.626938033044516,1360
162.13040226785068,PARENT,LAW_29_L24_S910005,NONE,2.0266300283481335,LAW_29,70,0.0,0.0,NO_SINK_CAPACITY,True,0.0,24,8.314580331057718,1392
162.13040226785068,PARENT,LAW_29_L24_S910005,NONE,2.0266300283481335,LAW_29,71,0.0,0.0,NO_SINK_CAPACITY,True,0.0,24,8.842847184584986,1408
162.13040226785068,PARENT,LAW_29_L24_S910005,NONE,2.0266300283481335,LAW_29,72,0.0,0.0,NO_SINK_CAPACITY,True,0.0,24,9.325859217192994,1424
162.13040226785068,PARENT,LAW_29_L24_S910005,NONE,2.0266300283481335,LAW_29,74,0.0,0.0,NO_SINK_CAPACITY,True,0.0,24,9.817065578863454,1456
162.13040226785068,PARENT,LAW_29_L24_S910005,NONE,2.0266300283481335,LAW_29,75,0.0,0.0,NO_SINK_CAPACITY,True,0.0,24,10.271125076857288,1472
162.13040226785068,PARENT,LAW_29_L24_S910005,NONE,2.0266300283481335,LAW_29,78,0.0,0.0,NO_SINK_CAPACITY,True,0.0,24,10.43773062669018,1520
162.13040226785068,PARENT,LAW_29_L24_S910005,NONE,2.0266300283481335,LAW_29,79,0.0,0.0,NO_SINK_CAPACITY,True,0.0,24,10.930687031090004,1536
162.13040226785068,PARENT,LAW_29_L24_S910005,SINK,2.0266300283481335,LAW_29,80,0.45142548733160265,0.45142548733160265,NONE,False,0.45142548733160265,24,11.377545819017964,1552
162.13040226785068,PARENT,LAW_29_L24_S910005,NONE,2.0266300283481335,LAW_29,82,0.0,0.0,NO_SINK_CAPACITY,True,0.0,24,11.487650595937133,1584
162.13040226785068,PARENT,LAW_29_L24_S910005,NONE,2.0266300283481335,LAW_29,83,0.0,0.0,NO_SINK_CAPACITY,True,0.0,24,11.953289613868918,1600
162.13040226785068,PARENT,LAW_29_L24_S910005,NONE,2.0266300283481335,LAW_29,84,0.0,0.0,NO_SINK_CAPACITY,True,0.0,24,12.375231353578624,1616
162.13040226785068,PARENT,LAW_29_L24_S910005,NONE,2.0266300283481335,LAW_29,85,0.0,0.0,NO_SINK_CAPACITY,True,0.0,24,12.764030463859443,1632
162.13040226785068,PARENT,LAW_29_L24_S910005,NONE,2.0266300283481335,LAW_29,86,0.0,0.0,NO_SINK_CAPACITY,True,0.0,24,13.127340869413512,1648
162.13040226785068,PARENT,LAW_29_L24_S910005,NONE,2.0266300283481335,LAW_29,87,0.0,0.0,NO_SINK_CAPACITY,True,0.0,24,13.470637629898281,1664
162.13040226785068,PARENT,LAW_29_L24_S910005,NONE,2.0266300283481335,LAW_29,88,0.0,0.0,NO_SINK_CAPACITY,True,0.0,24,13.797861473013382,1680
162.13040226785068,PARENT,LAW_29_L24_S910005,NONE,2.0266300283481335,LAW_29,90,0.0,0.0,NO_SINK_CAPACITY,True,0.0,24,13.657518119823441,1712
162.13040226785068,PARENT,LAW_29_L24_S910005,NONE,2.0266300283481335,LAW_29,91,0.0,0.0,NO_SINK_CAPACITY,True,0.0,24,14.062269727905386,1728
162.13040226785068,PARENT,LAW_29_L24_S910005,NONE,2.0266300283481335,LAW_29,92,0.0,0.0,NO_SINK_CAPACITY,True,0.0,24,14.432180096545231,1744
162.13040226785068,PARENT,LAW_29_L24_S910005,NONE,2.0266300283481335,LAW_29,93,0.0,0.0,NO_SINK_CAPACITY,True,0.0,24,14.775319759927408,1760
162.13040226785068,PARENT,LAW_29_L24_S910005,NONE,2.0266300283481335,LAW_29,95,0.0,0.0,NO_SINK_CAPACITY,True,0.0,24,15.027714029745775,1792
162.13040226785068,PARENT,LAW_29_L24_S910005,NONE,2.0266300283481335,LAW_29,96,0.0,0.0,NO_SINK_CAPACITY,True,0.0,24,15.377761293383516,1808
162.13040226785068,PARENT,LAW_29_L24_S910005,NONE,2.0266300283481335,LAW_29,98,0.0,0.0,NO_SINK_CAPACITY,True,0.0,24,14.844644742797662,1840
162.13040226785068,PARENT,LAW_29_L24_S910005,NONE,2.0266300283481335,LAW_29,99,0.0,0.0,NO_SINK_CAPACITY,True,0.0,24,15.282474429830728,1856
162.13040226785068,PARENT,LAW_29_L24_S910005,NONE,2.0266300283481335,LAW_29,100,0.0,0.0,NO_SINK_CAPACITY,True,0.0,24,15.674473464223345,1872
162.13040226785068,PARENT,LAW_29_L24_S910005,NONE,2.0266300283481335,LAW_29,101,0.0,0.0,NO_SINK_CAPACITY,True,0.0,24,16.031665458651727,1888
162.13040226785068,PARENT,LAW_29_L24_S910005,NONE,2.0266300283481335,LAW_29,102,0.0,0.0,NO_SINK_CAPACITY,True,0.0,24,16.36233884981936,1904
162.13040226785068,PARENT,LAW_29_L24_S910005,NONE,2.0266300283481335,LAW_29,103,0.0,0.0,NO_SINK_CAPACITY,True,0.0,24,16.672483905450953,1920
162.13040226785068,PARENT,LAW_29_L24_S910005,NONE,2.0266300283481335,LAW_29,104,0.0,0.0,NO_SINK_CAPACITY,True,0.0,24,16.96641332723163,1936
162.13040226785068,PARENT,LAW_29_L24_S910005,NONE,2.0266300283481335,LAW_29,105,0.0,0.0,NO_SINK_CAPACITY,True,0.0,24,17.247260701931435,1952
162.13040226785068,PARENT,LAW_29_L24_S910005,NONE,2.0266300283481335,LAW_29,106,0.0,0.0,NO_SINK_CAPACITY,True,0.0,24,17.517335108966012,1968
162.13040226785068,PARENT,LAW_29_L24_S910005,NONE,2.0266300283481335,LAW_29,107,0.0,0.0,NO_SINK_CAPACITY,True,0.0,24,17.778365474158456,1984
162.13040226785068,PARENT,LAW_29_L24_S910005,NONE,2.0266300283481335,LAW_29,108,0.0,0.0,NO_SINK_CAPACITY,True,0.0,24,18.031667395861227,2000
162.13040226785068,PARENT,LAW_29_L24_S910005,NONE,2.0266300283481335,LAW_29,109,0.0,0.0,NO_SINK_CAPACITY,True,0.0,24,18.278257426791562,2016
162.13040226785068,PARENT,LAW_29_L24_S910005,NONE,2.0266300283481335,LAW_29,111,0.0,0.0,NO_SINK_CAPACITY,True,0.0,24,18.380096578364483,2048
162.13040226785068,PARENT,LAW_29_L24_S910005,SINK,2.0266300283481335,LAW_29,112,0.45119464628616884,0.45119464628616884,NONE,False,0.45119464628616884,24,18.669232492735684,2064
162.13040226785068,PARENT,LAW_29_L24_S910005,NONE,2.0266300283481335,LAW_29,113,0.0,0.0,NO_SINK_CAPACITY,True,0.0,24,18.56541235447582,2080
162.13040226785068,PARENT,LAW_29_L24_S910005,NONE,2.0266300283481335,LAW_29,115,0.0,0.0,NO_SINK_CAPACITY,True,0.0,24,18.7830176136925,2112
162.13040226785068,PARENT,LAW_29_L24_S910005,NONE,2.0266300283481335,LAW_29,116,0.0,0.0,NO_SINK_CAPACITY,True,0.0,24,19.103735943827832,2128
162.13040226785068,PARENT,LAW_29_L24_S910005,NONE,2.0266300283481335,LAW_29,117,0.0,0.0,NO_SINK_CAPACITY,True,0.0,24,19.399179115781727,2144
162.13040226785068,PARENT,LAW_29_L24_S910005,NONE,2.0266300283481335,LAW_29,118,0.0,0.0,NO_SINK_CAPACITY,True,0.0,24,19.675078248157625,2160
162.13040226785068,PARENT,LAW_29_L24_S910005,NONE,2.0266300283481335,LAW_29,119,0.0,0.0,NO_SINK_CAPACITY,True,0.0,24,19.935628262681195,2176
162.13040226785068,PARENT,LAW_29_L24_S910005,NONE,2.0266300283481335,LAW_29,120,0.0,0.0,NO_SINK_CAPACITY,True,0.0,24,20.183894738259493,2192
162.13040226785068,PARENT,LAW_29_L24_S910005,NONE,2.0266300283481335,LAW_29,121,0.0,0.0,NO_SINK_CAPACITY,True,0.0,24,20.422144403830252,2208
162.13040226785068,PARENT,LAW_29_L24_S910005,NONE,2.0266300283481335,LAW_29,122,0.0,0.0,NO_SINK_CAPACITY,True,0.0,24,20.65207742726192,2224
162.13040226785068,PARENT,LAW_29_L24_S910005,NONE,2.0266300283481335,LAW_29,123,0.0,0.0,NO_SINK_CAPACITY,True,0.0,24,20.874985608931976,2240
162.13040226785068,PARENT,LAW_29_L24_S910005,NONE,2.0266300283481335,LAW_29,124,0.0,0.0,NO_SINK_CAPACITY,True,0.0,24,21.091863567350615,2256
162.13040226785068,PARENT,LAW_29_L24_S910005,NONE,2.0266300283481335,LAW_29,125,0.0,0.0,NO_SINK_CAPACITY,True,0.0,24,21.30348733139362,2272
162.13040226785068,PARENT,LAW_29_L24_S910005,NONE,2.0266300283481335,LAW_29,126,0.0,0.0,NO_SINK_CAPACITY,True,0.0,24,21.510470220645157,2288
162.13040226785068,PARENT,LAW_29_L24_S910005,NONE,2.0266300283481335,LAW_29,127,0.0,0.0,NO_SINK_CAPACITY,True,0.0,24,21.71330329939664,2304
162.13040226785068,PARENT,LAW_29_L24_S910005,NONE,2.0266300283481335,LAW_29,128,0.0,0.0,NO_SINK_CAPACITY,True,0.0,24,21.91238484100049,2320
162.13040226785068,PARENT,LAW_29_L24_S910005,NONE,2.0266300283481335,LAW_29,129,0.0,0.0,NO_SINK_CAPACITY,True,0.0,24,22.108041938180722,2336
162.13040226785068,PARENT,LAW_29_L24_S910005,NONE,2.0266300283481335,LAW_29,130,0.0,0.0,NO_SINK_CAPACITY,True,0.0,24,22.30054624230357,2352
162.13040226785068,PARENT,LAW_29_L24_S910005,NONE,2.0266300283481335,LAW_29,132,0.0,0.0,NO_SINK_CAPACITY,True,0.0,24,21.527585750685382,2384
162.13040226785068,PARENT,LAW_29_L24_S910005,NONE,2.0266300283481335,LAW_29,133,0.0,0.0,NO_SINK_CAPACITY,True,0.0,24,21.86800532631467,2400
162.13040226785068,PARENT,LAW_29_L24_S910005,NONE,2.0266300283481335,LAW_29,134,0.0,0.0,NO_SINK_CAPACITY,True,0.0,24,22.17057933129023,2416
162.13040226785068,PARENT,LAW_29_L24_S910005,NONE,2.0266300283481335,LAW_29,135,0.0,0.0,NO_SINK_CAPACITY,True,0.0,24,22.444734958460213,2432
162.13040226785068,PARENT,LAW_29_L24_S910005,NONE,2.0266300283481335,LAW_29,136,0.0,0.0,NO_SINK_CAPACITY,True,0.0,24,22.697467746935835,2448
162.13040226785068,PARENT,LAW_29_L24_S910005,NONE,2.0266300283481335,LAW_29,138,0.0,0.0,NO_SINK_CAPACITY,True,0.0,24,22.789010540805215,2480
162.13040226785068,PARENT,LAW_29_L24_S910005,NONE,2.0266300283481335,LAW_29,140,0.0,0.0,NO_SINK_CAPACITY,True,0.0,24,22.929389709049268,2512
162.13040226785068,PARENT,LAW_29_L24_S910005,NONE,2.0266300283481335,LAW_29,141,0.0,0.0,NO_SINK_CAPACITY,True,0.0,24,23.213718455334188,2528
162.13040226785068,PARENT,LAW_29_L24_S910005,NONE,2.0266300283481335,LAW_29,142,0.0,0.0,NO_SINK_CAPACITY,True,0.0,24,23.473269038009082,2544
162.13040226785068,PARENT,LAW_29_L24_S910005,NONE,2.0266300283481335,LAW_29,143,0.0,0.0,NO_SINK_CAPACITY,True,0.0,24,23.71393740362262,2560
162.13040226785068,PARENT,LAW_29_L24_S910005,NONE,2.0266300283481335,LAW_29,144,0.0,0.0,NO_SINK_CAPACITY,True,0.0,24,23.93998588916532,2576
162.13040226785068,PARENT,LAW_29_L24_S910005,NONE,2.0266300283481335,LAW_29,145,0.0,0.0,NO_SINK_CAPACITY,True,0.0,24,24.154485748348474,2592
162.13040226785068,PARENT,LAW_29_L24_S910005,NONE,2.0266300283481335,LAW_29,146,0.0,0.0,NO_SINK_CAPACITY,True,0.0,24,24.359679044170896,2608
162.13040226785068,PARENT,LAW_29_L24_S910005,NONE,2.0266300283481335,LAW_29,147,0.0,0.0,NO_SINK_CAPACITY,True,0.0,24,24.55723007997723,2624
162.13040226785068,PARENT,LAW_29_L24_S910005,NONE,2.0266300283481335,LAW_29,148,0.0,0.0,NO_SINK_CAPACITY,True,0.0,24,24.748393726125048,2640
162.13040226785068,PARENT,LAW_29_L24_S910005,NONE,2.0266300283481335,LAW_29,149,0.0,0.0,NO_SINK_CAPACITY,True,0.0,24,24.93413009793978,2656
162.13040226785068,SINK_FLOOR,LAW_29_L24_S910005,PLANNED,2.0266300283481335,LAW_29,0,2.0266300283481335,2.0266300283481344,NONE,False,27.508321636744647,24,27.94530474751011,272
162.13040226785068,SINK_FLOOR,LAW_29_L24_S910005,PLANNED,2.0266300283481335,LAW_29,8,2.0266300283481335,2.0266300283481335,NONE,False,10.289130150054689,24,16.183030157073688,400
162.13040226785068,SINK_FLOOR,LAW_29_L24_S910005,SINK,2.0266300283481335,LAW_29,16,0.21828584630968328,0.21828584630968328,NONE,False,0.21828584630968328,24,10.788071525982735,528
162.13040226785068,SINK_FLOOR,LAW_29_L24_S910005,SINK,2.0266300283481335,LAW_29,24,0.15362929339194853,0.15362929339194853,NONE,False,0.15362929339194853,24,13.596880579202633,656
162.13040226785068,SINK_FLOOR,LAW_29_L24_S910005,SINK,2.0266300283481335,LAW_29,32,0.12714912184338611,0.12714912184338611,NONE,False,0.12714912184338611,24,15.882009348411962,784
162.13040226785068,SINK_FLOOR,LAW_29_L24_S910005,SINK,2.0266300283481335,LAW_29,40,0.1102098079114654,0.1102098079114654,NONE,False,0.1102098079114654,24,17.867475580645575,912
162.13040226785068,SINK_FLOOR,LAW_29_L24_S910005,SINK,2.0266300283481335,LAW_29,48,0.09785302289681774,0.09785302289681774,NONE,False,0.09785302289681774,24,19.642730229040556,1040
162.13040226785068,SINK_FLOOR,LAW_29_L24_S910005,SINK,2.0266300283481335,LAW_29,56,0.08763084451718162,0.08763084451718162,NONE,False,0.08763084451718162,24,21.25518622934165,1168
162.13040226785068,SINK_FLOOR,LAW_29_L24_S910005,SINK,2.0266300283481335,LAW_29,64,0.078768537510153,0.078768537510153,NONE,False,0.078768537510153,24,22.735315815077634,1296
162.13040226785068,SINK_FLOOR,LAW_29_L24_S910005,SINK,2.0266300283481335,LAW_29,72,0.07143841709508492,0.07143841709508492,NONE,False,0.07143841709508492,24,24.10318480423823,1424
162.13040226785068,SINK_FLOOR,LAW_29_L24_S910005,SINK,2.0266300283481335,LAW_29,80,0.06495483204879748,0.06495483204879748,NONE,False,0.06495483204879748,24,25.379368362799283,1552
162.13040226785068,SINK_FLOOR,LAW_29_L24_S910005,SINK,2.0266300283481335,LAW_29,88,0.059061253397872715,0.059061253397872715,NONE,False,0.059061253397872715,24,26.57893907073824,1680
162.13040226785068,SINK_FLOOR,LAW_29_L24_S910005,SINK,2.0266300283481335,LAW_29,96,0.0536974620338031,0.0536974620338031,NONE,False,0.0536974620338031,24,27.15804819160231,1808
162.13040226785068,SINK_FLOOR,LAW_29_L24_S910005,SINK,2.0266300283481335,LAW_29,104,0.049036364735063565,0.049036364735063565,NONE,False,0.049036364735063565,24,28.224925004386158,1936
162.13040226785068,SINK_FLOOR,LAW_29_L24_S910005,SINK,2.0266300283481335,LAW_29,112,0.04489807646707811,0.04489807646707811,NONE,False,0.04489807646707811,24,29.23519203029808,2064
162.13040226785068,SINK_FLOOR,LAW_29_L24_S910005,SINK,2.0266300283481335,LAW_29,120,0.04104939586211931,0.04104939586211931,NONE,False,0.04104939586211931,24,30.194815649940338,2192
162.13040226785068,SINK_FLOOR,LAW_29_L24_S910005,SINK,2.0266300283481335,LAW_29,128,0.037492928696946426,0.037492928696946426,NONE,False,0.037492928696946426,24,31.10852278150324,2320
162.13040226785068,SINK_FLOOR,LAW_29_L24_S910005,SINK,2.0266300283481335,LAW_29,136,0.034508122298000155,0.034508122298000155,NONE,False,0.034508122298000155,24,31.97935633456521,2448
162.13040226785068,SINK_FLOOR,LAW_29_L24_S910005,SINK,2.0266300283481335,LAW_29,144,0.03167274263791753,0.03167274263791753,NONE,False,0.03167274263791753,24,32.810399869299694,2576
162.13040226785068,SINK_FLOOR,LAW_29_L24_S910005,SINK,2.0266300283481335,LAW_29,152,0.02901085896376343,0.02901085896376343,NONE,False,0.02901085896376343,24,33.60179195642497,2704
162.13040226785068,SINK_FLOOR,LAW_29_L24_S910005,SINK,2.0266300283481335,LAW_29,160,0.026518274541212583,0.026518274541212583,NONE,False,0.026518274541212583,24,34.35643565260299,2832
162.13040226785068,SINK_FLOOR,LAW_29_L24_S910005,SINK,2.0266300283481335,LAW_29,168,0.02425536996671096,0.02425536996671096,NONE,False,0.02425536996671096,24,35.077854153477944,2960
162.13040226785068,SINK_FLOOR,LAW_29_L24_S910005,SINK,2.0266300283481335,LAW_29,176,0.022290717271688854,0.022290717271688854,NONE,False,0.022290717271688854,24,35.76814605877063,3088
162.13040226785068,SINK_FLOOR,LAW_29_L24_S910005,SINK,2.0266300283481335,LAW_29,184,0.020415585158056748,0.020415585158056748,NONE,False,0.020415585158056748,24,36.4299752773536,3216
162.13040226785068,SINK_FLOOR,LAW_29_L24_S910005,SINK,2.0266300283481335,LAW_29,192,0.01864115665436783,0.01864115665436783,NONE,False,0.01864115665436783,24,37.06553743002395,3344
162.13040226785068,SINK_FLOOR,LAW_29_L24_S910005,SINK,2.0266300283481335,LAW_29,200,0.01709856433806578,0.01709856433806578,NONE,False,0.01709856433806578,24,37.67642224327452,3472
162.13040226785068,SINK_FLOOR,LAW_29_L24_S910005,SINK,2.0266300283481335,LAW_29,208,0.01567579970784072,0.01567579970784072,NONE,False,0.01567579970784072,24,38.26381811034353,3600
162.13040226785068,SINK_FLOOR,LAW_29_L24_S910005,SINK,2.0266300283481335,LAW_29,216,0.014313139370905503,0.014313139370905503,NONE,False,0.014313139370905503,24,38.82947880819675,3728
162.13040226785068,SINK_FLOOR,LAW_29_L24_S910005,SINK,2.0266300283481335,LAW_29,224,0.013016026410106463,0.013016026410106463,NONE,False,0.013016026410106463,24,39.374742248915595,3856
162.13040226785068,SINK_FLOOR,LAW_29_L24_S910005,SINK,2.0266300283481335,LAW_29,232,0.011784609029670934,0.011784609029670934,NONE,False,0.011784609029670934,24,39.90075766534651,3984
162.13040226785068,SINK_FLOOR,LAW_29_L24_S910005,SINK,2.0266300283481335,LAW_29,240,0.010740697913855457,0.010740697913855457,NONE,False,0.010740697913855457,24,40.40834974734902,4112
162.13040226785068,SINK_FLOOR,LAW_29_L24_S910005,SINK,2.0266300283481335,LAW_29,248,0.009766794837787085,0.009766794837787085,NONE,False,0.009766794837787085,24,40.89819879756254,4240
162.13040226785068,SINK_FLOOR,LAW_29_L24_S910005,SINK,2.0266300283481335,LAW_29,256,0.008828069289480434,0.008828069289480434,NONE,False,0.008828069289480434,24,41.3714568109777,4368
162.13040226785068,SINK_FLOOR,LAW_29_L24_S910005,SINK,2.0266300283481335,LAW_29,264,0.007929213407816604,0.007929213407816604,NONE,False,0.007929213407816604,24,41.82899058043225,4496
162.13040226785068,SINK_FLOOR,LAW_29_L24_S910005,SINK,2.0266300283481335,LAW_29,272,0.007158323045703074,0.007158323045703074,NONE,False,0.007158323045703074,24,42.27143475979129,4624
162.13040226785068,SINK_FLOOR,LAW_29_L24_S910005,SINK,2.0266300283481335,LAW_29,280,0.0064479993154920034,0.0064479993154920034,NONE,False,0.0064479993154920034,24,42.69922265223914,4752
162.13040226785068,SINK_FLOOR,LAW_29_L24_S910005,SINK,2.0266300283481335,LAW_29,288,0.005757571078784274,0.005757571078784274,NONE,False,0.005757571078784274,24,43.1132287635441,4880
162.13040226785068,SINK_FLOOR,LAW_29_L24_S910005,SINK,2.0266300283481335,LAW_29,296,0.005092020105115891,0.005092020105115891,NONE,False,0.005092020105115891,24,43.51411116879412,5008
162.13040226785068,SINK_FLOOR,LAW_29_L24_S910005,SINK,2.0266300283481335,LAW_29,304,0.004530424385178811,0.004530424385178811,NONE,False,0.004530424385178811,24,43.352128494859485,5136
162.13040226785068,SINK_FLOOR,LAW_29_L24_S910005,SINK,2.0266300283481335,LAW_29,312,0.004019839268863068,0.004019839268863068,NONE,False,0.004019839268863068,24,43.72763825370416,5264
162.52293720287054,PARENT,LAW_29_L24_S910006,PLANNED,2.0315367150358816,LAW_29,0,2.0315367150358816,2.031536715035881,NONE,False,83.13583877344355,24,28.073029291600374,272
162.52293720287054,PARENT,LAW_29_L24_S910006,PLANNED,2.0315367150358816,LAW_29,8,2.0315367150358816,2.0315367150358816,NONE,False,58.83893304372217,24,16.426139865762423,400
162.52293720287054,PARENT,LAW_29_L24_S910006,PLANNED,2.0315367150358816,LAW_29,16,2.0315367150358816,2.0315367150358816,NONE,False,35.32074138083806,24,5.424544702072898,528
162.52293720287054,PARENT,LAW_29_L24_S910006,SOURCE,2.0315367150358816,LAW_29,24,0.7668180847451553,0.7668180847451553,NONE,False,18.859293459862368,24,0.7668180847451553,656
162.52293720287054,PARENT,LAW_29_L24_S910006,SOURCE,2.0315367150358816,LAW_29,32,0.8439627120026184,0.8439627120026184,NONE,False,9.929103183062796,24,0.8439627120026184,784
162.52293720287054,PARENT,LAW_29_L24_S910006,SOURCE,2.0315367150358816,LAW_29,40,1.0413403790344162,1.0413403790344162,NONE,False,3.4528501062330337,24,1.0413403790344162,912
162.52293720287054,PARENT,LAW_29_L24_S910006,NONE,2.0315367150358816,LAW_29,45,0.0,0.0,NO_SINK_CAPACITY,True,0.0,24,1.1279472701077182,992
162.52293720287054,PARENT,LAW_29_L24_S910006,SINK,2.0315367150358816,LAW_29,48,0.4665054021044919,0.4665054021044919,NONE,False,0.4665054021044919,24,1.4666406653908224,1040
162.52293720287054,PARENT,LAW_29_L24_S910006,NONE,2.0315367150358816,LAW_29,49,0.0,0.0,NO_SINK_CAPACITY,True,0.0,24,2.0462545160259644,1056
162.52293720287054,PARENT,LAW_29_L24_S910006,NONE,2.0315367150358816,LAW_29,51,0.0,0.0,NO_SINK_CAPACITY,True,0.0,24,2.5762710502423,1088
162.52293720287054,PARENT,LAW_29_L24_S910006,NONE,2.0315367150358816,LAW_29,53,0.0,0.0,NO_SINK_CAPACITY,True,0.0,24,3.4584105383025654,1120
162.52293720287054,PARENT,LAW_29_L24_S910006,NONE,2.0315367150358816,LAW_29,54,0.0,0.0,NO_SINK_CAPACITY,True,0.0,24,4.257444451442945,1136
162.52293720287054,PARENT,LAW_29_L24_S910006,SINK,2.0315367150358816,LAW_29,56,0.9044417009384613,0.9044417009384613,NONE,False,0.9044417009384613,24,4.411291971645986,1168
162.52293720287054,PARENT,LAW_29_L24_S910006,NONE,2.0315367150358816,LAW_29,57,0.0,0.0,NO_SINK_CAPACITY,True,0.0,24,4.372325243409367,1184
162.52293720287054,PARENT,LAW_29_L24_S910006,NONE,2.0315367150358816,LAW_29,58,0.0,0.0,NO_SINK_CAPACITY,True,0.0,24,5.136581149054682,1200
162.52293720287054,PARENT,LAW_29_L24_S910006,NONE,2.0315367150358816,LAW_29,59,0.0,0.0,NO_SINK_CAPACITY,True,0.0,24,5.819989853738755,1216
162.52293720287054,PARENT,LAW_29_L24_S910006,NONE,2.0315367150358816,LAW_29,62,0.0,0.0,NO_SINK_CAPACITY,True,0.0,24,6.841028380832883,1264
162.52293720287054,PARENT,LAW_29_L24_S910006,NONE,2.0315367150358816,LAW_29,63,0.0,0.0,NO_SINK_CAPACITY,True,0.0,24,7.4318411219867775,1280
162.52293720287054,PARENT,LAW_29_L24_S910006,SINK,2.0315367150358816,LAW_29,64,1.3574485231938211,1.3574485231938211,NONE,False,1.3574485231938211,24,7.971547895506309,1296
162.52293720287054,PARENT,LAW_29_L24_S910006,NONE,2.0315367150358816,LAW_29,65,0.0,0.0,NO_SINK_CAPACITY,True,0.0,24,7.321585896198898,1312
162.52293720287054,PARENT,LAW_29_L24_S910006,NONE,2.0315367150358816,LAW_29,66,0.0,0.0,NO_SINK_CAPACITY,True,0.0,24,7.949455481986013,1328
162.52293720287054,PARENT,LAW_29_L24_S910006,NONE,2.0315367150358816,LAW_29,67,0.0,0.0,NO_SINK_CAPACITY,True,0.0,24,8.513675881575315,1344
162.52293720287054,PARENT,LAW_29_L24_S910006,NONE,2.0315367150358816,LAW_29,68,0.0,0.0,NO_SINK_CAPACITY,True,0.0,24,9.02855106055125,1360
162.52293720287054,PARENT,LAW_29_L24_S910006,NONE,2.0315367150358816,LAW_29,69,0.0,0.0,NO_SINK_CAPACITY,True,0.0,24,9.504921379890986,1376
162.52293720287054,PARENT,LAW_29_L24_S910006,NONE,2.0315367150358816,LAW_29,70,0.0,0.0,NO_SINK_CAPACITY,True,0.0,24,9.950744216120729,1392
162.52293720287054,PARENT,LAW_29_L24_S910006,NONE,2.0315367150358816,LAW_29,71,0.0,0.0,NO_SINK_CAPACITY,True,0.0,24,10.371860155445242,1408
162.52293720287054,PARENT,LAW_29_L24_S910006,SINK,2.0315367150358816,LAW_29,72,0.45127152727125797,0.45127152727125797,NONE,False,0.45127152727125797,24,10.772602838655562,1424
162.52293720287054,PARENT,LAW_29_L24_S910006,NONE,2.0315367150358816,LAW_29,75,0.0,0.0,NO_SINK_CAPACITY,True,0.0,24,10.228603592529609,1472
162.52293720287054,PARENT,LAW_29_L24_S910006,NONE,2.0315367150358816,LAW_29,76,0.0,0.0,NO_SINK_CAPACITY,True,0.0,24,10.77915962723909,1488
162.52293720287054,PARENT,LAW_29_L24_S910006,NONE,2.0315367150358816,LAW_29,77,0.0,0.0,NO_SINK_CAPACITY,True,0.0,24,11.27315208179336,1504
162.52293720287054,PARENT,LAW_29_L24_S910006,NONE,2.0315367150358816,LAW_29,78,0.0,0.0,NO_SINK_CAPACITY,True,0.0,24,11.724392278198959,1520
162.52293720287054,PARENT,LAW_29_L24_S910006,NONE,2.0315367150358816,LAW_29,79,0.0,0.0,NO_SINK_CAPACITY,True,0.0,24,12.142728347184958,1536
162.52293720287054,PARENT,LAW_29_L24_S910006,NONE,2.0315367150358816,LAW_29,80,0.0,0.0,NO_SINK_CAPACITY,True,0.0,24,12.53520280308314,1552
162.52293720287054,PARENT,LAW_29_L24_S910006,NONE,2.0315367150358816,LAW_29,81,0.0,0.0,NO_SINK_CAPACITY,True,0.0,24,12.906917820511609,1568
162.52293720287054,PARENT,LAW_29_L24_S910006,NONE,2.0315367150358816,LAW_29,82,0.0,0.0,NO_SINK_CAPACITY,True,0.0,24,13.261627484558552,1584
162.52293720287054,PARENT,LAW_29_L24_S910006,NONE,2.0315367150358816,LAW_29,83,0.0,0.0,NO_SINK_CAPACITY,True,0.0,24,13.602138659189336,1600
162.52293720287054,PARENT,LAW_29_L24_S910006,NONE,2.0315367150358816,LAW_29,85,0.0,0.0,NO_SINK_CAPACITY,True,0.0,24,13.870458512650284,1632
162.52293720287054,PARENT,LAW_29_L24_S910006,NONE,2.0315367150358816,LAW_29,86,0.0,0.0,NO_SINK_CAPACITY,True,0.0,24,14.235805564738444,1648
162.52293720287054,PARENT,LAW_29_L24_S910006,NONE,2.0315367150358816,LAW_29,87,0.0,0.0,NO_SINK_CAPACITY,True,0.0,24,14.580487483935036,1664
162.52293720287054,PARENT,LAW_29_L24_S910006,SINK,2.0315367150358816,LAW_29,88,0.45068187810848276,0.45068187810848276,NONE,False,0.45068187810848276,24,14.908491465841518,1680
162.52293720287054,PARENT,LAW_29_L24_S910006,NONE,2.0315367150358816,LAW_29,90,0.0,0.0,NO_SINK_CAPACITY,True,0.0,24,14.830063857953878,1712
162.52293720287054,PARENT,LAW_29_L24_S910006,NONE,2.0315367150358816,LAW_29,91,0.0,0.0,NO_SINK_CAPACITY,True,0.0,24,15.214410142957865,1728
162.52293720287054,PARENT,LAW_29_L24_S910006,NONE,2.0315367150358816,LAW_29,92,0.0,0.0,NO_SINK_CAPACITY,True,0.0,24,15.567633766651493,1744
162.52293720287054,PARENT,LAW_29_L24_S910006,NONE,2.0315367150358816,LAW_29,93,0.0,0.0,NO_SINK_CAPACITY,True,0.0,24,15.897374116633467,1760
162.52293720287054,PARENT,LAW_29_L24_S910006,NONE,2.0315367150358816,LAW_29,94,0.0,0.0,NO_SINK_CAPACITY,True,0.0,24,16.209073735330648,1776
162.52293720287054,PARENT,LAW_29_L24_S910006,NONE,2.0315367150358816,LAW_29,96,0.0,0.0,NO_SINK_CAPACITY,True,0.0,24,16.419809896819288,1808
162.52293720287054,PARENT,LAW_29_L24_S910006,NONE,2.0315367150358816,LAW_29,99,0.0,0.0,NO_SINK_CAPACITY,True,0.0,24,16.33639506495107,1856
162.52293720287054,PARENT,LAW_29_L24_S910006,NONE,2.0315367150358816,LAW_29,100,0.0,0.0,NO_SINK_CAPACITY,True,0.0,24,16.75211494764975,1872
162.52293720287054,PARENT,LAW_29_L24_S910006,NONE,2.0315367150358816,LAW_29,101,0.0,0.0,NO_SINK_CAPACITY,True,0.0,24,17.126756900081148,1888
162.52293720287054,PARENT,LAW_29_L24_S910006,NONE,2.0315367150358816,LAW_29,102,0.0,0.0,NO_SINK_CAPACITY,True,0.0,24,17.47047589954052,1904
162.52293720287054,PARENT,LAW_29_L24_S910006,NONE,2.0315367150358816,LAW_29,103,0.0,0.0,NO_SINK_CAPACITY,True,0.0,24,17.790547220646758,1920
162.52293720287054,PARENT,LAW_29_L24_S910006,NONE,2.0315367150358816,LAW_29,104,0.0,0.0,NO_SINK_CAPACITY,True,0.0,24,18.09216755583415,1936
162.52293720287054,PARENT,LAW_29_L24_S910006,NONE,2.0315367150358816,LAW_29,105,0.0,0.0,NO_SINK_CAPACITY,True,0.0,24,18.379090270805257,1952
162.52293720287054,PARENT,LAW_29_L24_S910006,NONE,2.0315367150358816,LAW_29,106,0.0,0.0,NO_SINK_CAPACITY,True,0.0,24,18.65406547945327,1968
162.52293720287054,PARENT,LAW_29_L24_S910006,NONE,2.0315367150358816,LAW_29,107,0.0,0.0,NO_SINK_CAPACITY,True,0.0,24,18.9191376088229,1984
162.52293720287054,PARENT,LAW_29_L24_S910006,NONE,2.0315367150358816,LAW_29,109,0.0,0.0,NO_SINK_CAPACITY,True,0.0,24,19.0483448054567,2016
162.52293720287054,PARENT,LAW_29_L24_S910006,NONE,2.0315367150358816,LAW_29,110,0.0,0.0,NO_SINK_CAPACITY,True,0.0,24,19.34901162452524,2032
162.52293720287054,PARENT,LAW_29_L24_S910006,NONE,2.0315367150358816,LAW_29,111,0.0,0.0,NO_SINK_CAPACITY,True,0.0,24,19.631318254435424,2048
162.52293720287054,PARENT,LAW_29_L24_S910006,NONE,2.0315367150358816,LAW_29,112,0.0,0.0,NO_SINK_CAPACITY,True,0.0,24,19.89901484122776,2064
162.52293720287054,PARENT,LAW_29_L24_S910006,NONE,2.0315367150358816,LAW_29,113,0.0,0.0,NO_SINK_CAPACITY,True,0.0,24,20.154960520393065,2080
162.52293720287054,PARENT,LAW_29_L24_S910006,NONE,2.0315367150358816,LAW_29,114,0.0,0.0,NO_SINK_CAPACITY,True,0.0,24,20.401293885062213,2096
162.52293720287054,PARENT,LAW_29_L24_S910006,NONE,2.0315367150358816,LAW_29,115,0.0,0.0,NO_SINK_CAPACITY,True,0.0,24,20.639624486869707,2112
162.52293720287054,PARENT,LAW_29_L24_S910006,NONE,2.0315367150358816,LAW_29,117,0.0,0.0,NO_SINK_CAPACITY,True,0.0,24,20.720844316922552,2144
162.52293720287054,PARENT,LAW_29_L24_S910006,NONE,2.0315367150358816,LAW_29,118,0.0,0.0,NO_SINK_CAPACITY,True,0.0,24,20.998708798208554,2160
162.52293720287054,PARENT,LAW_29_L24_S910006,NONE,2.0315367150358816,LAW_29,119,0.0,0.0,NO_SINK_CAPACITY,True,0.0,24,21.258962051286094,2176
162.52293720287054,PARENT,LAW_29_L24_S910006,NONE,2.0315367150358816,LAW_29,120,0.0,0.0,NO_SINK_CAPACITY,True,0.0,24,21.505474939037633,2192
162.52293720287054,PARENT,LAW_29_L24_S910006,NONE,2.0315367150358816,LAW_29,121,0.0,0.0,NO_SINK_CAPACITY,True,0.0,24,21.741144744564014,2208
162.52293720287054,PARENT,LAW_29_L24_S910006,NONE,2.0315367150358816,LAW_29,123,0.0,0.0,NO_SINK_CAPACITY,True,0.0,24,21.814604915791072,2240
162.52293720287054,PARENT,LAW_29_L24_S910006,NONE,2.0315367150358816,LAW_29,124,0.0,0.0,NO_SINK_CAPACITY,True,0.0,24,22.087014576812418,2256
162.52293720287054,PARENT,LAW_29_L24_S910006,NONE,2.0315367150358816,LAW_29,125,0.0,0.0,NO_SINK_CAPACITY,True,0.0,24,22.340452190991268,2272
162.52293720287054,PARENT,LAW_29_L24_S910006,NONE,2.0315367150358816,LAW_29,126,0.0,0.0,NO_SINK_CAPACITY,True,0.0,24,22.579303743347456,2288
162.52293720287054,PARENT,LAW_29_L24_S910006,NONE,2.0315367150358816,LAW_29,127,0.0,0.0,NO_SINK_CAPACITY,True,0.0,24,22.80679385999585,2304
162.52293720287054,PARENT,LAW_29_L24_S910006,NONE,2.0315367150358816,LAW_29,128,0.0,0.0,NO_SINK_CAPACITY,True,0.0,24,23.025254834527278,2320
162.52293720287054,PARENT,LAW_29_L24_S910006,NONE,2.0315367150358816,LAW_29,129,0.0,0.0,NO_SINK_CAPACITY,True,0.0,24,23.23638671564951,2336
162.52293720287054,PARENT,LAW_29_L24_S910006,NONE,2.0315367150358816,LAW_29,130,0.0,0.0,NO_SINK_CAPACITY,True,0.0,24,23.441445891784646,2352
162.52293720287054,PARENT,LAW_29_L24_S910006,NONE,2.0315367150358816,LAW_29,132,0.0,0.0,NO_SINK_CAPACITY,True,0.0,24,23.092384281136063,2384
162.52293720287054,PARENT,LAW_29_L24_S910006,NONE,2.0315367150358816,LAW_29,133,0.0,0.0,NO_SINK_CAPACITY,True,0.0,24,23.402672018501264,2400
162.52293720287054,PARENT,LAW_29_L24_S910006,NONE,2.0315367150358816,LAW_29,134,0.0,0.0,NO_SINK_CAPACITY,True,0.0,24,23.68113471472698,2416
162.52293720287054,PARENT,LAW_29_L24_S910006,NONE,2.0315367150358816,LAW_29,135,0.0,0.0,NO_SINK_CAPACITY,True,0.0,24,23.93579214149685,2432
162.52293720287054,PARENT,LAW_29_L24_S910006,NONE,2.0315367150358816,LAW_29,136,0.0,0.0,NO_SINK_CAPACITY,True,0.0,24,24.172552148188608,2448
162.52293720287054,PARENT,LAW_29_L24_S910006,NONE,2.0315367150358816,LAW_29,137,0.0,0.0,NO_SINK_CAPACITY,True,0.0,24,24.395637050244346,2464
162.52293720287054,PARENT,LAW_29_L24_S910006,NONE,2.0315367150358816,LAW_29,138,0.0,0.0,NO_SINK_CAPACITY,True,0.0,24,24.608060694214878,2480
162.52293720287054,PARENT,LAW_29_L24_S910006,NONE,2.0315367150358816,LAW_29,139,0.0,0.0,NO_SINK_CAPACITY,True,0.0,24,24.811997692919206,2496
162.52293720287054,PARENT,LAW_29_L24_S910006,NONE,2.0315367150358816,LAW_29,140,0.0,0.0,NO_SINK_CAPACITY,True,0.0,24,25.009039218544036,2512
162.52293720287054,PARENT,LAW_29_L24_S910006,NONE,2.0315367150358816,LAW_29,141,0.0,0.0,NO_SINK_CAPACITY,True,0.0,24,25.200366074796882,2528
162.52293720287054,PARENT,LAW_29_L24_S910006,NONE,2.0315367150358816,LAW_29,142,0.0,0.0,NO_SINK_CAPACITY,True,0.0,24,25.38686667871868,2544
162.52293720287054,PARENT,LAW_29_L24_S910006,NONE,2.0315367150358816,LAW_29,143,0.0,0.0,NO_SINK_CAPACITY,True,0.0,24,25.569218767041004,2560
162.52293720287054,PARENT,LAW_29_L24_S910006,NONE,2.0315367150358816,LAW_29,144,0.0,0.0,NO_SINK_CAPACITY,True,0.0,24,25.747946481610597,2576
162.52293720287054,PARENT,LAW_29_L24_S910006,NONE,2.0315367150358816,LAW_29,145,0.0,0.0,NO_SINK_CAPACITY,True,0.0,24,25.92346046648098,2592
162.52293720287054,PARENT,LAW_29_L24_S910006,NONE,2.0315367150358816,LAW_29,149,0.0,0.0,NO_SINK_CAPACITY,True,0.0,24,25.639013067019388,2656
162.52293720287054,SINK_FLOOR,LAW_29_L24_S910006,PLANNED,2.0315367150358816,LAW_29,0,2.0315367150358816,2.0315367150358816,NONE,False,27.228583746375467,24,28.073029291600374,272
162.52293720287054,SINK_FLOOR,LAW_29_L24_S910006,PLANNED,2.0315367150358816,LAW_29,8,2.0315367150358816,2.031536715035881,NONE,False,9.978452913039416,24,16.41946039241341,400
162.52293720287054,SINK_FLOOR,LAW_29_L24_S910006,SINK,2.0315367150358816,LAW_29,16,0.21101052112294005,0.21101052112294005,NONE,False,0.21101052112294005,24,11.578507485100731,528
162.52293720287054,SINK_FLOOR,LAW_29_L24_S910006,SINK,2.0315367150358816,LAW_29,24,0.1450684549903205,0.1450684549903205,NONE,False,0.1450684549903205,24,14.546973320261351,656
162.52293720287054,SINK_FLOOR,LAW_29_L24_S910006,SINK,2.0315367150358816,LAW_29,32,0.11846805007207473,0.11846805007207473,NONE,False,0.11846805007207473,24,16.890751699378477,784
162.52293720287054,SINK_FLOOR,LAW_29_L24_S910006,SINK,2.0315367150358816,LAW_29,40,0.10252257845529489,0.10252257845529489,NONE,False,0.10252257845529489,24,18.900230940400796,912
162.52293720287054,SINK_FLOOR,LAW_29_L24_S910006,SINK,2.0315367150358816,LAW_29,48,0.09122092098941548,0.09122092098941548,NONE,False,0.09122092098941548,24,20.68759521676607,1040
162.52293720287054,SINK_FLOOR,LAW_29_L24_S910006,SINK,2.0315367150358816,LAW_29,56,0.08225913695012477,0.08225913695012477,NONE,False,0.08225913695012477,24,22.31465533597998,1168
162.52293720287054,SINK_FLOOR,LAW_29_L24_S910006,SINK,2.0315367150358816,LAW_29,64,0.07476928379978598,0.07476928379978598,NONE,False,0.07476928379978598,24,23.813418141206494,1296
162.52293720287054,SINK_FLOOR,LAW_29_L24_S910006,SINK,2.0315367150358816,LAW_29,72,0.06820418205539946,0.06820418205539946,NONE,False,0.06820418205539946,24,25.203933071583286,1424
162.52293720287054,SINK_FLOOR,LAW_29_L24_S910006,SINK,2.0315367150358816,LAW_29,80,0.06222604611179239,0.06222604611179239,NONE,False,0.06222604611179239,24,26.50362611429396,1552
162.52293720287054,SINK_FLOOR,LAW_29_L24_S910006,SINK,2.0315367150358816,LAW_29,88,0.05676345017805173,0.05676345017805173,NONE,False,0.05676345017805173,24,27.724483274229105,1680
162.52293720287054,SINK_FLOOR,LAW_29_L24_S910006,SINK,2.0315367150358816,LAW_29,96,0.05175596449998465,0.05175596449998465,NONE,False,0.05175596449998465,24,28.87574140283956,1808
162.52293720287054,SINK_FLOOR,LAW_29_L24_S910006,SINK,2.0315367150358816,LAW_29,104,0.04751131593184832,0.04751131593184832,NONE,False,0.04751131593184832,24,29.964233752197686,1936
162.52293720287054,SINK_FLOOR,LAW_29_L24_S910006,SINK,2.0315367150358816,LAW_29,112,0.04360934331218291,0.04360934331218291,NONE,False,0.04360934331218291,24,30.995491019056356,2064
162.52293720287054,SINK_FLOOR,LAW_29_L24_S910006,SINK,2.0315367150358816,LAW_29,120,0.03995246978732192,0.03995246978732192,NONE,False,0.03995246978732192,24,31.975740084395373,2192
162.52293720287054,SINK_FLOOR,LAW_29_L24_S910006,SINK,2.0315367150358816,LAW_29,128,0.036537249209382394,0.036537249209382394,NONE,False,0.036537249209382394,24,32.909635870430925,2320
162.52293720287054,SINK_FLOOR,LAW_29_L24_S910006,SINK,2.0315367150358816,LAW_29,136,0.03336969405717649,0.03336969405717649,NONE,False,0.03336969405717649,24,33.800445789155575,2448
162.52293720287054,SINK_FLOOR,LAW_29_L24_S910006,SINK,2.0315367150358816,LAW_29,144,0.030655457114571072,0.030655457114571072,NONE,False,0.030655457114571072,24,34.64729496123348,2576
162.52293720287054,SINK_FLOOR,LAW_29_L24_S910006,SINK,2.0315367150358816,LAW_29,152,0.028073067780768568,0.028073067780768568,NONE,False,0.028073067780768568,24,35.454048241202074,2704
162.52293720287054,SINK_FLOOR,LAW_29_L24_S910006,SINK,2.0315367150358816,LAW_29,160,0.025734275954601538,0.025734275954601538,NONE,False,0.025734275954601538,24,36.22475815414152,2832
162.52293720287054,SINK_FLOOR,LAW_29_L24_S910006,SINK,2.0315367150358816,LAW_29,168,0.02368282561104118,0.02368282561104118,NONE,False,0.02368282561104118,24,36.96173183307528,2960
162.52293720287054,SINK_FLOOR,LAW_29_L24_S910006,SINK,2.0315367150358816,LAW_29,176,0.021715696797123596,0.021715696797123596,NONE,False,0.021715696797123596,24,37.66792569776631,3088
162.52293720287054,SINK_FLOOR,LAW_29_L24_S910006,SINK,2.0315367150358816,LAW_29,184,0.019847054608003734,0.019847054608003734,NONE,False,0.019847054608003734,24,38.345714228553724,3216
162.52293720287054,SINK_FLOOR,LAW_29_L24_S910006,SINK,2.0315367150358816,LAW_29,192,0.018078177699023312,0.018078177699023312,NONE,False,0.018078177699023312,24,38.99703831670323,3344
162.52293720287054,SINK_FLOOR,LAW_29_L24_S910006,SINK,2.0315367150358816,LAW_29,200,0.01640686706641059,0.01640686706641059,NONE,False,0.01640686706641059,24,39.62358425085287,3472
162.52293720287054,SINK_FLOOR,LAW_29_L24_S910006,SINK,2.0315367150358816,LAW_29,208,0.014848974429620077,0.014848974429620077,NONE,False,0.014848974429620077,24,40.22684836057383,3600
162.52293720287054,SINK_FLOOR,LAW_29_L24_S910006,SINK,2.0315367150358816,LAW_29,216,0.01353762781436052,0.01353762781436052,NONE,False,0.01353762781436052,24,40.80771029098555,3728
162.52293720287054,SINK_FLOOR,LAW_29_L24_S910006,SINK,2.0315367150358816,LAW_29,224,0.01228846670028938,0.01228846670028938,NONE,False,0.01228846670028938,24,41.36751536216449,3856
162.52293720287054,SINK_FLOOR,LAW_29_L24_S910006,SINK,2.0315367150358816,LAW_29,232,0.011240636679838434,0.011240636679838434,NONE,False,0.011240636679838434,24,41.9071617757621,3984
162.52293720287054,SINK_FLOOR,LAW_29_L24_S910006,SINK,2.0315367150358816,LAW_29,240,0.010213771520340975,0.010213771520340975,NONE,False,0.010213771520340975,24,42.42784354854448,4112
162.52293720287054,SINK_FLOOR,LAW_29_L24_S910006,SINK,2.0315367150358816,LAW_29,248,0.009224938105564351,0.009224938105564351,NONE,False,0.009224938105564351,24,42.930716947043734,4240
162.52293720287054,SINK_FLOOR,LAW_29_L24_S910006,SINK,2.0315367150358816,LAW_29,256,0.008277985347129535,0.008277985347129535,NONE,False,0.008277985347129535,24,43.41670792345414,4368
162.52293720287054,SINK_FLOOR,LAW_29_L24_S910006,SINK,2.0315367150358816,LAW_29,264,0.007373728803639956,0.007373728803639956,NONE,False,0.007373728803639956,24,43.88663877762384,4496
162.52293720287054,SINK_FLOOR,LAW_29_L24_S910006,SINK,2.0315367150358816,LAW_29,272,0.006511677929481041,0.006511677929481041,NONE,False,0.006511677929481041,24,44.34125667291434,4624
162.52293720287054,SINK_FLOOR,LAW_29_L24_S910006,SINK,2.0315367150358816,LAW_29,280,0.005825717205106273,0.005825717205106273,NONE,False,0.005825717205106273,24,44.23087010819636,4752
162.52293720287054,SINK_FLOOR,LAW_29_L24_S910006,SINK,2.0315367150358816,LAW_29,288,0.005149344629758912,0.005149344629758912,NONE,False,0.005149344629758912,24,44.65596436386518,4880
162.52293720287054,SINK_FLOOR,LAW_29_L24_S910006,SINK,2.0315367150358816,LAW_29,296,0.004589266953927917,0.004589266953927917,NONE,False,0.004589266953927917,24,45.06741679893677,5008
162.52293720287054,SINK_FLOOR,LAW_29_L24_S910006,SINK,2.0315367150358816,LAW_29,304,0.004058104705504495,0.004058104705504495,NONE,False,0.004058104705504495,24,45.46565432040523,5136
162.52293720287054,SINK_FLOOR,LAW_29_L24_S910006,SINK,2.0315367150358816,LAW_29,312,0.003536054782477649,0.003536054782477649,NONE,False,0.003536054782477649,24,45.85143114806677,5264
156.55822519386433,PARENT,LAW_29_L24_S910007,PLANNED,1.9569778149233041,LAW_29,0,1.9569778149233041,1.9569778149233041,NONE,False,74.78972426501102,24,28.701102130823248,272
156.55822519386433,PARENT,LAW_29_L24_S910007,PLANNED,1.9569778149233041,LAW_29,8,1.9569778149233041,1.956977814923304,NONE,False,51.989547119485884,24,17.70665279542725,400
156.55822519386433,PARENT,LAW_29_L24_S910007,PLANNED,1.9569778149233041,LAW_29,16,1.9569778149233041,1.9569778149233044,NONE,False,28.946896993327076,24,7.11239198020224,528
156.55822519386433,PARENT,LAW_29_L24_S910007,SOURCE,1.9569778149233041,LAW_29,24,0.8904052358792136,0.8904052358792136,NONE,False,10.613794017778396,24,0.8904052358792136,656
156.55822519386433,PARENT,LAW_29_L24_S910007,SOURCE,1.9569778149233041,LAW_29,32,1.1525331983748155,1.1525331983748155,NONE,False,1.6716571245582788,24,1.1525331983748155,784
156.55822519386433,PARENT,LAW_29_L24_S910007,NONE,1.9569778149233041,LAW_29,37,0.0,0.0,NO_SINK_CAPACITY,True,0.0,24,2.7017197366448,864
156.55822519386433,PARENT,LAW_29_L24_S910007,SINK,1.9569778149233041,LAW_29,40,0.4520011598489932,0.4520011598489932,NONE,False,0.4520011598489932,24,4.003343067639825,912
156.55822519386433,PARENT,LAW_29_L24_S910007,NONE,1.9569778149233041,LAW_29,42,0.0,0.0,NO_SINK_CAPACITY,True,0.0,24,4.821406417949241,944
156.55822519386433,PARENT,LAW_29_L24_S910007,NONE,1.9569778149233041,LAW_29,43,0.0,0.0,NO_SINK_CAPACITY,True,0.0,24,5.575286273495386,960
156.55822519386433,PARENT,LAW_29_L24_S910007,NONE,1.9569778149233041,LAW_29,46,0.0,0.0,NO_SINK_CAPACITY,True,0.0,24,6.361923236040505,1008
156.55822519386433,PARENT,LAW_29_L24_S910007,NONE,1.9569778149233041,LAW_29,47,0.0,0.0,NO_SINK_CAPACITY,True,0.0,24,7.039666185402316,1024
156.55822519386433,PARENT,LAW_29_L24_S910007,NONE,1.9569778149233041,LAW_29,48,0.0,0.0,NO_SINK_CAPACITY,True,0.0,24,7.651157536203753,1040
156.55822519386433,PARENT,LAW_29_L24_S910007,NONE,1.9569778149233041,LAW_29,49,0.0,0.0,NO_SINK_CAPACITY,True,0.0,24,8.212121606498165,1056
156.55822519386433,PARENT,LAW_29_L24_S910007,NONE,1.9569778149233041,LAW_29,52,0.0,0.0,NO_SINK_CAPACITY,True,0.0,24,8.663310959470156,1104
156.55822519386433,PARENT,LAW_29_L24_S910007,NONE,1.9569778149233041,LAW_29,53,0.0,0.0,NO_SINK_CAPACITY,True,0.0,24,9.251546115234461,1120
156.55822519386433,PARENT,LAW_29_L24_S910007,NONE,1.9569778149233041,LAW_29,54,0.0,0.0,NO_SINK_CAPACITY,True,0.0,24,9.786451719398134,1136
156.55822519386433,PARENT,LAW_29_L24_S910007,NONE,1.9569778149233041,LAW_29,56,0.0,0.0,NO_SINK_CAPACITY,True,0.0,24,9.992198205732825,1168
156.55822519386433,PARENT,LAW_29_L24_S910007,NONE,1.9569778149233041,LAW_29,57,0.0,0.0,NO_SINK_CAPACITY,True,0.0,24,10.543410770074425,1184
156.55822519386433,PARENT,LAW_29_L24_S910007,NONE,1.9569778149233041,LAW_29,58,0.0,0.0,NO_SINK_CAPACITY,True,0.0,24,11.045332801907607,1200
156.55822519386433,PARENT,LAW_29_L24_S910007,NONE,1.9569778149233041,LAW_29,59,0.0,0.0,NO_SINK_CAPACITY,True,0.0,24,11.509634536867704,1216
156.55822519386433,PARENT,LAW_29_L24_S910007,NONE,1.9569778149233041,LAW_29,60,0.0,0.0,NO_SINK_CAPACITY,True,0.0,24,11.944617159881764,1232
156.55822519386433,PARENT,LAW_29_L24_S910007,NONE,1.9569778149233041,LAW_29,62,0.0,0.0,NO_SINK_CAPACITY,True,0.0,24,12.365540178036628,1264
156.55822519386433,PARENT,LAW_29_L24_S910007,NONE,1.9569778149233041,LAW_29,63,0.0,0.0,NO_SINK_CAPACITY,True,0.0,24,12.79731145404062,1280
156.55822519386433,PARENT,LAW_29_L24_S910007,NONE,1.9569778149233041,LAW_29,64,0.0,0.0,NO_SINK_CAPACITY,True,0.0,24,13.203472371855966,1296
156.55822519386433,PARENT,LAW_29_L24_S910007,NONE,1.9569778149233041,LAW_29,65,0.0,0.0,NO_SINK_CAPACITY,True,0.0,24,13.588779767329815,1312
156.55822519386433,PARENT,LAW_29_L24_S910007,NONE,1.9569778149233041,LAW_29,66,0.0,0.0,NO_SINK_CAPACITY,True,0.0,24,13.956922880860247,1328
156.55822519386433,PARENT,LAW_29_L24_S910007,NONE,1.9569778149233041,LAW_29,67,0.0,0.0,NO_SINK_CAPACITY,True,0.0,24,14.310703008117613,1344
156.55822519386433,PARENT,LAW_29_L24_S910007,NONE,1.9569778149233041,LAW_29,70,0.0,0.0,NO_SINK_CAPACITY,True,0.0,24,13.891928695507186,1392
156.55822519386433,PARENT,LAW_29_L24_S910007,NONE,1.9569778149233041,LAW_29,71,0.0,0.0,NO_SINK_CAPACITY,True,0.0,24,14.390158479081883,1408
156.55822519386433,PARENT,LAW_29_L24_S910007,NONE,1.9569778149233041,LAW_29,72,0.0,0.0,NO_SINK_CAPACITY,True,0.0,24,14.837841894635588,1424
156.55822519386433,PARENT,LAW_29_L24_S910007,NONE,1.9569778149233041,LAW_29,74,0.0,0.0,NO_SINK_CAPACITY,True,0.0,24,14.483300976215434,1456
156.55822519386433,PARENT,LAW_29_L24_S910007,NONE,1.9569778149233041,LAW_29,75,0.0,0.0,NO_SINK_CAPACITY,True,0.0,24,15.000714282681765,1472
156.55822519386433,PARENT,LAW_29_L24_S910007,NONE,1.9569778149233041,LAW_29,76,0.0,0.0,NO_SINK_CAPACITY,True,0.0,24,15.461955570683019,1488
156.55822519386433,PARENT,LAW_29_L24_S910007,NONE,1.9569778149233041,LAW_29,77,0.0,0.0,NO_SINK_CAPACITY,True,0.0,24,15.881108491468975,1504
156.55822519386433,PARENT,LAW_29_L24_S910007,NONE,1.9569778149233041,LAW_29,78,0.0,0.0,NO_SINK_CAPACITY,True,0.0,24,16.268396880426035,1520
156.55822519386433,PARENT,LAW_29_L24_S910007,NONE,1.9569778149233041,LAW_29,79,0.0,0.0,NO_SINK_CAPACITY,True,0.0,24,16.63107070418347,1536
156.55822519386433,PARENT,LAW_29_L24_S910007,NONE,1.9569778149233041,LAW_29,80,0.0,0.0,NO_SINK_CAPACITY,True,0.0,24,16.97429106965118,1552
156.55822519386433,PARENT,LAW_29_L24_S910007,NONE,1.9569778149233041,LAW_29,81,0.0,0.0,NO_SINK_CAPACITY,True,0.0,24,17.301784689154978,1568
156.55822519386433,PARENT,LAW_29_L24_S910007,NONE,1.9569778149233041,LAW_29,82,0.0,0.0,NO_SINK_CAPACITY,True,0.0,24,17.616289856012923,1584
156.55822519386433,PARENT,LAW_29_L24_S910007,NONE,1.9569778149233041,LAW_29,83,0.0,0.0,NO_SINK_CAPACITY,True,0.0,24,17.91985536051077,1600
156.55822519386433,PARENT,LAW_29_L24_S910007,NONE,1.9569778149233041,LAW_29,84,0.0,0.0,NO_SINK_CAPACITY,True,0.0,24,18.214042120679395,1616
156.55822519386433,PARENT,LAW_29_L24_S910007,NONE,1.9569778149233041,LAW_29,85,0.0,0.0,NO_SINK_CAPACITY,True,0.0,24,18.50006013486528,1632
156.55822519386433,PARENT,LAW_29_L24_S910007,NONE,1.9569778149233041,LAW_29,86,0.0,0.0,NO_SINK_CAPACITY,True,0.0,24,18.77886293487637,1648
156.55822519386433,PARENT,LAW_29_L24_S910007,NONE,1.9569778149233041,LAW_29,87,0.0,0.0,NO_SINK_CAPACITY,True,0.0,24,19.05121296237042,1664
156.55822519386433,PARENT,LAW_29_L24_S910007,NONE,1.9569778149233041,LAW_29,88,0.0,0.0,NO_SINK_CAPACITY,True,0.0,24,19.31772912597346,1680
156.55822519386433,PARENT,LAW_29_L24_S910007,NONE,1.9569778149233041,LAW_29,89,0.0,0.0,NO_SINK_CAPACITY,True,0.0,24,19.578920403962112,1696
156.55822519386433,PARENT,LAW_29_L24_S910007,NONE,1.9569778149233041,LAW_29,90,0.0,0.0,NO_SINK_CAPACITY,True,0.0,24,19.835210852377283,1712
156.55822519386433,PARENT,LAW_29_L24_S910007,NONE,1.9569778149233041,LAW_29,91,0.0,0.0,NO_SINK_CAPACITY,True,0.0,24,20.08695844656128,1728
156.55822519386433,PARENT,LAW_29_L24_S910007,NONE,1.9569778149233041,LAW_29,92,0.0,0.0,NO_SINK_CAPACITY,True,0.0,24,20.334468534030243,1744
156.55822519386433,PARENT,LAW_29_L24_S910007,NONE,1.9569778149233041,LAW_29,93,0.0,0.0,NO_SINK_CAPACITY,True,0.0,24,20.57800423221817,1760
156.55822519386433,PARENT,LAW_29_L24_S910007,NONE,1.9569778149233041,LAW_29,94,0.0,0.0,NO_SINK_CAPACITY,True,0.0,24,20.81779463450511,1776
156.55822519386433,PARENT,LAW_29_L24_S910007,NONE,1.9569778149233041,LAW_29,96,0.0,0.0,NO_SINK_CAPACITY,True,0.0,24,20.52540370622333,1808
156.55822519386433,PARENT,LAW_29_L24_S910007,NONE,1.9569778149233041,LAW_29,97,0.0,0.0,NO_SINK_CAPACITY,True,0.0,24,20.864101180137823,1824
156.55822519386433,PARENT,LAW_29_L24_S910007,NONE,1.9569778149233041,LAW_29,98,0.0,0.0,NO_SINK_CAPACITY,True,0.0,24,21.176126548760127,1840
156.55822519386433,PARENT,LAW_29_L24_S910007,NONE,1.9569778149233041,LAW_29,99,0.0,0.0,NO_SINK_CAPACITY,True,0.0,24,21.467297758702134,1856
156.55822519386433,PARENT,LAW_29_L24_S910007,NONE,1.9569778149233041,LAW_29,101,0.0,0.0,NO_SINK_CAPACITY,True,0.0,24,21.624315109176546,1888
156.55822519386433,PARENT,LAW_29_L24_S910007,NONE,1.9569778149233041,LAW_29,102,0.0,0.0,NO_SINK_CAPACITY,True,0.0,24,21.93057724560823,1904
156.55822519386433,PARENT,LAW_29_L24_S910007,NONE,1.9569778149233041,LAW_29,103,0.0,0.0,NO_SINK_CAPACITY,True,0.0,24,22.215958974638852,1920
156.55822519386433,PARENT,LAW_29_L24_S910007,NONE,1.9569778149233041,LAW_29,104,0.0,0.0,NO_SINK_CAPACITY,True,0.0,24,22.48495806647683,1936
156.55822519386433,PARENT,LAW_29_L24_S910007,NONE,1.9569778149233041,LAW_29,105,0.0,0.0,NO_SINK_CAPACITY,True,0.0,24,22.740974126469474,1952
156.55822519386433,PARENT,LAW_29_L24_S910007,NONE,1.9569778149233041,LAW_29,106,0.0,0.0,NO_SINK_CAPACITY,True,0.0,24,22.986527340719384,1968
156.55822519386433,PARENT,LAW_29_L24_S910007,NONE,1.9569778149233041,LAW_29,107,0.0,0.0,NO_SINK_CAPACITY,True,0.0,24,23.223495739020155,1984
156.55822519386433,PARENT,LAW_29_L24_S910007,NONE,1.9569778149233041,LAW_29,108,0.0,0.0,NO_SINK_CAPACITY,True,0.0,24,23.45329580948724,2000
156.55822519386433,PARENT,LAW_29_L24_S910007,NONE,1.9569778149233041,LAW_29,109,0.0,0.0,NO_SINK_CAPACITY,True,0.0,24,23.677008315977794,2016
156.55822519386433,PARENT,LAW_29_L24_S910007,NONE,1.9569778149233041,LAW_29,110,0.0,0.0,NO_SINK_CAPACITY,True,0.0,24,23.895467475721695,2032
156.55822519386433,PARENT,LAW_29_L24_S910007,NONE,1.9569778149233041,LAW_29,111,0.0,0.0,NO_SINK_CAPACITY,True,0.0,24,24.109325008335162,2048
156.55822519386433,PARENT,LAW_29_L24_S910007,NONE,1.9569778149233041,LAW_29,112,0.0,0.0,NO_SINK_CAPACITY,True,0.0,24,24.31909604387774,2064
156.55822519386433,PARENT,LAW_29_L24_S910007,NONE,1.9569778149233041,LAW_29,114,0.0,0.0,NO_SINK_CAPACITY,True,0.0,24,24.351332677703816,2096
156.55822519386433,PARENT,LAW_29_L24_S910007,NONE,1.9569778149233041,LAW_29,115,0.0,0.0,NO_SINK_CAPACITY,True,0.0,24,24.607575829784516,2112
156.55822519386433,PARENT,LAW_29_L24_S910007,NONE,1.9569778149233041,LAW_29,116,0.0,0.0,NO_SINK_CAPACITY,True,0.0,24,24.847917460835472,2128
156.55822519386433,PARENT,LAW_29_L24_S910007,NONE,1.9569778149233041,LAW_29,118,0.0,0.0,NO_SINK_CAPACITY,True,0.0,24,24.913845913296772,2160
156.55822519386433,PARENT,LAW_29_L24_S910007,NONE,1.9569778149233041,LAW_29,119,0.0,0.0,NO_SINK_CAPACITY,True,0.0,24,25.17909097494258,2176
156.55822519386433,PARENT,LAW_29_L24_S910007,NONE,1.9569778149233041,LAW_29,120,0.0,0.0,NO_SINK_CAPACITY,True,0.0,24,25.42615343654647,2192
156.55822519386433,PARENT,LAW_29_L24_S910007,NONE,1.9569778149233041,LAW_29,121,0.0,0.0,NO_SINK_CAPACITY,True,0.0,24,25.659025865650534,2208
156.55822519386433,PARENT,LAW_29_L24_S910007,NONE,1.9569778149233041,LAW_29,122,0.0,0.0,NO_SINK_CAPACITY,True,0.0,24,25.8806979036849,2224
156.55822519386433,PARENT,LAW_29_L24_S910007,NONE,1.9569778149233041,LAW_29,123,0.0,0.0,NO_SINK_CAPACITY,True,0.0,24,26.093382807634363,2240
156.55822519386433,PARENT,LAW_29_L24_S910007,NONE,1.9569778149233041,LAW_29,124,0.0,0.0,NO_SINK_CAPACITY,True,0.0,24,26.29873098819503,2256
156.55822519386433,PARENT,LAW_29_L24_S910007,NONE,1.9569778149233041,LAW_29,125,0.0,0.0,NO_SINK_CAPACITY,True,0.0,24,26.497987784924955,2272
156.55822519386433,PARENT,LAW_29_L24_S910007,NONE,1.9569778149233041,LAW_29,126,0.0,0.0,NO_SINK_CAPACITY,True,0.0,24,26.692103202359725,2288
156.55822519386433,PARENT,LAW_29_L24_S910007,NONE,1.9569778149233041,LAW_29,127,0.0,0.0,NO_SINK_CAPACITY,True,0.0,24,26.881809390518153,2304
156.55822519386433,PARENT,LAW_29_L24_S910007,NONE,1.9569778149233041,LAW_29,128,0.0,0.0,NO_SINK_CAPACITY,True,0.0,24,27.067676533531962,2320
156.55822519386433,PARENT,LAW_29_L24_S910007,NONE,1.9569778149233041,LAW_29,130,0.0,0.0,NO_SINK_CAPACITY,True,0.0,24,27.052726520419142,2352
156.55822519386433,PARENT,LAW_29_L24_S910007,NONE,1.9569778149233041,LAW_29,131,0.0,0.0,NO_SINK_CAPACITY,True,0.0,24,27.285890046531318,2368
156.55822519386433,PARENT,LAW_29_L24_S910007,NONE,1.9569778149233041,LAW_29,132,0.0,0.0,NO_SINK_CAPACITY,True,0.0,24,27.50342744230879,2384
156.55822519386433,PARENT,LAW_29_L24_S910007,NONE,1.9569778149233041,LAW_29,134,0.0,0.0,NO_SINK_CAPACITY,True,0.0,24,27.52496008319603,2416
156.55822519386433,PARENT,LAW_29_L24_S910007,NONE,1.9569778149233041,LAW_29,135,0.0,0.0,NO_SINK_CAPACITY,True,0.0,24,27.768259083773216,2432
156.55822519386433,PARENT,LAW_29_L24_S910007,NONE,1.9569778149233041,LAW_29,136,0.0,0.0,NO_SINK_CAPACITY,True,0.0,24,27.993486402817997,2448
156.55822519386433,PARENT,LAW_29_L24_S910007,NONE,1.9569778149233041,LAW_29,137,0.0,0.0,NO_SINK_CAPACITY,True,0.0,24,28.20481043964644,2464
156.55822519386433,PARENT,LAW_29_L24_S910007,NONE,1.9569778149233041,LAW_29,138,0.0,0.0,NO_SINK_CAPACITY,True,0.0,24,28.405332926394735,2480
156.55822519386433,PARENT,LAW_29_L24_S910007,NONE,1.9569778149233041,LAW_29,139,0.0,0.0,NO_SINK_CAPACITY,True,0.0,24,28.59731779605322,2496
156.55822519386433,PARENT,LAW_29_L24_S910007,NONE,1.9569778149233041,LAW_29,140,0.0,0.0,NO_SINK_CAPACITY,True,0.0,24,28.78242723582546,2512
156.55822519386433,PARENT,LAW_29_L24_S910007,NONE,1.9569778149233041,LAW_29,142,0.0,0.0,NO_SINK_CAPACITY,True,0.0,24,28.75886530650294,2544
156.55822519386433,PARENT,LAW_29_L24_S910007,NONE,1.9569778149233041,LAW_29,143,0.0,0.0,NO_SINK_CAPACITY,True,0.0,24,28.985289700334622,2560
156.55822519386433,PARENT,LAW_29_L24_S910007,NONE,1.9569778149233041,LAW_29,144,0.0,0.0,NO_SINK_CAPACITY,True,0.0,24,29.195451148124935,2576
156.55822519386433,PARENT,LAW_29_L24_S910007,NONE,1.9569778149233041,LAW_29,145,0.0,0.0,NO_SINK_CAPACITY,True,0.0,24,29.39314243866125,2592
156.55822519386433,PARENT,LAW_29_L24_S910007,NONE,1.9569778149233041,LAW_29,146,0.0,0.0,NO_SINK_CAPACITY,True,0.0,24,29.581174745868935,2608
156.55822519386433,PARENT,LAW_29_L24_S910007,NONE,1.9569778149233041,LAW_29,147,0.0,0.0,NO_SINK_CAPACITY,True,0.0,24,29.76158590221064,2624
156.55822519386433,PARENT,LAW_29_L24_S910007,NONE,1.9569778149233041,LAW_29,148,0.0,0.0,NO_SINK_CAPACITY,True,0.0,24,29.93586248941117,2640
156.55822519386433,PARENT,LAW_29_L24_S910007,NONE,1.9569778149233041,LAW_29,149,0.0,0.0,NO_SINK_CAPACITY,True,0.0,24,30.10510297945038,2656
156.55822519386433,PARENT,LAW_29_L24_S910007,NONE,1.9569778149233041,LAW_29,150,0.0,0.0,NO_SINK_CAPACITY,True,0.0,24,30.27013003716355,2672
156.55822519386433,PARENT,LAW_29_L24_S910007,NONE,1.9569778149233041,LAW_29,151,0.0,0.0,NO_SINK_CAPACITY,True,0.0,24,30.43156816639353,2688
156.55822519386433,PARENT,LAW_29_L24_S910007,NONE,1.9569778149233041,LAW_29,152,0.0,0.0,NO_SINK_CAPACITY,True,0.0,24,30.5898978164011,2704
156.55822519386433,PARENT,LAW_29_L24_S910007,NONE,1.9569778149233041,LAW_29,153,0.0,0.0,NO_SINK_CAPACITY,True,0.0,24,30.745493141985353,2720
156.55822519386433,PARENT,LAW_29_L24_S910007,NONE,1.9569778149233041,LAW_29,154,0.0,0.0,NO_SINK_CAPACITY,True,0.0,24,30.89864912112931,2736
156.55822519386433,PARENT,LAW_29_L24_S910007,NONE,1.9569778149233041,LAW_29,155,0.0,0.0,NO_SINK_CAPACITY,True,0.0,24,31.049601289398357,2752
156.55822519386433,PARENT,LAW_29_L24_S910007,NONE,1.9569778149233041,LAW_29,156,0.0,0.0,NO_SINK_CAPACITY,True,0.0,24,31.198539972345877,2768
156.55822519386433,PARENT,LAW_29_L24_S910007,NONE,1.9569778149233041,LAW_29,157,0.0,0.0,NO_SINK_CAPACITY,True,0.0,24,31.34562082244281,2784
156.55822519386433,PARENT,LAW_29_L24_S910007,NONE,1.9569778149233041,LAW_29,158,0.0,0.0,NO_SINK_CAPACITY,True,0.0,24,31.490972745488822,2800
156.55822519386433,PARENT,LAW_29_L24_S910007,NONE,1.9569778149233041,LAW_29,159,0.0,0.0,NO_SINK_CAPACITY,True,0.0,24,31.634703684152253,2816
156.55822519386433,PARENT,LAW_29_L24_S910007,NONE,1.9569778149233041,LAW_29,160,0.0,0.0,NO_SINK_CAPACITY,True,0.0,24,31.776905090244547,2832
156.55822519386433,PARENT,LAW_29_L24_S910007,NONE,1.9569778149233041,LAW_29,161,0.0,0.0,NO_SINK_CAPACITY,True,0.0,24,31.91765515618124,2848
156.55822519386433,PARENT,LAW_29_L24_S910007,NONE,1.9569778149233041,LAW_29,162,0.0,0.0,NO_SINK_CAPACITY,True,0.0,24,32.05702157898354,2864
156.55822519386433,PARENT,LAW_29_L24_S910007,NONE,1.9569778149233041,LAW_29,163,0.0,0.0,NO_SINK_CAPACITY,True,0.0,24,32.195063476226366,2880
156.55822519386433,PARENT,LAW_29_L24_S910007,NONE,1.9569778149233041,LAW_29,164,0.0,0.0,NO_SINK_CAPACITY,True,0.0,24,32.331832842863285,2896
156.55822519386433,PARENT,LAW_29_L24_S910007,NONE,1.9569778149233041,LAW_29,166,0.0,0.0,NO_SINK_CAPACITY,True,0.0,24,32.228251602692744,2928
156.55822519386433,PARENT,LAW_29_L24_S910007,NONE,1.9569778149233041,LAW_29,167,0.0,0.0,NO_SINK_CAPACITY,True,0.0,24,32.41940915926718,2944
156.55822519386433,PARENT,LAW_29_L24_S910007,SINK,1.9569778149233041,LAW_29,168,0.4504389933597237,0.4504389933597237,NONE,False,0.4504389933597237,24,32.59553295487932,2960
156.55822519386433,PARENT,LAW_29_L24_S910007,NONE,1.9569778149233041,LAW_29,169,0.0,0.0,NO_SINK_CAPACITY,True,0.0,24,32.379867089700156,2976
156.55822519386433,PARENT,LAW_29_L24_S910007,NONE,1.9569778149233041,LAW_29,170,0.0,0.0,NO_SINK_CAPACITY,True,0.0,24,32.590481235349394,2992
156.55822519386433,PARENT,LAW_29_L24_S910007,NONE,1.9569778149233041,LAW_29,171,0.0,0.0,NO_SINK_CAPACITY,True,0.0,24,32.78248612928285,3008
156.55822519386433,PARENT,LAW_29_L24_S910007,NONE,1.9569778149233041,LAW_29,172,0.0,0.0,NO_SINK_CAPACITY,True,0.0,24,32.9604338423679,3024
156.55822519386433,PARENT,LAW_29_L24_S910007,NONE,1.9569778149233041,LAW_29,175,0.0,0.0,NO_SINK_CAPACITY,True,0.0,24,32.73037029933718,3072
156.55822519386433,PARENT,LAW_29_L24_S910007,NONE,1.9569778149233041,LAW_29,176,0.0,0.0,NO_SINK_CAPACITY,True,0.0,24,32.97140140138026,3088
156.55822519386433,PARENT,LAW_29_L24_S910007,NONE,1.9569778149233041,LAW_29,177,0.0,0.0,NO_SINK_CAPACITY,True,0.0,24,33.187788058966326,3104
156.55822519386433,PARENT,LAW_29_L24_S910007,NONE,1.9569778149233041,LAW_29,178,0.0,0.0,NO_SINK_CAPACITY,True,0.0,24,33.385301696257315,3120
156.55822519386433,PARENT,LAW_29_L24_S910007,NONE,1.9569778149233041,LAW_29,179,0.0,0.0,NO_SINK_CAPACITY,True,0.0,24,33.56826915442094,3136
156.55822519386433,PARENT,LAW_29_L24_S910007,NONE,1.9569778149233041,LAW_29,180,0.0,0.0,NO_SINK_CAPACITY,True,0.0,24,33.739887640941355,3152
156.55822519386433,PARENT,LAW_29_L24_S910007,NONE,1.9569778149233041,LAW_29,181,0.0,0.0,NO_SINK_CAPACITY,True,0.0,24,33.9025252884517,3168
156.55822519386433,PARENT,LAW_29_L24_S910007,NONE,1.9569778149233041,LAW_29,182,0.0,0.0,NO_SINK_CAPACITY,True,0.0,24,34.05795040340784,3184
156.55822519386433,PARENT,LAW_29_L24_S910007,NONE,1.9569778149233041,LAW_29,183,0.0,0.0,NO_SINK_CAPACITY,True,0.0,24,34.207496348449624,3200
156.55822519386433,PARENT,LAW_29_L24_S910007,NONE,1.9569778149233041,LAW_29,184,0.0,0.0,NO_SINK_CAPACITY,True,0.0,24,34.35217801511822,3216
156.55822519386433,PARENT,LAW_29_L24_S910007,NONE,1.9569778149233041,LAW_29,185,0.0,0.0,NO_SINK_CAPACITY,True,0.0,24,34.49277536061335,3232
156.55822519386433,PARENT,LAW_29_L24_S910007,NONE,1.9569778149233041,LAW_29,186,0.0,0.0,NO_SINK_CAPACITY,True,0.0,24,34.62989379213567,3248
156.55822519386433,PARENT,LAW_29_L24_S910007,NONE,1.9569778149233041,LAW_29,187,0.0,0.0,NO_SINK_CAPACITY,True,0.0,24,34.764008067460274,3264
156.55822519386433,PARENT,LAW_29_L24_S910007,NONE,1.9569778149233041,LAW_29,188,0.0,0.0,NO_SINK_CAPACITY,True,0.0,24,34.89549414093756,3280
156.55822519386433,PARENT,LAW_29_L24_S910007,NONE,1.9569778149233041,LAW_29,189,0.0,0.0,NO_SINK_CAPACITY,True,0.0,24,35.02465265683856,3296
156.55822519386433,PARENT,LAW_29_L24_S910007,NONE,1.9569778149233041,LAW_29,190,0.0,0.0,NO_SINK_CAPACITY,True,0.0,24,35.15172649325741,3312
156.55822519386433,PARENT,LAW_29_L24_S910007,NONE,1.9569778149233041,LAW_29,191,0.0,0.0,NO_SINK_CAPACITY,True,0.0,24,35.27691386633306,3328
156.55822519386433,PARENT,LAW_29_L24_S910007,NONE,1.9569778149233041,LAW_29,192,0.0,0.0,NO_SINK_CAPACITY,True,0.0,24,35.40037811763751,3344
156.55822519386433,PARENT,LAW_29_L24_S910007,NONE,1.9569778149233041,LAW_29,193,0.0,0.0,NO_SINK_CAPACITY,True,0.0,24,35.522255201628106,3360
156.55822519386433,PARENT,LAW_29_L24_S910007,NONE,1.9569778149233041,LAW_29,194,0.0,0.0,NO_SINK_CAPACITY,True,0.0,24,35.64265946737699,3376
156.55822519386433,PARENT,LAW_29_L24_S910007,NONE,1.9569778149233041,LAW_29,195,0.0,0.0,NO_SINK_CAPACITY,True,0.0,24,35.76168807997949,3392
156.55822519386433,PARENT,LAW_29_L24_S910007,NONE,1.9569778149233041,LAW_29,196,0.0,0.0,NO_SINK_CAPACITY,True,0.0,24,35.87942437965546,3408
156.55822519386433,PARENT,LAW_29_L24_S910007,NONE,1.9569778149233041,LAW_29,197,0.0,0.0,NO_SINK_CAPACITY,True,0.0,24,35.99594031461917,3424
156.55822519386433,PARENT,LAW_29_L24_S910007,NONE,1.9569778149233041,LAW_29,198,0.0,0.0,NO_SINK_CAPACITY,True,0.0,24,36.11129839957687,3440
156.55822519386433,PARENT,LAW_29_L24_S910007,NONE,1.9569778149233041,LAW_29,199,0.0,0.0,NO_SINK_CAPACITY,True,0.0,24,36.22555344918356,3456
156.55822519386433,PARENT,LAW_29_L24_S910007,NONE,1.9569778149233041,LAW_29,200,0.0,0.0,NO_SINK_CAPACITY,True,0.0,24,36.33875392686315,3472
156.55822519386433,PARENT,LAW_29_L24_S910007,NONE,1.9569778149233041,LAW_29,201,0.0,0.0,NO_SINK_CAPACITY,True,0.0,24,36.45094299599365,3488
156.55822519386433,PARENT,LAW_29_L24_S910007,NONE,1.9569778149233041,LAW_29,202,0.0,0.0,NO_SINK_CAPACITY,True,0.0,24,36.56215935237086,3504
156.55822519386433,PARENT,LAW_29_L24_S910007,NONE,1.9569778149233041,LAW_29,203,0.0,0.0,NO_SINK_CAPACITY,True,0.0,24,36.67243788347826,3520
156.55822519386433,PARENT,LAW_29_L24_S910007,NONE,1.9569778149233041,LAW_29,204,0.0,0.0,NO_SINK_CAPACITY,True,0.0,24,36.78181022446852,3536
156.55822519386433,PARENT,LAW_29_L24_S910007,NONE,1.9569778149233041,LAW_29,205,0.0,0.0,NO_SINK_CAPACITY,True,0.0,24,36.89030522310441,3552
156.55822519386433,PARENT,LAW_29_L24_S910007,NONE,1.9569778149233041,LAW_29,206,0.0,0.0,NO_SINK_CAPACITY,True,0.0,24,36.99794930458687,3568
156.55822519386433,PARENT,LAW_29_L24_S910007,NONE,1.9569778149233041,LAW_29,207,0.0,0.0,NO_SINK_CAPACITY,True,0.0,24,37.10476678007572,3584
156.55822519386433,PARENT,LAW_29_L24_S910007,NONE,1.9569778149233041,LAW_29,208,0.0,0.0,NO_SINK_CAPACITY,True,0.0,24,37.21078009682455,3600
156.55822519386433,PARENT,LAW_29_L24_S910007,NONE,1.9569778149233041,LAW_29,209,0.0,0.0,NO_SINK_CAPACITY,True,0.0,24,37.316010052863355,3616
156.55822519386433,PARENT,LAW_29_L24_S910007,NONE,1.9569778149233041,LAW_29,210,0.0,0.0,NO_SINK_CAPACITY,True,0.0,24,37.42047598504239,3632
156.55822519386433,PARENT,LAW_29_L24_S910007,NONE,1.9569778149233041,LAW_29,211,0.0,0.0,NO_SINK_CAPACITY,True,0.0,24,37.52419593136903,3648
156.55822519386433,PARENT,LAW_29_L24_S910007,NONE,1.9569778149233041,LAW_29,212,0.0,0.0,NO_SINK_CAPACITY,True,0.0,24,37.627186768693335,3664
156.55822519386433,PARENT,LAW_29_L24_S910007,NONE,1.9569778149233041,LAW_29,213,0.0,0.0,NO_SINK_CAPACITY,True,0.0,24,37.72946433032481,3680
156.55822519386433,PARENT,LAW_29_L24_S910007,NONE,1.9569778149233041,LAW_29,214,0.0,0.0,NO_SINK_CAPACITY,True,0.0,24,37.831043508272806,3696
156.55822519386433,PARENT,LAW_29_L24_S910007,NONE,1.9569778149233041,LAW_29,215,0.0,0.0,NO_SINK_CAPACITY,True,0.0,24,37.93193834207544,3712
156.55822519386433,PARENT,LAW_29_L24_S910007,NONE,1.9569778149233041,LAW_29,216,0.0,0.0,NO_SINK_CAPACITY,True,0.0,24,38.032162092837346,3728
156.55822519386433,PARENT,LAW_29_L24_S910007,NONE,1.9569778149233041,LAW_29,217,0.0,0.0,NO_SINK_CAPACITY,True,0.0,24,38.13172731426708,3744
156.55822519386433,PARENT,LAW_29_L24_S910007,NONE,1.9569778149233041,LAW_29,218,0.0,0.0,NO_SINK_CAPACITY,True,0.0,24,38.23064592063042,3760
156.55822519386433,PARENT,LAW_29_L24_S910007,NONE,1.9569778149233041,LAW_29,219,0.0,0.0,NO_SINK_CAPACITY,True,0.0,24,38.328929240304525,3776
156.55822519386433,PARENT,LAW_29_L24_S910007,NONE,1.9569778149233041,LAW_29,220,0.0,0.0,NO_SINK_CAPACITY,True,0.0,24,38.42658805600414,3792
156.55822519386433,PARENT,LAW_29_L24_S910007,NONE,1.9569778149233041,LAW_29,221,0.0,0.0,NO_SINK_CAPACITY,True,0.0,24,38.52363264911569,3808
156.55822519386433,PARENT,LAW_29_L24_S910007,NONE,1.9569778149233041,LAW_29,222,0.0,0.0,NO_SINK_CAPACITY,True,0.0,24,38.620072840054604,3824
156.55822519386433,PARENT,LAW_29_L24_S910007,NONE,1.9569778149233041,LAW_29,223,0.0,0.0,NO_SINK_CAPACITY,True,0.0,24,38.71591802643314,3840
156.55822519386433,PARENT,LAW_29_L24_S910007,NONE,1.9569778149233041,LAW_29,224,0.0,0.0,NO_SINK_CAPACITY,True,0.0,24,38.811177210497576,3856
156.55822519386433,PARENT,LAW_29_L24_S910007,NONE,1.9569778149233041,LAW_29,225,0.0,0.0,NO_SINK_CAPACITY,True,0.0,24,38.90585902571298,3872
156.55822519386433,PARENT,LAW_29_L24_S910007,NONE,1.9569778149233041,LAW_29,226,0.0,0.0,NO_SINK_CAPACITY,True,0.0,24,38.99997176555107,3888
156.55822519386433,PARENT,LAW_29_L24_S910007,NONE,1.9569778149233041,LAW_29,229,0.0,0.0,NO_SINK_CAPACITY,True,0.0,24,37.5014414988717,3936
156.55822519386433,PARENT,LAW_29_L24_S910007,NONE,1.9569778149233041,LAW_29,230,0.0,0.0,NO_SINK_CAPACITY,True,0.0,24,36.740748114022736,3952
156.55822519386433,PARENT,LAW_29_L24_S910007,NONE,1.9569778149233041,LAW_29,231,0.0,0.0,NO_SINK_CAPACITY,True,0.0,24,35.33992916735767,3968
156.55822519386433,PARENT,LAW_29_L24_S910007,NONE,1.9569778149233041,LAW_29,232,0.0,0.0,NO_SINK_CAPACITY,True,0.0,24,35.55634378283328,3984
156.55822519386433,PARENT,LAW_29_L24_S910007,NONE,1.9569778149233041,LAW_29,233,0.0,0.0,NO_SINK_CAPACITY,True,0.0,24,35.75527934344354,4000
156.55822519386433,PARENT,LAW_29_L24_S910007,NONE,1.9569778149233041,LAW_29,234,0.0,0.0,NO_SINK_CAPACITY,True,0.0,24,35.9390980162734,4016
156.55822519386433,PARENT,LAW_29_L24_S910007,NONE,1.9569778149233041,LAW_29,235,0.0,0.0,NO_SINK_CAPACITY,True,0.0,24,36.11012934265233,4032
156.55822519386433,PARENT,LAW_29_L24_S910007,NONE,1.9569778149233041,LAW_29,236,0.0,0.0,NO_SINK_CAPACITY,True,0.0,24,36.27042174722573,4048
156.55822519386433,PARENT,LAW_29_L24_S910007,NONE,1.9569778149233041,LAW_29,237,0.0,0.0,NO_SINK_CAPACITY,True,0.0,24,36.97042270679785,4064
156.55822519386433,SINK_FLOOR,LAW_29_L24_S910007,PLANNED,1.9569778149233041,LAW_29,0,1.9569778149233041,1.9569778149233041,NONE,False,24.33494546080995,24,28.701102130823248,272
156.55822519386433,SINK_FLOOR,LAW_29_L24_S910007,PLANNED,1.9569778149233041,LAW_29,8,1.9569778149233041,1.9569778149233044,NONE,False,7.841266145580923,24,17.697841020726823,400
156.55822519386433,SINK_FLOOR,LAW_29_L24_S910007,SINK,1.9569778149233041,LAW_29,16,0.20443776290534554,0.20443776290534554,NONE,False,0.20443776290534554,24,14.614953836660392,528
156.55822519386433,SINK_FLOOR,LAW_29_L24_S910007,SINK,1.9569778149233041,LAW_29,24,0.1331761093098477,0.1331761093098477,NONE,False,0.1331761093098477,24,17.418516587441932,656
156.55822519386433,SINK_FLOOR,LAW_29_L24_S910007,SINK,1.9569778149233041,LAW_29,32,0.103856242965638,0.103856242965638,NONE,False,0.103856242965638,24,19.684090238360547,784
156.55822519386433,SINK_FLOOR,LAW_29_L24_S910007,SINK,1.9569778149233041,LAW_29,40,0.0883119715703109,0.0883119715703109,NONE,False,0.0883119715703109,24,21.64489929102266,912
156.55822519386433,SINK_FLOOR,LAW_29_L24_S910007,SINK,1.9569778149233041,LAW_29,48,0.0779424907004902,0.0779424907004902,NONE,False,0.0779424907004902,24,23.400058500444477,1040
156.55822519386433,SINK_FLOOR,LAW_29_L24_S910007,SINK,1.9569778149233041,LAW_29,56,0.07014016196241657,0.07014016196241657,NONE,False,0.07014016196241657,24,24.99927583693094,1168
156.55822519386433,SINK_FLOOR,LAW_29_L24_S910007,SINK,1.9569778149233041,LAW_29,64,0.0634560155056706,0.0634560155056706,NONE,False,0.0634560155056706,24,26.475427645653866,1296
156.55822519386433,SINK_FLOOR,LAW_29_L24_S910007,SINK,1.9569778149233041,LAW_29,72,0.058126562390422576,0.058126562390422576,NONE,False,0.058126562390422576,24,27.848641485373538,1424
156.55822519386433,SINK_FLOOR,LAW_29_L24_S910007,SINK,1.9569778149233041,LAW_29,80,0.05321104186988357,0.05321104186988357,NONE,False,0.05321104186988357,24,29.13355633224072,1552
156.55822519386433,SINK_FLOOR,LAW_29_L24_S910007,SINK,1.9569778149233041,LAW_29,88,0.048642913085291006,0.048642913085291006,NONE,False,0.048642913085291006,24,29.791027576859044,1680
156.55822519386433,SINK_FLOOR,LAW_29_L24_S910007,SINK,1.9569778149233041,LAW_29,96,0.04439644747604177,0.04439644747604177,NONE,False,0.04439644747604177,24,30.93203577146013,1808
156.55822519386433,SINK_FLOOR,LAW_29_L24_S910007,SINK,1.9569778149233041,LAW_29,104,0.04044663436588203,0.04044663436588203,NONE,False,0.04044663436588203,24,32.013868516748815,1936
156.55822519386433,SINK_FLOOR,LAW_29_L24_S910007,SINK,1.9569778149233041,LAW_29,112,0.03688877651661848,0.03688877651661848,NONE,False,0.03688877651661848,24,33.04217154965956,2064
156.55822519386433,SINK_FLOOR,LAW_29_L24_S910007,SINK,1.9569778149233041,LAW_29,120,0.03376842019775417,0.03376842019775417,NONE,False,0.03376842019775417,24,34.01803639916981,2192
156.55822519386433,SINK_FLOOR,LAW_29_L24_S910007,SINK,1.9569778149233041,LAW_29,128,0.031009528928391705,0.031009528928391705,NONE,False,0.031009528928391705,24,34.94401837990185,2320
156.55822519386433,SINK_FLOOR,LAW_29_L24_S910007,SINK,1.9569778149233041,LAW_29,136,0.028484194157109677,0.028484194157109677,NONE,False,0.028484194157109677,24,35.82467074452798,2448
156.55822519386433,SINK_FLOOR,LAW_29_L24_S910007,SINK,1.9569778149233041,LAW_29,144,0.02606820413533928,0.02606820413533928,NONE,False,0.02606820413533928,24,36.664651309657394,2576
156.55822519386433,SINK_FLOOR,LAW_29_L24_S910007,SINK,1.9569778149233041,LAW_29,152,0.023775254427037984,0.023775254427037984,NONE,False,0.023775254427037984,24,37.467411875646974,2704
156.55822519386433,SINK_FLOOR,LAW_29_L24_S910007,SINK,1.9569778149233041,LAW_29,160,0.021607309316265866,0.021607309316265866,NONE,False,0.021607309316265866,24,38.23579124374873,2832
156.55822519386433,SINK_FLOOR,LAW_29_L24_S910007,SINK,1.9569778149233041,LAW_29,168,0.019562188543488235,0.019562188543488235,NONE,False,0.019562188543488235,24,38.972233883441845,2960
156.55822519386433,SINK_FLOOR,LAW_29_L24_S910007,SINK,1.9569778149233041,LAW_29,176,0.017635849926532887,0.017635849926532887,NONE,False,0.017635849926532887,24,39.67888651041393,3088
156.55822519386433,SINK_FLOOR,LAW_29_L24_S910007,SINK,1.9569778149233041,LAW_29,184,0.0158646314707519,0.0158646314707519,NONE,False,0.0158646314707519,24,40.35764642411626,3216
156.55822519386433,SINK_FLOOR,LAW_29_L24_S910007,SINK,1.9569778149233041,LAW_29,192,0.014521484181888145,0.014521484181888145,NONE,False,0.014521484181888145,24,41.00937240639421,3344
156.55822519386433,SINK_FLOOR,LAW_29_L24_S910007,SINK,1.9569778149233041,LAW_29,200,0.013234976097972417,0.013234976097972417,NONE,False,0.013234976097972417,24,41.6355664638913,3472
156.55822519386433,SINK_FLOOR,LAW_29_L24_S910007,SINK,1.9569778149233041,LAW_29,208,0.011988588677871559,0.011988588677871559,NONE,False,0.011988588677871559,24,42.2382487759166,3600
156.55822519386433,SINK_FLOOR,LAW_29_L24_S910007,SINK,1.9569778149233041,LAW_29,216,0.010793438700310576,0.010793438700310576,NONE,False,0.010793438700310576,24,42.26850370424373,3728
156.55822519386433,SINK_FLOOR,LAW_29_L24_S910007,SINK,1.9569778149233041,LAW_29,224,0.009652975656617824,0.009652975656617824,NONE,False,0.009652975656617824,24,42.8276848793233,3856
156.55822519386433,SINK_FLOOR,LAW_29_L24_S910007,SINK,1.9569778149233041,LAW_29,232,0.008567666556106857,0.008567666556106857,NONE,False,0.008567666556106857,24,43.367166668171045,3984
156.55822519386433,SINK_FLOOR,LAW_29_L24_S910007,SINK,1.9569778149233041,LAW_29,240,0.007536577962921398,0.007536577962921398,NONE,False,0.007536577962921398,24,43.88793956972829,4112
156.55822519386433,SINK_FLOOR,LAW_29_L24_S910007,SINK,1.9569778149233041,LAW_29,248,0.0066418619228484355,0.0066418619228484355,NONE,False,0.0066418619228484355,24,44.39082639017912,4240
156.55822519386433,SINK_FLOOR,LAW_29_L24_S910007,SINK,1.9569778149233041,LAW_29,256,0.005868587924575119,0.005868587924575119,NONE,False,0.005868587924575119,24,44.87624365426412,4368
156.55822519386433,SINK_FLOOR,LAW_29_L24_S910007,SINK,1.9569778149233041,LAW_29,264,0.005241114540287639,0.005241114540287639,NONE,False,0.005241114540287639,24,45.34492730145546,4496
156.55822519386433,SINK_FLOOR,LAW_29_L24_S910007,SINK,1.9569778149233041,LAW_29,272,0.004611160080231991,0.004611160080231991,NONE,False,0.004611160080231991,24,45.79778584297111,4624
156.55822519386433,SINK_FLOOR,LAW_29_L24_S910007,SINK,1.9569778149233041,LAW_29,280,0.003995801890719908,0.003995801890719908,NONE,False,0.003995801890719908,24,46.23571274778509,4752
156.55822519386433,SINK_FLOOR,LAW_29_L24_S910007,SINK,1.9569778149233041,LAW_29,288,0.0033998211291764724,0.0033998211291764724,NONE,False,0.0033998211291764724,24,46.65941362010029,4880
156.55822519386433,SINK_FLOOR,LAW_29_L24_S910007,SINK,1.9569778149233041,LAW_29,296,0.0028251496290596645,0.0028251496290596645,NONE,False,0.0028251496290596645,24,47.06951589642171,5008
156.55822519386433,SINK_FLOOR,LAW_29_L24_S910007,SINK,1.9569778149233041,LAW_29,304,0.0023838508447637796,0.0023838508447637796,NONE,False,0.0023838508447637796,24,47.46638704971314,5136
156.55822519386433,SINK_FLOOR,LAW_29_L24_S910007,SINK,1.9569778149233041,LAW_29,312,0.0019571888534440918,0.0019571888534440918,NONE,False,0.0019571888534440918,24,47.850432362514795,5264
160.24265416882957,PARENT,LAW_29_L24_S910008,PLANNED,2.0030331771103698,LAW_29,0,2.0030331771103698,2.0030331771103698,NONE,False,77.51953707824099,24,29.710658494650282,272
160.24265416882957,PARENT,LAW_29_L24_S910008,PLANNED,2.0030331771103698,LAW_29,8,2.0030331771103698,2.0030331771103698,NONE,False,54.450631512878815,24,18.445029352685005,400
160.24265416882957,PARENT,LAW_29_L24_S910008,PLANNED,2.0030331771103698,LAW_29,16,2.0030331771103698,2.0030331771103693,NONE,False,30.262893780388236,24,7.597988688161306,528
160.24265416882957,PARENT,LAW_29_L24_S910008,SOURCE,2.0030331771103698,LAW_29,24,0.8558869639661641,0.8558869639661641,NONE,False,12.29705712551626,24,0.8558869639661641,656
160.24265416882957,PARENT,LAW_29_L24_S910008,SOURCE,2.0030331771103698,LAW_29,32,1.1252791311825554,1.1252791311825554,NONE,False,2.822177355410621,24,1.1252791311825554,784
160.24265416882957,PARENT,LAW_29_L24_S910008,NONE,2.0030331771103698,LAW_29,38,0.0,0.0,NO_SINK_CAPACITY,True,0.0,24,2.6064508869351397,880
160.24265416882957,PARENT,LAW_29_L24_S910008,SINK,2.0030331771103698,LAW_29,40,0.9042779451341065,0.9042779451341065,NONE,False,0.9042779451341065,24,3.1306220279822305,912
160.24265416882957,PARENT,LAW_29_L24_S910008,NONE,2.0030331771103698,LAW_29,41,0.0,0.0,NO_SINK_CAPACITY,True,0.0,24,3.227332819742744,928
160.24265416882957,PARENT,LAW_29_L24_S910008,NONE,2.0030331771103698,LAW_29,42,0.0,0.0,NO_SINK_CAPACITY,True,0.0,24,4.107088571548433,944
160.24265416882957,PARENT,LAW_29_L24_S910008,NONE,2.0030331771103698,LAW_29,44,0.0,0.0,NO_SINK_CAPACITY,True,0.0,24,5.211484027978738,976
160.24265416882957,PARENT,LAW_29_L24_S910008,NONE,2.0030331771103698,LAW_29,47,0.0,0.0,NO_SINK_CAPACITY,True,0.0,24,6.457147309856612,1024
160.24265416882957,PARENT,LAW_29_L24_S910008,SINK,2.0030331771103698,LAW_29,48,0.45273755345569655,0.45273755345569655,NONE,False,0.45273755345569655,24,7.102311468367394,1040
160.24265416882957,PARENT,LAW_29_L24_S910008,NONE,2.0030331771103698,LAW_29,50,0.0,0.0,NO_SINK_CAPACITY,True,0.0,24,7.542780283318105,1072
160.24265416882957,PARENT,LAW_29_L24_S910008,NONE,2.0030331771103698,LAW_29,52,0.0,0.0,NO_SINK_CAPACITY,True,0.0,24,7.532119539361934,1104
160.24265416882957,PARENT,LAW_29_L24_S910008,NONE,2.0030331771103698,LAW_29,53,0.0,0.0,NO_SINK_CAPACITY,True,0.0,24,8.189654245782869,1120
160.24265416882957,PARENT,LAW_29_L24_S910008,NONE,2.0030331771103698,LAW_29,54,0.0,0.0,NO_SINK_CAPACITY,True,0.0,24,8.778322509660653,1136
160.24265416882957,PARENT,LAW_29_L24_S910008,NONE,2.0030331771103698,LAW_29,55,0.0,0.0,NO_SINK_CAPACITY,True,0.0,24,9.314461635243317,1152
160.24265416882957,PARENT,LAW_29_L24_S910008,SINK,2.0030331771103698,LAW_29,56,0.4503525288922153,0.4503525288922153,NONE,False,0.4503525288922153,24,9.810140830729111,1168
160.24265416882957,PARENT,LAW_29_L24_S910008,NONE,2.0030331771103698,LAW_29,57,0.0,0.0,NO_SINK_CAPACITY,True,0.0,24,9.901824323308908,1184
160.24265416882957,PARENT,LAW_29_L24_S910008,NONE,2.0030331771103698,LAW_29,58,0.0,0.0,NO_SINK_CAPACITY,True,0.0,24,10.400004286648487,1200
160.24265416882957,PARENT,LAW_29_L24_S910008,NONE,2.0030331771103698,LAW_29,60,0.0,0.0,NO_SINK_CAPACITY,True,0.0,24,10.167151933217822,1232
160.24265416882957,PARENT,LAW_29_L24_S910008,NONE,2.0030331771103698,LAW_29,61,0.0,0.0,NO_SINK_CAPACITY,True,0.0,24,10.749495317748375,1248
160.24265416882957,PARENT,LAW_29_L24_S910008,NONE,2.0030331771103698,LAW_29,62,0.0,0.0,NO_SINK_CAPACITY,True,0.0,24,11.271647380465948,1264
160.24265416882957,PARENT,LAW_29_L24_S910008,NONE,2.0030331771103698,LAW_29,63,0.0,0.0,NO_SINK_CAPACITY,True,0.0,24,11.748368249394918,1280
160.24265416882957,PARENT,LAW_29_L24_S910008,NONE,2.0030331771103698,LAW_29,64,0.0,0.0,NO_SINK_CAPACITY,True,0.0,24,12.190354427039871,1296
160.24265416882957,PARENT,LAW_29_L24_S910008,NONE,2.0030331771103698,LAW_29,65,0.0,0.0,NO_SINK_CAPACITY,True,0.0,24,12.6052036740129,1312
160.24265416882957,PARENT,LAW_29_L24_S910008,NONE,2.0030331771103698,LAW_29,66,0.0,0.0,NO_SINK_CAPACITY,True,0.0,24,12.998354118593868,1328
160.24265416882957,PARENT,LAW_29_L24_S910008,NONE,2.0030331771103698,LAW_29,67,0.0,0.0,NO_SINK_CAPACITY,True,0.0,24,13.373758778586584,1344
160.24265416882957,PARENT,LAW_29_L24_S910008,NONE,2.0030331771103698,LAW_29,68,0.0,0.0,NO_SINK_CAPACITY,True,0.0,24,13.734343609233882,1360
160.24265416882957,PARENT,LAW_29_L24_S910008,NONE,2.0030331771103698,LAW_29,70,0.0,0.0,NO_SINK_CAPACITY,True,0.0,24,14.054986118005415,1392
160.24265416882957,PARENT,LAW_29_L24_S910008,NONE,2.0030331771103698,LAW_29,71,0.0,0.0,NO_SINK_CAPACITY,True,0.0,24,14.447534749063907,1408
160.24265416882957,PARENT,LAW_29_L24_S910008,NONE,2.0030331771103698,LAW_29,72,0.0,0.0,NO_SINK_CAPACITY,True,0.0,24,14.815449355557302,1424
160.24265416882957,PARENT,LAW_29_L24_S910008,NONE,2.0030331771103698,LAW_29,73,0.0,0.0,NO_SINK_CAPACITY,True,0.0,24,15.164096845914875,1440
160.24265416882957,PARENT,LAW_29_L24_S910008,NONE,2.0030331771103698,LAW_29,75,0.0,0.0,NO_SINK_CAPACITY,True,0.0,24,15.449980251232418,1472
160.24265416882957,PARENT,LAW_29_L24_S910008,NONE,2.0030331771103698,LAW_29,76,0.0,0.0,NO_SINK_CAPACITY,True,0.0,24,15.823458600878963,1488
160.24265416882957,PARENT,LAW_29_L24_S910008,NONE,2.0030331771103698,LAW_29,77,0.0,0.0,NO_SINK_CAPACITY,True,0.0,24,16.172140375130645,1504
160.24265416882957,PARENT,LAW_29_L24_S910008,NONE,2.0030331771103698,LAW_29,80,0.0,0.0,NO_SINK_CAPACITY,True,0.0,24,16.431738926452955,1552
160.24265416882957,PARENT,LAW_29_L24_S910008,NONE,2.0030331771103698,LAW_29,81,0.0,0.0,NO_SINK_CAPACITY,True,0.0,24,16.828562496234284,1568
160.24265416882957,PARENT,LAW_29_L24_S910008,NONE,2.0030331771103698,LAW_29,82,0.0,0.0,NO_SINK_CAPACITY,True,0.0,24,17.190151751546612,1584
160.24265416882957,PARENT,LAW_29_L24_S910008,NONE,2.0030331771103698,LAW_29,84,0.0,0.0,NO_SINK_CAPACITY,True,0.0,24,17.470237927855035,1616
160.24265416882957,PARENT,LAW_29_L24_S910008,NONE,2.0030331771103698,LAW_29,85,0.0,0.0,NO_SINK_CAPACITY,True,0.0,24,17.8303271484521,1632
160.24265416882957,PARENT,LAW_29_L24_S910008,NONE,2.0030331771103698,LAW_29,86,0.0,0.0,NO_SINK_CAPACITY,True,0.0,24,18.163649325414774,1648
160.24265416882957,PARENT,LAW_29_L24_S910008,NONE,2.0030331771103698,LAW_29,87,0.0,0.0,NO_SINK_CAPACITY,True,0.0,24,18.476559495346706,1664
160.24265416882957,PARENT,LAW_29_L24_S910008,NONE,2.0030331771103698,LAW_29,88,0.0,0.0,NO_SINK_CAPACITY,True,0.0,24,18.773622614813846,1680
160.24265416882957,PARENT,LAW_29_L24_S910008,NONE,2.0030331771103698,LAW_29,90,0.0,0.0,NO_SINK_CAPACITY,True,0.0,24,18.57484404384956,1712
160.24265416882957,PARENT,LAW_29_L24_S910008,NONE,2.0030331771103698,LAW_29,91,0.0,0.0,NO_SINK_CAPACITY,True,0.0,24,18.950298738211316,1728
160.24265416882957,PARENT,LAW_29_L24_S910008,NONE,2.0030331771103698,LAW_29,92,0.0,0.0,NO_SINK_CAPACITY,True,0.0,24,19.29211415244341,1744
160.24265416882957,PARENT,LAW_29_L24_S910008,NONE,2.0030331771103698,LAW_29,93,0.0,0.0,NO_SINK_CAPACITY,True,0.0,24,19.608607971888073,1760
160.24265416882957,PARENT,LAW_29_L24_S910008,NONE,2.0030331771103698,LAW_29,94,0.0,0.0,NO_SINK_CAPACITY,True,0.0,24,19.905875336984735,1776
160.24265416882957,PARENT,LAW_29_L24_S910008,NONE,2.0030331771103698,LAW_29,95,0.0,0.0,NO_SINK_CAPACITY,True,0.0,24,20.18825017307331,1792
160.24265416882957,PARENT,LAW_29_L24_S910008,NONE,2.0030331771103698,LAW_29,96,0.0,0.0,NO_SINK_CAPACITY,True,0.0,24,20.458814028332473,1808
160.24265416882957,PARENT,LAW_29_L24_S910008,NONE,2.0030331771103698,LAW_29,97,0.0,0.0,NO_SINK_CAPACITY,True,0.0,24,20.719785062298985,1824
160.24265416882957,PARENT,LAW_29_L24_S910008,NONE,2.0030331771103698,LAW_29,98,0.0,0.0,NO_SINK_CAPACITY,True,0.0,24,20.972786443336258,1840
160.24265416882957,PARENT,LAW_29_L24_S910008,NONE,2.0030331771103698,LAW_29,99,0.0,0.0,NO_SINK_CAPACITY,True,0.0,24,21.21902666625394,1856
160.24265416882957,PARENT,LAW_29_L24_S910008,NONE,2.0030331771103698,LAW_29,100,0.0,0.0,NO_SINK_CAPACITY,True,0.0,24,21.459421015668646,1872
160.24265416882957,PARENT,LAW_29_L24_S910008,NONE,2.0030331771103698,LAW_29,102,0.0,0.0,NO_SINK_CAPACITY,True,0.0,24,21.562579947903977,1904
160.24265416882957,PARENT,LAW_29_L24_S910008,NONE,2.0030331771103698,LAW_29,103,0.0,0.0,NO_SINK_CAPACITY,True,0.0,24,21.8543785460429,1920
160.24265416882957,PARENT,LAW_29_L24_S910008,NONE,2.0030331771103698,LAW_29,104,0.0,0.0,NO_SINK_CAPACITY,True,0.0,24,22.126015687382186,1936
160.24265416882957,PARENT,LAW_29_L24_S910008,NONE,2.0030331771103698,LAW_29,106,0.0,0.0,NO_SINK_CAPACITY,True,0.0,24,22.25569671878203,1968
160.24265416882957,PARENT,LAW_29_L24_S910008,NONE,2.0030331771103698,LAW_29,107,0.0,0.0,NO_SINK_CAPACITY,True,0.0,24,22.550968675007883,1984
160.24265416882957,PARENT,LAW_29_L24_S910008,NONE,2.0030331771103698,LAW_29,108,0.0,0.0,NO_SINK_CAPACITY,True,0.0,24,22.824386973327623,2000
160.24265416882957,PARENT,LAW_29_L24_S910008,NONE,2.0030331771103698,LAW_29,109,0.0,0.0,NO_SINK_CAPACITY,True,0.0,24,23.08126976875349,2016
160.24265416882957,PARENT,LAW_29_L24_S910008,NONE,2.0030331771103698,LAW_29,110,0.0,0.0,NO_SINK_CAPACITY,True,0.0,24,23.3254252792962,2032
160.24265416882957,PARENT,LAW_29_L24_S910008,NONE,2.0030331771103698,LAW_29,111,0.0,0.0,NO_SINK_CAPACITY,True,0.0,24,23.559559989542432,2048
160.24265416882957,PARENT,LAW_29_L24_S910008,NONE,2.0030331771103698,LAW_29,112,0.0,0.0,NO_SINK_CAPACITY,True,0.0,24,23.785619468992728,2064
160.24265416882957,PARENT,LAW_29_L24_S910008,NONE,2.0030331771103698,LAW_29,113,0.0,0.0,NO_SINK_CAPACITY,True,0.0,24,24.005025113315202,2080
160.24265416882957,PARENT,LAW_29_L24_S910008,NONE,2.0030331771103698,LAW_29,114,0.0,0.0,NO_SINK_CAPACITY,True,0.0,24,24.21883149784362,2096
160.24265416882957,PARENT,LAW_29_L24_S910008,NONE,2.0030331771103698,LAW_29,115,0.0,0.0,NO_SINK_CAPACITY,True,0.0,24,24.427832952930185,2112
160.24265416882957,PARENT,LAW_29_L24_S910008,NONE,2.0030331771103698,LAW_29,116,0.0,0.0,NO_SINK_CAPACITY,True,0.0,24,24.632637214099606,2128
160.24265416882957,PARENT,LAW_29_L24_S910008,NONE,2.0030331771103698,LAW_29,117,0.0,0.0,NO_SINK_CAPACITY,True,0.0,24,24.833716473700985,2144
160.24265416882957,PARENT,LAW_29_L24_S910008,NONE,2.0030331771103698,LAW_29,118,0.0,0.0,NO_SINK_CAPACITY,True,0.0,24,25.031443223030518,2160
160.24265416882957,PARENT,LAW_29_L24_S910008,NONE,2.0030331771103698,LAW_29,119,0.0,0.0,NO_SINK_CAPACITY,True,0.0,24,25.226115798168642,2176
160.24265416882957,PARENT,LAW_29_L24_S910008,NONE,2.0030331771103698,LAW_29,120,0.0,0.0,NO_SINK_CAPACITY,True,0.0,24,25.41797663083733,2192
160.24265416882957,PARENT,LAW_29_L24_S910008,NONE,2.0030331771103698,LAW_29,123,0.0,0.0,NO_SINK_CAPACITY,True,0.0,24,24.52714704606253,2240
160.24265416882957,PARENT,LAW_29_L24_S910008,NONE,2.0030331771103698,LAW_29,124,0.0,0.0,NO_SINK_CAPACITY,True,0.0,24,24.90680752484346,2256
160.24265416882957,PARENT,LAW_29_L24_S910008,NONE,2.0030331771103698,LAW_29,125,0.0,0.0,NO_SINK_CAPACITY,True,0.0,24,25.238792453365228,2272
160.24265416882957,PARENT,LAW_29_L24_S910008,NONE,2.0030331771103698,LAW_29,126,0.0,0.0,NO_SINK_CAPACITY,True,0.0,24,25.535521035586225,2288
160.24265416882957,PARENT,LAW_29_L24_S910008,NONE,2.0030331771103698,LAW_29,127,0.0,0.0,NO_SINK_CAPACITY,True,0.0,24,25.806055761579422,2304
160.24265416882957,PARENT,LAW_29_L24_S910008,NONE,2.0030331771103698,LAW_29,128,0.0,0.0,NO_SINK_CAPACITY,True,0.0,24,26.05682084686526,2320
160.24265416882957,PARENT,LAW_29_L24_S910008,NONE,2.0030331771103698,LAW_29,129,0.0,0.0,NO_SINK_CAPACITY,True,0.0,24,26.292374920358633,2336
160.24265416882957,PARENT,LAW_29_L24_S910008,NONE,2.0030331771103698,LAW_29,132,0.0,0.0,NO_SINK_CAPACITY,True,0.0,24,26.25368826372768,2384
160.24265416882957,PARENT,LAW_29_L24_S910008,NONE,2.0030331771103698,LAW_29,133,0.0,0.0,NO_SINK_CAPACITY,True,0.0,24,26.554149701570278,2400
160.24265416882957,PARENT,LAW_29_L24_S910008,NONE,2.0030331771103698,LAW_29,134,0.0,0.0,NO_SINK_CAPACITY,True,0.0,24,26.825305925317444,2416
160.24265416882957,PARENT,LAW_29_L24_S910008,NONE,2.0030331771103698,LAW_29,135,0.0,0.0,NO_SINK_CAPACITY,True,0.0,24,27.074520898666314,2432
160.24265416882957,PARENT,LAW_29_L24_S910008,NONE,2.0030331771103698,LAW_29,136,0.0,0.0,NO_SINK_CAPACITY,True,0.0,24,27.307052052915097,2448
160.24265416882957,PARENT,LAW_29_L24_S910008,NONE,2.0030331771103698,LAW_29,137,0.0,0.0,NO_SINK_CAPACITY,True,0.0,24,27.52663958877534,2464
160.24265416882957,PARENT,LAW_29_L24_S910008,NONE,2.0030331771103698,LAW_29,138,0.0,0.0,NO_SINK_CAPACITY,True,0.0,24,27.735972252340613,2480
160.24265416882957,PARENT,LAW_29_L24_S910008,NONE,2.0030331771103698,LAW_29,139,0.0,0.0,NO_SINK_CAPACITY,True,0.0,24,27.937011819881178,2496
160.24265416882957,PARENT,LAW_29_L24_S910008,NONE,2.0030331771103698,LAW_29,140,0.0,0.0,NO_SINK_CAPACITY,True,0.0,24,28.13121160028704,2512
160.24265416882957,PARENT,LAW_29_L24_S910008,NONE,2.0030331771103698,LAW_29,141,0.0,0.0,NO_SINK_CAPACITY,True,0.0,24,28.319664565236437,2528
160.24265416882957,PARENT,LAW_29_L24_S910008,NONE,2.0030331771103698,LAW_29,142,0.0,0.0,NO_SINK_CAPACITY,True,0.0,24,28.503204862464855,2544
160.24265416882957,PARENT,LAW_29_L24_S910008,NONE,2.0030331771103698,LAW_29,143,0.0,0.0,NO_SINK_CAPACITY,True,0.0,24,28.682478763117306,2560
160.24265416882957,PARENT,LAW_29_L24_S910008,NONE,2.0030331771103698,LAW_29,144,0.0,0.0,NO_SINK_CAPACITY,True,0.0,24,28.857994564668033,2576
160.24265416882957,PARENT,LAW_29_L24_S910008,NONE,2.0030331771103698,LAW_29,145,0.0,0.0,NO_SINK_CAPACITY,True,0.0,24,29.030157336164642,2592
160.24265416882957,PARENT,LAW_29_L24_S910008,NONE,2.0030331771103698,LAW_29,146,0.0,0.0,NO_SINK_CAPACITY,True,0.0,24,29.199294204772336,2608
160.24265416882957,PARENT,LAW_29_L24_S910008,NONE,2.0030331771103698,LAW_29,147,0.0,0.0,NO_SINK_CAPACITY,True,0.0,24,29.3656729735027,2624
160.24265416882957,PARENT,LAW_29_L24_S910008,NONE,2.0030331771103698,LAW_29,148,0.0,0.0,NO_SINK_CAPACITY,True,0.0,24,29.52951573582464,2640
160.24265416882957,PARENT,LAW_29_L24_S910008,NONE,2.0030331771103698,LAW_29,149,0.0,0.0,NO_SINK_CAPACITY,True,0.0,24,29.691008926470335,2656
160.24265416882957,PARENT,LAW_29_L24_S910008,NONE,2.0030331771103698,LAW_29,150,0.0,0.0,NO_SINK_CAPACITY,True,0.0,24,29.85031085395531,2672
160.24265416882957,PARENT,LAW_29_L24_S910008,NONE,2.0030331771103698,LAW_29,151,0.0,0.0,NO_SINK_CAPACITY,True,0.0,24,30.00755745461504,2688
160.24265416882957,PARENT,LAW_29_L24_S910008,NONE,2.0030331771103698,LAW_29,152,0.0,0.0,NO_SINK_CAPACITY,True,0.0,24,30.162866547455376,2704
160.24265416882957,PARENT,LAW_29_L24_S910008,NONE,2.0030331771103698,LAW_29,153,0.0,0.0,NO_SINK_CAPACITY,True,0.0,24,30.316341094355987,2720
160.24265416882957,PARENT,LAW_29_L24_S910008,NONE,2.0030331771103698,LAW_29,154,0.0,0.0,NO_SINK_CAPACITY,True,0.0,24,30.468071740116937,2736
160.24265416882957,PARENT,LAW_29_L24_S910008,NONE,2.0030331771103698,LAW_29,155,0.0,0.0,NO_SINK_CAPACITY,True,0.0,24,30.618139148150476,2752
160.24265416882957,PARENT,LAW_29_L24_S910008,NONE,2.0030331771103698,LAW_29,156,0.0,0.0,NO_SINK_CAPACITY,True,0.0,24,30.766615529890075,2768
160.24265416882957,PARENT,LAW_29_L24_S910008,NONE,2.0030331771103698,LAW_29,158,0.0,0.0,NO_SINK_CAPACITY,True,0.0,24,30.702241434436804,2800
160.24265416882957,PARENT,LAW_29_L24_S910008,NONE,2.0030331771103698,LAW_29,159,0.0,0.0,NO_SINK_CAPACITY,True,0.0,24,30.91410597984103,2816
160.24265416882957,PARENT,LAW_29_L24_S910008,NONE,2.0030331771103698,LAW_29,160,0.0,0.0,NO_SINK_CAPACITY,True,0.0,24,31.10664645270518,2832
160.24265416882957,PARENT,LAW_29_L24_S910008,NONE,2.0030331771103698,LAW_29,161,0.0,0.0,NO_SINK_CAPACITY,True,0.0,24,31.285399535060744,2848
160.24265416882957,PARENT,LAW_29_L24_S910008,NONE,2.0030331771103698,LAW_29,162,0.0,0.0,NO_SINK_CAPACITY,True,0.0,24,31.454111100333186,2864
160.24265416882957,PARENT,LAW_29_L24_S910008,NONE,2.0030331771103698,LAW_29,163,0.0,0.0,NO_SINK_CAPACITY,True,0.0,24,31.615315517592933,2880
160.24265416882957,PARENT,LAW_29_L24_S910008,NONE,2.0030331771103698,LAW_29,164,0.0,0.0,NO_SINK_CAPACITY,True,0.0,24,31.770752129992722,2896
160.24265416882957,PARENT,LAW_29_L24_S910008,NONE,2.0030331771103698,LAW_29,165,0.0,0.0,NO_SINK_CAPACITY,True,0.0,24,31.9216373584964,2912
160.24265416882957,PARENT,LAW_29_L24_S910008,NONE,2.0030331771103698,LAW_29,166,0.0,0.0,NO_SINK_CAPACITY,True,0.0,24,32.06883716384853,2928
160.24265416882957,PARENT,LAW_29_L24_S910008,NONE,2.0030331771103698,LAW_29,167,0.0,0.0,NO_SINK_CAPACITY,True,0.0,24,32.21297865141169,2944
160.24265416882957,PARENT,LAW_29_L24_S910008,NONE,2.0030331771103698,LAW_29,168,0.0,0.0,NO_SINK_CAPACITY,True,0.0,24,32.35452384242838,2960
160.24265416882957,PARENT,LAW_29_L24_S910008,NONE,2.0030331771103698,LAW_29,169,0.0,0.0,NO_SINK_CAPACITY,True,0.0,24,32.4938189274971,2976
160.24265416882957,PARENT,LAW_29_L24_S910008,NONE,2.0030331771103698,LAW_29,170,0.0,0.0,NO_SINK_CAPACITY,True,0.0,24,32.631127686461724,2992
160.24265416882957,PARENT,LAW_29_L24_S910008,NONE,2.0030331771103698,LAW_29,171,0.0,0.0,NO_SINK_CAPACITY,True,0.0,24,32.76665451502462,3008
160.24265416882957,PARENT,LAW_29_L24_S910008,NONE,2.0030331771103698,LAW_29,172,0.0,0.0,NO_SINK_CAPACITY,True,0.0,24,32.90056036505484,3024
160.24265416882957,PARENT,LAW_29_L24_S910008,NONE,2.0030331771103698,LAW_29,173,0.0,0.0,NO_SINK_CAPACITY,True,0.0,24,33.032973896685064,3040
160.24265416882957,PARENT,LAW_29_L24_S910008,NONE,2.0030331771103698,LAW_29,174,0.0,0.0,NO_SINK_CAPACITY,True,0.0,24,33.16399961699028,3056
160.24265416882957,PARENT,LAW_29_L24_S910008,NONE,2.0030331771103698,LAW_29,175,0.0,0.0,NO_SINK_CAPACITY,True,0.0,24,33.293723720211325,3072
160.24265416882957,PARENT,LAW_29_L24_S910008,NONE,2.0030331771103698,LAW_29,176,0.0,0.0,NO_SINK_CAPACITY,True,0.0,24,33.422218188788676,3088
160.24265416882957,PARENT,LAW_29_L24_S910008,NONE,2.0030331771103698,LAW_29,177,0.0,0.0,NO_SINK_CAPACITY,True,0.0,24,33.54954401729246,3104
160.24265416882957,PARENT,LAW_29_L24_S910008,NONE,2.0030331771103698,LAW_29,178,0.0,0.0,NO_SINK_CAPACITY,True,0.0,24,33.67575367032252,3120
160.24265416882957,PARENT,LAW_29_L24_S910008,NONE,2.0030331771103698,LAW_29,179,0.0,0.0,NO_SINK_CAPACITY,True,0.0,24,33.80089261037362,3136
160.24265416882957,PARENT,LAW_29_L24_S910008,NONE,2.0030331771103698,LAW_29,181,0.0,0.0,NO_SINK_CAPACITY,True,0.0,24,33.31702777519402,3168
160.24265416882957,PARENT,LAW_29_L24_S910008,NONE,2.0030331771103698,LAW_29,182,0.0,0.0,NO_SINK_CAPACITY,True,0.0,24,33.564835720530596,3184
160.24265416882957,PARENT,LAW_29_L24_S910008,NONE,2.0030331771103698,LAW_29,183,0.0,0.0,NO_SINK_CAPACITY,True,0.0,24,33.78012038405537,3200
160.24265416882957,PARENT,LAW_29_L24_S910008,NONE,2.0030331771103698,LAW_29,184,0.0,0.0,NO_SINK_CAPACITY,True,0.0,24,33.41890801227178,3216
160.24265416882957,PARENT,LAW_29_L24_S910008,NONE,2.0030331771103698,LAW_29,185,0.0,0.0,NO_SINK_CAPACITY,True,0.0,24,33.59267412041324,3232
160.24265416882957,PARENT,LAW_29_L24_S910008,NONE,2.0030331771103698,LAW_29,186,0.0,0.0,NO_SINK_CAPACITY,True,0.0,24,33.75581868998461,3248
160.24265416882957,PARENT,LAW_29_L24_S910008,NONE,2.0030331771103698,LAW_29,188,0.0,0.0,NO_SINK_CAPACITY,True,0.0,24,34.25153445226213,3280
160.24265416882957,PARENT,LAW_29_L24_S910008,NONE,2.0030331771103698,LAW_29,189,0.0,0.0,NO_SINK_CAPACITY,True,0.0,24,34.45912489947095,3296
160.24265416882957,PARENT,LAW_29_L24_S910008,NONE,2.0030331771103698,LAW_29,190,0.0,0.0,NO_SINK_CAPACITY,True,0.0,24,34.643997991088135,3312
160.24265416882957,PARENT,LAW_29_L24_S910008,NONE,2.0030331771103698,LAW_29,191,0.0,0.0,NO_SINK_CAPACITY,True,0.0,24,34.812667852380216,3328
160.24265416882957,PARENT,LAW_29_L24_S910008,NONE,2.0030331771103698,LAW_29,192,0.0,0.0,NO_SINK_CAPACITY,True,0.0,24,34.9695181681234,3344
160.24265416882957,PARENT,LAW_29_L24_S910008,NONE,2.0030331771103698,LAW_29,193,0.0,0.0,NO_SINK_CAPACITY,True,0.0,24,35.11752352287204,3360
160.24265416882957,PARENT,LAW_29_L24_S910008,NONE,2.0030331771103698,LAW_29,194,0.0,0.0,NO_SINK_CAPACITY,True,0.0,24,35.258739506591,3376
160.24265416882957,PARENT,LAW_29_L24_S910008,NONE,2.0030331771103698,LAW_29,195,0.0,0.0,NO_SINK_CAPACITY,True,0.0,24,35.39461731773225,3392
160.24265416882957,PARENT,LAW_29_L24_S910008,NONE,2.0030331771103698,LAW_29,196,0.0,0.0,NO_SINK_CAPACITY,True,0.0,24,35.526202105479,3408
160.24265416882957,PARENT,LAW_29_L24_S910008,NONE,2.0030331771103698,LAW_29,197,0.0,0.0,NO_SINK_CAPACITY,True,0.0,24,35.654260508460744,3424
160.24265416882957,PARENT,LAW_29_L24_S910008,NONE,2.0030331771103698,LAW_29,198,0.0,0.0,NO_SINK_CAPACITY,True,0.0,24,35.77936470722033,3440
160.24265416882957,PARENT,LAW_29_L24_S910008,NONE,2.0030331771103698,LAW_29,199,0.0,0.0,NO_SINK_CAPACITY,True,0.0,24,35.90194860660504,3456
160.24265416882957,PARENT,LAW_29_L24_S910008,NONE,2.0030331771103698,LAW_29,200,0.0,0.0,NO_SINK_CAPACITY,True,0.0,24,36.022346347027224,3472
160.24265416882957,PARENT,LAW_29_L24_S910008,NONE,2.0030331771103698,LAW_29,201,0.0,0.0,NO_SINK_CAPACITY,True,0.0,24,36.14081922373103,3488
160.24265416882957,PARENT,LAW_29_L24_S910008,NONE,2.0030331771103698,LAW_29,202,0.0,0.0,NO_SINK_CAPACITY,True,0.0,24,36.257574410159094,3504
160.24265416882957,PARENT,LAW_29_L24_S910008,NONE,2.0030331771103698,LAW_29,203,0.0,0.0,NO_SINK_CAPACITY,True,0.0,24,36.372778340062155,3520
160.24265416882957,SINK_FLOOR,LAW_29_L24_S910008,PLANNED,2.0030331771103698,LAW_29,0,2.0030331771103698,2.0030331771103693,NONE,False,24.721664855951808,24,29.710658494650282,272
160.24265416882957,SINK_FLOOR,LAW_29_L24_S910008,PLANNED,2.0030331771103698,LAW_29,8,2.0030331771103698,2.00303317711037,NONE,False,7.839050387972645,24,18.435850937592733,400
160.24265416882957,SINK_FLOOR,LAW_29_L24_S910008,SINK,2.0030331771103698,LAW_29,16,0.20338964425310913,0.20338964425310913,NONE,False,0.20338964425310913,24,15.274816100155629,528
160.24265416882957,SINK_FLOOR,LAW_29_L24_S910008,SINK,2.0030331771103698,LAW_29,24,0.1329367192199069,0.1329367192199069,NONE,False,0.1329367192199069,24,18.015603505787006,656
160.24265416882957,SINK_FLOOR,LAW_29_L24_S910008,SINK,2.0030331771103698,LAW_29,32,0.10430804986317421,0.10430804986317421,NONE,False,0.10430804986317421,24,20.257649688597755,784
160.24265416882957,SINK_FLOOR,LAW_29_L24_S910008,SINK,2.0030331771103698,LAW_29,40,0.08824599368849817,0.08824599368849817,NONE,False,0.08824599368849817,24,22.216112446867776,912
160.24265416882957,SINK_FLOOR,LAW_29_L24_S910008,SINK,2.0030331771103698,LAW_29,48,0.07736857844797251,0.07736857844797251,NONE,False,0.07736857844797251,24,23.965711044578683,1040
160.24265416882957,SINK_FLOOR,LAW_29_L24_S910008,SINK,2.0030331771103698,LAW_29,56,0.06974784863133776,0.06974784863133776,NONE,False,0.06974784863133776,24,25.55610541236682,1168
160.24265416882957,SINK_FLOOR,LAW_29_L24_S910008,SINK,2.0030331771103698,LAW_29,64,0.06323589540672281,0.06323589540672281,NONE,False,0.06323589540672281,24,27.020512061562922,1296
160.24265416882957,SINK_FLOOR,LAW_29_L24_S910008,SINK,2.0030331771103698,LAW_29,72,0.057858764087619474,0.057858764087619474,NONE,False,0.057858764087619474,24,28.38131288538677,1424
160.24265416882957,SINK_FLOOR,LAW_29_L24_S910008,SINK,2.0030331771103698,LAW_29,80,0.053049337100266825,0.053049337100266825,NONE,False,0.053049337100266825,24,29.653115913426603,1552
160.24265416882957,SINK_FLOOR,LAW_29_L24_S910008,SINK,2.0030331771103698,LAW_29,88,0.04857532261553721,0.04857532261553721,NONE,False,0.04857532261553721,24,30.847763567984742,1680
160.24265416882957,SINK_FLOOR,LAW_29_L24_S910008,SINK,2.0030331771103698,LAW_29,96,0.04441029266213026,0.04441029266213026,NONE,False,0.04441029266213026,24,31.973736924661,1808
160.24265416882957,SINK_FLOOR,LAW_29_L24_S910008,SINK,2.0030331771103698,LAW_29,104,0.04052938920850091,0.04052938920850091,NONE,False,0.04052938920850091,24,33.03804769584764,1936
160.24265416882957,SINK_FLOOR,LAW_29_L24_S910008,SINK,2.0030331771103698,LAW_29,112,0.03709051280725606,0.03709051280725606,NONE,False,0.03709051280725606,24,34.04633664491822,2064
160.24265416882957,SINK_FLOOR,LAW_29_L24_S910008,SINK,2.0030331771103698,LAW_29,120,0.03400490940354306,0.03400490940354306,NONE,False,0.03400490940354306,24,34.45263026597105,2192
160.24265416882957,SINK_FLOOR,LAW_29_L24_S910008,SINK,2.0030331771103698,LAW_29,128,0.03107862607218559,0.03107862607218559,NONE,False,0.03107862607218559,24,35.36214159415512,2320
160.24265416882957,SINK_FLOOR,LAW_29_L24_S910008,SINK,2.0030331771103698,LAW_29,136,0.0285023573182438,0.0285023573182438,NONE,False,0.0285023573182438,24,36.22911814189129,2448
160.24265416882957,SINK_FLOOR,LAW_29_L24_S910008,SINK,2.0030331771103698,LAW_29,144,0.02614892630746246,0.02614892630746246,NONE,False,0.02614892630746246,24,37.05627051674739,2576
160.24265416882957,SINK_FLOOR,LAW_29_L24_S910008,SINK,2.0030331771103698,LAW_29,152,0.023905449338457063,0.023905449338457063,NONE,False,0.023905449338457063,24,37.84714135668333,2704
160.24265416882957,SINK_FLOOR,LAW_29_L24_S910008,SINK,2.0030331771103698,LAW_29,160,0.021782127812217555,0.021782127812217555,NONE,False,0.021782127812217555,24,38.60446068537831,2832
160.24265416882957,SINK_FLOOR,LAW_29_L24_S910008,SINK,2.0030331771103698,LAW_29,168,0.019779490350383955,0.019779490350383955,NONE,False,0.019779490350383955,24,39.33054330826279,2960
160.24265416882957,SINK_FLOOR,LAW_29_L24_S910008,SINK,2.0030331771103698,LAW_29,176,0.01789463164278171,0.01789463164278171,NONE,False,0.01789463164278171,24,40.0274297925925,3088
160.24265416882957,SINK_FLOOR,LAW_29_L24_S910008,SINK,2.0030331771103698,LAW_29,184,0.016334061744172512,0.016334061744172512,NONE,False,0.016334061744172512,24,40.69649173021927,3216
160.24265416882957,SINK_FLOOR,LAW_29_L24_S910008,SINK,2.0030331771103698,LAW_29,192,0.014830784369059713,0.014830784369059713,NONE,False,0.014830784369059713,24,41.339413649970595,3344
160.24265416882957,SINK_FLOOR,LAW_29_L24_S910008,SINK,2.0030331771103698,LAW_29,200,0.013432546463369,0.013432546463369,NONE,False,0.013432546463369,24,41.95802806746774,3472
160.24265416882957,SINK_FLOOR,LAW_29_L24_S910008,SINK,2.0030331771103698,LAW_29,208,0.012260454819402966,0.012260454819402966,NONE,False,0.012260454819402966,24,42.553261588581755,3600
160.24265416882957,SINK_FLOOR,LAW_29_L24_S910008,SINK,2.0030331771103698,LAW_29,216,0.011120248007817635,0.011120248007817635,NONE,False,0.011120248007817635,24,43.12661660993176,3728
160.24265416882957,SINK_FLOOR,LAW_29_L24_S910008,SINK,2.0030331771103698,LAW_29,224,0.01002835073453201,0.01002835073453201,NONE,False,0.01002835073453201,24,43.67946948267351,3856
160.24265416882957,SINK_FLOOR,LAW_29_L24_S910008,SINK,2.0030331771103698,LAW_29,232,0.008988119165502906,0.008988119165502906,NONE,False,0.008988119165502906,24,44.21293370167503,3984
160.24265416882957,SINK_FLOOR,LAW_29_L24_S910008,SINK,2.0030331771103698,LAW_29,240,0.00799979833314124,0.00799979833314124,NONE,False,0.00799979833314124,24,44.728000548396786,4112
160.24265416882957,SINK_FLOOR,LAW_29_L24_S910008,SINK,2.0030331771103698,LAW_29,248,0.007148431923648668,0.007148431923648668,NONE,False,0.007148431923648668,24,45.2254702175817,4240
160.24265416882957,SINK_FLOOR,LAW_29_L24_S910008,SINK,2.0030331771103698,LAW_29,256,0.006385631885176046,0.006385631885176046,NONE,False,0.006385631885176046,24,45.70584832434855,4368
160.24265416882957,SINK_FLOOR,LAW_29_L24_S910008,SINK,2.0030331771103698,LAW_29,264,0.005646379091116982,0.005646379091116982,NONE,False,0.005646379091116982,24,46.17019850665342,4496
160.24265416882957,SINK_FLOOR,LAW_29_L24_S910008,SINK,2.0030331771103698,LAW_29,272,0.005072244494489286,0.005072244494489286,NONE,False,0.005072244494489286,24,46.61903837075473,4624
160.24265416882957,SINK_FLOOR,LAW_29_L24_S910008,SINK,2.0030331771103698,LAW_29,280,0.004498198656538777,0.004498198656538777,NONE,False,0.004498198656538777,24,47.053084253763245,4752
160.24265416882957,SINK_FLOOR,LAW_29_L24_S910008,SINK,2.0030331771103698,LAW_29,288,0.003938386723593701,0.003938386723593701,NONE,False,0.003938386723593701,24,47.473173398234145,4880
160.24265416882957,SINK_FLOOR,LAW_29_L24_S910008,SINK,2.0030331771103698,LAW_29,296,0.0033969895594452293,0.0033969895594452293,NONE,False,0.0033969895594452293,24,47.87994479169001,5008
160.24265416882957,SINK_FLOOR,LAW_29_L24_S910008,SINK,2.0030331771103698,LAW_29,304,0.002875594268203052,0.002875594268203052,NONE,False,0.002875594268203052,24,48.27396772473069,5136
160.24265416882957,SINK_FLOOR,LAW_29_L24_S910008,SINK,2.0030331771103698,LAW_29,312,0.002450675837096461,0.002450675837096461,NONE,False,0.002450675837096461,24,48.65565670389941,5264
288.04617310095585,PARENT,LAW_29_L32_S910000,PLANNED,3.6005771637619484,LAW_29,0,3.6005771637619484,3.600577163761948,NONE,False,148.21999988341335,32,41.7840277184954,272
288.04617310095585,PARENT,LAW_29_L32_S910000,PLANNED,3.6005771637619484,LAW_29,8,3.6005771637619484,3.6005771637619484,NONE,False,108.35101309313902,32,19.44431973639889,400
288.04617310095585,PARENT,LAW_29_L32_S910000,SOURCE,3.6005771637619484,LAW_29,16,1.105593618252187,1.105593618252187,NONE,False,73.45619901025749,32,1.105593618252187,528
288.04617310095585,PARENT,LAW_29_L32_S910000,SOURCE,3.6005771637619484,LAW_29,24,0.8733188345563,0.8733188345563,NONE,False,59.02329815106907,32,0.8733188345563,656
288.04617310095585,PARENT,LAW_29_L32_S910000,SOURCE,3.6005771637619484,LAW_29,32,0.7580525078673575,0.7580525078673575,NONE,False,46.5770362542205,32,0.7580525078673575,784
288.04617310095585,PARENT,LAW_29_L32_S910000,SOURCE,3.6005771637619484,LAW_29,40,0.7033701644853557,0.7033701644853557,NONE,False,37.181564800923134,32,0.7033701644853557,912
288.04617310095585,PARENT,LAW_29_L32_S910000,SOURCE,3.6005771637619484,LAW_29,48,0.697527290097899,0.697527290097899,NONE,False,28.595242797700283,32,0.697527290097899,1040
288.04617310095585,PARENT,LAW_29_L32_S910000,SOURCE,3.6005771637619484,LAW_29,56,0.7398096833540946,0.7398096833540946,NONE,False,22.536625339035226,32,0.7398096833540946,1168
288.04617310095585,PARENT,LAW_29_L32_S910000,SOURCE,3.6005771637619484,LAW_29,64,0.8010082441228488,0.8010082441228488,NONE,False,15.591391922930802,32,0.8010082441228488,1296
288.04617310095585,PARENT,LAW_29_L32_S910000,SOURCE,3.6005771637619484,LAW_29,72,0.9829628312790937,0.9829628312790937,NONE,False,10.172799705939992,32,0.9829628312790937,1424
288.04617310095585,PARENT,LAW_29_L32_S910000,SOURCE,3.6005771637619484,LAW_29,80,1.159255554723747,1.159255554723747,NONE,False,4.8348443723733965,32,1.159255554723747,1552
288.04617310095585,PARENT,LAW_29_L32_S910000,SOURCE,3.6005771637619484,LAW_29,88,1.288492643421078,1.288492643421078,NONE,False,2.3498201041432867,32,1.288492643421078,1680
288.04617310095585,PARENT,LAW_29_L32_S910000,NONE,3.6005771637619484,LAW_29,90,0.0,0.0,NO_SINK_CAPACITY,True,0.0,32,2.0225820387657683,1712
288.04617310095585,PARENT,LAW_29_L32_S910000,NONE,3.6005771637619484,LAW_29,95,0.0,0.0,NO_SINK_CAPACITY,True,0.0,32,2.4482218049206486,1792
288.04617310095585,PARENT,LAW_29_L32_S910000,SINK,3.6005771637619484,LAW_29,96,0.452491725514542,0.452491725514542,NONE,False,0.452491725514542,32,3.5335892904904793,1808
288.04617310095585,PARENT,LAW_29_L32_S910000,NONE,3.6005771637619484,LAW_29,99,0.0,0.0,NO_SINK_CAPACITY,True,0.0,32,4.407854334329171,1856
288.04617310095585,PARENT,LAW_29_L32_S910000,NONE,3.6005771637619484,LAW_29,102,0.0,0.0,NO_SINK_CAPACITY,True,0.0,32,6.155646985444435,1904
288.04617310095585,PARENT,LAW_29_L32_S910000,SINK,3.6005771637619484,LAW_29,104,0.45353544612029534,0.45353544612029534,NONE,False,0.45353544612029534,32,6.013129688106448,1936
288.04617310095585,PARENT,LAW_29_L32_S910000,NONE,3.6005771637619484,LAW_29,107,0.0,0.0,NO_SINK_CAPACITY,True,0.0,32,7.214403133802722,1984
288.04617310095585,PARENT,LAW_29_L32_S910000,NONE,3.6005771637619484,LAW_29,109,0.0,0.0,NO_SINK_CAPACITY,True,0.0,32,8.249811684161742,2016
288.04617310095585,PARENT,LAW_29_L32_S910000,NONE,3.6005771637619484,LAW_29,111,0.0,0.0,NO_SINK_CAPACITY,True,0.0,32,8.777799309656162,2048
288.04617310095585,PARENT,LAW_29_L32_S910000,NONE,3.6005771637619484,LAW_29,112,0.0,0.0,NO_SINK_CAPACITY,True,0.0,32,9.459198792445928,2064
288.04617310095585,PARENT,LAW_29_L32_S910000,NONE,3.6005771637619484,LAW_29,115,0.0,0.0,NO_SINK_CAPACITY,True,0.0,32,10.506178765028487,2112
288.04617310095585,PARENT,LAW_29_L32_S910000,NONE,3.6005771637619484,LAW_29,120,0.0,0.0,NO_SINK_CAPACITY,True,0.0,32,11.530336458505952,2192
288.04617310095585,PARENT,LAW_29_L32_S910000,NONE,3.6005771637619484,LAW_29,121,0.0,0.0,NO_SINK_CAPACITY,True,0.0,32,12.16033508197096,2208
288.04617310095585,PARENT,LAW_29_L32_S910000,NONE,3.6005771637619484,LAW_29,122,0.0,0.0,NO_SINK_CAPACITY,True,0.0,32,12.732708124872946,2224
288.04617310095585,PARENT,LAW_29_L32_S910000,NONE,3.6005771637619484,LAW_29,123,0.0,0.0,NO_SINK_CAPACITY,True,0.0,32,13.261227409377511,2240
288.04617310095585,PARENT,LAW_29_L32_S910000,SINK,3.6005771637619484,LAW_29,128,0.4520990008055575,0.4520990008055575,NONE,False,0.4520990008055575,32,13.496310753403941,2320
288.04617310095585,PARENT,LAW_29_L32_S910000,NONE,3.6005771637619484,LAW_29,129,0.0,0.0,NO_SINK_CAPACITY,True,0.0,32,13.72863995751361,2336
288.04617310095585,PARENT,LAW_29_L32_S910000,NONE,3.6005771637619484,LAW_29,130,0.0,0.0,NO_SINK_CAPACITY,True,0.0,32,14.337278968588377,2352
288.04617310095585,PARENT,LAW_29_L32_S910000,NONE,3.6005771637619484,LAW_29,131,0.0,0.0,NO_SINK_CAPACITY,True,0.0,32,14.888346506226611,2368
288.04617310095585,PARENT,LAW_29_L32_S910000,NONE,3.6005771637619484,LAW_29,132,0.0,0.0,NO_SINK_CAPACITY,True,0.0,32,15.3955819761827,2384
288.04617310095585,PARENT,LAW_29_L32_S910000,NONE,3.6005771637619484,LAW_29,133,0.0,0.0,NO_SINK_CAPACITY,True,0.0,32,15.868906459120147,2400
288.04617310095585,PARENT,LAW_29_L32_S910000,NONE,3.6005771637619484,LAW_29,135,0.0,0.0,NO_SINK_CAPACITY,True,0.0,32,15.976786833478114,2432
288.04617310095585,PARENT,LAW_29_L32_S910000,NONE,3.6005771637619484,LAW_29,136,0.0,0.0,NO_SINK_CAPACITY,True,0.0,32,16.491585442836673,2448
288.04617310095585,PARENT,LAW_29_L32_S910000,NONE,3.6005771637619484,LAW_29,137,0.0,0.0,NO_SINK_CAPACITY,True,0.0,32,16.9672737504622,2464
288.04617310095585,PARENT,LAW_29_L32_S910000,NONE,3.6005771637619484,LAW_29,138,0.0,0.0,NO_SINK_CAPACITY,True,0.0,32,17.412368645286662,2480
288.04617310095585,PARENT,LAW_29_L32_S910000,NONE,3.6005771637619484,LAW_29,139,0.0,0.0,NO_SINK_CAPACITY,True,0.0,32,17.833358613408524,2496
288.04617310095585,PARENT,LAW_29_L32_S910000,NONE,3.6005771637619484,LAW_29,140,0.0,0.0,NO_SINK_CAPACITY,True,0.0,32,18.235030683259637,2512
288.04617310095585,PARENT,LAW_29_L32_S910000,NONE,3.6005771637619484,LAW_29,144,0.0,0.0,NO_SINK_CAPACITY,True,0.0,32,18.31211453751953,2576
288.04617310095585,PARENT,LAW_29_L32_S910000,NONE,3.6005771637619484,LAW_29,145,0.0,0.0,NO_SINK_CAPACITY,True,0.0,32,18.82122213472823,2592
288.04617310095585,PARENT,LAW_29_L32_S910000,NONE,3.6005771637619484,LAW_29,146,0.0,0.0,NO_SINK_CAPACITY,True,0.0,32,19.283821673795973,2608
288.04617310095585,PARENT,LAW_29_L32_S910000,NONE,3.6005771637619484,LAW_29,147,0.0,0.0,NO_SINK_CAPACITY,True,0.0,32,19.71182838553152,2624
288.04617310095585,PARENT,LAW_29_L32_S910000,NONE,3.6005771637619484,LAW_29,148,0.0,0.0,NO_SINK_CAPACITY,True,0.0,32,20.113611746243997,2640
288.04617310095585,PARENT,LAW_29_L32_S910000,NONE,3.6005771637619484,LAW_29,149,0.0,0.0,NO_SINK_CAPACITY,True,0.0,32,20.495022366088012,2656
288.04617310095585,PARENT,LAW_29_L32_S910000,NONE,3.6005771637619484,LAW_29,150,0.0,0.0,NO_SINK_CAPACITY,True,0.0,32,20.860207744646782,2672
288.04617310095585,PARENT,LAW_29_L32_S910000,NONE,3.6005771637619484,LAW_29,151,0.0,0.0,NO_SINK_CAPACITY,True,0.0,32,21.212164827570277,2688
288.04617310095585,PARENT,LAW_29_L32_S910000,NONE,3.6005771637619484,LAW_29,152,0.0,0.0,NO_SINK_CAPACITY,True,0.0,32,21.553103013249544,2704
288.04617310095585,PARENT,LAW_29_L32_S910000,NONE,3.6005771637619484,LAW_29,153,0.0,0.0,NO_SINK_CAPACITY,True,0.0,32,21.88468269692079,2720
288.04617310095585,PARENT,LAW_29_L32_S910000,NONE,3.6005771637619484,LAW_29,154,0.0,0.0,NO_SINK_CAPACITY,True,0.0,32,22.208174174952006,2736
288.04617310095585,PARENT,LAW_29_L32_S910000,NONE,3.6005771637619484,LAW_29,157,0.0,0.0,NO_SINK_CAPACITY,True,0.0,32,21.36630789544397,2784
288.04617310095585,PARENT,LAW_29_L32_S910000,NONE,3.6005771637619484,LAW_29,160,0.0,0.0,NO_SINK_CAPACITY,True,0.0,32,22.056640849816663,2832
288.04617310095585,PARENT,LAW_29_L32_S910000,NONE,3.6005771637619484,LAW_29,161,0.0,0.0,NO_SINK_CAPACITY,True,0.0,32,22.53254546859012,2848
288.04617310095585,PARENT,LAW_29_L32_S910000,NONE,3.6005771637619484,LAW_29,162,0.0,0.0,NO_SINK_CAPACITY,True,0.0,32,22.961585434406526,2864
288.04617310095585,PARENT,LAW_29_L32_S910000,NONE,3.6005771637619484,LAW_29,163,0.0,0.0,NO_SINK_CAPACITY,True,0.0,32,23.356946906712576,2880
288.04617310095585,PARENT,LAW_29_L32_S910000,NONE,3.6005771637619484,LAW_29,164,0.0,0.0,NO_SINK_CAPACITY,True,0.0,32,23.72724953268213,2896
288.04617310095585,PARENT,LAW_29_L32_S910000,NONE,3.6005771637619484,LAW_29,165,0.0,0.0,NO_SINK_CAPACITY,True,0.0,32,24.078285283087634,2912
288.04617310095585,PARENT,LAW_29_L32_S910000,NONE,3.6005771637619484,LAW_29,166,0.0,0.0,NO_SINK_CAPACITY,True,0.0,32,24.414076991184956,2928
288.04617310095585,PARENT,LAW_29_L32_S910000,NONE,3.6005771637619484,LAW_29,167,0.0,0.0,NO_SINK_CAPACITY,True,0.0,32,24.73750257760534,2944
288.04617310095585,PARENT,LAW_29_L32_S910000,NONE,3.6005771637619484,LAW_29,168,0.0,0.0,NO_SINK_CAPACITY,True,0.0,32,25.0506737326559,2960
288.04617310095585,PARENT,LAW_29_L32_S910000,NONE,3.6005771637619484,LAW_29,169,0.0,0.0,NO_SINK_CAPACITY,True,0.0,32,25.35517406181918,2976
288.04617310095585,PARENT,LAW_29_L32_S910000,NONE,3.6005771637619484,LAW_29,170,0.0,0.0,NO_SINK_CAPACITY,True,0.0,32,25.652214535770323,2992
288.04617310095585,PARENT,LAW_29_L32_S910000,NONE,3.6005771637619484,LAW_29,173,0.0,0.0,NO_SINK_CAPACITY,True,0.0,32,25.41157934729735,3040
288.04617310095585,PARENT,LAW_29_L32_S910000,NONE,3.6005771637619484,LAW_29,174,0.0,0.0,NO_SINK_CAPACITY,True,0.0,32,25.83065656712811,3056
288.04617310095585,PARENT,LAW_29_L32_S910000,NONE,3.6005771637619484,LAW_29,175,0.0,0.0,NO_SINK_CAPACITY,True,0.0,32,26.213639622700356,3072
288.04617310095585,PARENT,LAW_29_L32_S910000,NONE,3.6005771637619484,LAW_29,176,0.0,0.0,NO_SINK_CAPACITY,True,0.0,32,26.56899201467063,3088
288.04617310095585,PARENT,LAW_29_L32_S910000,NONE,3.6005771637619484,LAW_29,177,0.0,0.0,NO_SINK_CAPACITY,True,0.0,32,26.903077941773343,3104
288.04617310095585,PARENT,LAW_29_L32_S910000,NONE,3.6005771637619484,LAW_29,179,0.0,0.0,NO_SINK_CAPACITY,True,0.0,32,27.142545186054466,3136
288.04617310095585,PARENT,LAW_29_L32_S910000,NONE,3.6005771637619484,LAW_29,180,0.0,0.0,NO_SINK_CAPACITY,True,0.0,32,27.489829384312365,3152
288.04617310095585,PARENT,LAW_29_L32_S910000,NONE,3.6005771637619484,LAW_29,181,0.0,0.0,NO_SINK_CAPACITY,True,0.0,32,27.81656552935276,3168
288.04617310095585,PARENT,LAW_29_L32_S910000,NONE,3.6005771637619484,LAW_29,183,0.0,0.0,NO_SINK_CAPACITY,True,0.0,32,28.04872553865649,3200
288.04617310095585,PARENT,LAW_29_L32_S910000,NONE,3.6005771637619484,LAW_29,184,0.0,0.0,NO_SINK_CAPACITY,True,0.0,32,28.393297341760842,3216
288.04617310095585,PARENT,LAW_29_L32_S910000,NONE,3.6005771637619484,LAW_29,185,0.0,0.0,NO_SINK_CAPACITY,True,0.0,32,28.715289790564302,3232
288.04617310095585,PARENT,LAW_29_L32_S910000,NONE,3.6005771637619484,LAW_29,186,0.0,0.0,NO_SINK_CAPACITY,True,0.0,32,29.019477764555123,3248
288.04617310095585,PARENT,LAW_29_L32_S910000,NONE,3.6005771637619484,LAW_29,187,0.0,0.0,NO_SINK_CAPACITY,True,0.0,32,29.309661064464343,3264
288.04617310095585,PARENT,LAW_29_L32_S910000,NONE,3.6005771637619484,LAW_29,188,0.0,0.0,NO_SINK_CAPACITY,True,0.0,32,29.588693300132537,3280
288.04617310095585,PARENT,LAW_29_L32_S910000,NONE,3.6005771637619484,LAW_29,189,0.0,0.0,NO_SINK_CAPACITY,True,0.0,32,29.8586925405958,3296
288.04617310095585,PARENT,LAW_29_L32_S910000,NONE,3.6005771637619484,LAW_29,190,0.0,0.0,NO_SINK_CAPACITY,True,0.0,32,30.121237486326244,3312
288.04617310095585,PARENT,LAW_29_L32_S910000,NONE,3.6005771637619484,LAW_29,191,0.0,0.0,NO_SINK_CAPACITY,True,0.0,32,30.377516406233706,3328
288.04617310095585,PARENT,LAW_29_L32_S910000,SINK,3.6005771637619484,LAW_29,192,0.4504347185659473,0.4504347185659473,NONE,False,0.4504347185659473,32,30.628434738018786,3344
288.04617310095585,PARENT,LAW_29_L32_S910000,NONE,3.6005771637619484,LAW_29,193,0.0,0.0,NO_SINK_CAPACITY,True,0.0,32,30.494188600824106,3360
288.04617310095585,PARENT,LAW_29_L32_S910000,NONE,3.6005771637619484,LAW_29,195,0.0,0.0,NO_SINK_CAPACITY,True,0.0,32,30.291030840109766,3392
288.04617310095585,PARENT,LAW_29_L32_S910000,NONE,3.6005771637619484,LAW_29,196,0.0,0.0,NO_SINK_CAPACITY,True,0.0,32,30.655123607108415,3408
288.04617310095585,PARENT,LAW_29_L32_S910000,NONE,3.6005771637619484,LAW_29,197,0.0,0.0,NO_SINK_CAPACITY,True,0.0,32,30.98861896057492,3424
288.04617310095585,PARENT,LAW_29_L32_S910000,NONE,3.6005771637619484,LAW_29,198,0.0,0.0,NO_SINK_CAPACITY,True,0.0,32,31.298732307942505,3440
288.04617310095585,PARENT,LAW_29_L32_S910000,NONE,3.6005771637619484,LAW_29,199,0.0,0.0,NO_SINK_CAPACITY,True,0.0,32,31.59090739536704,3456
288.04617310095585,PARENT,LAW_29_L32_S910000,NONE,3.6005771637619484,LAW_29,200,0.0,0.0,NO_SINK_CAPACITY,True,0.0,32,31.8691019582189,3472
288.04617310095585,PARENT,LAW_29_L32_S910000,NONE,3.6005771637619484,LAW_29,201,0.0,0.0,NO_SINK_CAPACITY,True,0.0,32,32.1361877229814,3488
288.04617310095585,PARENT,LAW_29_L32_S910000,NONE,3.6005771637619484,LAW_29,202,0.0,0.0,NO_SINK_CAPACITY,True,0.0,32,32.394270472357576,3504
288.04617310095585,PARENT,LAW_29_L32_S910000,NONE,3.6005771637619484,LAW_29,203,0.0,0.0,NO_SINK_CAPACITY,True,0.0,32,32.644916443583924,3520
288.04617310095585,PARENT,LAW_29_L32_S910000,NONE,3.6005771637619484,LAW_29,204,0.0,0.0,NO_SINK_CAPACITY,True,0.0,32,32.88930777848756,3536
288.04617310095585,PARENT,LAW_29_L32_S910000,NONE,3.6005771637619484,LAW_29,205,0.0,0.0,NO_SINK_CAPACITY,True,0.0,32,33.12834924683779,3552
288.04617310095585,PARENT,LAW_29_L32_S910000,NONE,3.6005771637619484,LAW_29,206,0.0,0.0,NO_SINK_CAPACITY,True,0.0,32,33.36274305833467,3568
288.04617310095585,PARENT,LAW_29_L32_S910000,NONE,3.6005771637619484,LAW_29,208,0.0,0.0,NO_SINK_CAPACITY,True,0.0,32,33.43938370746329,3600
288.04617310095585,PARENT,LAW_29_L32_S910000,NONE,3.6005771637619484,LAW_29,209,0.0,0.0,NO_SINK_CAPACITY,True,0.0,32,33.717356005442085,3616
288.04617310095585,PARENT,LAW_29_L32_S910000,NONE,3.6005771637619484,LAW_29,211,0.0,0.0,NO_SINK_CAPACITY,True,0.0,32,33.46310975972631,3648
288.04617310095585,PARENT,LAW_29_L32_S910000,NONE,3.6005771637619484,LAW_29,212,0.0,0.0,NO_SINK_CAPACITY,True,0.0,32,33.80829239493224,3664
288.04617310095585,PARENT,LAW_29_L32_S910000,NONE,3.6005771637619484,LAW_29,213,0.0,0.0,NO_SINK_CAPACITY,True,0.0,32,34.12259556193654,3680
288.04617310095585,PARENT,LAW_29_L32_S910000,NONE,3.6005771637619484,LAW_29,214,0.0,0.0,NO_SINK_CAPACITY,True,0.0,32,34.41353232434723,3696
288.04617310095585,PARENT,LAW_29_L32_S910000,NONE,3.6005771637619484,LAW_29,215,0.0,0.0,NO_SINK_CAPACITY,True,0.0,32,34.68668737731243,3712
288.04617310095585,PARENT,LAW_29_L32_S910000,NONE,3.6005771637619484,LAW_29,216,0.0,0.0,NO_SINK_CAPACITY,True,0.0,32,34.94609103491375,3728
288.04617310095585,PARENT,LAW_29_L32_S910000,NONE,3.6005771637619484,LAW_29,217,0.0,0.0,NO_SINK_CAPACITY,True,0.0,32,35.19465279505555,3744
288.04617310095585,PARENT,LAW_29_L32_S910000,NONE,3.6005771637619484,LAW_29,218,0.0,0.0,NO_SINK_CAPACITY,True,0.0,32,35.43449611956712,3760
288.04617310095585,PARENT,LAW_29_L32_S910000,NONE,3.6005771637619484,LAW_29,220,0.0,0.0,NO_SINK_CAPACITY,True,0.0,32,35.512914241675716,3792
288.04617310095585,PARENT,LAW_29_L32_S910000,NONE,3.6005771637619484,LAW_29,221,0.0,0.0,NO_SINK_CAPACITY,True,0.0,32,35.78862042297804,3808
288.04617310095585,PARENT,LAW_29_L32_S910000,NONE,3.6005771637619484,LAW_29,222,0.0,0.0,NO_SINK_CAPACITY,True,0.0,32,36.048046608525254,3824
288.04617310095585,PARENT,LAW_29_L32_S910000,NONE,3.6005771637619484,LAW_29,223,0.0,0.0,NO_SINK_CAPACITY,True,0.0,32,36.29475163730734,3840
288.04617310095585,PARENT,LAW_29_L32_S910000,SINK,3.6005771637619484,LAW_29,224,0.4500436886727097,0.4500436886727097,NONE,False,0.4500436886727097,32,36.531409158173155,3856
288.04617310095585,PARENT,LAW_29_L32_S910000,NONE,3.6005771637619484,LAW_29,225,0.0,0.0,NO_SINK_CAPACITY,True,0.0,32,36.378766051532764,3872
288.04617310095585,PARENT,LAW_29_L32_S910000,NONE,3.6005771637619484,LAW_29,226,0.0,0.0,NO_SINK_CAPACITY,True,0.0,32,36.655208045134174,3888
288.04617310095585,PARENT,LAW_29_L32_S910000,NONE,3.6005771637619484,LAW_29,227,0.0,0.0,NO_SINK_CAPACITY,True,0.0,32,36.91377069363903,3904
288.04617310095585,PARENT,LAW_29_L32_S910000,NONE,3.6005771637619484,LAW_29,228,0.0,0.0,NO_SINK_CAPACITY,True,0.0,32,37.15813068173418,3920
288.04617310095585,PARENT,LAW_29_L32_S910000,NONE,3.6005771637619484,LAW_29,229,0.0,0.0,NO_SINK_CAPACITY,True,0.0,32,37.39132120893482,3936
288.04617310095585,PARENT,LAW_29_L32_S910000,NONE,3.6005771637619484,LAW_29,231,0.0,0.0,NO_SINK_CAPACITY,True,0.0,32,37.45216021139273,3968
288.04617310095585,PARENT,LAW_29_L32_S910000,NONE,3.6005771637619484,LAW_29,232,0.0,0.0,NO_SINK_CAPACITY,True,0.0,32,37.71836451889617,3984
288.04617310095585,PARENT,LAW_29_L32_S910000,NONE,3.6005771637619484,LAW_29,233,0.0,0.0,NO_SINK_CAPACITY,True,0.0,32,37.96715302938891,4000
288.04617310095585,PARENT,LAW_29_L32_S910000,NONE,3.6005771637619484,LAW_29,234,0.0,0.0,NO_SINK_CAPACITY,True,0.0,32,38.20217526307181,4016
288.04617310095585,PARENT,LAW_29_L32_S910000,NONE,3.6005771637619484,LAW_29,235,0.0,0.0,NO_SINK_CAPACITY,True,0.0,32,38.42642547444458,4032
288.04617310095585,PARENT,LAW_29_L32_S910000,NONE,3.6005771637619484,LAW_29,237,0.0,0.0,NO_SINK_CAPACITY,True,0.0,32,38.09831552168712,4064
288.04617310095585,PARENT,LAW_29_L32_S910000,NONE,3.6005771637619484,LAW_29,238,0.0,0.0,NO_SINK_CAPACITY,True,0.0,32,38.41446356806499,4080
288.04617310095585,PARENT,LAW_29_L32_S910000,NONE,3.6005771637619484,LAW_29,240,0.0,0.0,NO_SINK_CAPACITY,True,0.0,32,38.17053555622438,4112
288.04617310095585,PARENT,LAW_29_L32_S910000,NONE,3.6005771637619484,LAW_29,241,0.0,0.0,NO_SINK_CAPACITY,True,0.0,32,38.50172299758266,4128
288.04617310095585,PARENT,LAW_29_L32_S910000,NONE,3.6005771637619484,LAW_29,242,0.0,0.0,NO_SINK_CAPACITY,True,0.0,32,38.80134990048823,4144
288.04617310095585,PARENT,LAW_29_L32_S910000,NONE,3.6005771637619484,LAW_29,243,0.0,0.0,NO_SINK_CAPACITY,True,0.0,32,39.0769666373867,4160
288.04617310095585,PARENT,LAW_29_L32_S910000,NONE,3.6005771637619484,LAW_29,244,0.0,0.0,NO_SINK_CAPACITY,True,0.0,32,39.334226658621354,4176
288.04617310095585,PARENT,LAW_29_L32_S910000,NONE,3.6005771637619484,LAW_29,245,0.0,0.0,NO_SINK_CAPACITY,True,0.0,32,39.57723690538944,4192
288.04617310095585,PARENT,LAW_29_L32_S910000,NONE,3.6005771637619484,LAW_29,246,0.0,0.0,NO_SINK_CAPACITY,True,0.0,32,39.808980328618276,4208
288.04617310095585,PARENT,LAW_29_L32_S910000,NONE,3.6005771637619484,LAW_29,247,0.0,0.0,NO_SINK_CAPACITY,True,0.0,32,40.03164710235689,4224
288.04617310095585,PARENT,LAW_29_L32_S910000,NONE,3.6005771637619484,LAW_29,248,0.0,0.0,NO_SINK_CAPACITY,True,0.0,32,40.246868855907174,4240
288.04617310095585,PARENT,LAW_29_L32_S910000,NONE,3.6005771637619484,LAW_29,249,0.0,0.0,NO_SINK_CAPACITY,True,0.0,32,40.45587909885697,4256
288.04617310095585,PARENT,LAW_29_L32_S910000,NONE,3.6005771637619484,LAW_29,250,0.0,0.0,NO_SINK_CAPACITY,True,0.0,32,40.65962349101095,4272
288.04617310095585,PARENT,LAW_29_L32_S910000,NONE,3.6005771637619484,LAW_29,251,0.0,0.0,NO_SINK_CAPACITY,True,0.0,32,40.858837224928344,4288
288.04617310095585,PARENT,LAW_29_L32_S910000,NONE,3.6005771637619484,LAW_29,252,0.0,0.0,NO_SINK_CAPACITY,True,0.0,32,41.05409949012931,4304
288.04617310095585,PARENT,LAW_29_L32_S910000,NONE,3.6005771637619484,LAW_29,253,0.0,0.0,NO_SINK_CAPACITY,True,0.0,32,41.24587233826167,4320
288.04617310095585,PARENT,LAW_29_L32_S910000,NONE,3.6005771637619484,LAW_29,255,0.0,0.0,NO_SINK_CAPACITY,True,0.0,32,40.86189119311477,4352
288.04617310095585,PARENT,LAW_29_L32_S910000,NONE,3.6005771637619484,LAW_29,256,0.0,0.0,NO_SINK_CAPACITY,True,0.0,32,41.15578498196563,4368
288.04617310095585,SINK_FLOOR,LAW_29_L32_S910000,PLANNED,3.6005771637619484,LAW_29,0,3.6005771637619484,3.6005771637619484,NONE,False,50.44103591015667,32,41.7840277184954,272
288.04617310095585,SINK_FLOOR,LAW_29_L32_S910000,PLANNED,3.6005771637619484,LAW_29,8,3.6005771637619484,3.600577163761948,NONE,False,20.445159190462338,32,19.444021030561665,400
288.04617310095585,SINK_FLOOR,LAW_29_L32_S910000,SINK,3.6005771637619484,LAW_29,16,0.40773886650053226,0.40773886650053226,NONE,False,0.40773886650053226,32,6.3021878609876705,528
288.04617310095585,SINK_FLOOR,LAW_29_L32_S910000,SINK,3.6005771637619484,LAW_29,24,0.30599294857111126,0.30599294857111126,NONE,False,0.30599294857111126,32,10.779302363672642,656
288.04617310095585,SINK_FLOOR,LAW_29_L32_S910000,SINK,3.6005771637619484,LAW_29,32,0.24650349923315096,0.24650349923315096,NONE,False,0.24650349923315096,32,14.327767128757138,784
288.04617310095585,SINK_FLOOR,LAW_29_L32_S910000,SINK,3.6005771637619484,LAW_29,40,0.20761630845322998,0.20761630845322998,NONE,False,0.20761630845322998,32,17.38407168125235,912
288.04617310095585,SINK_FLOOR,LAW_29_L32_S910000,SINK,3.6005771637619484,LAW_29,48,0.181010279076111,0.181010279076111,NONE,False,0.181010279076111,32,20.126313700184483,1040
288.04617310095585,SINK_FLOOR,LAW_29_L32_S910000,SINK,3.6005771637619484,LAW_29,56,0.16061928848177032,0.16061928848177032,NONE,False,0.16061928848177032,32,22.617582238607106,1168
288.04617310095585,SINK_FLOOR,LAW_29_L32_S910000,SINK,3.6005771637619484,LAW_29,64,0.144331694855232,0.144331694855232,NONE,False,0.144331694855232,32,24.90399352824593,1296
288.04617310095585,SINK_FLOOR,LAW_29_L32_S910000,SINK,3.6005771637619484,LAW_29,72,0.13092388244503095,0.13092388244503095,NONE,False,0.13092388244503095,32,27.026336770061793,1424
288.04617310095585,SINK_FLOOR,LAW_29_L32_S910000,SINK,3.6005771637619484,LAW_29,80,0.11962391976806441,0.11962391976806441,NONE,False,0.11962391976806441,32,29.0172478362979,1552
288.04617310095585,SINK_FLOOR,LAW_29_L32_S910000,SINK,3.6005771637619484,LAW_29,88,0.11019633477864754,0.11019633477864754,NONE,False,0.11019633477864754,32,30.893868858784398,1680
288.04617310095585,SINK_FLOOR,LAW_29_L32_S910000,SINK,3.6005771637619484,LAW_29,96,0.10218311254230172,0.10218311254230172,NONE,False,0.10218311254230172,32,32.66938484413685,1808
288.04617310095585,SINK_FLOOR,LAW_29_L32_S910000,SINK,3.6005771637619484,LAW_29,104,0.09519886550885548,0.09519886550885548,NONE,False,0.09519886550885548,32,34.356207870096526,1936
288.04617310095585,SINK_FLOOR,LAW_29_L32_S910000,SINK,3.6005771637619484,LAW_29,112,0.08914066716421021,0.08914066716421021,NONE,False,0.08914066716421021,32,35.9627900993549,2064
288.04617310095585,SINK_FLOOR,LAW_29_L32_S910000,SINK,3.6005771637619484,LAW_29,120,0.08359242097955888,0.08359242097955888,NONE,False,0.08359242097955888,32,37.497743698498944,2192
288.04617310095585,SINK_FLOOR,LAW_29_L32_S910000,SINK,3.6005771637619484,LAW_29,128,0.07850243148999081,0.07850243148999081,NONE,False,0.07850243148999081,32,38.96806461606419,2320
288.04617310095585,SINK_FLOOR,LAW_29_L32_S910000,SINK,3.6005771637619484,LAW_29,136,0.07381491141339203,0.07381491141339203,NONE,False,0.07381491141339203,32,40.37945787249839,2448
288.04617310095585,SINK_FLOOR,LAW_29_L32_S910000,SINK,3.6005771637619484,LAW_29,144,0.0694810035579585,0.0694810035579585,NONE,False,0.0694810035579585,32,41.73678833835912,2576
288.04617310095585,SINK_FLOOR,LAW_29_L32_S910000,SINK,3.6005771637619484,LAW_29,152,0.06553369537308784,0.06553369537308784,NONE,False,0.06553369537308784,32,43.04426267000482,2704
288.04617310095585,SINK_FLOOR,LAW_29_L32_S910000,SINK,3.6005771637619484,LAW_29,160,0.06204975514401867,0.06204975514401867,NONE,False,0.06204975514401867,32,44.304575170287315,2832
288.04617310095585,SINK_FLOOR,LAW_29_L32_S910000,SINK,3.6005771637619484,LAW_29,168,0.05874786151661204,0.05874786151661204,NONE,False,0.05874786151661204,32,45.5214253724003,2960
288.04617310095585,SINK_FLOOR,LAW_29_L32_S910000,SINK,3.6005771637619484,LAW_29,176,0.055629712685786536,0.055629712685786536,NONE,False,0.055629712685786536,32,46.69803840858888,3088
288.04617310095585,SINK_FLOOR,LAW_29_L32_S910000,SINK,3.6005771637619484,LAW_29,184,0.05281797023253754,0.05281797023253754,NONE,False,0.05281797023253754,32,47.836880187598375,3216
288.04617310095585,SINK_FLOOR,LAW_29_L32_S910000,SINK,3.6005771637619484,LAW_29,192,0.05019508899685177,0.05019508899685177,NONE,False,0.05019508899685177,32,48.939852903320556,3344
288.04617310095585,SINK_FLOOR,LAW_29_L32_S910000,SINK,3.6005771637619484,LAW_29,200,0.047685322465345514,0.047685322465345514,NONE,False,0.047685322465345514,32,50.00947261872182,3472
288.04617310095585,SINK_FLOOR,LAW_29_L32_S910000,SINK,3.6005771637619484,LAW_29,208,0.04528916831287133,0.04528916831287133,NONE,False,0.04528916831287133,32,51.047730440401644,3600
288.04617310095585,SINK_FLOOR,LAW_29_L32_S910000,SINK,3.6005771637619484,LAW_29,216,0.043002234855121335,0.043002234855121335,NONE,False,0.043002234855121335,32,52.05640468172167,3728
288.04617310095585,SINK_FLOOR,LAW_29_L32_S910000,SINK,3.6005771637619484,LAW_29,224,0.04081897624833197,0.04081897624833197,NONE,False,0.04081897624833197,32,53.037104760364294,3856
288.04617310095585,SINK_FLOOR,LAW_29_L32_S910000,SINK,3.6005771637619484,LAW_29,232,0.038893097859600156,0.038893097859600156,NONE,False,0.038893097859600156,32,53.99076859429711,3984
288.04617310095585,SINK_FLOOR,LAW_29_L32_S910000,SINK,3.6005771637619484,LAW_29,240,0.037036954444341186,0.037036954444341186,NONE,False,0.037036954444341186,32,54.918401164871284,4112
288.04617310095585,SINK_FLOOR,LAW_29_L32_S910000,SINK,3.6005771637619484,LAW_29,248,0.035244532703839426,0.035244532703839426,NONE,False,0.035244532703839426,32,55.82150128732031,4240
288.04617310095585,SINK_FLOOR,LAW_29_L32_S910000,SINK,3.6005771637619484,LAW_29,256,0.03351806246301714,0.03351806246301714,NONE,False,0.03351806246301714,32,56.70102506859884,4368
288.04617310095585,SINK_FLOOR,LAW_29_L32_S910000,SINK,3.6005771637619484,LAW_29,264,0.031856707146804664,0.031856707146804664,NONE,False,0.031856707146804664,32,57.555858860690584,4496
288.04617310095585,SINK_FLOOR,LAW_29_L32_S910000,SINK,3.6005771637619484,LAW_29,272,0.03025860310724149,0.03025860310724149,NONE,False,0.03025860310724149,32,58.38675672351719,4624
288.04617310095585,SINK_FLOOR,LAW_29_L32_S910000,SINK,3.6005771637619484,LAW_29,280,0.02873745370271763,0.02873745370271763,NONE,False,0.02873745370271763,32,59.195057176440805,4752
288.04617310095585,SINK_FLOOR,LAW_29_L32_S910000,SINK,3.6005771637619484,LAW_29,288,0.027358540451863145,0.027358540451863145,NONE,False,0.027358540451863145,32,59.98160854051216,4880
288.04617310095585,SINK_FLOOR,LAW_29_L32_S910000,SINK,3.6005771637619484,LAW_29,296,0.02601301576550652,0.02601301576550652,NONE,False,0.02601301576550652,32,60.74752390167204,5008
288.04617310095585,SINK_FLOOR,LAW_29_L32_S910000,SINK,3.6005771637619484,LAW_29,304,0.02471567762044191,0.02471567762044191,NONE,False,0.02471567762044191,32,61.493845167909654,5136
288.04617310095585,SINK_FLOOR,LAW_29_L32_S910000,SINK,3.6005771637619484,LAW_29,312,0.023579320897703426,0.023579320897703426,NONE,False,0.023579320897703426,32,62.221140422583055,5264
285.9431521764974,PARENT,LAW_29_L32_S910001,PLANNED,3.5742894022062175,LAW_29,0,3.5742894022062175,3.574289402206218,NONE,False,149.60661738609167,32,41.28589686560224,272
285.9431521764974,PARENT,LAW_29_L32_S910001,PLANNED,3.5742894022062175,LAW_29,8,3.5742894022062175,3.5742894022062175,NONE,False,109.74401225482345,32,19.186556306017373,400
285.9431521764974,PARENT,LAW_29_L32_S910001,SOURCE,3.5742894022062175,LAW_29,16,1.1171048888534894,1.1171048888534894,NONE,False,72.99681561894486,32,1.1171048888534894,528
285.9431521764974,PARENT,LAW_29_L32_S910001,SOURCE,3.5742894022062175,LAW_29,24,0.8807765677897826,0.8807765677897826,NONE,False,58.970759749013524,32,0.8807765677897826,656
285.9431521764974,PARENT,LAW_29_L32_S910001,SOURCE,3.5742894022062175,LAW_29,32,0.7639972370424708,0.7639972370424708,NONE,False,46.83839207092623,32,0.7639972370424708,784
285.9431521764974,PARENT,LAW_29_L32_S910001,SOURCE,3.5742894022062175,LAW_29,40,0.7078238071540266,0.7078238071540266,NONE,False,38.74827644953202,32,0.7078238071540266,912
285.9431521764974,PARENT,LAW_29_L32_S910001,SOURCE,3.5742894022062175,LAW_29,48,0.6981460786964709,0.6981460786964709,NONE,False,29.44743163767621,32,0.6981460786964709,1040
285.9431521764974,PARENT,LAW_29_L32_S910001,SOURCE,3.5742894022062175,LAW_29,56,0.7316828861602038,0.7316828861602038,NONE,False,23.83914812900605,32,0.7316828861602038,1168
285.9431521764974,PARENT,LAW_29_L32_S910001,SOURCE,3.5742894022062175,LAW_29,64,0.7746194604163607,0.7746194604163607,NONE,False,16.524263708567364,32,0.7746194604163607,1296
285.9431521764974,PARENT,LAW_29_L32_S910001,SOURCE,3.5742894022062175,LAW_29,72,0.916012772839433,0.916012772839433,NONE,False,11.252178049040182,32,0.916012772839433,1424
285.9431521764974,PARENT,LAW_29_L32_S910001,SOURCE,3.5742894022062175,LAW_29,80,1.1502939510883297,1.1502939510883297,NONE,False,7.63137303237987,32,1.1502939510883297,1552
285.9431521764974,PARENT,LAW_29_L32_S910001,SOURCE,3.5742894022062175,LAW_29,88,1.2468917514741726,1.2468917514741726,NONE,False,2.807298416856627,32,1.2468917514741726,1680
285.9431521764974,PARENT,LAW_29_L32_S910001,NONE,3.5742894022062175,LAW_29,92,0.0,0.0,NO_SINK_CAPACITY,True,0.0,32,2.0430243983138254,1744
285.9431521764974,PARENT,LAW_29_L32_S910001,NONE,3.5742894022062175,LAW_29,96,0.0,0.0,NO_SINK_CAPACITY,True,0.0,32,2.6187526546813333,1808
285.9431521764974,PARENT,LAW_29_L32_S910001,NONE,3.5742894022062175,LAW_29,103,0.0,0.0,NO_SINK_CAPACITY,True,0.0,32,5.334771398864607,1920
285.9431521764974,PARENT,LAW_29_L32_S910001,SINK,3.5742894022062175,LAW_29,104,0.45202811567729095,0.45202811567729095,NONE,False,0.45202811567729095,32,6.190251050978795,1936
285.9431521764974,PARENT,LAW_29_L32_S910001,NONE,3.5742894022062175,LAW_29,108,0.0,0.0,NO_SINK_CAPACITY,True,0.0,32,7.27481571953659,2000
285.9431521764974,PARENT,LAW_29_L32_S910001,NONE,3.5742894022062175,LAW_29,109,0.0,0.0,NO_SINK_CAPACITY,True,0.0,32,8.024854930127402,2016
285.9431521764974,PARENT,LAW_29_L32_S910001,NONE,3.5742894022062175,LAW_29,110,0.0,0.0,NO_SINK_CAPACITY,True,0.0,32,8.708151755374592,2032
285.9431521764974,PARENT,LAW_29_L32_S910001,SINK,3.5742894022062175,LAW_29,112,0.4504248776178665,0.4504248776178665,NONE,False,0.4504248776178665,32,9.171718357353768,2064
285.9431521764974,PARENT,LAW_29_L32_S910001,NONE,3.5742894022062175,LAW_29,117,0.0,0.0,NO_SINK_CAPACITY,True,0.0,32,10.191991160468215,2144
285.9431521764974,PARENT,LAW_29_L32_S910001,NONE,3.5742894022062175,LAW_29,118,0.0,0.0,NO_SINK_CAPACITY,True,0.0,32,10.843192673374148,2160
285.9431521764974,PARENT,LAW_29_L32_S910001,NONE,3.5742894022062175,LAW_29,120,0.0,0.0,NO_SINK_CAPACITY,True,0.0,32,11.60130126693304,2192
285.9431521764974,PARENT,LAW_29_L32_S910001,NONE,3.5742894022062175,LAW_29,121,0.0,0.0,NO_SINK_CAPACITY,True,0.0,32,12.168460255558626,2208
285.9431521764974,PARENT,LAW_29_L32_S910001,NONE,3.5742894022062175,LAW_29,123,0.0,0.0,NO_SINK_CAPACITY,True,0.0,32,12.80914307450374,2240
285.9431521764974,PARENT,LAW_29_L32_S910001,NONE,3.5742894022062175,LAW_29,125,0.0,0.0,NO_SINK_CAPACITY,True,0.0,32,13.45270265931709,2272
285.9431521764974,PARENT,LAW_29_L32_S910001,NONE,3.5742894022062175,LAW_29,128,0.0,0.0,NO_SINK_CAPACITY,True,0.0,32,13.834003606360003,2320
285.9431521764974,PARENT,LAW_29_L32_S910001,NONE,3.5742894022062175,LAW_29,129,0.0,0.0,NO_SINK_CAPACITY,True,0.0,32,14.415202341444422,2336
285.9431521764974,PARENT,LAW_29_L32_S910001,NONE,3.5742894022062175,LAW_29,130,0.0,0.0,NO_SINK_CAPACITY,True,0.0,32,14.944796829289661,2352
285.9431521764974,PARENT,LAW_29_L32_S910001,NONE,3.5742894022062175,LAW_29,131,0.0,0.0,NO_SINK_CAPACITY,True,0.0,32,15.434611924907069,2368
285.9431521764974,PARENT,LAW_29_L32_S910001,NONE,3.5742894022062175,LAW_29,132,0.0,0.0,NO_SINK_CAPACITY,True,0.0,32,15.893456634916477,2384
285.9431521764974,PARENT,LAW_29_L32_S910001,NONE,3.5742894022062175,LAW_29,135,0.0,0.0,NO_SINK_CAPACITY,True,0.0,32,15.298163522190876,2432
285.9431521764974,PARENT,LAW_29_L32_S910001,NONE,3.5742894022062175,LAW_29,136,0.0,0.0,NO_SINK_CAPACITY,True,0.0,32,15.889103904338803,2448
285.9431521764974,PARENT,LAW_29_L32_S910001,NONE,3.5742894022062175,LAW_29,138,0.0,0.0,NO_SINK_CAPACITY,True,0.0,32,15.744759761516372,2480
285.9431521764974,PARENT,LAW_29_L32_S910001,NONE,3.5742894022062175,LAW_29,140,0.0,0.0,NO_SINK_CAPACITY,True,0.0,32,16.510117428205447,2512
285.9431521764974,PARENT,LAW_29_L32_S910001,NONE,3.5742894022062175,LAW_29,141,0.0,0.0,NO_SINK_CAPACITY,True,0.0,32,17.053037844579105,2528
285.9431521764974,PARENT,LAW_29_L32_S910001,NONE,3.5742894022062175,LAW_29,142,0.0,0.0,NO_SINK_CAPACITY,True,0.0,32,17.543613650476956,2544
285.9431521764974,PARENT,LAW_29_L32_S910001,NONE,3.5742894022062175,LAW_29,143,0.0,0.0,NO_SINK_CAPACITY,True,0.0,32,17.99590446311147,2560
285.9431521764974,PARENT,LAW_29_L32_S910001,NONE,3.5742894022062175,LAW_29,144,0.0,0.0,NO_SINK_CAPACITY,True,0.0,32,18.419305713302784,2576
285.9431521764974,PARENT,LAW_29_L32_S910001,NONE,3.5742894022062175,LAW_29,145,0.0,0.0,NO_SINK_CAPACITY,True,0.0,32,18.820255128292988,2592
285.9431521764974,PARENT,LAW_29_L32_S910001,NONE,3.5742894022062175,LAW_29,146,0.0,0.0,NO_SINK_CAPACITY,True,0.0,32,19.20329731293357,2608
285.9431521764974,PARENT,LAW_29_L32_S910001,NONE,3.5742894022062175,LAW_29,147,0.0,0.0,NO_SINK_CAPACITY,True,0.0,32,19.5717264595236,2624
285.9431521764974,PARENT,LAW_29_L32_S910001,NONE,3.5742894022062175,LAW_29,148,0.0,0.0,NO_SINK_CAPACITY,True,0.0,32,19.92798386051158,2640
285.9431521764974,PARENT,LAW_29_L32_S910001,NONE,3.5742894022062175,LAW_29,149,0.0,0.0,NO_SINK_CAPACITY,True,0.0,32,20.27391388760743,2656
285.9431521764974,PARENT,LAW_29_L32_S910001,NONE,3.5742894022062175,LAW_29,151,0.0,0.0,NO_SINK_CAPACITY,True,0.0,32,20.559338548496825,2688
285.9431521764974,PARENT,LAW_29_L32_S910001,SINK,3.5742894022062175,LAW_29,152,0.9024585228956405,0.9024585228956405,NONE,False,0.9024585228956405,32,20.935819613105306,2704
285.9431521764974,PARENT,LAW_29_L32_S910001,NONE,3.5742894022062175,LAW_29,153,0.0,0.0,NO_SINK_CAPACITY,True,0.0,32,20.52546725480504,2720
285.9431521764974,PARENT,LAW_29_L32_S910001,NONE,3.5742894022062175,LAW_29,154,0.0,0.0,NO_SINK_CAPACITY,True,0.0,32,20.972415762976414,2736
285.9431521764974,PARENT,LAW_29_L32_S910001,NONE,3.5742894022062175,LAW_29,155,0.0,0.0,NO_SINK_CAPACITY,True,0.0,32,21.38386126114809,2752
285.9431521764974,PARENT,LAW_29_L32_S910001,NONE,3.5742894022062175,LAW_29,157,0.0,0.0,NO_SINK_CAPACITY,True,0.0,32,21.74962287365414,2784
285.9431521764974,PARENT,LAW_29_L32_S910001,NONE,3.5742894022062175,LAW_29,158,0.0,0.0,NO_SINK_CAPACITY,True,0.0,32,22.15037934591381,2800
285.9431521764974,PARENT,LAW_29_L32_S910001,NONE,3.5742894022062175,LAW_29,159,0.0,0.0,NO_SINK_CAPACITY,True,0.0,32,22.525751799653555,2816
285.9431521764974,PARENT,LAW_29_L32_S910001,NONE,3.5742894022062175,LAW_29,160,0.0,0.0,NO_SINK_CAPACITY,True,0.0,32,22.881246163488314,2832
285.9431521764974,PARENT,LAW_29_L32_S910001,NONE,3.5742894022062175,LAW_29,161,0.0,0.0,NO_SINK_CAPACITY,True,0.0,32,23.220923924141818,2848
285.9431521764974,PARENT,LAW_29_L32_S910001,NONE,3.5742894022062175,LAW_29,162,0.0,0.0,NO_SINK_CAPACITY,True,0.0,32,23.547774341386706,2864
285.9431521764974,PARENT,LAW_29_L32_S910001,NONE,3.5742894022062175,LAW_29,163,0.0,0.0,NO_SINK_CAPACITY,True,0.0,32,23.86402502196926,2880
285.9431521764974,PARENT,LAW_29_L32_S910001,NONE,3.5742894022062175,LAW_29,164,0.0,0.0,NO_SINK_CAPACITY,True,0.0,32,24.17135933138555,2896
285.9431521764974,PARENT,LAW_29_L32_S910001,NONE,3.5742894022062175,LAW_29,166,0.0,0.0,NO_SINK_CAPACITY,True,0.0,32,24.38256611241178,2928
285.9431521764974,PARENT,LAW_29_L32_S910001,NONE,3.5742894022062175,LAW_29,167,0.0,0.0,NO_SINK_CAPACITY,True,0.0,32,24.72379026798016,2944
285.9431521764974,PARENT,LAW_29_L32_S910001,SINK,3.5742894022062175,LAW_29,168,0.4505241693774187,0.4505241693774187,NONE,False,0.4505241693774187,32,25.048037521675695,2960
285.9431521764974,PARENT,LAW_29_L32_S910001,NONE,3.5742894022062175,LAW_29,170,0.0,0.0,NO_SINK_CAPACITY,True,0.0,32,24.555984001282802,2992
285.9431521764974,PARENT,LAW_29_L32_S910001,NONE,3.5742894022062175,LAW_29,171,0.0,0.0,NO_SINK_CAPACITY,True,0.0,32,24.98089936412906,3008
285.9431521764974,PARENT,LAW_29_L32_S910001,NONE,3.5742894022062175,LAW_29,172,0.0,0.0,NO_SINK_CAPACITY,True,0.0,32,25.36817973077773,3024
285.9431521764974,PARENT,LAW_29_L32_S910001,NONE,3.5742894022062175,LAW_29,173,0.0,0.0,NO_SINK_CAPACITY,True,0.0,32,25.726970637702337,3040
285.9431521764974,PARENT,LAW_29_L32_S910001,NONE,3.5742894022062175,LAW_29,174,0.0,0.0,NO_SINK_CAPACITY,True,0.0,32,26.064026467747325,3056
285.9431521764974,PARENT,LAW_29_L32_S910001,NONE,3.5742894022062175,LAW_29,175,0.0,0.0,NO_SINK_CAPACITY,True,0.0,32,26.38420282637529,3072
285.9431521764974,PARENT,LAW_29_L32_S910001,SINK,3.5742894022062175,LAW_29,176,0.450584908500097,0.450584908500097,NONE,False,0.450584908500097,32,26.690999683811928,3088
285.9431521764974,PARENT,LAW_29_L32_S910001,NONE,3.5742894022062175,LAW_29,177,0.0,0.0,NO_SINK_CAPACITY,True,0.0,32,26.60664901258409,3104
285.9431521764974,PARENT,LAW_29_L32_S910001,NONE,3.5742894022062175,LAW_29,178,0.0,0.0,NO_SINK_CAPACITY,True,0.0,32,26.949389289085087,3120
285.9431521764974,PARENT,LAW_29_L32_S910001,NONE,3.5742894022062175,LAW_29,179,0.0,0.0,NO_SINK_CAPACITY,True,0.0,32,27.27198306209529,3136
285.9431521764974,PARENT,LAW_29_L32_S910001,NONE,3.5742894022062175,LAW_29,180,0.0,0.0,NO_SINK_CAPACITY,True,0.0,32,27.57837304986036,3152
285.9431521764974,PARENT,LAW_29_L32_S910001,NONE,3.5742894022062175,LAW_29,182,0.0,0.0,NO_SINK_CAPACITY,True,0.0,32,27.39372853917263,3184
285.9431521764974,PARENT,LAW_29_L32_S910001,NONE,3.5742894022062175,LAW_29,183,0.0,0.0,NO_SINK_CAPACITY,True,0.0,32,27.774631333561945,3200
285.9431521764974,PARENT,LAW_29_L32_S910001,NONE,3.5742894022062175,LAW_29,184,0.0,0.0,NO_SINK_CAPACITY,True,0.0,32,28.123399240008865,3216
285.9431521764974,PARENT,LAW_29_L32_S910001,NONE,3.5742894022062175,LAW_29,185,0.0,0.0,NO_SINK_CAPACITY,True,0.0,32,28.448009975718225,3232
285.9431521764974,PARENT,LAW_29_L32_S910001,NONE,3.5742894022062175,LAW_29,186,0.0,0.0,NO_SINK_CAPACITY,True,0.0,32,28.754194193899792,3248
285.9431521764974,PARENT,LAW_29_L32_S910001,NONE,3.5742894022062175,LAW_29,188,0.0,0.0,NO_SINK_CAPACITY,True,0.0,32,28.948119197325546,3280
285.9431521764974,PARENT,LAW_29_L32_S910001,NONE,3.5742894022062175,LAW_29,189,0.0,0.0,NO_SINK_CAPACITY,True,0.0,32,29.275097722723505,3296
285.9431521764974,PARENT,LAW_29_L32_S910001,NONE,3.5742894022062175,LAW_29,190,0.0,0.0,NO_SINK_CAPACITY,True,0.0,32,29.581843403292726,3312
285.9431521764974,PARENT,LAW_29_L32_S910001,NONE,3.5742894022062175,LAW_29,191,0.0,0.0,NO_SINK_CAPACITY,True,0.0,32,29.87278560210485,3328
285.9431521764974,PARENT,LAW_29_L32_S910001,NONE,3.5742894022062175,LAW_29,192,0.0,0.0,NO_SINK_CAPACITY,True,0.0,32,30.15123545524771,3344
285.9431521764974,PARENT,LAW_29_L32_S910001,NONE,3.5742894022062175,LAW_29,194,0.0,0.0,NO_SINK_CAPACITY,True,0.0,32,30.300467370966857,3376
285.9431521764974,PARENT,LAW_29_L32_S910001,NONE,3.5742894022062175,LAW_29,195,0.0,0.0,NO_SINK_CAPACITY,True,0.0,32,30.609049135131066,3392
285.9431521764974,PARENT,LAW_29_L32_S910001,NONE,3.5742894022062175,LAW_29,196,0.0,0.0,NO_SINK_CAPACITY,True,0.0,32,30.89943255947776,3408
285.9431521764974,PARENT,LAW_29_L32_S910001,NONE,3.5742894022062175,LAW_29,197,0.0,0.0,NO_SINK_CAPACITY,True,0.0,32,31.175574242562114,3424
285.9431521764974,PARENT,LAW_29_L32_S910001,NONE,3.5742894022062175,LAW_29,198,0.0,0.0,NO_SINK_CAPACITY,True,0.0,32,31.44044365132766,3440
285.9431521764974,PARENT,LAW_29_L32_S910001,NONE,3.5742894022062175,LAW_29,199,0.0,0.0,NO_SINK_CAPACITY,True,0.0,32,31.696230586609364,3456
285.9431521764974,PARENT,LAW_29_L32_S910001,NONE,3.5742894022062175,LAW_29,200,0.0,0.0,NO_SINK_CAPACITY,True,0.0,32,31.944562378302212,3472
285.9431521764974,PARENT,LAW_29_L32_S910001,NONE,3.5742894022062175,LAW_29,201,0.0,0.0,NO_SINK_CAPACITY,True,0.0,32,32.18666419349793,3488
285.9431521764974,PARENT,LAW_29_L32_S910001,NONE,3.5742894022062175,LAW_29,202,0.0,0.0,NO_SINK_CAPACITY,True,0.0,32,32.423470180291815,3504
285.9431521764974,PARENT,LAW_29_L32_S910001,NONE,3.5742894022062175,LAW_29,203,0.0,0.0,NO_SINK_CAPACITY,True,0.0,32,32.65570199050402,3520
285.9431521764974,PARENT,LAW_29_L32_S910001,NONE,3.5742894022062175,LAW_29,204,0.0,0.0,NO_SINK_CAPACITY,True,0.0,32,32.88392417751291,3536
285.9431521764974,PARENT,LAW_29_L32_S910001,NONE,3.5742894022062175,LAW_29,206,0.0,0.0,NO_SINK_CAPACITY,True,0.0,32,32.57295820252437,3568
285.9431521764974,PARENT,LAW_29_L32_S910001,SINK,3.5742894022062175,LAW_29,208,0.4502457753215819,0.4502457753215819,NONE,False,0.4502457753215819,32,32.814133517722816,3600
285.9431521764974,PARENT,LAW_29_L32_S910001,NONE,3.5742894022062175,LAW_29,209,0.0,0.0,NO_SINK_CAPACITY,True,0.0,32,32.75366890914752,3616
285.9431521764974,PARENT,LAW_29_L32_S910001,NONE,3.5742894022062175,LAW_29,210,0.0,0.0,NO_SINK_CAPACITY,True,0.0,32,33.102359692513524,3632
285.9431521764974,PARENT,LAW_29_L32_S910001,NONE,3.5742894022062175,LAW_29,211,0.0,0.0,NO_SINK_CAPACITY,True,0.0,32,33.42006032896472,3648
285.9431521764974,PARENT,LAW_29_L32_S910001,NONE,3.5742894022062175,LAW_29,213,0.0,0.0,NO_SINK_CAPACITY,True,0.0,32,33.61222084097766,3680
285.9431521764974,PARENT,LAW_29_L32_S910001,NONE,3.5742894022062175,LAW_29,214,0.0,0.0,NO_SINK_CAPACITY,True,0.0,32,33.92925090104528,3696
285.9431521764974,PARENT,LAW_29_L32_S910001,NONE,3.5742894022062175,LAW_29,215,0.0,0.0,NO_SINK_CAPACITY,True,0.0,32,34.222623638204304,3712
285.9431521764974,PARENT,LAW_29_L32_S910001,NONE,3.5742894022062175,LAW_29,216,0.0,0.0,NO_SINK_CAPACITY,True,0.0,32,34.49789772444144,3728
285.9431521764974,PARENT,LAW_29_L32_S910001,NONE,3.5742894022062175,LAW_29,217,0.0,0.0,NO_SINK_CAPACITY,True,0.0,32,34.75910550833142,3744
285.9431521764974,PARENT,LAW_29_L32_S910001,NONE,3.5742894022062175,LAW_29,218,0.0,0.0,NO_SINK_CAPACITY,True,0.0,32,35.00916233575688,3760
285.9431521764974,PARENT,LAW_29_L32_S910001,NONE,3.5742894022062175,LAW_29,219,0.0,0.0,NO_SINK_CAPACITY,True,0.0,32,35.25020330658963,3776
285.9431521764974,PARENT,LAW_29_L32_S910001,NONE,3.5742894022062175,LAW_29,220,0.0,0.0,NO_SINK_CAPACITY,True,0.0,32,35.48381691677519,3792
285.9431521764974,PARENT,LAW_29_L32_S910001,NONE,3.5742894022062175,LAW_29,221,0.0,0.0,NO_SINK_CAPACITY,True,0.0,32,35.71120284387356,3808
285.9431521764974,PARENT,LAW_29_L32_S910001,NONE,3.5742894022062175,LAW_29,222,0.0,0.0,NO_SINK_CAPACITY,True,0.0,32,35.933280427953996,3824
285.9431521764974,PARENT,LAW_29_L32_S910001,NONE,3.5742894022062175,LAW_29,224,0.0,0.0,NO_SINK_CAPACITY,True,0.0,32,35.98359075270252,3856
285.9431521764974,PARENT,LAW_29_L32_S910001,NONE,3.5742894022062175,LAW_29,225,0.0,0.0,NO_SINK_CAPACITY,True,0.0,32,36.247600431282436,3872
285.9431521764974,PARENT,LAW_29_L32_S910001,NONE,3.5742894022062175,LAW_29,226,0.0,0.0,NO_SINK_CAPACITY,True,0.0,32,36.49644895326345,3888
285.9431521764974,PARENT,LAW_29_L32_S910001,NONE,3.5742894022062175,LAW_29,227,0.0,0.0,NO_SINK_CAPACITY,True,0.0,32,36.733461755671584,3904
285.9431521764974,PARENT,LAW_29_L32_S910001,NONE,3.5742894022062175,LAW_29,228,0.0,0.0,NO_SINK_CAPACITY,True,0.0,32,36.96113628846818,3920
285.9431521764974,PARENT,LAW_29_L32_S910001,NONE,3.5742894022062175,LAW_29,229,0.0,0.0,NO_SINK_CAPACITY,True,0.0,32,37.18130929416246,3936
285.9431521764974,PARENT,LAW_29_L32_S910001,NONE,3.5742894022062175,LAW_29,230,0.0,0.0,NO_SINK_CAPACITY,True,0.0,32,37.395340942180404,3952
285.9431521764974,PARENT,LAW_29_L32_S910001,NONE,3.5742894022062175,LAW_29,231,0.0,0.0,NO_SINK_CAPACITY,True,0.0,32,37.60425255696122,3968
285.9431521764974,PARENT,LAW_29_L32_S910001,NONE,3.5742894022062175,LAW_29,232,0.0,0.0,NO_SINK_CAPACITY,True,0.0,32,37.80882100012182,3984
285.9431521764974,PARENT,LAW_29_L32_S910001,NONE,3.5742894022062175,LAW_29,233,0.0,0.0,NO_SINK_CAPACITY,True,0.0,32,38.00964510929418,4000
285.9431521764974,PARENT,LAW_29_L32_S910001,NONE,3.5742894022062175,LAW_29,234,0.0,0.0,NO_SINK_CAPACITY,True,0.0,32,38.20719255980043,4016
285.9431521764974,PARENT,LAW_29_L32_S910001,NONE,3.5742894022062175,LAW_29,235,0.0,0.0,NO_SINK_CAPACITY,True,0.0,32,38.40183321413828,4032
285.9431521764974,PARENT,LAW_29_L32_S910001,NONE,3.5742894022062175,LAW_29,236,0.0,0.0,NO_SINK_CAPACITY,True,0.0,32,38.593863212985276,4048
285.9431521764974,PARENT,LAW_29_L32_S910001,NONE,3.5742894022062175,LAW_29,237,0.0,0.0,NO_SINK_CAPACITY,True,0.0,32,38.78352246072893,4064
285.9431521764974,PARENT,LAW_29_L32_S910001,NONE,3.5742894022062175,LAW_29,238,0.0,0.0,NO_SINK_CAPACITY,True,0.0,32,38.971007587210295,4080
285.9431521764974,PARENT,LAW_29_L32_S910001,NONE,3.5742894022062175,LAW_29,239,0.0,0.0,NO_SINK_CAPACITY,True,0.0,32,39.156481612718075,4096
285.9431521764974,PARENT,LAW_29_L32_S910001,SINK,3.5742894022062175,LAW_29,240,0.4500368365021909,0.4500368365021909,NONE,False,0.4500368365021909,32,39.3400811239234,4112
285.9431521764974,PARENT,LAW_29_L32_S910001,NONE,3.5742894022062175,LAW_29,241,0.0,0.0,NO_SINK_CAPACITY,True,0.0,32,39.14381262430112,4128
285.9431521764974,PARENT,LAW_29_L32_S910001,NONE,3.5742894022062175,LAW_29,242,0.0,0.0,NO_SINK_CAPACITY,True,0.0,32,39.3793241012176,4144
285.9431521764974,PARENT,LAW_29_L32_S910001,NONE,3.5742894022062175,LAW_29,245,0.0,0.0,NO_SINK_CAPACITY,True,0.0,32,38.56628446621196,4192
285.9431521764974,PARENT,LAW_29_L32_S910001,NONE,3.5742894022062175,LAW_29,246,0.0,0.0,NO_SINK_CAPACITY,True,0.0,32,38.92452772539633,4208
285.9431521764974,PARENT,LAW_29_L32_S910001,NONE,3.5742894022062175,LAW_29,247,0.0,0.0,NO_SINK_CAPACITY,True,0.0,32,39.24382188811936,4224
285.9431521764974,PARENT,LAW_29_L32_S910001,NONE,3.5742894022062175,LAW_29,248,0.0,0.0,NO_SINK_CAPACITY,True,0.0,32,39.53355045871584,4240
285.9431521764974,PARENT,LAW_29_L32_S910001,NONE,3.5742894022062175,LAW_29,249,0.0,0.0,NO_SINK_CAPACITY,True,0.0,32,39.80071553581672,4256
285.9431521764974,PARENT,LAW_29_L32_S910001,NONE,3.5742894022062175,LAW_29,250,0.0,0.0,NO_SINK_CAPACITY,True,0.0,32,40.050421578559735,4272
285.9431521764974,PARENT,LAW_29_L32_S910001,NONE,3.5742894022062175,LAW_29,252,0.0,0.0,NO_SINK_CAPACITY,True,0.0,32,39.73870391874928,4304
285.9431521764974,PARENT,LAW_29_L32_S910001,NONE,3.5742894022062175,LAW_29,253,0.0,0.0,NO_SINK_CAPACITY,True,0.0,32,40.05377870066991,4320
285.9431521764974,PARENT,LAW_29_L32_S910001,NONE,3.5742894022062175,LAW_29,254,0.0,0.0,NO_SINK_CAPACITY,True,0.0,32,40.33930952693755,4336
285.9431521764974,PARENT,LAW_29_L32_S910001,NONE,3.5742894022062175,LAW_29,255,0.0,0.0,NO_SINK_CAPACITY,True,0.0,32,40.60229847561873,4352
285.9431521764974,PARENT,LAW_29_L32_S910001,NONE,3.5742894022062175,LAW_29,256,0.0,0.0,NO_SINK_CAPACITY,True,0.0,32,40.84799349175413,4368
285.9431521764974,PARENT,LAW_29_L32_S910001,NONE,3.5742894022062175,LAW_29,257,0.0,0.0,NO_SINK_CAPACITY,True,0.0,32,41.08020575443628,4384
285.9431521764974,PARENT,LAW_29_L32_S910001,NONE,3.5742894022062175,LAW_29,258,0.0,0.0,NO_SINK_CAPACITY,True,0.0,32,41.30170526104664,4400
285.9431521764974,PARENT,LAW_29_L32_S910001,NONE,3.5742894022062175,LAW_29,259,0.0,0.0,NO_SINK_CAPACITY,True,0.0,32,41.51453044798607,4416
285.9431521764974,PARENT,LAW_29_L32_S910001,NONE,3.5742894022062175,LAW_29,260,0.0,0.0,NO_SINK_CAPACITY,True,0.0,32,41.72020509694755,4432
285.9431521764974,PARENT,LAW_29_L32_S910001,NONE,3.5742894022062175,LAW_29,261,0.0,0.0,NO_SINK_CAPACITY,True,0.0,32,41.91988612893421,4448
285.9431521764974,PARENT,LAW_29_L32_S910001,NONE,3.5742894022062175,LAW_29,262,0.0,0.0,NO_SINK_CAPACITY,True,0.0,32,42.1144650102376,4464
285.9431521764974,PARENT,LAW_29_L32_S910001,NONE,3.5742894022062175,LAW_29,263,0.0,0.0,NO_SINK_CAPACITY,True,0.0,32,42.30463866335585,4480
285.9431521764974,PARENT,LAW_29_L32_S910001,NONE,3.5742894022062175,LAW_29,264,0.0,0.0,NO_SINK_CAPACITY,True,0.0,32,42.49095947185986,4496
285.9431521764974,PARENT,LAW_29_L32_S910001,NONE,3.5742894022062175,LAW_29,265,0.0,0.0,NO_SINK_CAPACITY,True,0.0,32,42.673870944669304,4512
285.9431521764974,PARENT,LAW_29_L32_S910001,NONE,3.5742894022062175,LAW_29,266,0.0,0.0,NO_SINK_CAPACITY,True,0.0,32,42.85373355376451,4528
285.9431521764974,PARENT,LAW_29_L32_S910001,NONE,3.5742894022062175,LAW_29,268,0.0,0.0,NO_SINK_CAPACITY,True,0.0,32,42.82662830777817,4560
285.9431521764974,PARENT,LAW_29_L32_S910001,NONE,3.5742894022062175,LAW_29,269,0.0,0.0,NO_SINK_CAPACITY,True,0.0,32,43.053856802198986,4576
285.9431521764974,PARENT,LAW_29_L32_S910001,NONE,3.5742894022062175,LAW_29,270,0.0,0.0,NO_SINK_CAPACITY,True,0.0,32,43.26661428448187,4592
285.9431521764974,PARENT,LAW_29_L32_S910001,NONE,3.5742894022062175,LAW_29,271,0.0,0.0,NO_SINK_CAPACITY,True,0.0,32,43.46827256749189,4608
285.9431521764974,PARENT,LAW_29_L32_S910001,NONE,3.5742894022062175,LAW_29,272,0.0,0.0,NO_SINK_CAPACITY,True,0.0,32,43.66131608873886,4624
285.9431521764974,PARENT,LAW_29_L32_S910001,NONE,3.5742894022062175,LAW_29,273,0.0,0.0,NO_SINK_CAPACITY,True,0.0,32,43.84754351826953,4640
285.9431521764974,PARENT,LAW_29_L32_S910001,NONE,3.5742894022062175,LAW_29,274,0.0,0.0,NO_SINK_CAPACITY,True,0.0,32,44.02826821466414,4656
285.9431521764974,PARENT,LAW_29_L32_S910001,NONE,3.5742894022062175,LAW_29,275,0.0,0.0,NO_SINK_CAPACITY,True,0.0,32,44.20446438143549,4672
285.9431521764974,PARENT,LAW_29_L32_S910001,NONE,3.5742894022062175,LAW_29,276,0.0,0.0,NO_SINK_CAPACITY,True,0.0,32,44.37686544171285,4688
285.9431521764974,PARENT,LAW_29_L32_S910001,NONE,3.5742894022062175,LAW_29,277,0.0,0.0,NO_SINK_CAPACITY,True,0.0,32,44.54603131031988,4704
285.9431521764974,PARENT,LAW_29_L32_S910001,NONE,3.5742894022062175,LAW_29,278,0.0,0.0,NO_SINK_CAPACITY,True,0.0,32,44.71239521252991,4720
285.9431521764974,PARENT,LAW_29_L32_S910001,NONE,3.5742894022062175,LAW_29,279,0.0,0.0,NO_SINK_CAPACITY,True,0.0,32,44.876296731423835,4736
285.9431521764974,PARENT,LAW_29_L32_S910001,NONE,3.5742894022062175,LAW_29,280,0.0,0.0,NO_SINK_CAPACITY,True,0.0,32,45.038005422628856,4752
285.9431521764974,PARENT,LAW_29_L32_S910001,NONE,3.5742894022062175,LAW_29,281,0.0,0.0,NO_SINK_CAPACITY,True,0.0,32,45.19773781454741,4768
285.9431521764974,PARENT,LAW_29_L32_S910001,NONE,3.5742894022062175,LAW_29,282,0.0,0.0,NO_SINK_CAPACITY,True,0.0,32,45.35566998754419,4784
285.9431521764974,PARENT,LAW_29_L32_S910001,NONE,3.5742894022062175,LAW_29,283,0.0,0.0,NO_SINK_CAPACITY,True,0.0,32,45.51194679893755,4800
285.9431521764974,PARENT,LAW_29_L32_S910001,NONE,3.5742894022062175,LAW_29,284,0.0,0.0,NO_SINK_CAPACITY,True,0.0,32,45.66668873072955,4816
285.9431521764974,PARENT,LAW_29_L32_S910001,NONE,3.5742894022062175,LAW_29,285,0.0,0.0,NO_SINK_CAPACITY,True,0.0,32,45.81999710848714,4832
285.9431521764974,PARENT,LAW_29_L32_S910001,NONE,3.5742894022062175,LAW_29,286,0.0,0.0,NO_SINK_CAPACITY,True,0.0,32,45.97195801342281,4848
285.9431521764974,PARENT,LAW_29_L32_S910001,NONE,3.5742894022062175,LAW_29,287,0.0,0.0,NO_SINK_CAPACITY,True,0.0,32,46.12264535212406,4864
285.9431521764974,PARENT,LAW_29_L32_S910001,NONE,3.5742894022062175,LAW_29,288,0.0,0.0,NO_SINK_CAPACITY,True,0.0,32,46.27212321302113,4880
285.9431521764974,PARENT,LAW_29_L32_S910001,NONE,3.5742894022062175,LAW_29,289,0.0,0.0,NO_SINK_CAPACITY,True,0.0,32,46.42044760105005,4896
285.9431521764974,PARENT,LAW_29_L32_S910001,NONE,3.5742894022062175,LAW_29,290,0.0,0.0,NO_SINK_CAPACITY,True,0.0,32,46.56766788042593,4912
285.9431521764974,PARENT,LAW_29_L32_S910001,NONE,3.5742894022062175,LAW_29,291,0.0,0.0,NO_SINK_CAPACITY,True,0.0,32,46.713827931993755,4928
285.9431521764974,PARENT,LAW_29_L32_S910001,NONE,3.5742894022062175,LAW_29,293,0.0,0.0,NO_SINK_CAPACITY,True,0.0,32,46.62662277686983,4960
285.9431521764974,PARENT,LAW_29_L32_S910001,NONE,3.5742894022062175,LAW_29,294,0.0,0.0,NO_SINK_CAPACITY,True,0.0,32,46.82621474122394,4976
285.9431521764974,PARENT,LAW_29_L32_S910001,NONE,3.5742894022062175,LAW_29,295,0.0,0.0,NO_SINK_CAPACITY,True,0.0,32,47.01182534562986,4992
285.9431521764974,PARENT,LAW_29_L32_S910001,NONE,3.5742894022062175,LAW_29,296,0.0,0.0,NO_SINK_CAPACITY,True,0.0,32,47.18704689976734,5008
285.9431521764974,PARENT,LAW_29_L32_S910001,NONE,3.5742894022062175,LAW_29,297,0.0,0.0,NO_SINK_CAPACITY,True,0.0,32,47.35443889581055,5024
285.9431521764974,PARENT,LAW_29_L32_S910001,NONE,3.5742894022062175,LAW_29,298,0.0,0.0,NO_SINK_CAPACITY,True,0.0,32,47.51580503879143,5040
285.9431521764974,PARENT,LAW_29_L32_S910001,NONE,3.5742894022062175,LAW_29,299,0.0,0.0,NO_SINK_CAPACITY,True,0.0,32,47.67243090331553,5056
285.9431521764974,PARENT,LAW_29_L32_S910001,NONE,3.5742894022062175,LAW_29,300,0.0,0.0,NO_SINK_CAPACITY,True,0.0,32,47.82524877376277,5072
285.9431521764974,PARENT,LAW_29_L32_S910001,NONE,3.5742894022062175,LAW_29,301,0.0,0.0,NO_SINK_CAPACITY,True,0.0,32,47.9749457672229,5088
285.9431521764974,PARENT,LAW_29_L32_S910001,NONE,3.5742894022062175,LAW_29,302,0.0,0.0,NO_SINK_CAPACITY,True,0.0,32,48.122036170064426,5104
285.9431521764974,PARENT,LAW_29_L32_S910001,NONE,3.5742894022062175,LAW_29,303,0.0,0.0,NO_SINK_CAPACITY,True,0.0,32,48.266910331839554,5120
285.9431521764974,PARENT,LAW_29_L32_S910001,NONE,3.5742894022062175,LAW_29,304,0.0,0.0,NO_SINK_CAPACITY,True,0.0,32,48.409868255469505,5136
285.9431521764974,PARENT,LAW_29_L32_S910001,NONE,3.5742894022062175,LAW_29,307,0.0,0.0,NO_SINK_CAPACITY,True,0.0,32,48.12342069882567,5184
285.9431521764974,PARENT,LAW_29_L32_S910001,NONE,3.5742894022062175,LAW_29,308,0.0,0.0,NO_SINK_CAPACITY,True,0.0,32,48.35492233109311,5200
285.9431521764974,PARENT,LAW_29_L32_S910001,NONE,3.5742894022062175,LAW_29,310,0.0,0.0,NO_SINK_CAPACITY,True,0.0,32,48.376485494960434,5232
285.9431521764974,PARENT,LAW_29_L32_S910001,NONE,3.5742894022062175,LAW_29,311,0.0,0.0,NO_SINK_CAPACITY,True,0.0,32,48.61053305137557,5248
285.9431521764974,PARENT,LAW_29_L32_S910001,NONE,3.5742894022062175,LAW_29,312,0.0,0.0,NO_SINK_CAPACITY,True,0.0,32,48.82325394932902,5264
285.9431521764974,PARENT,LAW_29_L32_S910001,NONE,3.5742894022062175,LAW_29,313,0.0,0.0,NO_SINK_CAPACITY,True,0.0,32,49.01972663787564,5280
285.9431521764974,PARENT,LAW_29_L32_S910001,NONE,3.5742894022062175,LAW_29,314,0.0,0.0,NO_SINK_CAPACITY,True,0.0,32,49.20369824789196,5296
285.9431521764974,PARENT,LAW_29_L32_S910001,NONE,3.5742894022062175,LAW_29,315,0.0,0.0,NO_SINK_CAPACITY,True,0.0,32,49.377909652427036,5312
285.9431521764974,PARENT,LAW_29_L32_S910001,NONE,3.5742894022062175,LAW_29,316,0.0,0.0,NO_SINK_CAPACITY,True,0.0,32,49.54438329529066,5328
285.9431521764974,PARENT,LAW_29_L32_S910001,NONE,3.5742894022062175,LAW_29,317,0.0,0.0,NO_SINK_CAPACITY,True,0.0,32,49.70463028749757,5344
285.9431521764974,PARENT,LAW_29_L32_S910001,NONE,3.5742894022062175,LAW_29,318,0.0,0.0,NO_SINK_CAPACITY,True,0.0,32,49.85979367882547,5360
285.9431521764974,PARENT,LAW_29_L32_S910001,NONE,3.5742894022062175,LAW_29,319,0.0,0.0,NO_SINK_CAPACITY,True,0.0,32,50.0107479984725,5376
285.9431521764974,SINK_FLOOR,LAW_29_L32_S910001,PLANNED,3.5742894022062175,LAW_29,0,3.5742894022062175,3.5742894022062175,NONE,False,51.75808769422696,32,41.28589686560224,272
285.9431521764974,SINK_FLOOR,LAW_29_L32_S910001,PLANNED,3.5742894022062175,LAW_29,8,3.5742894022062175,3.574289402206219,NONE,False,21.79551701926208,32,19.186288771306803,400
285.9431521764974,SINK_FLOOR,LAW_29_L32_S910001,SINK,3.5742894022062175,LAW_29,16,0.4684420651625173,0.4684420651625173,NONE,False,0.4684420651625173,32,5.061123232219134,528
285.9431521764974,SINK_FLOOR,LAW_29_L32_S910001,SINK,3.5742894022062175,LAW_29,24,0.33040517307637385,0.33040517307637385,NONE,False,0.33040517307637385,32,9.728780369465715,656
285.9431521764974,SINK_FLOOR,LAW_29_L32_S910001,SINK,3.5742894022062175,LAW_29,32,0.25855154398532854,0.25855154398532854,NONE,False,0.25855154398532854,32,13.384006225168886,784
285.9431521764974,SINK_FLOOR,LAW_29_L32_S910001,SINK,3.5742894022062175,LAW_29,40,0.21423294310239838,0.21423294310239838,NONE,False,0.21423294310239838,32,16.5165673649965,912
285.9431521764974,SINK_FLOOR,LAW_29_L32_S910001,SINK,3.5742894022062175,LAW_29,48,0.18475182706752236,0.18475182706752236,NONE,False,0.18475182706752236,32,19.289176296291554,1040
285.9431521764974,SINK_FLOOR,LAW_29_L32_S910001,SINK,3.5742894022062175,LAW_29,56,0.16268920177410562,0.16268920177410562,NONE,False,0.16268920177410562,32,21.818064688820755,1168
285.9431521764974,SINK_FLOOR,LAW_29_L32_S910001,SINK,3.5742894022062175,LAW_29,64,0.1453056437572764,0.1453056437572764,NONE,False,0.1453056437572764,32,24.147048989789738,1296
285.9431521764974,SINK_FLOOR,LAW_29_L32_S910001,SINK,3.5742894022062175,LAW_29,72,0.13115931130068048,0.13115931130068048,NONE,False,0.13115931130068048,32,26.30639183230494,1424
285.9431521764974,SINK_FLOOR,LAW_29_L32_S910001,SINK,3.5742894022062175,LAW_29,80,0.11998802209068615,0.11998802209068615,NONE,False,0.11998802209068615,32,28.316328795334748,1552
285.9431521764974,SINK_FLOOR,LAW_29_L32_S910001,SINK,3.5742894022062175,LAW_29,88,0.11031734545729799,0.11031734545729799,NONE,False,0.11031734545729799,32,30.20541593780971,1680
285.9431521764974,SINK_FLOOR,LAW_29_L32_S910001,SINK,3.5742894022062175,LAW_29,96,0.10201607764064013,0.10201607764064013,NONE,False,0.10201607764064013,32,31.992077981449658,1808
285.9431521764974,SINK_FLOOR,LAW_29_L32_S910001,SINK,3.5742894022062175,LAW_29,104,0.09503049658424245,0.09503049658424245,NONE,False,0.09503049658424245,32,33.68604685975904,1936
285.9431521764974,SINK_FLOOR,LAW_29_L32_S910001,SINK,3.5742894022062175,LAW_29,112,0.0886994083206617,0.0886994083206617,NONE,False,0.0886994083206617,32,35.29833979710344,2064
285.9431521764974,SINK_FLOOR,LAW_29_L32_S910001,SINK,3.5742894022062175,LAW_29,120,0.0829467700155544,0.0829467700155544,NONE,False,0.0829467700155544,32,36.83759022105722,2192
285.9431521764974,SINK_FLOOR,LAW_29_L32_S910001,SINK,3.5742894022062175,LAW_29,128,0.07769244612023052,0.07769244612023052,NONE,False,0.07769244612023052,32,38.31081897902099,2320
285.9431521764974,SINK_FLOOR,LAW_29_L32_S910001,SINK,3.5742894022062175,LAW_29,136,0.07286885903244,0.07286885903244,NONE,False,0.07286885903244,32,39.72389997859565,2448
285.9431521764974,SINK_FLOOR,LAW_29_L32_S910001,SINK,3.5742894022062175,LAW_29,144,0.06865467743705844,0.06865467743705844,NONE,False,0.06865467743705844,32,41.081398708399355,2576
285.9431521764974,SINK_FLOOR,LAW_29_L32_S910001,SINK,3.5742894022062175,LAW_29,152,0.06478146481392266,0.06478146481392266,NONE,False,0.06478146481392266,32,42.38700751779321,2704
285.9431521764974,SINK_FLOOR,LAW_29_L32_S910001,SINK,3.5742894022062175,LAW_29,160,0.061158159686987124,0.061158159686987124,NONE,False,0.061158159686987124,32,43.645208102916115,2832
285.9431521764974,SINK_FLOOR,LAW_29_L32_S910001,SINK,3.5742894022062175,LAW_29,168,0.058014681412347446,0.058014681412347446,NONE,False,0.058014681412347446,32,44.858844591609504,2960
285.9431521764974,SINK_FLOOR,LAW_29_L32_S910001,SINK,3.5742894022062175,LAW_29,176,0.0550009666839919,0.0550009666839919,NONE,False,0.0550009666839919,32,46.03098923198778,3088
285.9431521764974,SINK_FLOOR,LAW_29_L32_S910001,SINK,3.5742894022062175,LAW_29,184,0.05213516791416639,0.05213516791416639,NONE,False,0.05213516791416639,32,47.164773014664405,3216
285.9431521764974,SINK_FLOOR,LAW_29_L32_S910001,SINK,3.5742894022062175,LAW_29,192,0.0494129491791927,0.0494129491791927,NONE,False,0.0494129491791927,32,48.2627873919642,3344
285.9431521764974,SINK_FLOOR,LAW_29_L32_S910001,SINK,3.5742894022062175,LAW_29,200,0.0468266587929822,0.0468266587929822,NONE,False,0.0468266587929822,32,49.327204635755336,3472
285.9431521764974,SINK_FLOOR,LAW_29_L32_S910001,SINK,3.5742894022062175,LAW_29,208,0.04436797237795742,0.04436797237795742,NONE,False,0.04436797237795742,32,50.3599328866924,3600
285.9431521764974,SINK_FLOOR,LAW_29_L32_S910001,SINK,3.5742894022062175,LAW_29,216,0.04202872671088265,0.04202872671088265,NONE,False,0.04202872671088265,32,51.362754813256885,3728
285.9431521764974,SINK_FLOOR,LAW_29_L32_S910001,SINK,3.5742894022062175,LAW_29,224,0.03997308017867063,0.03997308017867063,NONE,False,0.03997308017867063,32,52.33686776731867,3856
285.9431521764974,SINK_FLOOR,LAW_29_L32_S910001,SINK,3.5742894022062175,LAW_29,232,0.03799136677198789,0.03799136677198789,NONE,False,0.03799136677198789,32,53.283438224992146,3984
285.9431521764974,SINK_FLOOR,LAW_29_L32_S910001,SINK,3.5742894022062175,LAW_29,240,0.036083137578464486,0.036083137578464486,NONE,False,0.036083137578464486,32,54.20407668655271,4112
285.9431521764974,SINK_FLOOR,LAW_29_L32_S910001,SINK,3.5742894022062175,LAW_29,248,0.03440324545423856,0.03440324545423856,NONE,False,0.03440324545423856,32,55.099677618377456,4240
285.9431521764974,SINK_FLOOR,LAW_29_L32_S910001,SINK,3.5742894022062175,LAW_29,256,0.03275878973322188,0.03275878973322188,NONE,False,0.03275878973322188,32,55.97084476028421,4368
285.9431521764974,SINK_FLOOR,LAW_29_L32_S910001,SINK,3.5742894022062175,LAW_29,264,0.031164782982359363,0.031164782982359363,NONE,False,0.031164782982359363,32,56.81679478370112,4496
285.9431521764974,SINK_FLOOR,LAW_29_L32_S910001,SINK,3.5742894022062175,LAW_29,272,0.029624155850884515,0.029624155850884515,NONE,False,0.029624155850884515,32,57.63873229124238,4624
285.9431521764974,SINK_FLOOR,LAW_29_L32_S910001,SINK,3.5742894022062175,LAW_29,280,0.028137100241949375,0.028137100241949375,NONE,False,0.028137100241949375,32,58.43803453210821,4752
285.9431521764974,SINK_FLOOR,LAW_29_L32_S910001,SINK,3.5742894022062175,LAW_29,288,0.026702739117008933,0.026702739117008933,NONE,False,0.026702739117008933,32,59.21587433283715,4880
285.9431521764974,SINK_FLOOR,LAW_29_L32_S910001,SINK,3.5742894022062175,LAW_29,296,0.02531970665177663,0.02531970665177663,NONE,False,0.02531970665177663,32,59.97328246108192,5008
285.9431521764974,SINK_FLOOR,LAW_29_L32_S910001,SINK,3.5742894022062175,LAW_29,304,0.024047368086103638,0.024047368086103638,NONE,False,0.024047368086103638,32,60.711129171642504,5136
285.9431521764974,SINK_FLOOR,LAW_29_L32_S910001,SINK,3.5742894022062175,LAW_29,312,0.022873698170009504,0.022873698170009504,NONE,False,0.022873698170009504,32,61.42992983963817,5264
284.92901143589415,PARENT,LAW_29_L32_S910002,PLANNED,3.5616126429486767,LAW_29,0,3.5616126429486767,3.5616126429486767,NONE,False,134.24297129187894,32,46.91666634442778,272
284.92901143589415,PARENT,LAW_29_L32_S910002,PLANNED,3.5616126429486767,LAW_29,8,3.5616126429486767,3.5616126429486767,NONE,False,96.03665758834207,32,24.99336118141039,400
284.92901143589415,PARENT,LAW_29_L32_S910002,PLANNED,3.5616126429486767,LAW_29,16,3.5616126429486767,3.5616126429486763,NONE,False,57.50874669228957,32,3.931506646852119,528
284.92901143589415,PARENT,LAW_29_L32_S910002,SOURCE,3.5616126429486767,LAW_29,24,0.9595894245903602,0.9595894245903602,NONE,False,39.41873537316115,32,0.9595894245903602,656
284.92901143589415,PARENT,LAW_29_L32_S910002,SOURCE,3.5616126429486767,LAW_29,32,0.8742059232543401,0.8742059232543401,NONE,False,27.683536165666503,32,0.8742059232543401,784
284.92901143589415,PARENT,LAW_29_L32_S910002,SOURCE,3.5616126429486767,LAW_29,40,0.9100035258943403,0.9100035258943403,NONE,False,17.519553193312486,32,0.9100035258943403,912
284.92901143589415,PARENT,LAW_29_L32_S910002,SOURCE,3.5616126429486767,LAW_29,48,1.1368425269441262,1.1368425269441262,NONE,False,11.191516475696005,32,1.1368425269441262,1040
284.92901143589415,PARENT,LAW_29_L32_S910002,SOURCE,3.5616126429486767,LAW_29,56,1.3495476662745076,1.3495476662745076,NONE,False,3.3933580842234683,32,1.3495476662745076,1168
284.92901143589415,PARENT,LAW_29_L32_S910002,NONE,3.5616126429486767,LAW_29,64,0.0,0.0,NO_SINK_CAPACITY,True,0.0,32,2.0856769243921716,1296
284.92901143589415,PARENT,LAW_29_L32_S910002,NONE,3.5616126429486767,LAW_29,71,0.0,0.0,NO_SINK_CAPACITY,True,0.0,32,5.8206203714349,1408
284.92901143589415,PARENT,LAW_29_L32_S910002,SINK,3.5616126429486767,LAW_29,72,0.45403129405579146,0.45403129405579146,NONE,False,0.45403129405579146,32,6.757028561565353,1424
284.92901143589415,PARENT,LAW_29_L32_S910002,NONE,3.5616126429486767,LAW_29,76,0.0,0.0,NO_SINK_CAPACITY,True,0.0,32,8.551828030215999,1488
284.92901143589415,PARENT,LAW_29_L32_S910002,NONE,3.5616126429486767,LAW_29,80,0.0,0.0,NO_SINK_CAPACITY,True,0.0,32,9.289239322872698,1552
284.92901143589415,PARENT,LAW_29_L32_S910002,NONE,3.5616126429486767,LAW_29,81,0.0,0.0,NO_SINK_CAPACITY,True,0.0,32,10.090314885367015,1568
284.92901143589415,PARENT,LAW_29_L32_S910002,NONE,3.5616126429486767,LAW_29,83,0.0,0.0,NO_SINK_CAPACITY,True,0.0,32,10.731651009444906,1600
284.92901143589415,PARENT,LAW_29_L32_S910002,NONE,3.5616126429486767,LAW_29,84,0.0,0.0,NO_SINK_CAPACITY,True,0.0,32,11.469611272278437,1616
284.92901143589415,PARENT,LAW_29_L32_S910002,NONE,3.5616126429486767,LAW_29,85,0.0,0.0,NO_SINK_CAPACITY,True,0.0,32,12.143426799953522,1632
284.92901143589415,PARENT,LAW_29_L32_S910002,NONE,3.5616126429486767,LAW_29,87,0.0,0.0,NO_SINK_CAPACITY,True,0.0,32,12.975771162789664,1664
284.92901143589415,PARENT,LAW_29_L32_S910002,SINK,3.5616126429486767,LAW_29,88,0.4501238254743042,0.4501238254743042,NONE,False,0.4501238254743042,32,13.586435776845123,1680
284.92901143589415,PARENT,LAW_29_L32_S910002,NONE,3.5616126429486767,LAW_29,89,0.0,0.0,NO_SINK_CAPACITY,True,0.0,32,13.78048690147729,1696
284.92901143589415,PARENT,LAW_29_L32_S910002,NONE,3.5616126429486767,LAW_29,90,0.0,0.0,NO_SINK_CAPACITY,True,0.0,32,14.37588166371501,1712
284.92901143589415,PARENT,LAW_29_L32_S910002,NONE,3.5616126429486767,LAW_29,92,0.0,0.0,NO_SINK_CAPACITY,True,0.0,32,15.082446616598439,1744
284.92901143589415,PARENT,LAW_29_L32_S910002,NONE,3.5616126429486767,LAW_29,93,0.0,0.0,NO_SINK_CAPACITY,True,0.0,32,15.635508075099697,1760
284.92901143589415,PARENT,LAW_29_L32_S910002,SINK,3.5616126429486767,LAW_29,96,0.9012474961804038,0.9012474961804038,NONE,False,0.9012474961804038,32,16.01947392577748,1808
284.92901143589415,PARENT,LAW_29_L32_S910002,NONE,3.5616126429486767,LAW_29,97,0.0,0.0,NO_SINK_CAPACITY,True,0.0,32,15.86092537045765,1824
284.92901143589415,PARENT,LAW_29_L32_S910002,NONE,3.5616126429486767,LAW_29,100,0.0,0.0,NO_SINK_CAPACITY,True,0.0,32,16.14612210212296,1872
284.92901143589415,PARENT,LAW_29_L32_S910002,NONE,3.5616126429486767,LAW_29,101,0.0,0.0,NO_SINK_CAPACITY,True,0.0,32,16.82734568934594,1888
284.92901143589415,PARENT,LAW_29_L32_S910002,NONE,3.5616126429486767,LAW_29,102,0.0,0.0,NO_SINK_CAPACITY,True,0.0,32,17.438135914513467,1904
284.92901143589415,PARENT,LAW_29_L32_S910002,NONE,3.5616126429486767,LAW_29,103,0.0,0.0,NO_SINK_CAPACITY,True,0.0,32,17.995567896267726,1920
284.92901143589415,PARENT,LAW_29_L32_S910002,SINK,3.5616126429486767,LAW_29,104,0.45169354772106757,0.45169354772106757,NONE,False,0.45169354772106757,32,18.512229193652086,1936
284.92901143589415,PARENT,LAW_29_L32_S910002,NONE,3.5616126429486767,LAW_29,105,0.0,0.0,NO_SINK_CAPACITY,True,0.0,32,18.621712541814205,1952
284.92901143589415,PARENT,LAW_29_L32_S910002,NONE,3.5616126429486767,LAW_29,106,0.0,0.0,NO_SINK_CAPACITY,True,0.0,32,19.139992336517686,1968
284.92901143589415,PARENT,LAW_29_L32_S910002,NONE,3.5616126429486767,LAW_29,107,0.0,0.0,NO_SINK_CAPACITY,True,0.0,32,19.624405019470238,1984
284.92901143589415,PARENT,LAW_29_L32_S910002,NONE,3.5616126429486767,LAW_29,108,0.0,0.0,NO_SINK_CAPACITY,True,0.0,32,20.082100077484395,2000
284.92901143589415,PARENT,LAW_29_L32_S910002,NONE,3.5616126429486767,LAW_29,109,0.0,0.0,NO_SINK_CAPACITY,True,0.0,32,20.518390498052327,2016
284.92901143589415,PARENT,LAW_29_L32_S910002,NONE,3.5616126429486767,LAW_29,110,0.0,0.0,NO_SINK_CAPACITY,True,0.0,32,20.937207581639385,2032
284.92901143589415,PARENT,LAW_29_L32_S910002,NONE,3.5616126429486767,LAW_29,111,0.0,0.0,NO_SINK_CAPACITY,True,0.0,32,21.341493784286026,2048
284.92901143589415,PARENT,LAW_29_L32_S910002,SINK,3.5616126429486767,LAW_29,112,0.45143619440331906,0.45143619440331906,NONE,False,0.45143619440331906,32,21.73348332790219,2064
284.92901143589415,PARENT,LAW_29_L32_S910002,NONE,3.5616126429486767,LAW_29,113,0.0,0.0,NO_SINK_CAPACITY,True,0.0,32,21.733328652216816,2080
284.92901143589415,PARENT,LAW_29_L32_S910002,NONE,3.5616126429486767,LAW_29,114,0.0,0.0,NO_SINK_CAPACITY,True,0.0,32,22.160328584937215,2096
284.92901143589415,PARENT,LAW_29_L32_S910002,NONE,3.5616126429486767,LAW_29,115,0.0,0.0,NO_SINK_CAPACITY,True,0.0,32,22.56723412344907,2112
284.92901143589415,PARENT,LAW_29_L32_S910002,NONE,3.5616126429486767,LAW_29,117,0.0,0.0,NO_SINK_CAPACITY,True,0.0,32,22.962349872222642,2144
284.92901143589415,PARENT,LAW_29_L32_S910002,NONE,3.5616126429486767,LAW_29,118,0.0,0.0,NO_SINK_CAPACITY,True,0.0,32,23.387069349869474,2160
284.92901143589415,PARENT,LAW_29_L32_S910002,NONE,3.5616126429486767,LAW_29,119,0.0,0.0,NO_SINK_CAPACITY,True,0.0,32,23.788363849689603,2176
284.92901143589415,PARENT,LAW_29_L32_S910002,NONE,3.5616126429486767,LAW_29,120,0.0,0.0,NO_SINK_CAPACITY,True,0.0,32,24.171329309922044,2192
284.92901143589415,PARENT,LAW_29_L32_S910002,NONE,3.5616126429486767,LAW_29,121,0.0,0.0,NO_SINK_CAPACITY,True,0.0,32,24.53970657142087,2208
284.92901143589415,PARENT,LAW_29_L32_S910002,NONE,3.5616126429486767,LAW_29,122,0.0,0.0,NO_SINK_CAPACITY,True,0.0,32,24.896219390843083,2224
284.92901143589415,PARENT,LAW_29_L32_S910002,NONE,3.5616126429486767,LAW_29,125,0.0,0.0,NO_SINK_CAPACITY,True,0.0,32,24.82576696074291,2272
284.92901143589415,PARENT,LAW_29_L32_S910002,NONE,3.5616126429486767,LAW_29,126,0.0,0.0,NO_SINK_CAPACITY,True,0.0,32,25.29971444607529,2288
284.92901143589415,PARENT,LAW_29_L32_S910002,NONE,3.5616126429486767,LAW_29,127,0.0,0.0,NO_SINK_CAPACITY,True,0.0,32,25.734029542556797,2304
284.92901143589415,PARENT,LAW_29_L32_S910002,SINK,3.5616126429486767,LAW_29,128,0.4500596334034424,0.4500596334034424,NONE,False,0.4500596334034424,32,26.138382817136648,2320
284.92901143589415,PARENT,LAW_29_L32_S910002,NONE,3.5616126429486767,LAW_29,129,0.0,0.0,NO_SINK_CAPACITY,True,0.0,32,26.146607205540523,2336
284.92901143589415,PARENT,LAW_29_L32_S910002,NONE,3.5616126429486767,LAW_29,130,0.0,0.0,NO_SINK_CAPACITY,True,0.0,32,26.568658115209665,2352
284.92901143589415,PARENT,LAW_29_L32_S910002,NONE,3.5616126429486767,LAW_29,131,0.0,0.0,NO_SINK_CAPACITY,True,0.0,32,26.962616937041442,2368
284.92901143589415,PARENT,LAW_29_L32_S910002,NONE,3.5616126429486767,LAW_29,132,0.0,0.0,NO_SINK_CAPACITY,True,0.0,32,27.334907084197724,2384
284.92901143589415,PARENT,LAW_29_L32_S910002,NONE,3.5616126429486767,LAW_29,133,0.0,0.0,NO_SINK_CAPACITY,True,0.0,32,27.69021478218394,2400
284.92901143589415,PARENT,LAW_29_L32_S910002,NONE,3.5616126429486767,LAW_29,134,0.0,0.0,NO_SINK_CAPACITY,True,0.0,32,28.031938109449086,2416
284.92901143589415,PARENT,LAW_29_L32_S910002,SINK,3.5616126429486767,LAW_29,136,0.900963745267193,0.900963745267193,NONE,False,0.900963745267193,32,28.305876991342796,2448
284.92901143589415,PARENT,LAW_29_L32_S910002,NONE,3.5616126429486767,LAW_29,137,0.0,0.0,NO_SINK_CAPACITY,True,0.0,32,27.919702656057503,2464
284.92901143589415,PARENT,LAW_29_L32_S910002,NONE,3.5616126429486767,LAW_29,138,0.0,0.0,NO_SINK_CAPACITY,True,0.0,32,28.380161253636324,2480
284.92901143589415,PARENT,LAW_29_L32_S910002,NONE,3.5616126429486767,LAW_29,140,0.0,0.0,NO_SINK_CAPACITY,True,0.0,32,28.807076502474366,2512
284.92901143589415,PARENT,LAW_29_L32_S910002,NONE,3.5616126429486767,LAW_29,141,0.0,0.0,NO_SINK_CAPACITY,True,0.0,32,29.225733075335505,2528
284.92901143589415,PARENT,LAW_29_L32_S910002,NONE,3.5616126429486767,LAW_29,142,0.0,0.0,NO_SINK_CAPACITY,True,0.0,32,29.613362589996456,2544
284.92901143589415,PARENT,LAW_29_L32_S910002,NONE,3.5616126429486767,LAW_29,143,0.0,0.0,NO_SINK_CAPACITY,True,0.0,32,29.97722214645148,2560
284.92901143589415,PARENT,LAW_29_L32_S910002,NONE,3.5616126429486767,LAW_29,144,0.0,0.0,NO_SINK_CAPACITY,True,0.0,32,30.322590479373265,2576
284.92901143589415,PARENT,LAW_29_L32_S910002,NONE,3.5616126429486767,LAW_29,145,0.0,0.0,NO_SINK_CAPACITY,True,0.0,32,30.653293550703314,2592
284.92901143589415,PARENT,LAW_29_L32_S910002,NONE,3.5616126429486767,LAW_29,146,0.0,0.0,NO_SINK_CAPACITY,True,0.0,32,30.97213595997199,2608
284.92901143589415,PARENT,LAW_29_L32_S910002,NONE,3.5616126429486767,LAW_29,147,0.0,0.0,NO_SINK_CAPACITY,True,0.0,32,31.28120231852922,2624
284.92901143589415,PARENT,LAW_29_L32_S910002,NONE,3.5616126429486767,LAW_29,148,0.0,0.0,NO_SINK_CAPACITY,True,0.0,32,31.582063869682358,2640
284.92901143589415,PARENT,LAW_29_L32_S910002,NONE,3.5616126429486767,LAW_29,149,0.0,0.0,NO_SINK_CAPACITY,True,0.0,32,31.875921570655674,2656
284.92901143589415,PARENT,LAW_29_L32_S910002,NONE,3.5616126429486767,LAW_29,150,0.0,0.0,NO_SINK_CAPACITY,True,0.0,32,32.163706341954246,2672
284.92901143589415,PARENT,LAW_29_L32_S910002,NONE,3.5616126429486767,LAW_29,151,0.0,0.0,NO_SINK_CAPACITY,True,0.0,32,32.44614986874447,2688
284.92901143589415,PARENT,LAW_29_L32_S910002,NONE,3.5616126429486767,LAW_29,152,0.0,0.0,NO_SINK_CAPACITY,True,0.0,32,32.72383491031683,2704
284.92901143589415,PARENT,LAW_29_L32_S910002,NONE,3.5616126429486767,LAW_29,154,0.0,0.0,NO_SINK_CAPACITY,True,0.0,32,32.8862037369759,2736
284.92901143589415,PARENT,LAW_29_L32_S910002,NONE,3.5616126429486767,LAW_29,156,0.0,0.0,NO_SINK_CAPACITY,True,0.0,32,32.74312844619342,2768
284.92901143589415,PARENT,LAW_29_L32_S910002,NONE,3.5616126429486767,LAW_29,157,0.0,0.0,NO_SINK_CAPACITY,True,0.0,32,33.13875156397452,2784
284.92901143589415,PARENT,LAW_29_L32_S910002,NONE,3.5616126429486767,LAW_29,159,0.0,0.0,NO_SINK_CAPACITY,True,0.0,32,33.46238678792731,2816
284.92901143589415,PARENT,LAW_29_L32_S910002,SINK,3.5616126429486767,LAW_29,160,0.45001729701776677,0.45001729701776677,NONE,False,0.45001729701776677,32,33.83678020311921,2832
284.92901143589415,PARENT,LAW_29_L32_S910002,NONE,3.5616126429486767,LAW_29,161,0.0,0.0,NO_SINK_CAPACITY,True,0.0,32,33.80042373192641,2848
284.92901143589415,PARENT,LAW_29_L32_S910002,NONE,3.5616126429486767,LAW_29,162,0.0,0.0,NO_SINK_CAPACITY,True,0.0,32,34.17843550174662,2864
284.92901143589415,PARENT,LAW_29_L32_S910002,NONE,3.5616126429486767,LAW_29,163,0.0,0.0,NO_SINK_CAPACITY,True,0.0,32,34.52769778291139,2880
284.92901143589415,PARENT,LAW_29_L32_S910002,NONE,3.5616126429486767,LAW_29,164,0.0,0.0,NO_SINK_CAPACITY,True,0.0,32,34.85460996046448,2896
284.92901143589415,PARENT,LAW_29_L32_S910002,NONE,3.5616126429486767,LAW_29,165,0.0,0.0,NO_SINK_CAPACITY,True,0.0,32,35.164125921988195,2912
284.92901143589415,PARENT,LAW_29_L32_S910002,NONE,3.5616126429486767,LAW_29,166,0.0,0.0,NO_SINK_CAPACITY,True,0.0,32,35.45992918411958,2928
284.92901143589415,PARENT,LAW_29_L32_S910002,NONE,3.5616126429486767,LAW_29,167,0.0,0.0,NO_SINK_CAPACITY,True,0.0,32,35.7447385615958,2944
284.92901143589415,PARENT,LAW_29_L32_S910002,NONE,3.5616126429486767,LAW_29,168,0.0,0.0,NO_SINK_CAPACITY,True,0.0,32,36.02057217824266,2960
284.92901143589415,PARENT,LAW_29_L32_S910002,NONE,3.5616126429486767,LAW_29,169,0.0,0.0,NO_SINK_CAPACITY,True,0.0,32,36.28894371685604,2976
284.92901143589415,PARENT,LAW_29_L32_S910002,NONE,3.5616126429486767,LAW_29,170,0.0,0.0,NO_SINK_CAPACITY,True,0.0,32,36.55100260956213,2992
284.92901143589415,PARENT,LAW_29_L32_S910002,NONE,3.5616126429486767,LAW_29,171,0.0,0.0,NO_SINK_CAPACITY,True,0.0,32,36.80763366584418,3008
284.92901143589415,PARENT,LAW_29_L32_S910002,NONE,3.5616126429486767,LAW_29,173,0.0,0.0,NO_SINK_CAPACITY,True,0.0,32,36.9262003536976,3040
284.92901143589415,PARENT,LAW_29_L32_S910002,NONE,3.5616126429486767,LAW_29,174,0.0,0.0,NO_SINK_CAPACITY,True,0.0,32,37.224320065303225,3056
284.92901143589415,PARENT,LAW_29_L32_S910002,NONE,3.5616126429486767,LAW_29,175,0.0,0.0,NO_SINK_CAPACITY,True,0.0,32,37.507206615165316,3072
284.92901143589415,PARENT,LAW_29_L32_S910002,SINK,3.5616126429486767,LAW_29,176,0.45042251465843597,0.45042251465843597,NONE,False,0.45042251465843597,32,37.77805433219507,3088
284.92901143589415,PARENT,LAW_29_L32_S910002,NONE,3.5616126429486767,LAW_29,177,0.0,0.0,NO_SINK_CAPACITY,True,0.0,32,37.66436549855753,3104
284.92901143589415,PARENT,LAW_29_L32_S910002,NONE,3.5616126429486767,LAW_29,178,0.0,0.0,NO_SINK_CAPACITY,True,0.0,32,37.97556933423594,3120
284.92901143589415,PARENT,LAW_29_L32_S910002,NONE,3.5616126429486767,LAW_29,179,0.0,0.0,NO_SINK_CAPACITY,True,0.0,32,38.26694310500139,3136
284.92901143589415,PARENT,LAW_29_L32_S910002,NONE,3.5616126429486767,LAW_29,181,0.0,0.0,NO_SINK_CAPACITY,True,0.0,32,38.435465241337525,3168
284.92901143589415,PARENT,LAW_29_L32_S910002,NONE,3.5616126429486767,LAW_29,182,0.0,0.0,NO_SINK_CAPACITY,True,0.0,32,38.749447676432645,3184
284.92901143589415,PARENT,LAW_29_L32_S910002,NONE,3.5616126429486767,LAW_29,183,0.0,0.0,NO_SINK_CAPACITY,True,0.0,32,39.04163074642682,3200
284.92901143589415,PARENT,LAW_29_L32_S910002,NONE,3.5616126429486767,LAW_29,184,0.0,0.0,NO_SINK_CAPACITY,True,0.0,32,39.31737309459195,3216
284.92901143589415,PARENT,LAW_29_L32_S910002,NONE,3.5616126429486767,LAW_29,185,0.0,0.0,NO_SINK_CAPACITY,True,0.0,32,39.58050800189976,3232
284.92901143589415,PARENT,LAW_29_L32_S910002,NONE,3.5616126429486767,LAW_29,186,0.0,0.0,NO_SINK_CAPACITY,True,0.0,32,39.83376702121171,3248
284.92901143589415,PARENT,LAW_29_L32_S910002,NONE,3.5616126429486767,LAW_29,187,0.0,0.0,NO_SINK_CAPACITY,True,0.0,32,40.07912250263686,3264
284.92901143589415,PARENT,LAW_29_L32_S910002,NONE,3.5616126429486767,LAW_29,189,0.0,0.0,NO_SINK_CAPACITY,True,0.0,32,40.170313321203636,3296
284.92901143589415,PARENT,LAW_29_L32_S910002,NONE,3.5616126429486767,LAW_29,190,0.0,0.0,NO_SINK_CAPACITY,True,0.0,32,40.4535663768861,3312
284.92901143589415,PARENT,LAW_29_L32_S910002,NONE,3.5616126429486767,LAW_29,191,0.0,0.0,NO_SINK_CAPACITY,True,0.0,32,40.72107286073631,3328
284.92901143589415,PARENT,LAW_29_L32_S910002,NONE,3.5616126429486767,LAW_29,192,0.0,0.0,NO_SINK_CAPACITY,True,0.0,32,40.9761985971698,3344
284.92901143589415,PARENT,LAW_29_L32_S910002,NONE,3.5616126429486767,LAW_29,193,0.0,0.0,NO_SINK_CAPACITY,True,0.0,32,41.22153658611779,3360
284.92901143589415,PARENT,LAW_29_L32_S910002,NONE,3.5616126429486767,LAW_29,194,0.0,0.0,NO_SINK_CAPACITY,True,0.0,32,41.4590250048378,3376
284.92901143589415,PARENT,LAW_29_L32_S910002,NONE,3.5616126429486767,LAW_29,195,0.0,0.0,NO_SINK_CAPACITY,True,0.0,32,41.69011228342065,3392
284.92901143589415,PARENT,LAW_29_L32_S910002,NONE,3.5616126429486767,LAW_29,196,0.0,0.0,NO_SINK_CAPACITY,True,0.0,32,41.9158905520011,3408
284.92901143589415,PARENT,LAW_29_L32_S910002,NONE,3.5616126429486767,LAW_29,197,0.0,0.0,NO_SINK_CAPACITY,True,0.0,32,42.13719152207694,3424
284.92901143589415,PARENT,LAW_29_L32_S910002,NONE,3.5616126429486767,LAW_29,198,0.0,0.0,NO_SINK_CAPACITY,True,0.0,32,42.354655486041125,3440
284.92901143589415,PARENT,LAW_29_L32_S910002,NONE,3.5616126429486767,LAW_29,199,0.0,0.0,NO_SINK_CAPACITY,True,0.0,32,42.56878061729461,3456
284.92901143589415,PARENT,LAW_29_L32_S910002,SINK,3.5616126429486767,LAW_29,200,0.4500462081428556,0.4500462081428556,NONE,False,0.4500462081428556,32,42.77995871497147,3472
284.92901143589415,PARENT,LAW_29_L32_S910002,NONE,3.5616126429486767,LAW_29,201,0.0,0.0,NO_SINK_CAPACITY,True,0.0,32,42.60871842873285,3488
284.92901143589415,PARENT,LAW_29_L32_S910002,NONE,3.5616126429486767,LAW_29,202,0.0,0.0,NO_SINK_CAPACITY,True,0.0,32,42.869451093772774,3504
284.92901143589415,PARENT,LAW_29_L32_S910002,NONE,3.5616126429486767,LAW_29,203,0.0,0.0,NO_SINK_CAPACITY,True,0.0,32,43.11583469205806,3520
284.92901143589415,PARENT,LAW_29_L32_S910002,NONE,3.5616126429486767,LAW_29,204,0.0,0.0,NO_SINK_CAPACITY,True,0.0,32,43.3511099045563,3536
284.92901143589415,PARENT,LAW_29_L32_S910002,NONE,3.5616126429486767,LAW_29,205,0.0,0.0,NO_SINK_CAPACITY,True,0.0,32,43.577718108091695,3552
284.92901143589415,PARENT,LAW_29_L32_S910002,NONE,3.5616126429486767,LAW_29,206,0.0,0.0,NO_SINK_CAPACITY,True,0.0,32,43.797449441849025,3568
284.92901143589415,PARENT,LAW_29_L32_S910002,NONE,3.5616126429486767,LAW_29,207,0.0,0.0,NO_SINK_CAPACITY,True,0.0,32,44.01162088226319,3584
284.92901143589415,PARENT,LAW_29_L32_S910002,SINK,3.5616126429486767,LAW_29,208,0.45051245616985475,0.45051245616985475,NONE,False,0.45051245616985475,32,44.221212809314196,3600
284.92901143589415,PARENT,LAW_29_L32_S910002,NONE,3.5616126429486767,LAW_29,209,0.0,0.0,NO_SINK_CAPACITY,True,0.0,32,44.04618208588261,3616
284.92901143589415,PARENT,LAW_29_L32_S910002,NONE,3.5616126429486767,LAW_29,210,0.0,0.0,NO_SINK_CAPACITY,True,0.0,32,44.30287465658295,3632
284.92901143589415,PARENT,LAW_29_L32_S910002,NONE,3.5616126429486767,LAW_29,211,0.0,0.0,NO_SINK_CAPACITY,True,0.0,32,44.54468958381345,3648
284.92901143589415,PARENT,LAW_29_L32_S910002,NONE,3.5616126429486767,LAW_29,213,0.0,0.0,NO_SINK_CAPACITY,True,0.0,32,44.251897935574256,3680
284.92901143589415,PARENT,LAW_29_L32_S910002,NONE,3.5616126429486767,LAW_29,214,0.0,0.0,NO_SINK_CAPACITY,True,0.0,32,44.58436069844533,3696
284.92901143589415,PARENT,LAW_29_L32_S910002,NONE,3.5616126429486767,LAW_29,215,0.0,0.0,NO_SINK_CAPACITY,True,0.0,32,44.88255670995342,3712
284.92901143589415,PARENT,LAW_29_L32_S910002,NONE,3.5616126429486767,LAW_29,216,0.0,0.0,NO_SINK_CAPACITY,True,0.0,32,45.15537546464336,3728
284.92901143589415,PARENT,LAW_29_L32_S910002,NONE,3.5616126429486767,LAW_29,217,0.0,0.0,NO_SINK_CAPACITY,True,0.0,32,45.40927719175704,3744
284.92901143589415,PARENT,LAW_29_L32_S910002,NONE,3.5616126429486767,LAW_29,218,0.0,0.0,NO_SINK_CAPACITY,True,0.0,32,45.64885592234287,3760
284.92901143589415,PARENT,LAW_29_L32_S910002,NONE,3.5616126429486767,LAW_29,219,0.0,0.0,NO_SINK_CAPACITY,True,0.0,32,45.877385464498694,3776
284.92901143589415,PARENT,LAW_29_L32_S910002,NONE,3.5616126429486767,LAW_29,220,0.0,0.0,NO_SINK_CAPACITY,True,0.0,32,46.0972256263564,3792
284.92901143589415,PARENT,LAW_29_L32_S910002,NONE,3.5616126429486767,LAW_29,221,0.0,0.0,NO_SINK_CAPACITY,True,0.0,32,46.310102535567054,3808
284.92901143589415,PARENT,LAW_29_L32_S910002,NONE,3.5616126429486767,LAW_29,222,0.0,0.0,NO_SINK_CAPACITY,True,0.0,32,46.51729702394789,3824
284.92901143589415,PARENT,LAW_29_L32_S910002,NONE,3.5616126429486767,LAW_29,223,0.0,0.0,NO_SINK_CAPACITY,True,0.0,32,46.71977184005067,3840
284.92901143589415,PARENT,LAW_29_L32_S910002,NONE,3.5616126429486767,LAW_29,224,0.0,0.0,NO_SINK_CAPACITY,True,0.0,32,46.91825993306782,3856
284.92901143589415,PARENT,LAW_29_L32_S910002,NONE,3.5616126429486767,LAW_29,226,0.0,0.0,NO_SINK_CAPACITY,True,0.0,32,46.55631145053247,3888
284.92901143589415,PARENT,LAW_29_L32_S910002,NONE,3.5616126429486767,LAW_29,227,0.0,0.0,NO_SINK_CAPACITY,True,0.0,32,46.861133382419226,3904
284.92901143589415,PARENT,LAW_29_L32_S910002,NONE,3.5616126429486767,LAW_29,228,0.0,0.0,NO_SINK_CAPACITY,True,0.0,32,47.13637264800146,3920
284.92901143589415,PARENT,LAW_29_L32_S910002,NONE,3.5616126429486767,LAW_29,229,0.0,0.0,NO_SINK_CAPACITY,True,0.0,32,47.38956208776616,3936
284.92901143589415,PARENT,LAW_29_L32_S910002,NONE,3.5616126429486767,LAW_29,230,0.0,0.0,NO_SINK_CAPACITY,True,0.0,32,47.62624205988061,3952
284.92901143589415,PARENT,LAW_29_L32_S910002,NONE,3.5616126429486767,LAW_29,231,0.0,0.0,NO_SINK_CAPACITY,True,0.0,32,47.85037228350486,3968
284.92901143589415,PARENT,LAW_29_L32_S910002,NONE,3.5616126429486767,LAW_29,232,0.0,0.0,NO_SINK_CAPACITY,True,0.0,32,48.06478286678064,3984
284.92901143589415,PARENT,LAW_29_L32_S910002,NONE,3.5616126429486767,LAW_29,234,0.0,0.0,NO_SINK_CAPACITY,True,0.0,32,48.09171390513391,4016
284.92901143589415,PARENT,LAW_29_L32_S910002,NONE,3.5616126429486767,LAW_29,235,0.0,0.0,NO_SINK_CAPACITY,True,0.0,32,48.34153611765635,4032
284.92901143589415,PARENT,LAW_29_L32_S910002,NONE,3.5616126429486767,LAW_29,236,0.0,0.0,NO_SINK_CAPACITY,True,0.0,32,48.57501429657535,4048
284.92901143589415,PARENT,LAW_29_L32_S910002,NONE,3.5616126429486767,LAW_29,237,0.0,0.0,NO_SINK_CAPACITY,True,0.0,32,48.79586506126232,4064
284.92901143589415,PARENT,LAW_29_L32_S910002,NONE,3.5616126429486767,LAW_29,238,0.0,0.0,NO_SINK_CAPACITY,True,0.0,32,49.006879207228685,4080
284.92901143589415,PARENT,LAW_29_L32_S910002,NONE,3.5616126429486767,LAW_29,239,0.0,0.0,NO_SINK_CAPACITY,True,0.0,32,49.210109447557166,4096
284.92901143589415,PARENT,LAW_29_L32_S910002,NONE,3.5616126429486767,LAW_29,240,0.0,0.0,NO_SINK_CAPACITY,True,0.0,32,49.40707274407587,4112
284.92901143589415,PARENT,LAW_29_L32_S910002,NONE,3.5616126429486767,LAW_29,241,0.0,0.0,NO_SINK_CAPACITY,True,0.0,32,49.59890417829567,4128
284.92901143589415,PARENT,LAW_29_L32_S910002,NONE,3.5616126429486767,LAW_29,243,0.0,0.0,NO_SINK_CAPACITY,True,0.0,32,49.590453242051446,4160
284.92901143589415,PARENT,LAW_29_L32_S910002,NONE,3.5616126429486767,LAW_29,244,0.0,0.0,NO_SINK_CAPACITY,True,0.0,32,49.82572776113587,4176
284.92901143589415,PARENT,LAW_29_L32_S910002,NONE,3.5616126429486767,LAW_29,245,0.0,0.0,NO_SINK_CAPACITY,True,0.0,32,50.04610898555799,4192
284.92901143589415,PARENT,LAW_29_L32_S910002,NONE,3.5616126429486767,LAW_29,246,0.0,0.0,NO_SINK_CAPACITY,True,0.0,32,50.25501785747417,4208
284.92901143589415,PARENT,LAW_29_L32_S910002,NONE,3.5616126429486767,LAW_29,247,0.0,0.0,NO_SINK_CAPACITY,True,0.0,32,50.455019796339435,4224
284.92901143589415,PARENT,LAW_29_L32_S910002,NONE,3.5616126429486767,LAW_29,248,0.0,0.0,NO_SINK_CAPACITY,True,0.0,32,50.647994731371654,4240
284.92901143589415,PARENT,LAW_29_L32_S910002,NONE,3.5616126429486767,LAW_29,249,0.0,0.0,NO_SINK_CAPACITY,True,0.0,32,50.83532652542163,4256
284.92901143589415,PARENT,LAW_29_L32_S910002,NONE,3.5616126429486767,LAW_29,250,0.0,0.0,NO_SINK_CAPACITY,True,0.0,32,51.018046332456755,4272
284.92901143589415,PARENT,LAW_29_L32_S910002,NONE,3.5616126429486767,LAW_29,251,0.0,0.0,NO_SINK_CAPACITY,True,0.0,32,51.19693185304139,4288
284.92901143589415,PARENT,LAW_29_L32_S910002,NONE,3.5616126429486767,LAW_29,252,0.0,0.0,NO_SINK_CAPACITY,True,0.0,32,51.372576384693936,4304
284.92901143589415,PARENT,LAW_29_L32_S910002,NONE,3.5616126429486767,LAW_29,253,0.0,0.0,NO_SINK_CAPACITY,True,0.0,32,51.545437831252165,4320
284.92901143589415,PARENT,LAW_29_L32_S910002,NONE,3.5616126429486767,LAW_29,254,0.0,0.0,NO_SINK_CAPACITY,True,0.0,32,51.7158736653399,4336
284.92901143589415,PARENT,LAW_29_L32_S910002,NONE,3.5616126429486767,LAW_29,255,0.0,0.0,NO_SINK_CAPACITY,True,0.0,32,51.884166081481354,4352
284.92901143589415,PARENT,LAW_29_L32_S910002,NONE,3.5616126429486767,LAW_29,256,0.0,0.0,NO_SINK_CAPACITY,True,0.0,32,52.05054026047275,4368
284.92901143589415,PARENT,LAW_29_L32_S910002,NONE,3.5616126429486767,LAW_29,257,0.0,0.0,NO_SINK_CAPACITY,True,0.0,32,52.21517784148756,4384
284.92901143589415,PARENT,LAW_29_L32_S910002,NONE,3.5616126429486767,LAW_29,258,0.0,0.0,NO_SINK_CAPACITY,True,0.0,32,52.378226966405485,4400
284.92901143589415,PARENT,LAW_29_L32_S910002,NONE,3.5616126429486767,LAW_29,259,0.0,0.0,NO_SINK_CAPACITY,True,0.0,32,52.53980982769329,4416
284.92901143589415,PARENT,LAW_29_L32_S910002,NONE,3.5616126429486767,LAW_29,260,0.0,0.0,NO_SINK_CAPACITY,True,0.0,32,52.70002823406199,4432
284.92901143589415,PARENT,LAW_29_L32_S910002,NONE,3.5616126429486767,LAW_29,261,0.0,0.0,NO_SINK_CAPACITY,True,0.0,32,52.85896780715057,4448
284.92901143589415,PARENT,LAW_29_L32_S910002,NONE,3.5616126429486767,LAW_29,262,0.0,0.0,NO_SINK_CAPACITY,True,0.0,32,53.016701415064766,4464
284.92901143589415,PARENT,LAW_29_L32_S910002,NONE,3.5616126429486767,LAW_29,263,0.0,0.0,NO_SINK_CAPACITY,True,0.0,32,53.17329162548973,4480
284.92901143589415,PARENT,LAW_29_L32_S910002,NONE,3.5616126429486767,LAW_29,264,0.0,0.0,NO_SINK_CAPACITY,True,0.0,32,53.32879256156567,4496
284.92901143589415,PARENT,LAW_29_L32_S910002,NONE,3.5616126429486767,LAW_29,265,0.0,0.0,NO_SINK_CAPACITY,True,0.0,32,53.48325148814091,4512
284.92901143589415,PARENT,LAW_29_L32_S910002,NONE,3.5616126429486767,LAW_29,266,0.0,0.0,NO_SINK_CAPACITY,True,0.0,32,53.63671008705995,4528
284.92901143589415,PARENT,LAW_29_L32_S910002,NONE,3.5616126429486767,LAW_29,267,0.0,0.0,NO_SINK_CAPACITY,True,0.0,32,53.78920547594648,4544
284.92901143589415,PARENT,LAW_29_L32_S910002,NONE,3.5616126429486767,LAW_29,268,0.0,0.0,NO_SINK_CAPACITY,True,0.0,32,53.94077078770674,4560
284.92901143589415,PARENT,LAW_29_L32_S910002,NONE,3.5616126429486767,LAW_29,270,0.0,0.0,NO_SINK_CAPACITY,True,0.0,32,53.864558296417094,4592
284.92901143589415,PARENT,LAW_29_L32_S910002,NONE,3.5616126429486767,LAW_29,271,0.0,0.0,NO_SINK_CAPACITY,True,0.0,32,54.06980106439936,4608
284.92901143589415,PARENT,LAW_29_L32_S910002,NONE,3.5616126429486767,LAW_29,272,0.0,0.0,NO_SINK_CAPACITY,True,0.0,32,54.26116114939507,4624
284.92901143589415,PARENT,LAW_29_L32_S910002,NONE,3.5616126429486767,LAW_29,273,0.0,0.0,NO_SINK_CAPACITY,True,0.0,32,54.442118310806585,4640
284.92901143589415,PARENT,LAW_29_L32_S910002,NONE,3.5616126429486767,LAW_29,274,0.0,0.0,NO_SINK_CAPACITY,True,0.0,32,54.61521749383758,4656
284.92901143589415,PARENT,LAW_29_L32_S910002,NONE,3.5616126429486767,LAW_29,275,0.0,0.0,NO_SINK_CAPACITY,True,0.0,32,54.78228066030372,4672
284.92901143589415,PARENT,LAW_29_L32_S910002,NONE,3.5616126429486767,LAW_29,276,0.0,0.0,NO_SINK_CAPACITY,True,0.0,32,54.944618183448156,4688
284.92901143589415,PARENT,LAW_29_L32_S910002,NONE,3.5616126429486767,LAW_29,277,0.0,0.0,NO_SINK_CAPACITY,True,0.0,32,55.10318358620667,4704
284.92901143589415,PARENT,LAW_29_L32_S910002,NONE,3.5616126429486767,LAW_29,278,0.0,0.0,NO_SINK_CAPACITY,True,0.0,32,55.258679521894045,4720
284.92901143589415,PARENT,LAW_29_L32_S910002,NONE,3.5616126429486767,LAW_29,279,0.0,0.0,NO_SINK_CAPACITY,True,0.0,32,55.41163042983534,4736
284.92901143589415,PARENT,LAW_29_L32_S910002,NONE,3.5616126429486767,LAW_29,280,0.0,0.0,NO_SINK_CAPACITY,True,0.0,32,55.562432499139135,4752
284.92901143589415,PARENT,LAW_29_L32_S910002,NONE,3.5616126429486767,LAW_29,281,0.0,0.0,NO_SINK_CAPACITY,True,0.0,32,55.711388533405824,4768
284.92901143589415,PARENT,LAW_29_L32_S910002,NONE,3.5616126429486767,LAW_29,284,0.0,0.0,NO_SINK_CAPACITY,True,0.0,32,55.07440205757057,4816
284.92901143589415,PARENT,LAW_29_L32_S910002,NONE,3.5616126429486767,LAW_29,285,0.0,0.0,NO_SINK_CAPACITY,True,0.0,32,55.37347439197574,4832
284.92901143589415,PARENT,LAW_29_L32_S910002,NONE,3.5616126429486767,LAW_29,286,0.0,0.0,NO_SINK_CAPACITY,True,0.0,32,55.08557705546876,4848
284.92901143589415,PARENT,LAW_29_L32_S910002,NONE,3.5616126429486767,LAW_29,287,0.0,0.0,NO_SINK_CAPACITY,True,0.0,32,54.761674445555784,4864
284.92901143589415,PARENT,LAW_29_L32_S910002,NONE,3.5616126429486767,LAW_29,288,0.0,0.0,NO_SINK_CAPACITY,True,0.0,32,54.97287565368482,4880
284.92901143589415,PARENT,LAW_29_L32_S910002,NONE,3.5616126429486767,LAW_29,289,0.0,0.0,NO_SINK_CAPACITY,True,0.0,32,55.172495238335,4896
284.92901143589415,PARENT,LAW_29_L32_S910002,NONE,3.5616126429486767,LAW_29,290,0.0,0.0,NO_SINK_CAPACITY,True,0.0,32,55.36248248865177,4912
284.92901143589415,PARENT,LAW_29_L32_S910002,NONE,3.5616126429486767,LAW_29,291,0.0,0.0,NO_SINK_CAPACITY,True,0.0,32,55.5444929916888,4928
284.92901143589415,PARENT,LAW_29_L32_S910002,NONE,3.5616126429486767,LAW_29,292,0.0,0.0,NO_SINK_CAPACITY,True,0.0,32,56.26774335147685,4944
284.92901143589415,PARENT,LAW_29_L32_S910002,NONE,3.5616126429486767,LAW_29,293,0.0,0.0,NO_SINK_CAPACITY,True,0.0,32,56.43514433610387,4960
284.92901143589415,PARENT,LAW_29_L32_S910002,NONE,3.5616126429486767,LAW_29,294,0.0,0.0,NO_SINK_CAPACITY,True,0.0,32,57.146520809231696,4976
284.92901143589415,PARENT,LAW_29_L32_S910002,NONE,3.5616126429486767,LAW_29,295,0.0,0.0,NO_SINK_CAPACITY,True,0.0,32,57.30316317984572,4992
284.92901143589415,PARENT,LAW_29_L32_S910002,NONE,3.5616126429486767,LAW_29,296,0.0,0.0,NO_SINK_CAPACITY,True,0.0,32,57.456528760289224,5008
284.92901143589415,PARENT,LAW_29_L32_S910002,NONE,3.5616126429486767,LAW_29,297,0.0,0.0,NO_SINK_CAPACITY,True,0.0,32,57.60710470076932,5024
284.92901143589415,PARENT,LAW_29_L32_S910002,NONE,3.5616126429486767,LAW_29,298,0.0,0.0,NO_SINK_CAPACITY,True,0.0,32,57.75527385640807,5040
284.92901143589415,PARENT,LAW_29_L32_S910002,NONE,3.5616126429486767,LAW_29,299,0.0,0.0,NO_SINK_CAPACITY,True,0.0,32,57.90134023216983,5056
284.92901143589415,PARENT,LAW_29_L32_S910002,NONE,3.5616126429486767,LAW_29,300,0.0,0.0,NO_SINK_CAPACITY,True,0.0,32,58.04554762543688,5072
284.92901143589415,PARENT,LAW_29_L32_S910002,NONE,3.5616126429486767,LAW_29,301,0.0,0.0,NO_SINK_CAPACITY,True,0.0,32,58.18809350120286,5088
284.92901143589415,PARENT,LAW_29_L32_S910002,NONE,3.5616126429486767,LAW_29,302,0.0,0.0,NO_SINK_CAPACITY,True,0.0,32,58.329139404639044,5104
284.92901143589415,PARENT,LAW_29_L32_S910002,NONE,3.5616126429486767,LAW_29,303,0.0,0.0,NO_SINK_CAPACITY,True,0.0,32,58.46881867155447,5120
284.92901143589415,PARENT,LAW_29_L32_S910002,NONE,3.5616126429486767,LAW_29,304,0.0,0.0,NO_SINK_CAPACITY,True,0.0,32,58.607242342885314,5136
284.92901143589415,PARENT,LAW_29_L32_S910002,NONE,3.5616126429486767,LAW_29,305,0.0,0.0,NO_SINK_CAPACITY,True,0.0,32,58.74450373800284,5152
284.92901143589415,PARENT,LAW_29_L32_S910002,NONE,3.5616126429486767,LAW_29,306,0.0,0.0,NO_SINK_CAPACITY,True,0.0,32,58.880681966366794,5168
284.92901143589415,PARENT,LAW_29_L32_S910002,NONE,3.5616126429486767,LAW_29,308,0.0,0.0,NO_SINK_CAPACITY,True,0.0,32,58.7743518721628,5200
284.92901143589415,PARENT,LAW_29_L32_S910002,NONE,3.5616126429486767,LAW_29,309,0.0,0.0,NO_SINK_CAPACITY,True,0.0,32,58.412913577694574,5216
284.92901143589415,PARENT,LAW_29_L32_S910002,NONE,3.5616126429486767,LAW_29,310,0.0,0.0,NO_SINK_CAPACITY,True,0.0,32,58.58540975904688,5232
284.92901143589415,PARENT,LAW_29_L32_S910002,NONE,3.5616126429486767,LAW_29,311,0.0,0.0,NO_SINK_CAPACITY,True,0.0,32,58.75183345210921,5248
284.92901143589415,PARENT,LAW_29_L32_S910002,NONE,3.5616126429486767,LAW_29,312,0.0,0.0,NO_SINK_CAPACITY,True,0.0,32,58.9119187395193,5264
284.92901143589415,PARENT,LAW_29_L32_S910002,NONE,3.5616126429486767,LAW_29,313,0.0,0.0,NO_SINK_CAPACITY,True,0.0,32,59.61401694433399,5280
284.92901143589415,PARENT,LAW_29_L32_S910002,NONE,3.5616126429486767,LAW_29,314,0.0,0.0,NO_SINK_CAPACITY,True,0.0,32,59.760596449156964,5296
284.92901143589415,PARENT,LAW_29_L32_S910002,NONE,3.5616126429486767,LAW_29,315,0.0,0.0,NO_SINK_CAPACITY,True,0.0,32,59.90344421246088,5312
284.92901143589415,PARENT,LAW_29_L32_S910002,NONE,3.5616126429486767,LAW_29,317,0.0,0.0,NO_SINK_CAPACITY,True,0.0,32,59.803141589891716,5344
284.92901143589415,PARENT,LAW_29_L32_S910002,NONE,3.5616126429486767,LAW_29,318,0.0,0.0,NO_SINK_CAPACITY,True,0.0,32,59.99396378773342,5360
284.92901143589415,PARENT,LAW_29_L32_S910002,NONE,3.5616126429486767,LAW_29,319,0.0,0.0,NO_SINK_CAPACITY,True,0.0,32,60.170151530431426,5376
284.92901143589415,SINK_FLOOR,LAW_29_L32_S910002,PLANNED,3.5616126429486767,LAW_29,0,3.5616126429486767,3.5616126429486763,NONE,False,45.863209332925074,32,46.91666634442778,272
284.92901143589415,SINK_FLOOR,LAW_29_L32_S910002,PLANNED,3.5616126429486767,LAW_29,8,3.5616126429486767,3.561612642948676,NONE,False,16.267798859911505,32,24.988215270096582,400
284.92901143589415,SINK_FLOOR,LAW_29_L32_S910002,SINK,3.5616126429486767,LAW_29,16,0.32637705498931935,0.32637705498931935,NONE,False,0.32637705498931935,32,15.712670674695772,528
284.92901143589415,SINK_FLOOR,LAW_29_L32_S910002,SINK,3.5616126429486767,LAW_29,24,0.21941192095079998,0.21941192095079998,NONE,False,0.21941192095079998,32,19.839779807816747,656
284.92901143589415,SINK_FLOOR,LAW_29_L32_S910002,SINK,3.5616126429486767,LAW_29,32,0.17656744276681446,0.17656744276681446,NONE,False,0.17656744276681446,32,23.18323303332239,784
284.92901143589415,SINK_FLOOR,LAW_29_L32_S910002,SINK,3.5616126429486767,LAW_29,40,0.15347863196137523,0.15347863196137523,NONE,False,0.15347863196137523,32,26.072279591609494,912
284.92901143589415,SINK_FLOOR,LAW_29_L32_S910002,SINK,3.5616126429486767,LAW_29,48,0.13738515614261304,0.13738515614261304,NONE,False,0.13738515614261304,32,28.65856058855996,1040
284.92901143589415,SINK_FLOOR,LAW_29_L32_S910002,SINK,3.5616126429486767,LAW_29,56,0.12481771750661919,0.12481771750661919,NONE,False,0.12481771750661919,32,31.021050261484866,1168
284.92901143589415,SINK_FLOOR,LAW_29_L32_S910002,SINK,3.5616126429486767,LAW_29,64,0.11465636112877498,0.11465636112877498,NONE,False,0.11465636112877498,32,33.2068322818897,1296
284.92901143589415,SINK_FLOOR,LAW_29_L32_S910002,SINK,3.5616126429486767,LAW_29,72,0.10623288245453621,0.10623288245453621,NONE,False,0.10623288245453621,32,35.24690770366808,1424
284.92901143589415,SINK_FLOOR,LAW_29_L32_S910002,SINK,3.5616126429486767,LAW_29,80,0.0987426399549497,0.0987426399549497,NONE,False,0.0987426399549497,32,37.17085462906278,1552
284.92901143589415,SINK_FLOOR,LAW_29_L32_S910002,SINK,3.5616126429486767,LAW_29,88,0.0923045886832985,0.0923045886832985,NONE,False,0.0923045886832985,32,38.993655114169954,1680
284.92901143589415,SINK_FLOOR,LAW_29_L32_S910002,SINK,3.5616126429486767,LAW_29,96,0.0865295181868424,0.0865295181868424,NONE,False,0.0865295181868424,32,40.725147498085114,1808
284.92901143589415,SINK_FLOOR,LAW_29_L32_S910002,SINK,3.5616126429486767,LAW_29,104,0.08119119216354298,0.08119119216354298,NONE,False,0.08119119216354298,32,42.37652919173119,1936
284.92901143589415,SINK_FLOOR,LAW_29_L32_S910002,SINK,3.5616126429486767,LAW_29,112,0.07624342708349785,0.07624342708349785,NONE,False,0.07624342708349785,32,43.95653841914468,2064
284.92901143589415,SINK_FLOOR,LAW_29_L32_S910002,SINK,3.5616126429486767,LAW_29,120,0.07164211189670033,0.07164211189670033,NONE,False,0.07164211189670033,32,45.47174842485875,2192
284.92901143589415,SINK_FLOOR,LAW_29_L32_S910002,SINK,3.5616126429486767,LAW_29,128,0.06749962454575087,0.06749962454575087,NONE,False,0.06749962454575087,32,46.92753635596859,2320
284.92901143589415,SINK_FLOOR,LAW_29_L32_S910002,SINK,3.5616126429486767,LAW_29,136,0.0637691535446766,0.0637691535446766,NONE,False,0.0637691535446766,32,48.3275910011324,2448
284.92901143589415,SINK_FLOOR,LAW_29_L32_S910002,SINK,3.5616126429486767,LAW_29,144,0.06022013114588454,0.06022013114588454,NONE,False,0.06022013114588454,32,49.67680412863013,2576
284.92901143589415,SINK_FLOOR,LAW_29_L32_S910002,SINK,3.5616126429486767,LAW_29,152,0.056855082924705536,0.056855082924705536,NONE,False,0.056855082924705536,32,50.42911506907158,2704
284.92901143589415,SINK_FLOOR,LAW_29_L32_S910002,SINK,3.5616126429486767,LAW_29,160,0.05378466075424959,0.05378466075424959,NONE,False,0.05378466075424959,32,51.6866777886904,2832
284.92901143589415,SINK_FLOOR,LAW_29_L32_S910002,SINK,3.5616126429486767,LAW_29,168,0.050965527997146376,0.050965527997146376,NONE,False,0.050965527997146376,32,52.90271670513395,2960
284.92901143589415,SINK_FLOOR,LAW_29_L32_S910002,SINK,3.5616126429486767,LAW_29,176,0.048258091329464015,0.048258091329464015,NONE,False,0.048258091329464015,32,54.08035053987549,3088
284.92901143589415,SINK_FLOOR,LAW_29_L32_S910002,SINK,3.5616126429486767,LAW_29,184,0.045668498035902894,0.045668498035902894,NONE,False,0.045668498035902894,32,55.22204635411039,3216
284.92901143589415,SINK_FLOOR,LAW_29_L32_S910002,SINK,3.5616126429486767,LAW_29,192,0.043194691478302905,0.043194691478302905,NONE,False,0.043194691478302905,32,56.329905245647986,3344
284.92901143589415,SINK_FLOOR,LAW_29_L32_S910002,SINK,3.5616126429486767,LAW_29,200,0.040941101769415456,0.040941101769415456,NONE,False,0.040941101769415456,32,57.405727485810466,3472
284.92901143589415,SINK_FLOOR,LAW_29_L32_S910002,SINK,3.5616126429486767,LAW_29,208,0.038854334810743296,0.038854334810743296,NONE,False,0.038854334810743296,32,58.45064181863874,3600
284.92901143589415,SINK_FLOOR,LAW_29_L32_S910002,SINK,3.5616126429486767,LAW_29,216,0.036835274946239505,0.036835274946239505,NONE,False,0.036835274946239505,32,59.466543633598654,3728
284.92901143589415,SINK_FLOOR,LAW_29_L32_S910002,SINK,3.5616126429486767,LAW_29,224,0.03489089539280421,0.03489089539280421,NONE,False,0.03489089539280421,32,60.45499911044428,3856
284.92901143589415,SINK_FLOOR,LAW_29_L32_S910002,SINK,3.5616126429486767,LAW_29,232,0.033021745219613985,0.033021745219613985,NONE,False,0.033021745219613985,32,61.4173781131891,3984
284.92901143589415,SINK_FLOOR,LAW_29_L32_S910002,SINK,3.5616126429486767,LAW_29,240,0.03131858734879622,0.03131858734879622,NONE,False,0.03131858734879622,32,62.35434541318741,4112
284.92901143589415,SINK_FLOOR,LAW_29_L32_S910002,SINK,3.5616126429486767,LAW_29,248,0.02972792504849675,0.02972792504849675,NONE,False,0.02972792504849675,32,63.26450370372378,4240
284.92901143589415,SINK_FLOOR,LAW_29_L32_S910002,SINK,3.5616126429486767,LAW_29,256,0.028182401177577754,0.028182401177577754,NONE,False,0.028182401177577754,32,64.1496759955331,4368
284.92901143589415,SINK_FLOOR,LAW_29_L32_S910002,SINK,3.5616126429486767,LAW_29,264,0.026687885061872696,0.026687885061872696,NONE,False,0.026687885061872696,32,65.01158507272783,4496
284.92901143589415,SINK_FLOOR,LAW_29_L32_S910002,SINK,3.5616126429486767,LAW_29,272,0.025245515181086198,0.025245515181086198,NONE,False,0.025245515181086198,32,65.8515249806468,4624
284.92901143589415,SINK_FLOOR,LAW_29_L32_S910002,SINK,3.5616126429486767,LAW_29,280,0.023937866420824183,0.023937866420824183,NONE,False,0.023937866420824183,32,66.67045311221203,4752
284.92901143589415,SINK_FLOOR,LAW_29_L32_S910002,SINK,3.5616126429486767,LAW_29,288,0.022706649138524937,0.022706649138524937,NONE,False,0.022706649138524937,32,67.46903459183171,4880
284.92901143589415,SINK_FLOOR,LAW_29_L32_S910002,SINK,3.5616126429486767,LAW_29,296,0.021505654129418406,0.021505654129418406,NONE,False,0.021505654129418406,32,68.24836467316776,5008
284.92901143589415,SINK_FLOOR,LAW_29_L32_S910002,SINK,3.5616126429486767,LAW_29,304,0.020339939862811574,0.020339939862811574,NONE,False,0.020339939862811574,32,69.00929383754394,5136
284.92901143589415,SINK_FLOOR,LAW_29_L32_S910002,SINK,3.5616126429486767,LAW_29,312,0.019210921728440744,0.019210921728440744,NONE,False,0.019210921728440744,32,69.75256869547708,5264
281.6686542553054,PARENT,LAW_29_L32_S910003,PLANNED,3.5208581781913173,LAW_29,0,3.5208581781913173,3.520858178191317,NONE,False,135.97407296221462,32,43.944784090917906,272
281.6686542553054,PARENT,LAW_29_L32_S910003,PLANNED,3.5208581781913173,LAW_29,8,3.5208581781913173,3.5208581781913173,NONE,False,98.68252212177528,32,22.27674671081883,400
281.6686542553054,PARENT,LAW_29_L32_S910003,SOURCE,3.5208581781913173,LAW_29,16,1.847580383046124,1.847580383046124,NONE,False,60.882835541754034,32,1.847580383046124,528
281.6686542553054,PARENT,LAW_29_L32_S910003,SOURCE,3.5208581781913173,LAW_29,24,0.9254452764046504,0.9254452764046504,NONE,False,45.900455469930684,32,0.9254452764046504,656
281.6686542553054,PARENT,LAW_29_L32_S910003,SOURCE,3.5208581781913173,LAW_29,32,0.8120023416947191,0.8120023416947191,NONE,False,33.592363693545074,32,0.8120023416947191,784
281.6686542553054,PARENT,LAW_29_L32_S910003,SOURCE,3.5208581781913173,LAW_29,40,0.8118928596037526,0.8118928596037526,NONE,False,24.106132584336653,32,0.8118928596037526,912
281.6686542553054,PARENT,LAW_29_L32_S910003,SOURCE,3.5208581781913173,LAW_29,48,0.8533073901127687,0.8533073901127687,NONE,False,15.893521793861222,32,0.8533073901127687,1040
281.6686542553054,PARENT,LAW_29_L32_S910003,SOURCE,3.5208581781913173,LAW_29,56,1.0668693436313905,1.0668693436313905,NONE,False,10.157462727675357,32,1.0668693436313905,1168
281.6686542553054,PARENT,LAW_29_L32_S910003,SOURCE,3.5208581781913173,LAW_29,64,1.253919943051579,1.253919943051579,NONE,False,4.565799103996337,32,1.253919943051579,1296
281.6686542553054,PARENT,LAW_29_L32_S910003,NONE,3.5208581781913173,LAW_29,71,0.0,0.0,NO_SINK_CAPACITY,True,0.0,32,1.7752927898469388,1408
281.6686542553054,PARENT,LAW_29_L32_S910003,SINK,3.5208581781913173,LAW_29,72,0.9175247317951061,0.9175247317951061,NONE,False,0.9175247317951061,32,2.9435533677647734,1424
281.6686542553054,PARENT,LAW_29_L32_S910003,NONE,3.5208581781913173,LAW_29,74,0.0,0.0,NO_SINK_CAPACITY,True,0.0,32,3.4476905531475888,1456
281.6686542553054,PARENT,LAW_29_L32_S910003,NONE,3.5208581781913173,LAW_29,79,0.0,0.0,NO_SINK_CAPACITY,True,0.0,32,4.622023201915734,1536
281.6686542553054,PARENT,LAW_29_L32_S910003,SINK,3.5208581781913173,LAW_29,80,0.9187267371236952,0.9187267371236952,NONE,False,0.9187267371236952,32,5.604868982014848,1552
281.6686542553054,PARENT,LAW_29_L32_S910003,NONE,3.5208581781913173,LAW_29,83,0.0,0.0,NO_SINK_CAPACITY,True,0.0,32,6.68405718336356,1600
281.6686542553054,PARENT,LAW_29_L32_S910003,NONE,3.5208581781913173,LAW_29,84,0.0,0.0,NO_SINK_CAPACITY,True,0.0,32,7.513024947764386,1616
281.6686542553054,PARENT,LAW_29_L32_S910003,NONE,3.5208581781913173,LAW_29,85,0.0,0.0,NO_SINK_CAPACITY,True,0.0,32,8.261828097251453,1632
281.6686542553054,PARENT,LAW_29_L32_S910003,NONE,3.5208581781913173,LAW_29,87,0.0,0.0,NO_SINK_CAPACITY,True,0.0,32,9.200467802190358,1664
281.6686542553054,PARENT,LAW_29_L32_S910003,SINK,3.5208581781913173,LAW_29,88,0.45201610762335226,0.45201610762335226,NONE,False,0.45201610762335226,32,9.855351965809106,1680
281.6686542553054,PARENT,LAW_29_L32_S910003,NONE,3.5208581781913173,LAW_29,91,0.0,0.0,NO_SINK_CAPACITY,True,0.0,32,8.620758331136182,1728
281.6686542553054,PARENT,LAW_29_L32_S910003,NONE,3.5208581781913173,LAW_29,94,0.0,0.0,NO_SINK_CAPACITY,True,0.0,32,9.755809126018516,1776
281.6686542553054,PARENT,LAW_29_L32_S910003,NONE,3.5208581781913173,LAW_29,96,0.0,0.0,NO_SINK_CAPACITY,True,0.0,32,10.432338817540431,1808
281.6686542553054,PARENT,LAW_29_L32_S910003,NONE,3.5208581781913173,LAW_29,97,0.0,0.0,NO_SINK_CAPACITY,True,0.0,32,11.159622485257973,1824
281.6686542553054,PARENT,LAW_29_L32_S910003,NONE,3.5208581781913173,LAW_29,98,0.0,0.0,NO_SINK_CAPACITY,True,0.0,32,11.814961415793643,1840
281.6686542553054,PARENT,LAW_29_L32_S910003,NONE,3.5208581781913173,LAW_29,99,0.0,0.0,NO_SINK_CAPACITY,True,0.0,32,12.416121174358599,1856
281.6686542553054,PARENT,LAW_29_L32_S910003,NONE,3.5208581781913173,LAW_29,101,0.0,0.0,NO_SINK_CAPACITY,True,0.0,32,12.739914409533304,1888
281.6686542553054,PARENT,LAW_29_L32_S910003,NONE,3.5208581781913173,LAW_29,102,0.0,0.0,NO_SINK_CAPACITY,True,0.0,32,13.351564023720776,1904
281.6686542553054,PARENT,LAW_29_L32_S910003,NONE,3.5208581781913173,LAW_29,103,0.0,0.0,NO_SINK_CAPACITY,True,0.0,32,13.915591618246394,1920
281.6686542553054,PARENT,LAW_29_L32_S910003,NONE,3.5208581781913173,LAW_29,104,0.0,0.0,NO_SINK_CAPACITY,True,0.0,32,14.442418632776823,1936
281.6686542553054,PARENT,LAW_29_L32_S910003,NONE,3.5208581781913173,LAW_29,105,0.0,0.0,NO_SINK_CAPACITY,True,0.0,32,14.939847988040903,1952
281.6686542553054,PARENT,LAW_29_L32_S910003,NONE,3.5208581781913173,LAW_29,107,0.0,0.0,NO_SINK_CAPACITY,True,0.0,32,15.10698645330788,1984
281.6686542553054,PARENT,LAW_29_L32_S910003,NONE,3.5208581781913173,LAW_29,108,0.0,0.0,NO_SINK_CAPACITY,True,0.0,32,15.654371889683631,2000
281.6686542553054,PARENT,LAW_29_L32_S910003,NONE,3.5208581781913173,LAW_29,109,0.0,0.0,NO_SINK_CAPACITY,True,0.0,32,16.16246383062194,2016
281.6686542553054,PARENT,LAW_29_L32_S910003,NONE,3.5208581781913173,LAW_29,110,0.0,0.0,NO_SINK_CAPACITY,True,0.0,32,16.63973598583066,2032
281.6686542553054,PARENT,LAW_29_L32_S910003,NONE,3.5208581781913173,LAW_29,112,0.0,0.0,NO_SINK_CAPACITY,True,0.0,32,17.148913132291316,2064
281.6686542553054,PARENT,LAW_29_L32_S910003,NONE,3.5208581781913173,LAW_29,114,0.0,0.0,NO_SINK_CAPACITY,True,0.0,32,17.69163106149605,2096
281.6686542553054,PARENT,LAW_29_L32_S910003,NONE,3.5208581781913173,LAW_29,115,0.0,0.0,NO_SINK_CAPACITY,True,0.0,32,18.172733598922783,2112
281.6686542553054,PARENT,LAW_29_L32_S910003,NONE,3.5208581781913173,LAW_29,116,0.0,0.0,NO_SINK_CAPACITY,True,0.0,32,18.623776218249624,2128
281.6686542553054,PARENT,LAW_29_L32_S910003,NONE,3.5208581781913173,LAW_29,118,0.0,0.0,NO_SINK_CAPACITY,True,0.0,32,19.078685083442863,2160
281.6686542553054,PARENT,LAW_29_L32_S910003,NONE,3.5208581781913173,LAW_29,120,0.0,0.0,NO_SINK_CAPACITY,True,0.0,32,19.184199789576226,2192
281.6686542553054,PARENT,LAW_29_L32_S910003,NONE,3.5208581781913173,LAW_29,121,0.0,0.0,NO_SINK_CAPACITY,True,0.0,32,19.692366418145237,2208
281.6686542553054,PARENT,LAW_29_L32_S910003,NONE,3.5208581781913173,LAW_29,122,0.0,0.0,NO_SINK_CAPACITY,True,0.0,32,20.159055158286318,2224
281.6686542553054,PARENT,LAW_29_L32_S910003,NONE,3.5208581781913173,LAW_29,123,0.0,0.0,NO_SINK_CAPACITY,True,0.0,32,20.594144306110472,2240
281.6686542553054,PARENT,LAW_29_L32_S910003,NONE,3.5208581781913173,LAW_29,125,0.0,0.0,NO_SINK_CAPACITY,True,0.0,32,21.018051005126758,2272
281.6686542553054,PARENT,LAW_29_L32_S910003,NONE,3.5208581781913173,LAW_29,126,0.0,0.0,NO_SINK_CAPACITY,True,0.0,32,21.4505510057001,2288
281.6686542553054,PARENT,LAW_29_L32_S910003,NONE,3.5208581781913173,LAW_29,127,0.0,0.0,NO_SINK_CAPACITY,True,0.0,32,21.856898243377746,2304
281.6686542553054,PARENT,LAW_29_L32_S910003,NONE,3.5208581781913173,LAW_29,128,0.0,0.0,NO_SINK_CAPACITY,True,0.0,32,22.24244523820555,2320
281.6686542553054,PARENT,LAW_29_L32_S910003,NONE,3.5208581781913173,LAW_29,131,0.0,0.0,NO_SINK_CAPACITY,True,0.0,32,22.223358431455146,2368
281.6686542553054,PARENT,LAW_29_L32_S910003,NONE,3.5208581781913173,LAW_29,132,0.0,0.0,NO_SINK_CAPACITY,True,0.0,32,22.703531535919723,2384
281.6686542553054,PARENT,LAW_29_L32_S910003,NONE,3.5208581781913173,LAW_29,133,0.0,0.0,NO_SINK_CAPACITY,True,0.0,32,23.141938901639897,2400
281.6686542553054,PARENT,LAW_29_L32_S910003,NONE,3.5208581781913173,LAW_29,134,0.0,0.0,NO_SINK_CAPACITY,True,0.0,32,23.5490841193245,2416
281.6686542553054,PARENT,LAW_29_L32_S910003,NONE,3.5208581781913173,LAW_29,135,0.0,0.0,NO_SINK_CAPACITY,True,0.0,32,23.932414545150476,2432
281.6686542553054,PARENT,LAW_29_L32_S910003,NONE,3.5208581781913173,LAW_29,136,0.0,0.0,NO_SINK_CAPACITY,True,0.0,32,24.297179704545925,2448
281.6686542553054,PARENT,LAW_29_L32_S910003,NONE,3.5208581781913173,LAW_29,138,0.0,0.0,NO_SINK_CAPACITY,True,0.0,32,24.608456829328546,2480
281.6686542553054,PARENT,LAW_29_L32_S910003,NONE,3.5208581781913173,LAW_29,139,0.0,0.0,NO_SINK_CAPACITY,True,0.0,32,24.993013938007838,2496
281.6686542553054,PARENT,LAW_29_L32_S910003,NONE,3.5208581781913173,LAW_29,140,0.0,0.0,NO_SINK_CAPACITY,True,0.0,32,25.356095459856505,2512
281.6686542553054,PARENT,LAW_29_L32_S910003,NONE,3.5208581781913173,LAW_29,141,0.0,0.0,NO_SINK_CAPACITY,True,0.0,32,25.702243579657214,2528
281.6686542553054,PARENT,LAW_29_L32_S910003,NONE,3.5208581781913173,LAW_29,142,0.0,0.0,NO_SINK_CAPACITY,True,0.0,32,26.0348548797878,2544
281.6686542553054,PARENT,LAW_29_L32_S910003,NONE,3.5208581781913173,LAW_29,143,0.0,0.0,NO_SINK_CAPACITY,True,0.0,32,26.35642936146613,2560
281.6686542553054,PARENT,LAW_29_L32_S910003,SINK,3.5208581781913173,LAW_29,144,0.9016081099550339,0.9016081099550339,NONE,False,0.9016081099550339,32,26.66882533802874,2576
281.6686542553054,PARENT,LAW_29_L32_S910003,NONE,3.5208581781913173,LAW_29,146,0.0,0.0,NO_SINK_CAPACITY,True,0.0,32,26.22809844341978,2608
281.6686542553054,PARENT,LAW_29_L32_S910003,NONE,3.5208581781913173,LAW_29,147,0.0,0.0,NO_SINK_CAPACITY,True,0.0,32,26.653086249590963,2624
281.6686542553054,PARENT,LAW_29_L32_S910003,NONE,3.5208581781913173,LAW_29,149,0.0,0.0,NO_SINK_CAPACITY,True,0.0,32,27.030106555354973,2656
281.6686542553054,PARENT,LAW_29_L32_S910003,NONE,3.5208581781913173,LAW_29,150,0.0,0.0,NO_SINK_CAPACITY,True,0.0,32,27.429099995068288,2672
281.6686542553054,PARENT,LAW_29_L32_S910003,NONE,3.5208581781913173,LAW_29,151,0.0,0.0,NO_SINK_CAPACITY,True,0.0,32,27.798095180448293,2688
281.6686542553054,PARENT,LAW_29_L32_S910003,NONE,3.5208581781913173,LAW_29,152,0.0,0.0,NO_SINK_CAPACITY,True,0.0,32,28.144403166854655,2704
281.6686542553054,PARENT,LAW_29_L32_S910003,NONE,3.5208581781913173,LAW_29,153,0.0,0.0,NO_SINK_CAPACITY,True,0.0,32,28.47322523012928,2720
281.6686542553054,PARENT,LAW_29_L32_S910003,NONE,3.5208581781913173,LAW_29,154,0.0,0.0,NO_SINK_CAPACITY,True,0.0,32,28.788265441894467,2736
281.6686542553054,PARENT,LAW_29_L32_S910003,NONE,3.5208581781913173,LAW_29,155,0.0,0.0,NO_SINK_CAPACITY,True,0.0,32,29.092200127681878,2752
281.6686542553054,PARENT,LAW_29_L32_S910003,NONE,3.5208581781913173,LAW_29,156,0.0,0.0,NO_SINK_CAPACITY,True,0.0,32,29.38699685520805,2768
281.6686542553054,PARENT,LAW_29_L32_S910003,NONE,3.5208581781913173,LAW_29,158,0.0,0.0,NO_SINK_CAPACITY,True,0.0,32,29.192100194345432,2800
281.6686542553054,PARENT,LAW_29_L32_S910003,NONE,3.5208581781913173,LAW_29,159,0.0,0.0,NO_SINK_CAPACITY,True,0.0,32,29.5732006950305,2816
281.6686542553054,PARENT,LAW_29_L32_S910003,NONE,3.5208581781913173,LAW_29,160,0.0,0.0,NO_SINK_CAPACITY,True,0.0,32,29.92525176531203,2832
281.6686542553054,PARENT,LAW_29_L32_S910003,NONE,3.5208581781913173,LAW_29,161,0.0,0.0,NO_SINK_CAPACITY,True,0.0,32,30.2551549454107,2848
281.6686542553054,PARENT,LAW_29_L32_S910003,NONE,3.5208581781913173,LAW_29,162,0.0,0.0,NO_SINK_CAPACITY,True,0.0,32,30.567963443576733,2864
281.6686542553054,PARENT,LAW_29_L32_S910003,NONE,3.5208581781913173,LAW_29,163,0.0,0.0,NO_SINK_CAPACITY,True,0.0,32,30.86731472529368,2880
281.6686542553054,PARENT,LAW_29_L32_S910003,NONE,3.5208581781913173,LAW_29,164,0.0,0.0,NO_SINK_CAPACITY,True,0.0,32,31.155853480089053,2896
281.6686542553054,PARENT,LAW_29_L32_S910003,NONE,3.5208581781913173,LAW_29,165,0.0,0.0,NO_SINK_CAPACITY,True,0.0,32,31.43553285779275,2912
281.6686542553054,PARENT,LAW_29_L32_S910003,NONE,3.5208581781913173,LAW_29,166,0.0,0.0,NO_SINK_CAPACITY,True,0.0,32,31.70781630034106,2928
281.6686542553054,PARENT,LAW_29_L32_S910003,NONE,3.5208581781913173,LAW_29,167,0.0,0.0,NO_SINK_CAPACITY,True,0.0,32,31.973815874971713,2944
281.6686542553054,PARENT,LAW_29_L32_S910003,NONE,3.5208581781913173,LAW_29,168,0.0,0.0,NO_SINK_CAPACITY,True,0.0,32,32.234388752941705,2960
281.6686542553054,PARENT,LAW_29_L32_S910003,NONE,3.5208581781913173,LAW_29,169,0.0,0.0,NO_SINK_CAPACITY,True,0.0,32,32.49020479342517,2976
281.6686542553054,PARENT,LAW_29_L32_S910003,NONE,3.5208581781913173,LAW_29,170,0.0,0.0,NO_SINK_CAPACITY,True,0.0,32,32.74179477424232,2992
281.6686542553054,PARENT,LAW_29_L32_S910003,NONE,3.5208581781913173,LAW_29,171,0.0,0.0,NO_SINK_CAPACITY,True,0.0,32,32.98958490314558,3008
281.6686542553054,PARENT,LAW_29_L32_S910003,NONE,3.5208581781913173,LAW_29,173,0.0,0.0,NO_SINK_CAPACITY,True,0.0,32,32.71236689347435,3040
281.6686542553054,PARENT,LAW_29_L32_S910003,NONE,3.5208581781913173,LAW_29,174,0.0,0.0,NO_SINK_CAPACITY,True,0.0,32,33.056808547816544,3056
281.6686542553054,PARENT,LAW_29_L32_S910003,NONE,3.5208581781913173,LAW_29,175,0.0,0.0,NO_SINK_CAPACITY,True,0.0,32,33.37447299193554,3072
281.6686542553054,PARENT,LAW_29_L32_S910003,NONE,3.5208581781913173,LAW_29,176,0.0,0.0,NO_SINK_CAPACITY,True,0.0,32,33.67195483772501,3088
281.6686542553054,PARENT,LAW_29_L32_S910003,NONE,3.5208581781913173,LAW_29,179,0.0,0.0,NO_SINK_CAPACITY,True,0.0,32,33.08206352635705,3136
281.6686542553054,PARENT,LAW_29_L32_S910003,NONE,3.5208581781913173,LAW_29,180,0.0,0.0,NO_SINK_CAPACITY,True,0.0,32,33.49360427671598,3152
281.6686542553054,PARENT,LAW_29_L32_S910003,NONE,3.5208581781913173,LAW_29,181,0.0,0.0,NO_SINK_CAPACITY,True,0.0,32,33.86455699552444,3168
281.6686542553054,PARENT,LAW_29_L32_S910003,NONE,3.5208581781913173,LAW_29,182,0.0,0.0,NO_SINK_CAPACITY,True,0.0,32,34.20505274746145,3184
281.6686542553054,PARENT,LAW_29_L32_S910003,NONE,3.5208581781913173,LAW_29,183,0.0,0.0,NO_SINK_CAPACITY,True,0.0,32,34.52236015088242,3200
281.6686542553054,PARENT,LAW_29_L32_S910003,NONE,3.5208581781913173,LAW_29,184,0.0,0.0,NO_SINK_CAPACITY,True,0.0,32,34.82168439136983,3216
281.6686542553054,PARENT,LAW_29_L32_S910003,NONE,3.5208581781913173,LAW_29,185,0.0,0.0,NO_SINK_CAPACITY,True,0.0,32,35.106794414352166,3232
281.6686542553054,PARENT,LAW_29_L32_S910003,NONE,3.5208581781913173,LAW_29,186,0.0,0.0,NO_SINK_CAPACITY,True,0.0,32,35.38045769264694,3248
281.6686542553054,PARENT,LAW_29_L32_S910003,NONE,3.5208581781913173,LAW_29,187,0.0,0.0,NO_SINK_CAPACITY,True,0.0,32,35.644735721852754,3264
281.6686542553054,PARENT,LAW_29_L32_S910003,NONE,3.5208581781913173,LAW_29,188,0.0,0.0,NO_SINK_CAPACITY,True,0.0,32,35.901185921842306,3280
281.6686542553054,PARENT,LAW_29_L32_S910003,NONE,3.5208581781913173,LAW_29,189,0.0,0.0,NO_SINK_CAPACITY,True,0.0,32,36.151001424653735,3296
281.6686542553054,PARENT,LAW_29_L32_S910003,NONE,3.5208581781913173,LAW_29,190,0.0,0.0,NO_SINK_CAPACITY,True,0.0,32,36.39510845953522,3312
281.6686542553054,PARENT,LAW_29_L32_S910003,NONE,3.5208581781913173,LAW_29,191,0.0,0.0,NO_SINK_CAPACITY,True,0.0,32,36.634235546543614,3328
281.6686542553054,PARENT,LAW_29_L32_S910003,NONE,3.5208581781913173,LAW_29,192,0.0,0.0,NO_SINK_CAPACITY,True,0.0,32,36.86896303360799,3344
281.6686542553054,PARENT,LAW_29_L32_S910003,NONE,3.5208581781913173,LAW_29,193,0.0,0.0,NO_SINK_CAPACITY,True,0.0,32,37.09975898004683,3360
281.6686542553054,PARENT,LAW_29_L32_S910003,NONE,3.5208581781913173,LAW_29,194,0.0,0.0,NO_SINK_CAPACITY,True,0.0,32,37.32700552881279,3376
281.6686542553054,PARENT,LAW_29_L32_S910003,NONE,3.5208581781913173,LAW_29,195,0.0,0.0,NO_SINK_CAPACITY,True,0.0,32,37.55101830871552,3392
281.6686542553054,PARENT,LAW_29_L32_S910003,NONE,3.5208581781913173,LAW_29,196,0.0,0.0,NO_SINK_CAPACITY,True,0.0,32,37.772060802010266,3408
281.6686542553054,PARENT,LAW_29_L32_S910003,NONE,3.5208581781913173,LAW_29,198,0.0,0.0,NO_SINK_CAPACITY,True,0.0,32,37.44994153050146,3440
281.6686542553054,PARENT,LAW_29_L32_S910003,NONE,3.5208581781913173,LAW_29,199,0.0,0.0,NO_SINK_CAPACITY,True,0.0,32,37.77476643658927,3456
281.6686542553054,PARENT,LAW_29_L32_S910003,NONE,3.5208581781913173,LAW_29,200,0.0,0.0,NO_SINK_CAPACITY,True,0.0,32,38.0719810314001,3472
281.6686542553054,PARENT,LAW_29_L32_S910003,NONE,3.5208581781913173,LAW_29,201,0.0,0.0,NO_SINK_CAPACITY,True,0.0,32,38.34825309642965,3488
281.6686542553054,PARENT,LAW_29_L32_S910003,NONE,3.5208581781913173,LAW_29,202,0.0,0.0,NO_SINK_CAPACITY,True,0.0,32,38.60857454478205,3504
281.6686542553054,PARENT,LAW_29_L32_S910003,NONE,3.5208581781913173,LAW_29,204,0.0,0.0,NO_SINK_CAPACITY,True,0.0,32,38.71645587795133,3536
281.6686542553054,PARENT,LAW_29_L32_S910003,NONE,3.5208581781913173,LAW_29,205,0.0,0.0,NO_SINK_CAPACITY,True,0.0,32,39.00266163697516,3552
281.6686542553054,PARENT,LAW_29_L32_S910003,NONE,3.5208581781913173,LAW_29,206,0.0,0.0,NO_SINK_CAPACITY,True,0.0,32,39.269953909668416,3568
281.6686542553054,PARENT,LAW_29_L32_S910003,NONE,3.5208581781913173,LAW_29,207,0.0,0.0,NO_SINK_CAPACITY,True,0.0,32,39.52262055435537,3584
281.6686542553054,PARENT,LAW_29_L32_S910003,NONE,3.5208581781913173,LAW_29,208,0.0,0.0,NO_SINK_CAPACITY,True,0.0,32,39.76385304479157,3600
281.6686542553054,PARENT,LAW_29_L32_S910003,NONE,3.5208581781913173,LAW_29,209,0.0,0.0,NO_SINK_CAPACITY,True,0.0,32,39.99599151161765,3616
281.6686542553054,PARENT,LAW_29_L32_S910003,NONE,3.5208581781913173,LAW_29,210,0.0,0.0,NO_SINK_CAPACITY,True,0.0,32,40.2207649250928,3632
281.6686542553054,PARENT,LAW_29_L32_S910003,NONE,3.5208581781913173,LAW_29,212,0.0,0.0,NO_SINK_CAPACITY,True,0.0,32,40.2721509232116,3664
281.6686542553054,PARENT,LAW_29_L32_S910003,NONE,3.5208581781913173,LAW_29,213,0.0,0.0,NO_SINK_CAPACITY,True,0.0,32,40.535826194585105,3680
281.6686542553054,PARENT,LAW_29_L32_S910003,NONE,3.5208581781913173,LAW_29,214,0.0,0.0,NO_SINK_CAPACITY,True,0.0,32,40.78386329698988,3696
281.6686542553054,PARENT,LAW_29_L32_S910003,NONE,3.5208581781913173,LAW_29,215,0.0,0.0,NO_SINK_CAPACITY,True,0.0,32,41.01973191609666,3712
281.6686542553054,PARENT,LAW_29_L32_S910003,NONE,3.5208581781913173,LAW_29,216,0.0,0.0,NO_SINK_CAPACITY,True,0.0,32,41.24603684770822,3728
281.6686542553054,PARENT,LAW_29_L32_S910003,NONE,3.5208581781913173,LAW_29,217,0.0,0.0,NO_SINK_CAPACITY,True,0.0,32,41.46469048831236,3744
281.6686542553054,PARENT,LAW_29_L32_S910003,NONE,3.5208581781913173,LAW_29,218,0.0,0.0,NO_SINK_CAPACITY,True,0.0,32,41.677107146320886,3760
281.6686542553054,PARENT,LAW_29_L32_S910003,NONE,3.5208581781913173,LAW_29,219,0.0,0.0,NO_SINK_CAPACITY,True,0.0,32,41.88434801671658,3776
281.6686542553054,PARENT,LAW_29_L32_S910003,NONE,3.5208581781913173,LAW_29,220,0.0,0.0,NO_SINK_CAPACITY,True,0.0,32,42.08722041691678,3792
281.6686542553054,PARENT,LAW_29_L32_S910003,NONE,3.5208581781913173,LAW_29,221,0.0,0.0,NO_SINK_CAPACITY,True,0.0,32,42.286346529639005,3808
281.6686542553054,PARENT,LAW_29_L32_S910003,NONE,3.5208581781913173,LAW_29,222,0.0,0.0,NO_SINK_CAPACITY,True,0.0,32,42.48221204962034,3824
281.6686542553054,PARENT,LAW_29_L32_S910003,NONE,3.5208581781913173,LAW_29,224,0.0,0.0,NO_SINK_CAPACITY,True,0.0,32,42.486537457161,3856
281.6686542553054,PARENT,LAW_29_L32_S910003,NONE,3.5208581781913173,LAW_29,225,0.0,0.0,NO_SINK_CAPACITY,True,0.0,32,42.729683014828304,3872
281.6686542553054,PARENT,LAW_29_L32_S910003,NONE,3.5208581781913173,LAW_29,226,0.0,0.0,NO_SINK_CAPACITY,True,0.0,32,42.95834843029376,3888
281.6686542553054,PARENT,LAW_29_L32_S910003,NONE,3.5208581781913173,LAW_29,228,0.0,0.0,NO_SINK_CAPACITY,True,0.0,32,42.21576866570163,3920
281.6686542553054,PARENT,LAW_29_L32_S910003,NONE,3.5208581781913173,LAW_29,229,0.0,0.0,NO_SINK_CAPACITY,True,0.0,32,42.560377973193944,3936
281.6686542553054,PARENT,LAW_29_L32_S910003,NONE,3.5208581781913173,LAW_29,230,0.0,0.0,NO_SINK_CAPACITY,True,0.0,32,42.86837187641484,3952
281.6686542553054,PARENT,LAW_29_L32_S910003,NONE,3.5208581781913173,LAW_29,231,0.0,0.0,NO_SINK_CAPACITY,True,0.0,32,42.595559737622565,3968
281.6686542553054,PARENT,LAW_29_L32_S910003,NONE,3.5208581781913173,LAW_29,232,0.0,0.0,NO_SINK_CAPACITY,True,0.0,32,42.85032922158602,3984
281.6686542553054,PARENT,LAW_29_L32_S910003,NONE,3.5208581781913173,LAW_29,233,0.0,0.0,NO_SINK_CAPACITY,True,0.0,32,43.092380426736476,4000
281.6686542553054,PARENT,LAW_29_L32_S910003,NONE,3.5208581781913173,LAW_29,234,0.0,0.0,NO_SINK_CAPACITY,True,0.0,32,43.32399223150804,4016
281.6686542553054,PARENT,LAW_29_L32_S910003,NONE,3.5208581781913173,LAW_29,235,0.0,0.0,NO_SINK_CAPACITY,True,0.0,32,43.54692376331302,4032
281.6686542553054,PARENT,LAW_29_L32_S910003,NONE,3.5208581781913173,LAW_29,236,0.0,0.0,NO_SINK_CAPACITY,True,0.0,32,43.76255625631098,4048
281.6686542553054,PARENT,LAW_29_L32_S910003,NONE,3.5208581781913173,LAW_29,237,0.0,0.0,NO_SINK_CAPACITY,True,0.0,32,43.97198501371266,4064
281.6686542553054,PARENT,LAW_29_L32_S910003,NONE,3.5208581781913173,LAW_29,238,0.0,0.0,NO_SINK_CAPACITY,True,0.0,32,44.72302507747187,4080
281.6686542553054,PARENT,LAW_29_L32_S910003,NONE,3.5208581781913173,LAW_29,239,0.0,0.0,NO_SINK_CAPACITY,True,0.0,32,44.91927006946453,4096
281.6686542553054,PARENT,LAW_29_L32_S910003,NONE,3.5208581781913173,LAW_29,240,0.0,0.0,NO_SINK_CAPACITY,True,0.0,32,45.11151872576855,4112
281.6686542553054,PARENT,LAW_29_L32_S910003,NONE,3.5208581781913173,LAW_29,241,0.0,0.0,NO_SINK_CAPACITY,True,0.0,32,45.30027944284935,4128
281.6686542553054,PARENT,LAW_29_L32_S910003,NONE,3.5208581781913173,LAW_29,242,0.0,0.0,NO_SINK_CAPACITY,True,0.0,32,45.485957872159105,4144
281.6686542553054,PARENT,LAW_29_L32_S910003,NONE,3.5208581781913173,LAW_29,243,0.0,0.0,NO_SINK_CAPACITY,True,0.0,32,45.66888170381616,4160
281.6686542553054,PARENT,LAW_29_L32_S910003,NONE,3.5208581781913173,LAW_29,244,0.0,0.0,NO_SINK_CAPACITY,True,0.0,32,45.84931884927151,4176
281.6686542553054,PARENT,LAW_29_L32_S910003,NONE,3.5208581781913173,LAW_29,245,0.0,0.0,NO_SINK_CAPACITY,True,0.0,32,46.027490851332864,4192
281.6686542553054,PARENT,LAW_29_L32_S910003,NONE,3.5208581781913173,LAW_29,246,0.0,0.0,NO_SINK_CAPACITY,True,0.0,32,46.20358276760128,4208
281.6686542553054,PARENT,LAW_29_L32_S910003,NONE,3.5208581781913173,LAW_29,247,0.0,0.0,NO_SINK_CAPACITY,True,0.0,32,46.37775074905048,4224
281.6686542553054,PARENT,LAW_29_L32_S910003,NONE,3.5208581781913173,LAW_29,248,0.0,0.0,NO_SINK_CAPACITY,True,0.0,32,46.55012787751322,4240
281.6686542553054,PARENT,LAW_29_L32_S910003,NONE,3.5208581781913173,LAW_29,249,0.0,0.0,NO_SINK_CAPACITY,True,0.0,32,46.72082858852652,4256
281.6686542553054,PARENT,LAW_29_L32_S910003,NONE,3.5208581781913173,LAW_29,250,0.0,0.0,NO_SINK_CAPACITY,True,0.0,32,46.88995201903885,4272
281.6686542553054,PARENT,LAW_29_L32_S910003,NONE,3.5208581781913173,LAW_29,252,0.0,0.0,NO_SINK_CAPACITY,True,0.0,32,46.84619460132979,4304
281.6686542553054,PARENT,LAW_29_L32_S910003,NONE,3.5208581781913173,LAW_29,253,0.0,0.0,NO_SINK_CAPACITY,True,0.0,32,47.066931444467535,4320
281.6686542553054,PARENT,LAW_29_L32_S910003,NONE,3.5208581781913173,LAW_29,254,0.0,0.0,NO_SINK_CAPACITY,True,0.0,32,47.2736263857879,4336
281.6686542553054,PARENT,LAW_29_L32_S910003,NONE,3.5208581781913173,LAW_29,255,0.0,0.0,NO_SINK_CAPACITY,True,0.0,32,47.46974006568058,4352
281.6686542553054,PARENT,LAW_29_L32_S910003,NONE,3.5208581781913173,LAW_29,256,0.0,0.0,NO_SINK_CAPACITY,True,0.0,32,47.657779855662,4368
281.6686542553054,PARENT,LAW_29_L32_S910003,NONE,3.5208581781913173,LAW_29,257,0.0,0.0,NO_SINK_CAPACITY,True,0.0,32,47.83953348351256,4384
281.6686542553054,PARENT,LAW_29_L32_S910003,NONE,3.5208581781913173,LAW_29,258,0.0,0.0,NO_SINK_CAPACITY,True,0.0,32,48.01628734201158,4400
281.6686542553054,PARENT,LAW_29_L32_S910003,NONE,3.5208581781913173,LAW_29,259,0.0,0.0,NO_SINK_CAPACITY,True,0.0,32,48.18898183564443,4416
281.6686542553054,PARENT,LAW_29_L32_S910003,NONE,3.5208581781913173,LAW_29,260,0.0,0.0,NO_SINK_CAPACITY,True,0.0,32,48.35831535326688,4432
281.6686542553054,PARENT,LAW_29_L32_S910003,NONE,3.5208581781913173,LAW_29,261,0.0,0.0,NO_SINK_CAPACITY,True,0.0,32,48.52481431490799,4448
281.6686542553054,PARENT,LAW_29_L32_S910003,NONE,3.5208581781913173,LAW_29,262,0.0,0.0,NO_SINK_CAPACITY,True,0.0,32,48.68888107727285,4464
281.6686542553054,PARENT,LAW_29_L32_S910003,NONE,3.5208581781913173,LAW_29,263,0.0,0.0,NO_SINK_CAPACITY,True,0.0,32,48.850827125446045,4480
281.6686542553054,PARENT,LAW_29_L32_S910003,NONE,3.5208581781913173,LAW_29,264,0.0,0.0,NO_SINK_CAPACITY,True,0.0,32,49.01089653616629,4496
281.6686542553054,PARENT,LAW_29_L32_S910003,NONE,3.5208581781913173,LAW_29,265,0.0,0.0,NO_SINK_CAPACITY,True,0.0,32,49.169282830612715,4512
281.6686542553054,PARENT,LAW_29_L32_S910003,NONE,3.5208581781913173,LAW_29,267,0.0,0.0,NO_SINK_CAPACITY,True,0.0,32,49.10431439603815,4544
281.6686542553054,PARENT,LAW_29_L32_S910003,NONE,3.5208581781913173,LAW_29,268,0.0,0.0,NO_SINK_CAPACITY,True,0.0,32,49.314305603347684,4560
281.6686542553054,PARENT,LAW_29_L32_S910003,NONE,3.5208581781913173,LAW_29,269,0.0,0.0,NO_SINK_CAPACITY,True,0.0,32,49.51027200955541,4576
281.6686542553054,PARENT,LAW_29_L32_S910003,NONE,3.5208581781913173,LAW_29,270,0.0,0.0,NO_SINK_CAPACITY,True,0.0,32,49.695737579029945,4592
281.6686542553054,PARENT,LAW_29_L32_S910003,NONE,3.5208581781913173,LAW_29,271,0.0,0.0,NO_SINK_CAPACITY,True,0.0,32,49.87324326488192,4608
281.6686542553054,PARENT,LAW_29_L32_S910003,NONE,3.5208581781913173,LAW_29,272,0.0,0.0,NO_SINK_CAPACITY,True,0.0,32,50.044593184735085,4624
281.6686542553054,PARENT,LAW_29_L32_S910003,NONE,3.5208581781913173,LAW_29,273,0.0,0.0,NO_SINK_CAPACITY,True,0.0,32,50.21108031138367,4640
281.6686542553054,PARENT,LAW_29_L32_S910003,NONE,3.5208581781913173,LAW_29,274,0.0,0.0,NO_SINK_CAPACITY,True,0.0,32,50.37364642667272,4656
281.6686542553054,PARENT,LAW_29_L32_S910003,NONE,3.5208581781913173,LAW_29,275,0.0,0.0,NO_SINK_CAPACITY,True,0.0,32,50.532988304939884,4672
281.6686542553054,PARENT,LAW_29_L32_S910003,NONE,3.5208581781913173,LAW_29,276,0.0,0.0,NO_SINK_CAPACITY,True,0.0,32,50.689628927140795,4688
281.6686542553054,PARENT,LAW_29_L32_S910003,NONE,3.5208581781913173,LAW_29,277,0.0,0.0,NO_SINK_CAPACITY,True,0.0,32,50.84396622867273,4704
281.6686542553054,PARENT,LAW_29_L32_S910003,NONE,3.5208581781913173,LAW_29,278,0.0,0.0,NO_SINK_CAPACITY,True,0.0,32,50.99630683590296,4720
281.6686542553054,PARENT,LAW_29_L32_S910003,NONE,3.5208581781913173,LAW_29,279,0.0,0.0,NO_SINK_CAPACITY,True,0.0,32,51.14688982513492,4736
281.6686542553054,PARENT,LAW_29_L32_S910003,NONE,3.5208581781913173,LAW_29,280,0.0,0.0,NO_SINK_CAPACITY,True,0.0,32,51.295903770859326,4752
281.6686542553054,PARENT,LAW_29_L32_S910003,NONE,3.5208581781913173,LAW_29,281,0.0,0.0,NO_SINK_CAPACITY,True,0.0,32,51.44349915422078,4768
281.6686542553054,PARENT,LAW_29_L32_S910003,NONE,3.5208581781913173,LAW_29,282,0.0,0.0,NO_SINK_CAPACITY,True,0.0,32,51.589797402307745,4784
281.6686542553054,PARENT,LAW_29_L32_S910003,NONE,3.5208581781913173,LAW_29,283,0.0,0.0,NO_SINK_CAPACITY,True,0.0,32,51.734897645400316,4800
281.6686542553054,PARENT,LAW_29_L32_S910003,NONE,3.5208581781913173,LAW_29,284,0.0,0.0,NO_SINK_CAPACITY,True,0.0,32,51.878881672139975,4816
281.6686542553054,PARENT,LAW_29_L32_S910003,NONE,3.5208581781913173,LAW_29,285,0.0,0.0,NO_SINK_CAPACITY,True,0.0,32,52.02181772812315,4832
281.6686542553054,PARENT,LAW_29_L32_S910003,NONE,3.5208581781913173,LAW_29,286,0.0,0.0,NO_SINK_CAPACITY,True,0.0,32,52.163763411703954,4848
281.6686542553054,PARENT,LAW_29_L32_S910003,SINK,3.5208581781913173,LAW_29,288,0.4502961779864355,0.4502961779864355,NONE,False,0.4502961779864355,32,52.06935172043133,4880
281.6686542553054,PARENT,LAW_29_L32_S910003,NONE,3.5208581781913173,LAW_29,289,0.0,0.0,NO_SINK_CAPACITY,True,0.0,32,51.880230884160355,4896
281.6686542553054,PARENT,LAW_29_L32_S910003,NONE,3.5208581781913173,LAW_29,290,0.0,0.0,NO_SINK_CAPACITY,True,0.0,32,52.11334194940409,4912
281.6686542553054,PARENT,LAW_29_L32_S910003,NONE,3.5208581781913173,LAW_29,291,0.0,0.0,NO_SINK_CAPACITY,True,0.0,32,52.32507414705041,4928
281.6686542553054,PARENT,LAW_29_L32_S910003,NONE,3.5208581781913173,LAW_29,292,0.0,0.0,NO_SINK_CAPACITY,True,0.0,32,52.52073207659841,4944
281.6686542553054,PARENT,LAW_29_L32_S910003,NONE,3.5208581781913173,LAW_29,293,0.0,0.0,NO_SINK_CAPACITY,True,0.0,32,52.704187961154936,4960
281.6686542553054,PARENT,LAW_29_L32_S910003,NONE,3.5208581781913173,LAW_29,294,0.0,0.0,NO_SINK_CAPACITY,True,0.0,32,52.878238119701315,4976
281.6686542553054,PARENT,LAW_29_L32_S910003,NONE,3.5208581781913173,LAW_29,295,0.0,0.0,NO_SINK_CAPACITY,True,0.0,32,53.04491953289376,4992
281.6686542553054,PARENT,LAW_29_L32_S910003,NONE,3.5208581781913173,LAW_29,296,0.0,0.0,NO_SINK_CAPACITY,True,0.0,32,53.2057349235689,5008
281.6686542553054,PARENT,LAW_29_L32_S910003,NONE,3.5208581781913173,LAW_29,297,0.0,0.0,NO_SINK_CAPACITY,True,0.0,32,53.36180759480766,5024
281.6686542553054,PARENT,LAW_29_L32_S910003,NONE,3.5208581781913173,LAW_29,298,0.0,0.0,NO_SINK_CAPACITY,True,0.0,32,53.51398764661307,5040
281.6686542553054,PARENT,LAW_29_L32_S910003,NONE,3.5208581781913173,LAW_29,299,0.0,0.0,NO_SINK_CAPACITY,True,0.0,32,53.66292559051548,5056
281.6686542553054,PARENT,LAW_29_L32_S910003,NONE,3.5208581781913173,LAW_29,300,0.0,0.0,NO_SINK_CAPACITY,True,0.0,32,53.8091242352635,5072
281.6686542553054,PARENT,LAW_29_L32_S910003,NONE,3.5208581781913173,LAW_29,302,0.0,0.0,NO_SINK_CAPACITY,True,0.0,32,53.71803414773457,5104
281.6686542553054,PARENT,LAW_29_L32_S910003,NONE,3.5208581781913173,LAW_29,303,0.0,0.0,NO_SINK_CAPACITY,True,0.0,32,53.91401673350179,5120
281.6686542553054,PARENT,LAW_29_L32_S910003,NONE,3.5208581781913173,LAW_29,304,0.0,0.0,NO_SINK_CAPACITY,True,0.0,32,54.09545394656346,5136
281.6686542553054,PARENT,LAW_29_L32_S910003,NONE,3.5208581781913173,LAW_29,305,0.0,0.0,NO_SINK_CAPACITY,True,0.0,32,54.26604164056523,5152
281.6686542553054,PARENT,LAW_29_L32_S910003,NONE,3.5208581781913173,LAW_29,306,0.0,0.0,NO_SINK_CAPACITY,True,0.0,32,54.428429908367434,5168
281.6686542553054,PARENT,LAW_29_L32_S910003,NONE,3.5208581781913173,LAW_29,307,0.0,0.0,NO_SINK_CAPACITY,True,0.0,32,54.58449501599831,5184
281.6686542553054,PARENT,LAW_29_L32_S910003,NONE,3.5208581781913173,LAW_29,308,0.0,0.0,NO_SINK_CAPACITY,True,0.0,32,54.73558111486295,5200
281.6686542553054,PARENT,LAW_29_L32_S910003,NONE,3.5208581781913173,LAW_29,309,0.0,0.0,NO_SINK_CAPACITY,True,0.0,32,54.88266837432507,5216
281.6686542553054,PARENT,LAW_29_L32_S910003,NONE,3.5208581781913173,LAW_29,310,0.0,0.0,NO_SINK_CAPACITY,True,0.0,32,55.026483167497524,5232
281.6686542553054,PARENT,LAW_29_L32_S910003,NONE,3.5208581781913173,LAW_29,311,0.0,0.0,NO_SINK_CAPACITY,True,0.0,32,55.16757202716838,5248
281.6686542553054,PARENT,LAW_29_L32_S910003,NONE,3.5208581781913173,LAW_29,312,0.0,0.0,NO_SINK_CAPACITY,True,0.0,32,55.3063521400147,5264
281.6686542553054,PARENT,LAW_29_L32_S910003,NONE,3.5208581781913173,LAW_29,313,0.0,0.0,NO_SINK_CAPACITY,True,0.0,32,55.44314595970332,5280
281.6686542553054,PARENT,LAW_29_L32_S910003,NONE,3.5208581781913173,LAW_29,314,0.0,0.0,NO_SINK_CAPACITY,True,0.0,32,55.57820558802712,5296
281.6686542553054,PARENT,LAW_29_L32_S910003,NONE,3.5208581781913173,LAW_29,315,0.0,0.0,NO_SINK_CAPACITY,True,0.0,32,55.71173036263469,5312
281.6686542553054,PARENT,LAW_29_L32_S910003,NONE,3.5208581781913173,LAW_29,316,0.0,0.0,NO_SINK_CAPACITY,True,0.0,32,55.843879658226484,5328
281.6686542553054,PARENT,LAW_29_L32_S910003,NONE,3.5208581781913173,LAW_29,317,0.0,0.0,NO_SINK_CAPACITY,True,0.0,32,55.97478227301222,5344
281.6686542553054,PARENT,LAW_29_L32_S910003,NONE,3.5208581781913173,LAW_29,318,0.0,0.0,NO_SINK_CAPACITY,True,0.0,32,56.10454340925035,5360
281.6686542553054,PARENT,LAW_29_L32_S910003,NONE,3.5208581781913173,LAW_29,319,0.0,0.0,NO_SINK_CAPACITY,True,0.0,32,56.23324985936371,5376
281.6686542553054,SINK_FLOOR,LAW_29_L32_S910003,PLANNED,3.5208581781913173,LAW_29,0,3.5208581781913173,3.520858178191318,NONE,False,47.092321082931,32,43.944784090917906,272
281.6686542553054,SINK_FLOOR,LAW_29_L32_S910003,PLANNED,3.5208581781913173,LAW_29,8,3.5208581781913173,3.5208581781913173,NONE,False,17.73517419952113,32,22.275128913397477,400
281.6686542553054,SINK_FLOOR,LAW_29_L32_S910003,SINK,3.5208581781913173,LAW_29,16,0.32169261990585374,0.32169261990585374,NONE,False,0.32169261990585374,32,11.852972254155482,528
281.6686542553054,SINK_FLOOR,LAW_29_L32_S910003,SINK,3.5208581781913173,LAW_29,24,0.22756269817773978,0.22756269817773978,NONE,False,0.22756269817773978,32,16.069785182671858,656
281.6686542553054,SINK_FLOOR,LAW_29_L32_S910003,SINK,3.5208581781913173,LAW_29,32,0.1889182166791996,0.1889182166791996,NONE,False,0.1889182166791996,32,19.429652700758577,784
281.6686542553054,SINK_FLOOR,LAW_29_L32_S910003,SINK,3.5208581781913173,LAW_29,40,0.16509974024245777,0.16509974024245777,NONE,False,0.16509974024245777,32,22.356593220861534,912
281.6686542553054,SINK_FLOOR,LAW_29_L32_S910003,SINK,3.5208581781913173,LAW_29,48,0.14731636744178112,0.14731636744178112,NONE,False,0.14731636744178112,32,24.988360914293608,1040
281.6686542553054,SINK_FLOOR,LAW_29_L32_S910003,SINK,3.5208581781913173,LAW_29,56,0.13340723638973195,0.13340723638973195,NONE,False,0.13340723638973195,32,27.39233743850169,1168
281.6686542553054,SINK_FLOOR,LAW_29_L32_S910003,SINK,3.5208581781913173,LAW_29,64,0.1219789734403196,0.1219789734403196,NONE,False,0.1219789734403196,32,29.613157422976272,1296
281.6686542553054,SINK_FLOOR,LAW_29_L32_S910003,SINK,3.5208581781913173,LAW_29,72,0.11237968619006022,0.11237968619006022,NONE,False,0.11237968619006022,32,31.679535289940212,1424
281.6686542553054,SINK_FLOOR,LAW_29_L32_S910003,SINK,3.5208581781913173,LAW_29,80,0.10418069358886084,0.10418069358886084,NONE,False,0.10418069358886084,32,33.61354033171565,1552
281.6686542553054,SINK_FLOOR,LAW_29_L32_S910003,SINK,3.5208581781913173,LAW_29,88,0.09681900256891673,0.09681900256891673,NONE,False,0.09681900256891673,32,35.44078528344002,1680
281.6686542553054,SINK_FLOOR,LAW_29_L32_S910003,SINK,3.5208581781913173,LAW_29,96,0.09016982002308982,0.09016982002308982,NONE,False,0.09016982002308982,32,37.176099158160135,1808
281.6686542553054,SINK_FLOOR,LAW_29_L32_S910003,SINK,3.5208581781913173,LAW_29,104,0.08412471216843886,0.08412471216843886,NONE,False,0.08412471216843886,32,38.8283441628384,1936
281.6686542553054,SINK_FLOOR,LAW_29_L32_S910003,SINK,3.5208581781913173,LAW_29,112,0.0785963087995164,0.0785963087995164,NONE,False,0.0785963087995164,32,40.40659451425158,2064
281.6686542553054,SINK_FLOOR,LAW_29_L32_S910003,SINK,3.5208581781913173,LAW_29,120,0.07355593893534229,0.07355593893534229,NONE,False,0.07355593893534229,32,41.91821308938344,2192
281.6686542553054,SINK_FLOOR,LAW_29_L32_S910003,SINK,3.5208581781913173,LAW_29,128,0.06918966099775803,0.06918966099775803,NONE,False,0.06918966099775803,32,43.367993874908365,2320
281.6686542553054,SINK_FLOOR,LAW_29_L32_S910003,SINK,3.5208581781913173,LAW_29,136,0.0651034638803637,0.0651034638803637,NONE,False,0.0651034638803637,32,44.761242204494735,2448
281.6686542553054,SINK_FLOOR,LAW_29_L32_S910003,SINK,3.5208581781913173,LAW_29,144,0.06154767247876036,0.06154767247876036,NONE,False,0.06154767247876036,32,46.10204827462047,2576
281.6686542553054,SINK_FLOOR,LAW_29_L32_S910003,SINK,3.5208581781913173,LAW_29,152,0.05814774788673971,0.05814774788673971,NONE,False,0.05814774788673971,32,47.39456643376514,2704
281.6686542553054,SINK_FLOOR,LAW_29_L32_S910003,SINK,3.5208581781913173,LAW_29,160,0.05492288472769158,0.05492288472769158,NONE,False,0.05492288472769158,32,48.642657732342464,2832
281.6686542553054,SINK_FLOOR,LAW_29_L32_S910003,SINK,3.5208581781913173,LAW_29,168,0.05186815063273986,0.05186815063273986,NONE,False,0.05186815063273986,32,49.84949456331473,2960
281.6686542553054,SINK_FLOOR,LAW_29_L32_S910003,SINK,3.5208581781913173,LAW_29,176,0.04897473877587244,0.04897473877587244,NONE,False,0.04897473877587244,32,51.017880177262136,3088
281.6686542553054,SINK_FLOOR,LAW_29_L32_S910003,SINK,3.5208581781913173,LAW_29,184,0.046232975572887414,0.046232975572887414,NONE,False,0.046232975572887414,32,52.15016370636794,3216
281.6686542553054,SINK_FLOOR,LAW_29_L32_S910003,SINK,3.5208581781913173,LAW_29,192,0.043633279239233214,0.043633279239233214,NONE,False,0.043633279239233214,32,53.248444459886336,3344
281.6686542553054,SINK_FLOOR,LAW_29_L32_S910003,SINK,3.5208581781913173,LAW_29,200,0.04128885140417138,0.04128885140417138,NONE,False,0.04128885140417138,32,54.3145206859173,3472
281.6686542553054,SINK_FLOOR,LAW_29_L32_S910003,SINK,3.5208581781913173,LAW_29,208,0.03911090395020034,0.03911090395020034,NONE,False,0.03911090395020034,32,55.3495470812877,3600
281.6686542553054,SINK_FLOOR,LAW_29_L32_S910003,SINK,3.5208581781913173,LAW_29,216,0.03715616230715901,0.03715616230715901,NONE,False,0.03715616230715901,32,56.355155696107,3728
281.6686542553054,SINK_FLOOR,LAW_29_L32_S910003,SINK,3.5208581781913173,LAW_29,224,0.03529683488218993,0.03529683488218993,NONE,False,0.03529683488218993,32,57.332494005295764,3856
281.6686542553054,SINK_FLOOR,LAW_29_L32_S910003,SINK,3.5208581781913173,LAW_29,232,0.033497066498937134,0.033497066498937134,NONE,False,0.033497066498937134,32,58.28332645191887,3984
281.6686542553054,SINK_FLOOR,LAW_29_L32_S910003,SINK,3.5208581781913173,LAW_29,240,0.03176250515100443,0.03176250515100443,NONE,False,0.03176250515100443,32,59.207996085482186,4112
281.6686542553054,SINK_FLOOR,LAW_29_L32_S910003,SINK,3.5208581781913173,LAW_29,248,0.03009391417102736,0.03009391417102736,NONE,False,0.03009391417102736,32,60.10589262150358,4240
281.6686542553054,SINK_FLOOR,LAW_29_L32_S910003,SINK,3.5208581781913173,LAW_29,256,0.028490290425853382,0.028490290425853382,NONE,False,0.028490290425853382,32,60.978523817347046,4368
281.6686542553054,SINK_FLOOR,LAW_29_L32_S910003,SINK,3.5208581781913173,LAW_29,264,0.026949844262801337,0.026949844262801337,NONE,False,0.026949844262801337,32,61.827297436590776,4496
281.6686542553054,SINK_FLOOR,LAW_29_L32_S910003,SINK,3.5208581781913173,LAW_29,272,0.02547042113132636,0.02547042113132636,NONE,False,0.02547042113132636,32,62.65343666864132,4624
281.6686542553054,SINK_FLOOR,LAW_29_L32_S910003,SINK,3.5208581781913173,LAW_29,280,0.024100340018792688,0.024100340018792688,NONE,False,0.024100340018792688,32,63.45799848934033,4752
281.6686542553054,SINK_FLOOR,LAW_29_L32_S910003,SINK,3.5208581781913173,LAW_29,288,0.02285647606755481,0.02285647606755481,NONE,False,0.02285647606755481,32,64.24160076680647,4880
281.6686542553054,SINK_FLOOR,LAW_29_L32_S910003,SINK,3.5208581781913173,LAW_29,296,0.021643578522239193,0.021643578522239193,NONE,False,0.021643578522239193,32,65.0053919436654,5008
281.6686542553054,SINK_FLOOR,LAW_29_L32_S910003,SINK,3.5208581781913173,LAW_29,304,0.02058180593151826,0.02058180593151826,NONE,False,0.02058180593151826,32,65.1996068407178,5136
281.6686542553054,SINK_FLOOR,LAW_29_L32_S910003,SINK,3.5208581781913173,LAW_29,312,0.019534943854042974,0.019534943854042974,NONE,False,0.019534943854042974,32,65.92546162481194,5264
287.90137812063375,PARENT,LAW_29_L32_S910004,PLANNED,3.598767226507922,LAW_29,0,3.598767226507922,3.5987672265079214,NONE,False,135.621181044135,32,47.30533470522172,272
287.90137812063375,PARENT,LAW_29_L32_S910004,PLANNED,3.598767226507922,LAW_29,8,3.598767226507922,3.5987672265079222,NONE,False,95.59830911462979,32,24.893227809837686,400
287.90137812063375,PARENT,LAW_29_L32_S910004,PLANNED,3.598767226507922,LAW_29,16,3.598767226507922,3.5987672265079214,NONE,False,56.010746155566366,32,3.6980020135006777,528
287.90137812063375,PARENT,LAW_29_L32_S910004,SOURCE,3.598767226507922,LAW_29,24,0.9623520065895972,0.9623520065895972,NONE,False,39.391410858973565,32,0.9623520065895972,656
287.90137812063375,PARENT,LAW_29_L32_S910004,SOURCE,3.598767226507922,LAW_29,32,0.8792012055516957,0.8792012055516957,NONE,False,27.10690111378244,32,0.8792012055516957,784
287.90137812063375,PARENT,LAW_29_L32_S910004,SOURCE,3.598767226507922,LAW_29,40,0.9145328270410792,0.9145328270410792,NONE,False,17.336210661485573,32,0.9145328270410792,912
287.90137812063375,PARENT,LAW_29_L32_S910004,SOURCE,3.598767226507922,LAW_29,48,1.183270749112146,1.183270749112146,NONE,False,9.497170676721854,32,1.183270749112146,1040
287.90137812063375,PARENT,LAW_29_L32_S910004,SOURCE,3.598767226507922,LAW_29,56,1.3775319158272468,1.3775319158272468,NONE,False,3.5519463909118674,32,1.3775319158272468,1168
287.90137812063375,PARENT,LAW_29_L32_S910004,SINK,3.598767226507922,LAW_29,64,0.452789790882964,0.452789790882964,NONE,False,0.452789790882964,32,2.825561047209724,1296
287.90137812063375,PARENT,LAW_29_L32_S910004,NONE,3.598767226507922,LAW_29,65,0.0,0.0,NO_SINK_CAPACITY,True,0.0,32,3.6010227727003636,1312
287.90137812063375,PARENT,LAW_29_L32_S910004,NONE,3.598767226507922,LAW_29,69,0.0,0.0,NO_SINK_CAPACITY,True,0.0,32,5.203851659992546,1376
287.90137812063375,PARENT,LAW_29_L32_S910004,NONE,3.598767226507922,LAW_29,72,0.0,0.0,NO_SINK_CAPACITY,True,0.0,32,6.4038355918048495,1424
287.90137812063375,PARENT,LAW_29_L32_S910004,NONE,3.598767226507922,LAW_29,74,0.0,0.0,NO_SINK_CAPACITY,True,0.0,32,7.3559390624073195,1456
287.90137812063375,PARENT,LAW_29_L32_S910004,NONE,3.598767226507922,LAW_29,75,0.0,0.0,NO_SINK_CAPACITY,True,0.0,32,8.209616607339308,1472
287.90137812063375,PARENT,LAW_29_L32_S910004,NONE,3.598767226507922,LAW_29,79,0.0,0.0,NO_SINK_CAPACITY,True,0.0,32,9.99764108088108,1536
287.90137812063375,PARENT,LAW_29_L32_S910004,SINK,3.598767226507922,LAW_29,80,0.9025179821919788,0.9025179821919788,NONE,False,0.9025179821919788,32,10.72169058460597,1552
287.90137812063375,PARENT,LAW_29_L32_S910004,NONE,3.598767226507922,LAW_29,81,0.0,0.0,NO_SINK_CAPACITY,True,0.0,32,10.633494857074755,1568
287.90137812063375,PARENT,LAW_29_L32_S910004,NONE,3.598767226507922,LAW_29,82,0.0,0.0,NO_SINK_CAPACITY,True,0.0,32,11.367642471299707,1584
287.90137812063375,PARENT,LAW_29_L32_S910004,NONE,3.598767226507922,LAW_29,85,0.0,0.0,NO_SINK_CAPACITY,True,0.0,32,11.817604599350027,1632
287.90137812063375,PARENT,LAW_29_L32_S910004,NONE,3.598767226507922,LAW_29,86,0.0,0.0,NO_SINK_CAPACITY,True,0.0,32,12.549463197179161,1648
287.90137812063375,PARENT,LAW_29_L32_S910004,NONE,3.598767226507922,LAW_29,87,0.0,0.0,NO_SINK_CAPACITY,True,0.0,32,13.212450098687478,1664
287.90137812063375,PARENT,LAW_29_L32_S910004,NONE,3.598767226507922,LAW_29,88,0.0,0.0,NO_SINK_CAPACITY,True,0.0,32,13.822095648080763,1680
287.90137812063375,PARENT,LAW_29_L32_S910004,NONE,3.598767226507922,LAW_29,90,0.0,0.0,NO_SINK_CAPACITY,True,0.0,32,13.783670503125052,1712
287.90137812063375,PARENT,LAW_29_L32_S910004,NONE,3.598767226507922,LAW_29,91,0.0,0.0,NO_SINK_CAPACITY,True,0.0,32,14.457022609222989,1728
287.90137812063375,PARENT,LAW_29_L32_S910004,NONE,3.598767226507922,LAW_29,92,0.0,0.0,NO_SINK_CAPACITY,True,0.0,32,15.069897317667765,1744
287.90137812063375,PARENT,LAW_29_L32_S910004,NONE,3.598767226507922,LAW_29,93,0.0,0.0,NO_SINK_CAPACITY,True,0.0,32,15.636038354576504,1760
287.90137812063375,PARENT,LAW_29_L32_S910004,NONE,3.598767226507922,LAW_29,94,0.0,0.0,NO_SINK_CAPACITY,True,0.0,32,16.16579213799376,1776
287.90137812063375,PARENT,LAW_29_L32_S910004,SINK,3.598767226507922,LAW_29,96,0.9030894261084699,0.9030894261084699,NONE,False,0.9030894261084699,32,16.76391449102392,1808
287.90137812063375,PARENT,LAW_29_L32_S910004,NONE,3.598767226507922,LAW_29,97,0.0,0.0,NO_SINK_CAPACITY,True,0.0,32,16.515715157394236,1824
287.90137812063375,PARENT,LAW_29_L32_S910004,NONE,3.598767226507922,LAW_29,98,0.0,0.0,NO_SINK_CAPACITY,True,0.0,32,17.109591120245376,1840
287.90137812063375,PARENT,LAW_29_L32_S910004,NONE,3.598767226507922,LAW_29,100,0.0,0.0,NO_SINK_CAPACITY,True,0.0,32,17.78503482727313,1872
287.90137812063375,PARENT,LAW_29_L32_S910004,NONE,3.598767226507922,LAW_29,101,0.0,0.0,NO_SINK_CAPACITY,True,0.0,32,18.319965846816835,1888
287.90137812063375,PARENT,LAW_29_L32_S910004,NONE,3.598767226507922,LAW_29,102,0.0,0.0,NO_SINK_CAPACITY,True,0.0,32,18.81874283309369,1904
287.90137812063375,PARENT,LAW_29_L32_S910004,NONE,3.598767226507922,LAW_29,103,0.0,0.0,NO_SINK_CAPACITY,True,0.0,32,19.28908926715928,1920
287.90137812063375,PARENT,LAW_29_L32_S910004,SINK,3.598767226507922,LAW_29,104,0.9014909644985929,0.9014909644985929,NONE,False,0.9014909644985929,32,19.736708653283372,1936
287.90137812063375,PARENT,LAW_29_L32_S910004,NONE,3.598767226507922,LAW_29,106,0.0,0.0,NO_SINK_CAPACITY,True,0.0,32,19.173165106764216,1968
287.90137812063375,PARENT,LAW_29_L32_S910004,NONE,3.598767226507922,LAW_29,107,0.0,0.0,NO_SINK_CAPACITY,True,0.0,32,19.76149115319595,1984
287.90137812063375,PARENT,LAW_29_L32_S910004,NONE,3.598767226507922,LAW_29,109,0.0,0.0,NO_SINK_CAPACITY,True,0.0,32,20.403300676479756,2016
287.90137812063375,PARENT,LAW_29_L32_S910004,NONE,3.598767226507922,LAW_29,110,0.0,0.0,NO_SINK_CAPACITY,True,0.0,32,20.915584216333574,2032
287.90137812063375,PARENT,LAW_29_L32_S910004,NONE,3.598767226507922,LAW_29,111,0.0,0.0,NO_SINK_CAPACITY,True,0.0,32,21.389795175967308,2048
287.90137812063375,PARENT,LAW_29_L32_S910004,NONE,3.598767226507922,LAW_29,112,0.0,0.0,NO_SINK_CAPACITY,True,0.0,32,21.834689560636377,2064
287.90137812063375,PARENT,LAW_29_L32_S910004,NONE,3.598767226507922,LAW_29,113,0.0,0.0,NO_SINK_CAPACITY,True,0.0,32,22.256607912842274,2080
287.90137812063375,PARENT,LAW_29_L32_S910004,NONE,3.598767226507922,LAW_29,114,0.0,0.0,NO_SINK_CAPACITY,True,0.0,32,22.660144028286837,2096
287.90137812063375,PARENT,LAW_29_L32_S910004,NONE,3.598767226507922,LAW_29,115,0.0,0.0,NO_SINK_CAPACITY,True,0.0,32,23.04866934683602,2112
287.90137812063375,PARENT,LAW_29_L32_S910004,NONE,3.598767226507922,LAW_29,116,0.0,0.0,NO_SINK_CAPACITY,True,0.0,32,23.424696606856468,2128
287.90137812063375,PARENT,LAW_29_L32_S910004,NONE,3.598767226507922,LAW_29,117,0.0,0.0,NO_SINK_CAPACITY,True,0.0,32,23.79012748687736,2144
287.90137812063375,PARENT,LAW_29_L32_S910004,NONE,3.598767226507922,LAW_29,119,0.0,0.0,NO_SINK_CAPACITY,True,0.0,32,23.73200435698297,2176
287.90137812063375,PARENT,LAW_29_L32_S910004,NONE,3.598767226507922,LAW_29,120,0.0,0.0,NO_SINK_CAPACITY,True,0.0,32,24.18156151157799,2192
287.90137812063375,PARENT,LAW_29_L32_S910004,NONE,3.598767226507922,LAW_29,121,0.0,0.0,NO_SINK_CAPACITY,True,0.0,32,24.599834498851063,2208
287.90137812063375,PARENT,LAW_29_L32_S910004,NONE,3.598767226507922,LAW_29,124,0.0,0.0,NO_SINK_CAPACITY,True,0.0,32,24.6953035348436,2256
287.90137812063375,PARENT,LAW_29_L32_S910004,NONE,3.598767226507922,LAW_29,125,0.0,0.0,NO_SINK_CAPACITY,True,0.0,32,25.17786928378597,2272
287.90137812063375,PARENT,LAW_29_L32_S910004,NONE,3.598767226507922,LAW_29,127,0.0,0.0,NO_SINK_CAPACITY,True,0.0,32,25.653253481387654,2304
287.90137812063375,PARENT,LAW_29_L32_S910004,NONE,3.598767226507922,LAW_29,128,0.0,0.0,NO_SINK_CAPACITY,True,0.0,32,26.096318536271333,2320
287.90137812063375,PARENT,LAW_29_L32_S910004,NONE,3.598767226507922,LAW_29,129,0.0,0.0,NO_SINK_CAPACITY,True,0.0,32,26.507580177108935,2336
287.90137812063375,PARENT,LAW_29_L32_S910004,NONE,3.598767226507922,LAW_29,130,0.0,0.0,NO_SINK_CAPACITY,True,0.0,32,26.89439572968934,2352
287.90137812063375,PARENT,LAW_29_L32_S910004,NONE,3.598767226507922,LAW_29,131,0.0,0.0,NO_SINK_CAPACITY,True,0.0,32,27.262114325124543,2368
287.90137812063375,PARENT,LAW_29_L32_S910004,NONE,3.598767226507922,LAW_29,133,0.0,0.0,NO_SINK_CAPACITY,True,0.0,32,27.57630613193411,2400
287.90137812063375,PARENT,LAW_29_L32_S910004,NONE,3.598767226507922,LAW_29,135,0.0,0.0,NO_SINK_CAPACITY,True,0.0,32,27.944356011841027,2432
287.90137812063375,PARENT,LAW_29_L32_S910004,NONE,3.598767226507922,LAW_29,136,0.0,0.0,NO_SINK_CAPACITY,True,0.0,32,28.344515551219473,2448
287.90137812063375,PARENT,LAW_29_L32_S910004,NONE,3.598767226507922,LAW_29,137,0.0,0.0,NO_SINK_CAPACITY,True,0.0,32,28.71910182672978,2464
287.90137812063375,PARENT,LAW_29_L32_S910004,NONE,3.598767226507922,LAW_29,138,0.0,0.0,NO_SINK_CAPACITY,True,0.0,32,29.07386402065282,2480
287.90137812063375,PARENT,LAW_29_L32_S910004,NONE,3.598767226507922,LAW_29,139,0.0,0.0,NO_SINK_CAPACITY,True,0.0,32,29.413027335489115,2496
287.90137812063375,PARENT,LAW_29_L32_S910004,NONE,3.598767226507922,LAW_29,140,0.0,0.0,NO_SINK_CAPACITY,True,0.0,32,29.739671176843025,2512
287.90137812063375,PARENT,LAW_29_L32_S910004,NONE,3.598767226507922,LAW_29,141,0.0,0.0,NO_SINK_CAPACITY,True,0.0,32,30.056063049452387,2528
287.90137812063375,PARENT,LAW_29_L32_S910004,NONE,3.598767226507922,LAW_29,142,0.0,0.0,NO_SINK_CAPACITY,True,0.0,32,30.363896381546827,2544
287.90137812063375,PARENT,LAW_29_L32_S910004,NONE,3.598767226507922,LAW_29,143,0.0,0.0,NO_SINK_CAPACITY,True,0.0,32,30.66445412217022,2560
287.90137812063375,PARENT,LAW_29_L32_S910004,NONE,3.598767226507922,LAW_29,144,0.0,0.0,NO_SINK_CAPACITY,True,0.0,32,30.958722312327406,2576
287.90137812063375,PARENT,LAW_29_L32_S910004,NONE,3.598767226507922,LAW_29,145,0.0,0.0,NO_SINK_CAPACITY,True,0.0,32,31.247469824034887,2592
287.90137812063375,PARENT,LAW_29_L32_S910004,NONE,3.598767226507922,LAW_29,146,0.0,0.0,NO_SINK_CAPACITY,True,0.0,32,31.531304839440956,2608
287.90137812063375,PARENT,LAW_29_L32_S910004,NONE,3.598767226507922,LAW_29,147,0.0,0.0,NO_SINK_CAPACITY,True,0.0,32,31.810715314681282,2624
287.90137812063375,PARENT,LAW_29_L32_S910004,NONE,3.598767226507922,LAW_29,149,0.0,0.0,NO_SINK_CAPACITY,True,0.0,32,31.60514002634409,2656
287.90137812063375,PARENT,LAW_29_L32_S910004,NONE,3.598767226507922,LAW_29,150,0.0,0.0,NO_SINK_CAPACITY,True,0.0,32,31.987930319137245,2672
287.90137812063375,PARENT,LAW_29_L32_S910004,NONE,3.598767226507922,LAW_29,151,0.0,0.0,NO_SINK_CAPACITY,True,0.0,32,32.34100761764824,2688
287.90137812063375,PARENT,LAW_29_L32_S910004,NONE,3.598767226507922,LAW_29,152,0.0,0.0,NO_SINK_CAPACITY,True,0.0,32,32.67143426875396,2704
287.90137812063375,PARENT,LAW_29_L32_S910004,NONE,3.598767226507922,LAW_29,153,0.0,0.0,NO_SINK_CAPACITY,True,0.0,32,32.98457082396375,2720
287.90137812063375,PARENT,LAW_29_L32_S910004,NONE,3.598767226507922,LAW_29,157,0.0,0.0,NO_SINK_CAPACITY,True,0.0,32,32.073725045246036,2784
287.90137812063375,PARENT,LAW_29_L32_S910004,NONE,3.598767226507922,LAW_29,158,0.0,0.0,NO_SINK_CAPACITY,True,0.0,32,32.56609979517673,2800
287.90137812063375,PARENT,LAW_29_L32_S910004,NONE,3.598767226507922,LAW_29,159,0.0,0.0,NO_SINK_CAPACITY,True,0.0,32,33.00383912607121,2816
287.90137812063375,PARENT,LAW_29_L32_S910004,NONE,3.598767226507922,LAW_29,160,0.0,0.0,NO_SINK_CAPACITY,True,0.0,32,33.40090731157645,2832
287.90137812063375,PARENT,LAW_29_L32_S910004,NONE,3.598767226507922,LAW_29,161,0.0,0.0,NO_SINK_CAPACITY,True,0.0,32,33.767426384153175,2848
287.90137812063375,PARENT,LAW_29_L32_S910004,NONE,3.598767226507922,LAW_29,162,0.0,0.0,NO_SINK_CAPACITY,True,0.0,32,34.110603242535085,2864
287.90137812063375,PARENT,LAW_29_L32_S910004,NONE,3.598767226507922,LAW_29,163,0.0,0.0,NO_SINK_CAPACITY,True,0.0,32,34.435594736735986,2880
287.90137812063375,PARENT,LAW_29_L32_S910004,NONE,3.598767226507922,LAW_29,164,0.0,0.0,NO_SINK_CAPACITY,True,0.0,32,34.74613584093897,2896
287.90137812063375,PARENT,LAW_29_L32_S910004,NONE,3.598767226507922,LAW_29,165,0.0,0.0,NO_SINK_CAPACITY,True,0.0,32,35.044969877290995,2912
287.90137812063375,PARENT,LAW_29_L32_S910004,NONE,3.598767226507922,LAW_29,166,0.0,0.0,NO_SINK_CAPACITY,True,0.0,32,35.33414088950609,2928
287.90137812063375,PARENT,LAW_29_L32_S910004,NONE,3.598767226507922,LAW_29,167,0.0,0.0,NO_SINK_CAPACITY,True,0.0,32,35.615193858361415,2944
287.90137812063375,PARENT,LAW_29_L32_S910004,NONE,3.598767226507922,LAW_29,168,0.0,0.0,NO_SINK_CAPACITY,True,0.0,32,35.88931342400046,2960
287.90137812063375,PARENT,LAW_29_L32_S910004,NONE,3.598767226507922,LAW_29,169,0.0,0.0,NO_SINK_CAPACITY,True,0.0,32,36.157420904725555,2976
287.90137812063375,PARENT,LAW_29_L32_S910004,NONE,3.598767226507922,LAW_29,170,0.0,0.0,NO_SINK_CAPACITY,True,0.0,32,36.420242832110816,2992
287.90137812063375,PARENT,LAW_29_L32_S910004,NONE,3.598767226507922,LAW_29,171,0.0,0.0,NO_SINK_CAPACITY,True,0.0,32,36.67835995156306,3008
287.90137812063375,PARENT,LAW_29_L32_S910004,NONE,3.598767226507922,LAW_29,172,0.0,0.0,NO_SINK_CAPACITY,True,0.0,32,36.932242616477325,3024
287.90137812063375,PARENT,LAW_29_L32_S910004,NONE,3.598767226507922,LAW_29,173,0.0,0.0,NO_SINK_CAPACITY,True,0.0,32,37.1822767404228,3040
287.90137812063375,PARENT,LAW_29_L32_S910004,NONE,3.598767226507922,LAW_29,174,0.0,0.0,NO_SINK_CAPACITY,True,0.0,32,37.42878269401502,3056
287.90137812063375,PARENT,LAW_29_L32_S910004,NONE,3.598767226507922,LAW_29,175,0.0,0.0,NO_SINK_CAPACITY,True,0.0,32,37.67202939938216,3072
287.90137812063375,PARENT,LAW_29_L32_S910004,NONE,3.598767226507922,LAW_29,176,0.0,0.0,NO_SINK_CAPACITY,True,0.0,32,37.91224524000322,3088
287.90137812063375,PARENT,LAW_29_L32_S910004,NONE,3.598767226507922,LAW_29,177,0.0,0.0,NO_SINK_CAPACITY,True,0.0,32,38.1496262007889,3104
287.90137812063375,PARENT,LAW_29_L32_S910004,NONE,3.598767226507922,LAW_29,178,0.0,0.0,NO_SINK_CAPACITY,True,0.0,32,38.3843419554397,3120
287.90137812063375,PARENT,LAW_29_L32_S910004,NONE,3.598767226507922,LAW_29,179,0.0,0.0,NO_SINK_CAPACITY,True,0.0,32,38.616540557880526,3136
287.90137812063375,PARENT,LAW_29_L32_S910004,NONE,3.598767226507922,LAW_29,181,0.0,0.0,NO_SINK_CAPACITY,True,0.0,32,38.31426888418605,3168
287.90137812063375,PARENT,LAW_29_L32_S910004,NONE,3.598767226507922,LAW_29,182,0.0,0.0,NO_SINK_CAPACITY,True,0.0,32,38.65012138169413,3184
287.90137812063375,PARENT,LAW_29_L32_S910004,NONE,3.598767226507922,LAW_29,183,0.0,0.0,NO_SINK_CAPACITY,True,0.0,32,38.95940221965519,3200
287.90137812063375,PARENT,LAW_29_L32_S910004,NONE,3.598767226507922,LAW_29,184,0.0,0.0,NO_SINK_CAPACITY,True,0.0,32,39.24817484555886,3216
287.90137812063375,PARENT,LAW_29_L32_S910004,NONE,3.598767226507922,LAW_29,185,0.0,0.0,NO_SINK_CAPACITY,True,0.0,32,39.521175532995834,3232
287.90137812063375,PARENT,LAW_29_L32_S910004,NONE,3.598767226507922,LAW_29,186,0.0,0.0,NO_SINK_CAPACITY,True,0.0,32,39.78191492139569,3248
287.90137812063375,PARENT,LAW_29_L32_S910004,NONE,3.598767226507922,LAW_29,187,0.0,0.0,NO_SINK_CAPACITY,True,0.0,32,40.03296840868465,3264
287.90137812063375,PARENT,LAW_29_L32_S910004,NONE,3.598767226507922,LAW_29,188,0.0,0.0,NO_SINK_CAPACITY,True,0.0,32,40.27623442492279,3280
287.90137812063375,PARENT,LAW_29_L32_S910004,NONE,3.598767226507922,LAW_29,189,0.0,0.0,NO_SINK_CAPACITY,True,0.0,32,40.513126213372054,3296
287.90137812063375,PARENT,LAW_29_L32_S910004,NONE,3.598767226507922,LAW_29,190,0.0,0.0,NO_SINK_CAPACITY,True,0.0,32,40.74470787717871,3312
287.90137812063375,PARENT,LAW_29_L32_S910004,NONE,3.598767226507922,LAW_29,191,0.0,0.0,NO_SINK_CAPACITY,True,0.0,32,40.97178959043387,3328
287.90137812063375,PARENT,LAW_29_L32_S910004,NONE,3.598767226507922,LAW_29,192,0.0,0.0,NO_SINK_CAPACITY,True,0.0,32,41.194995343137066,3344
287.90137812063375,PARENT,LAW_29_L32_S910004,NONE,3.598767226507922,LAW_29,193,0.0,0.0,NO_SINK_CAPACITY,True,0.0,32,41.41481130154804,3360
287.90137812063375,PARENT,LAW_29_L32_S910004,NONE,3.598767226507922,LAW_29,194,0.0,0.0,NO_SINK_CAPACITY,True,0.0,32,41.63162065411022,3376
287.90137812063375,PARENT,LAW_29_L32_S910004,NONE,3.598767226507922,LAW_29,197,0.0,0.0,NO_SINK_CAPACITY,True,0.0,32,41.559828268329184,3424
287.90137812063375,PARENT,LAW_29_L32_S910004,NONE,3.598767226507922,LAW_29,198,0.0,0.0,NO_SINK_CAPACITY,True,0.0,32,41.862696478341775,3440
287.90137812063375,PARENT,LAW_29_L32_S910004,NONE,3.598767226507922,LAW_29,199,0.0,0.0,NO_SINK_CAPACITY,True,0.0,32,42.143217746855086,3456
287.90137812063375,PARENT,LAW_29_L32_S910004,NONE,3.598767226507922,LAW_29,200,0.0,0.0,NO_SINK_CAPACITY,True,0.0,32,42.40647276138694,3472
287.90137812063375,PARENT,LAW_29_L32_S910004,NONE,3.598767226507922,LAW_29,202,0.0,0.0,NO_SINK_CAPACITY,True,0.0,32,42.14861553604269,3504
287.90137812063375,PARENT,LAW_29_L32_S910004,NONE,3.598767226507922,LAW_29,203,0.0,0.0,NO_SINK_CAPACITY,True,0.0,32,42.49534633497982,3520
287.90137812063375,PARENT,LAW_29_L32_S910004,NONE,3.598767226507922,LAW_29,204,0.0,0.0,NO_SINK_CAPACITY,True,0.0,32,42.807188138849206,3536
287.90137812063375,PARENT,LAW_29_L32_S910004,NONE,3.598767226507922,LAW_29,205,0.0,0.0,NO_SINK_CAPACITY,True,0.0,32,43.093118417876205,3552
287.90137812063375,PARENT,LAW_29_L32_S910004,NONE,3.598767226507922,LAW_29,206,0.0,0.0,NO_SINK_CAPACITY,True,0.0,32,43.35967815374813,3568
287.90137812063375,PARENT,LAW_29_L32_S910004,NONE,3.598767226507922,LAW_29,207,0.0,0.0,NO_SINK_CAPACITY,True,0.0,32,43.61152699309953,3584
287.90137812063375,PARENT,LAW_29_L32_S910004,NONE,3.598767226507922,LAW_29,208,0.0,0.0,NO_SINK_CAPACITY,True,0.0,32,43.85198908510074,3600
287.90137812063375,PARENT,LAW_29_L32_S910004,NONE,3.598767226507922,LAW_29,209,0.0,0.0,NO_SINK_CAPACITY,True,0.0,32,44.08346185073864,3616
287.90137812063375,PARENT,LAW_29_L32_S910004,NONE,3.598767226507922,LAW_29,210,0.0,0.0,NO_SINK_CAPACITY,True,0.0,32,44.3076992262558,3632
287.90137812063375,PARENT,LAW_29_L32_S910004,NONE,3.598767226507922,LAW_29,211,0.0,0.0,NO_SINK_CAPACITY,True,0.0,32,44.52600261538325,3648
287.90137812063375,PARENT,LAW_29_L32_S910004,NONE,3.598767226507922,LAW_29,212,0.0,0.0,NO_SINK_CAPACITY,True,0.0,32,44.73935071678009,3664
287.90137812063375,PARENT,LAW_29_L32_S910004,NONE,3.598767226507922,LAW_29,213,0.0,0.0,NO_SINK_CAPACITY,True,0.0,32,44.94848967399148,3680
287.90137812063375,PARENT,LAW_29_L32_S910004,NONE,3.598767226507922,LAW_29,214,0.0,0.0,NO_SINK_CAPACITY,True,0.0,32,45.1539959656142,3696
287.90137812063375,PARENT,LAW_29_L32_S910004,NONE,3.598767226507922,LAW_29,215,0.0,0.0,NO_SINK_CAPACITY,True,0.0,32,45.35632083318134,3712
287.90137812063375,PARENT,LAW_29_L32_S910004,NONE,3.598767226507922,LAW_29,216,0.0,0.0,NO_SINK_CAPACITY,True,0.0,32,45.555822001820395,3728
287.90137812063375,PARENT,LAW_29_L32_S910004,NONE,3.598767226507922,LAW_29,217,0.0,0.0,NO_SINK_CAPACITY,True,0.0,32,45.752786561919415,3744
287.90137812063375,PARENT,LAW_29_L32_S910004,NONE,3.598767226507922,LAW_29,218,0.0,0.0,NO_SINK_CAPACITY,True,0.0,32,45.94744769821287,3760
287.90137812063375,PARENT,LAW_29_L32_S910004,NONE,3.598767226507922,LAW_29,219,0.0,0.0,NO_SINK_CAPACITY,True,0.0,32,46.13999704303588,3776
287.90137812063375,PARENT,LAW_29_L32_S910004,NONE,3.598767226507922,LAW_29,220,0.0,0.0,NO_SINK_CAPACITY,True,0.0,32,46.330593760118596,3792
287.90137812063375,PARENT,LAW_29_L32_S910004,NONE,3.598767226507922,LAW_29,221,0.0,0.0,NO_SINK_CAPACITY,True,0.0,32,46.51937140176292,3808
287.90137812063375,PARENT,LAW_29_L32_S910004,NONE,3.598767226507922,LAW_29,222,0.0,0.0,NO_SINK_CAPACITY,True,0.0,32,46.70644315610768,3824
287.90137812063375,PARENT,LAW_29_L32_S910004,NONE,3.598767226507922,LAW_29,223,0.0,0.0,NO_SINK_CAPACITY,True,0.0,32,46.89190600556119,3840
287.90137812063375,PARENT,LAW_29_L32_S910004,NONE,3.598767226507922,LAW_29,224,0.0,0.0,NO_SINK_CAPACITY,True,0.0,32,47.0758437461499,3856
287.90137812063375,PARENT,LAW_29_L32_S910004,NONE,3.598767226507922,LAW_29,226,0.0,0.0,NO_SINK_CAPACITY,True,0.0,32,46.67559401358399,3888
287.90137812063375,PARENT,LAW_29_L32_S910004,NONE,3.598767226507922,LAW_29,227,0.0,0.0,NO_SINK_CAPACITY,True,0.0,32,46.96261101397282,3904
287.90137812063375,PARENT,LAW_29_L32_S910004,NONE,3.598767226507922,LAW_29,228,0.0,0.0,NO_SINK_CAPACITY,True,0.0,32,47.22498993629838,3920
287.90137812063375,PARENT,LAW_29_L32_S910004,NONE,3.598767226507922,LAW_29,229,0.0,0.0,NO_SINK_CAPACITY,True,0.0,32,47.46837018189188,3936
287.90137812063375,PARENT,LAW_29_L32_S910004,NONE,3.598767226507922,LAW_29,230,0.0,0.0,NO_SINK_CAPACITY,True,0.0,32,47.69718911034169,3952
287.90137812063375,PARENT,LAW_29_L32_S910004,NONE,3.598767226507922,LAW_29,231,0.0,0.0,NO_SINK_CAPACITY,True,0.0,32,47.914752734107736,3968
287.90137812063375,PARENT,LAW_29_L32_S910004,NONE,3.598767226507922,LAW_29,232,0.0,0.0,NO_SINK_CAPACITY,True,0.0,32,48.123494143963725,3984
287.90137812063375,PARENT,LAW_29_L32_S910004,NONE,3.598767226507922,LAW_29,233,0.0,0.0,NO_SINK_CAPACITY,True,0.0,32,48.32521062040187,4000
287.90137812063375,PARENT,LAW_29_L32_S910004,NONE,3.598767226507922,LAW_29,234,0.0,0.0,NO_SINK_CAPACITY,True,0.0,32,48.521242369212736,4016
287.90137812063375,PARENT,LAW_29_L32_S910004,NONE,3.598767226507922,LAW_29,235,0.0,0.0,NO_SINK_CAPACITY,True,0.0,32,48.71259923962796,4032
287.90137812063375,PARENT,LAW_29_L32_S910004,NONE,3.598767226507922,LAW_29,236,0.0,0.0,NO_SINK_CAPACITY,True,0.0,32,48.90004960864274,4048
287.90137812063375,PARENT,LAW_29_L32_S910004,NONE,3.598767226507922,LAW_29,237,0.0,0.0,NO_SINK_CAPACITY,True,0.0,32,49.08418416191409,4064
287.90137812063375,PARENT,LAW_29_L32_S910004,NONE,3.598767226507922,LAW_29,238,0.0,0.0,NO_SINK_CAPACITY,True,0.0,32,49.265461650000354,4080
287.90137812063375,PARENT,LAW_29_L32_S910004,NONE,3.598767226507922,LAW_29,239,0.0,0.0,NO_SINK_CAPACITY,True,0.0,32,49.4442419695124,4096
287.90137812063375,PARENT,LAW_29_L32_S910004,NONE,3.598767226507922,LAW_29,240,0.0,0.0,NO_SINK_CAPACITY,True,0.0,32,49.620810372934336,4112
287.90137812063375,PARENT,LAW_29_L32_S910004,NONE,3.598767226507922,LAW_29,242,0.0,0.0,NO_SINK_CAPACITY,True,0.0,32,49.59135976065732,4144
287.90137812063375,PARENT,LAW_29_L32_S910004,NONE,3.598767226507922,LAW_29,243,0.0,0.0,NO_SINK_CAPACITY,True,0.0,32,49.818727701692886,4160
287.90137812063375,PARENT,LAW_29_L32_S910004,NONE,3.598767226507922,LAW_29,244,0.0,0.0,NO_SINK_CAPACITY,True,0.0,32,50.03153165322057,4176
287.90137812063375,PARENT,LAW_29_L32_S910004,NONE,3.598767226507922,LAW_29,245,0.0,0.0,NO_SINK_CAPACITY,True,0.0,32,50.233340003410895,4192
287.90137812063375,PARENT,LAW_29_L32_S910004,NONE,3.598767226507922,LAW_29,246,0.0,0.0,NO_SINK_CAPACITY,True,0.0,32,50.426773398012315,4208
287.90137812063375,PARENT,LAW_29_L32_S910004,NONE,3.598767226507922,LAW_29,247,0.0,0.0,NO_SINK_CAPACITY,True,0.0,32,50.61371278593103,4224
287.90137812063375,PARENT,LAW_29_L32_S910004,SINK,3.598767226507922,LAW_29,248,0.45003740977637646,0.45003740977637646,NONE,False,0.45003740977637646,32,50.79551373324276,4240
287.90137812063375,PARENT,LAW_29_L32_S910004,NONE,3.598767226507922,LAW_29,249,0.0,0.0,NO_SINK_CAPACITY,True,0.0,32,50.59406625133205,4256
287.90137812063375,PARENT,LAW_29_L32_S910004,NONE,3.598767226507922,LAW_29,250,0.0,0.0,NO_SINK_CAPACITY,True,0.0,32,50.82306668367639,4272
287.90137812063375,PARENT,LAW_29_L32_S910004,NONE,3.598767226507922,LAW_29,251,0.0,0.0,NO_SINK_CAPACITY,True,0.0,32,51.03675600474603,4288
287.90137812063375,PARENT,LAW_29_L32_S910004,NONE,3.598767226507922,LAW_29,253,0.0,0.0,NO_SINK_CAPACITY,True,0.0,32,51.05059017978829,4320
287.90137812063375,PARENT,LAW_29_L32_S910004,NONE,3.598767226507922,LAW_29,254,0.0,0.0,NO_SINK_CAPACITY,True,0.0,32,51.290316968720894,4336
287.90137812063375,PARENT,LAW_29_L32_S910004,NONE,3.598767226507922,LAW_29,255,0.0,0.0,NO_SINK_CAPACITY,True,0.0,32,51.5125557357733,4352
287.90137812063375,PARENT,LAW_29_L32_S910004,NONE,3.598767226507922,LAW_29,256,0.0,0.0,NO_SINK_CAPACITY,True,0.0,32,51.72140089430803,4368
287.90137812063375,PARENT,LAW_29_L32_S910004,NONE,3.598767226507922,LAW_29,257,0.0,0.0,NO_SINK_CAPACITY,True,0.0,32,51.91990523380355,4384
287.90137812063375,PARENT,LAW_29_L32_S910004,NONE,3.598767226507922,LAW_29,258,0.0,0.0,NO_SINK_CAPACITY,True,0.0,32,52.1103042940596,4400
287.90137812063375,PARENT,LAW_29_L32_S910004,NONE,3.598767226507922,LAW_29,259,0.0,0.0,NO_SINK_CAPACITY,True,0.0,32,52.29424384931158,4416
287.90137812063375,PARENT,LAW_29_L32_S910004,NONE,3.598767226507922,LAW_29,260,0.0,0.0,NO_SINK_CAPACITY,True,0.0,32,52.47295004772884,4432
287.90137812063375,PARENT,LAW_29_L32_S910004,NONE,3.598767226507922,LAW_29,261,0.0,0.0,NO_SINK_CAPACITY,True,0.0,32,52.64734705218223,4448
287.90137812063375,PARENT,LAW_29_L32_S910004,NONE,3.598767226507922,LAW_29,262,0.0,0.0,NO_SINK_CAPACITY,True,0.0,32,52.818139625407866,4464
287.90137812063375,PARENT,LAW_29_L32_S910004,NONE,3.598767226507922,LAW_29,263,0.0,0.0,NO_SINK_CAPACITY,True,0.0,32,52.98587137450159,4480
287.90137812063375,PARENT,LAW_29_L32_S910004,NONE,3.598767226507922,LAW_29,264,0.0,0.0,NO_SINK_CAPACITY,True,0.0,32,53.15096611907925,4496
287.90137812063375,PARENT,LAW_29_L32_S910004,NONE,3.598767226507922,LAW_29,265,0.0,0.0,NO_SINK_CAPACITY,True,0.0,32,53.31375781687593,4512
287.90137812063375,PARENT,LAW_29_L32_S910004,NONE,3.598767226507922,LAW_29,266,0.0,0.0,NO_SINK_CAPACITY,True,0.0,32,53.474512234745355,4528
287.90137812063375,PARENT,LAW_29_L32_S910004,NONE,3.598767226507922,LAW_29,267,0.0,0.0,NO_SINK_CAPACITY,True,0.0,32,53.6334430819852,4544
287.90137812063375,PARENT,LAW_29_L32_S910004,NONE,3.598767226507922,LAW_29,269,0.0,0.0,NO_SINK_CAPACITY,True,0.0,32,53.56946942418391,4576
287.90137812063375,PARENT,LAW_29_L32_S910004,NONE,3.598767226507922,LAW_29,270,0.0,0.0,NO_SINK_CAPACITY,True,0.0,32,53.77980871834534,4592
287.90137812063375,PARENT,LAW_29_L32_S910004,NONE,3.598767226507922,LAW_29,271,0.0,0.0,NO_SINK_CAPACITY,True,0.0,32,53.42470777905668,4608
287.90137812063375,PARENT,LAW_29_L32_S910004,NONE,3.598767226507922,LAW_29,272,0.0,0.0,NO_SINK_CAPACITY,True,0.0,32,53.61114850264043,4624
287.90137812063375,PARENT,LAW_29_L32_S910004,NONE,3.598767226507922,LAW_29,273,0.0,0.0,NO_SINK_CAPACITY,True,0.0,32,54.338540833989484,4640
287.90137812063375,PARENT,LAW_29_L32_S910004,NONE,3.598767226507922,LAW_29,274,0.0,0.0,NO_SINK_CAPACITY,True,0.0,32,54.50955632776011,4656
287.90137812063375,PARENT,LAW_29_L32_S910004,NONE,3.598767226507922,LAW_29,275,0.0,0.0,NO_SINK_CAPACITY,True,0.0,32,54.67564473099625,4672
287.90137812063375,PARENT,LAW_29_L32_S910004,NONE,3.598767226507922,LAW_29,277,0.0,0.0,NO_SINK_CAPACITY,True,0.0,32,53.869135488334855,4704
287.90137812063375,PARENT,LAW_29_L32_S910004,NONE,3.598767226507922,LAW_29,278,0.0,0.0,NO_SINK_CAPACITY,True,0.0,32,54.19544803082922,4720
287.90137812063375,PARENT,LAW_29_L32_S910004,NONE,3.598767226507922,LAW_29,279,0.0,0.0,NO_SINK_CAPACITY,True,0.0,32,53.919835398218474,4736
287.90137812063375,PARENT,LAW_29_L32_S910004,NONE,3.598767226507922,LAW_29,280,0.0,0.0,NO_SINK_CAPACITY,True,0.0,32,53.05786990890005,4752
287.90137812063375,PARENT,LAW_29_L32_S910004,NONE,3.598767226507922,LAW_29,281,0.0,0.0,NO_SINK_CAPACITY,True,0.0,32,53.27789446072741,4768
287.90137812063375,PARENT,LAW_29_L32_S910004,NONE,3.598767226507922,LAW_29,282,0.0,0.0,NO_SINK_CAPACITY,True,0.0,32,53.48749806078919,4784
287.90137812063375,PARENT,LAW_29_L32_S910004,NONE,3.598767226507922,LAW_29,283,0.0,0.0,NO_SINK_CAPACITY,True,0.0,32,53.68810719852193,4800
287.90137812063375,PARENT,LAW_29_L32_S910004,NONE,3.598767226507922,LAW_29,284,0.0,0.0,NO_SINK_CAPACITY,True,0.0,32,53.881004046722914,4816
287.90137812063375,PARENT,LAW_29_L32_S910004,NONE,3.598767226507922,LAW_29,285,0.0,0.0,NO_SINK_CAPACITY,True,0.0,32,54.067289807354506,4832
287.90137812063375,PARENT,LAW_29_L32_S910004,NONE,3.598767226507922,LAW_29,286,0.0,0.0,NO_SINK_CAPACITY,True,0.0,32,55.345895018382336,4848
287.90137812063375,PARENT,LAW_29_L32_S910004,NONE,3.598767226507922,LAW_29,287,0.0,0.0,NO_SINK_CAPACITY,True,0.0,32,55.517267370134284,4864
287.90137812063375,PARENT,LAW_29_L32_S910004,NONE,3.598767226507922,LAW_29,288,0.0,0.0,NO_SINK_CAPACITY,True,0.0,32,55.68428418802825,4880
287.90137812063375,PARENT,LAW_29_L32_S910004,NONE,3.598767226507922,LAW_29,289,0.0,0.0,NO_SINK_CAPACITY,True,0.0,32,55.84757209405472,4896
287.90137812063375,PARENT,LAW_29_L32_S910004,NONE,3.598767226507922,LAW_29,290,0.0,0.0,NO_SINK_CAPACITY,True,0.0,32,56.00763245186412,4912
287.90137812063375,PARENT,LAW_29_L32_S910004,NONE,3.598767226507922,LAW_29,291,0.0,0.0,NO_SINK_CAPACITY,True,0.0,32,56.164869498066416,4928
287.90137812063375,PARENT,LAW_29_L32_S910004,NONE,3.598767226507922,LAW_29,292,0.0,0.0,NO_SINK_CAPACITY,True,0.0,32,56.86730292573556,4944
287.90137812063375,PARENT,LAW_29_L32_S910004,NONE,3.598767226507922,LAW_29,293,0.0,0.0,NO_SINK_CAPACITY,True,0.0,32,57.01710967906189,4960
287.90137812063375,PARENT,LAW_29_L32_S910004,NONE,3.598767226507922,LAW_29,294,0.0,0.0,NO_SINK_CAPACITY,True,0.0,32,57.16504736426743,4976
287.90137812063375,PARENT,LAW_29_L32_S910004,NONE,3.598767226507922,LAW_29,295,0.0,0.0,NO_SINK_CAPACITY,True,0.0,32,57.31129689272695,4992
287.90137812063375,PARENT,LAW_29_L32_S910004,NONE,3.598767226507922,LAW_29,296,0.0,0.0,NO_SINK_CAPACITY,True,0.0,32,57.456007906561595,5008
287.90137812063375,PARENT,LAW_29_L32_S910004,NONE,3.598767226507922,LAW_29,297,0.0,0.0,NO_SINK_CAPACITY,True,0.0,32,57.599305426225456,5024
287.90137812063375,PARENT,LAW_29_L32_S910004,NONE,3.598767226507922,LAW_29,298,0.0,0.0,NO_SINK_CAPACITY,True,0.0,32,57.741294841998034,5040
287.90137812063375,PARENT,LAW_29_L32_S910004,NONE,3.598767226507922,LAW_29,299,0.0,0.0,NO_SINK_CAPACITY,True,0.0,32,57.88206568562254,5056
287.90137812063375,PARENT,LAW_29_L32_S910004,NONE,3.598767226507922,LAW_29,300,0.0,0.0,NO_SINK_CAPACITY,True,0.0,32,58.02169467785992,5072
287.90137812063375,PARENT,LAW_29_L32_S910004,NONE,3.598767226507922,LAW_29,301,0.0,0.0,NO_SINK_CAPACITY,True,0.0,32,58.16024810619553,5088
287.90137812063375,PARENT,LAW_29_L32_S910004,NONE,3.598767226507922,LAW_29,302,0.0,0.0,NO_SINK_CAPACITY,True,0.0,32,58.297783682087484,5104
287.90137812063375,PARENT,LAW_29_L32_S910004,NONE,3.598767226507922,LAW_29,303,0.0,0.0,NO_SINK_CAPACITY,True,0.0,32,58.43435201091626,5120
287.90137812063375,PARENT,LAW_29_L32_S910004,NONE,3.598767226507922,LAW_29,304,0.0,0.0,NO_SINK_CAPACITY,True,0.0,32,58.569997763900226,5136
287.90137812063375,PARENT,LAW_29_L32_S910004,NONE,3.598767226507922,LAW_29,306,0.0,0.0,NO_SINK_CAPACITY,True,0.0,32,58.464176479755686,5168
287.90137812063375,PARENT,LAW_29_L32_S910004,NONE,3.598767226507922,LAW_29,307,0.0,0.0,NO_SINK_CAPACITY,True,0.0,32,58.65456783181966,5184
287.90137812063375,PARENT,LAW_29_L32_S910004,NONE,3.598767226507922,LAW_29,308,0.0,0.0,NO_SINK_CAPACITY,True,0.0,32,58.83052728631553,5200
287.90137812063375,SINK_FLOOR,LAW_29_L32_S910004,PLANNED,3.598767226507922,LAW_29,0,3.598767226507922,3.5987672265079205,NONE,False,47.283645127157314,32,47.30533470522172,272
287.90137812063375,SINK_FLOOR,LAW_29_L32_S910004,PLANNED,3.598767226507922,LAW_29,8,3.598767226507922,3.5987672265079222,NONE,False,17.42146132566746,32,24.890846076697738,400
287.90137812063375,SINK_FLOOR,LAW_29_L32_S910004,SINK,3.598767226507922,LAW_29,16,0.33385516623859934,0.33385516623859934,NONE,False,0.33385516623859934,32,14.627668705394175,528
287.90137812063375,SINK_FLOOR,LAW_29_L32_S910004,SINK,3.598767226507922,LAW_29,24,0.227975991178214,0.227975991178214,NONE,False,0.227975991178214,32,18.77872678400357,656
287.90137812063375,SINK_FLOOR,LAW_29_L32_S910004,SINK,3.598767226507922,LAW_29,32,0.1856333802443274,0.1856333802443274,NONE,False,0.1856333802443274,32,22.126824337445633,784
287.90137812063375,SINK_FLOOR,LAW_29_L32_S910004,SINK,3.598767226507922,LAW_29,40,0.16159503018140375,0.16159503018140375,NONE,False,0.16159503018140375,32,25.029854705631863,912
287.90137812063375,SINK_FLOOR,LAW_29_L32_S910004,SINK,3.598767226507922,LAW_29,48,0.1443519425479014,0.1443519425479014,NONE,False,0.1443519425479014,32,27.635087389635117,1040
287.90137812063375,SINK_FLOOR,LAW_29_L32_S910004,SINK,3.598767226507922,LAW_29,56,0.13075726903066143,0.13075726903066143,NONE,False,0.13075726903066143,32,30.016844045726245,1168
287.90137812063375,SINK_FLOOR,LAW_29_L32_S910004,SINK,3.598767226507922,LAW_29,64,0.12000759080201318,0.12000759080201318,NONE,False,0.12000759080201318,32,32.223275822049075,1296
287.90137812063375,SINK_FLOOR,LAW_29_L32_S910004,SINK,3.598767226507922,LAW_29,72,0.1108394307716748,0.1108394307716748,NONE,False,0.1108394307716748,32,34.29064873581003,1424
287.90137812063375,SINK_FLOOR,LAW_29_L32_S910004,SINK,3.598767226507922,LAW_29,80,0.1027765062832664,0.1027765062832664,NONE,False,0.1027765062832664,32,36.23919608827823,1552
287.90137812063375,SINK_FLOOR,LAW_29_L32_S910004,SINK,3.598767226507922,LAW_29,88,0.09597429450760342,0.09597429450760342,NONE,False,0.09597429450760342,32,38.08374823427842,1680
287.90137812063375,SINK_FLOOR,LAW_29_L32_S910004,SINK,3.598767226507922,LAW_29,96,0.089814204310253,0.089814204310253,NONE,False,0.089814204310253,32,39.83699931977711,1808
287.90137812063375,SINK_FLOOR,LAW_29_L32_S910004,SINK,3.598767226507922,LAW_29,104,0.08417299061425432,0.08417299061425432,NONE,False,0.08417299061425432,32,41.50971271036642,1936
287.90137812063375,SINK_FLOOR,LAW_29_L32_S910004,SINK,3.598767226507922,LAW_29,112,0.07898325303909248,0.07898325303909248,NONE,False,0.07898325303909248,32,43.11007766001891,2064
287.90137812063375,SINK_FLOOR,LAW_29_L32_S910004,SINK,3.598767226507922,LAW_29,120,0.07418699066602841,0.07418699066602841,NONE,False,0.07418699066602841,32,44.644893976921885,2192
287.90137812063375,SINK_FLOOR,LAW_29_L32_S910004,SINK,3.598767226507922,LAW_29,128,0.06983604506671437,0.06983604506671437,NONE,False,0.06983604506671437,32,46.11990393997517,2320
287.90137812063375,SINK_FLOOR,LAW_29_L32_S910004,SINK,3.598767226507922,LAW_29,136,0.06597155099725605,0.06597155099725605,NONE,False,0.06597155099725605,32,47.53884667870411,2448
287.90137812063375,SINK_FLOOR,LAW_29_L32_S910004,SINK,3.598767226507922,LAW_29,144,0.06230983062939055,0.06230983062939055,NONE,False,0.06230983062939055,32,48.90640911919328,2576
287.90137812063375,SINK_FLOOR,LAW_29_L32_S910004,SINK,3.598767226507922,LAW_29,152,0.05885159252292549,0.05885159252292549,NONE,False,0.05885159252292549,32,50.22671945308086,2704
287.90137812063375,SINK_FLOOR,LAW_29_L32_S910004,SINK,3.598767226507922,LAW_29,160,0.05567255814701366,0.05567255814701366,NONE,False,0.05567255814701366,32,51.503021622713035,2832
287.90137812063375,SINK_FLOOR,LAW_29_L32_S910004,SINK,3.598767226507922,LAW_29,168,0.05278762432795758,0.05278762432795758,NONE,False,0.05278762432795758,32,52.18687079382093,2960
287.90137812063375,SINK_FLOOR,LAW_29_L32_S910004,SINK,3.598767226507922,LAW_29,176,0.05002363617933869,0.05002363617933869,NONE,False,0.05002363617933869,32,53.381655569262094,3088
287.90137812063375,SINK_FLOOR,LAW_29_L32_S910004,SINK,3.598767226507922,LAW_29,184,0.0473864227669214,0.0473864227669214,NONE,False,0.0473864227669214,32,54.540231320618226,3216
287.90137812063375,SINK_FLOOR,LAW_29_L32_S910004,SINK,3.598767226507922,LAW_29,192,0.0448725233969397,0.0448725233969397,NONE,False,0.0448725233969397,32,55.66470924560357,3344
287.90137812063375,SINK_FLOOR,LAW_29_L32_S910004,SINK,3.598767226507922,LAW_29,200,0.04247645562735347,0.04247645562735347,NONE,False,0.04247645562735347,32,56.757008830919894,3472
287.90137812063375,SINK_FLOOR,LAW_29_L32_S910004,SINK,3.598767226507922,LAW_29,208,0.04031417691505634,0.04031417691505634,NONE,False,0.04031417691505634,32,57.818720542105176,3600
287.90137812063375,SINK_FLOOR,LAW_29_L32_S910004,SINK,3.598767226507922,LAW_29,216,0.038284156856907336,0.038284156856907336,NONE,False,0.038284156856907336,32,58.85084477460353,3728
287.90137812063375,SINK_FLOOR,LAW_29_L32_S910004,SINK,3.598767226507922,LAW_29,224,0.036325548594303814,0.036325548594303814,NONE,False,0.036325548594303814,32,59.85514931609084,3856
287.90137812063375,SINK_FLOOR,LAW_29_L32_S910004,SINK,3.598767226507922,LAW_29,232,0.034442404221936895,0.034442404221936895,NONE,False,0.034442404221936895,32,60.83305742579904,3984
287.90137812063375,SINK_FLOOR,LAW_29_L32_S910004,SINK,3.598767226507922,LAW_29,240,0.03263555508986449,0.03263555508986449,NONE,False,0.03263555508986449,32,61.785673697547544,4112
287.90137812063375,SINK_FLOOR,LAW_29_L32_S910004,SINK,3.598767226507922,LAW_29,248,0.031050746678575658,0.031050746678575658,NONE,False,0.031050746678575658,32,62.711682410568,4240
287.90137812063375,SINK_FLOOR,LAW_29_L32_S910004,SINK,3.598767226507922,LAW_29,256,0.029499875762899364,0.029499875762899364,NONE,False,0.029499875762899364,32,63.61201084846543,4368
287.90137812063375,SINK_FLOOR,LAW_29_L32_S910004,SINK,3.598767226507922,LAW_29,264,0.027998633314446963,0.027998633314446963,NONE,False,0.027998633314446963,32,64.48847791855204,4496
287.90137812063375,SINK_FLOOR,LAW_29_L32_S910004,SINK,3.598767226507922,LAW_29,272,0.026549456810765037,0.026549456810765037,NONE,False,0.026549456810765037,32,65.34237899887971,4624
287.90137812063375,SINK_FLOOR,LAW_29_L32_S910004,SINK,3.598767226507922,LAW_29,280,0.02515237135571624,0.02515237135571624,NONE,False,0.02515237135571624,32,66.17478277043814,4752
287.90137812063375,SINK_FLOOR,LAW_29_L32_S910004,SINK,3.598767226507922,LAW_29,288,0.023806451198846834,0.023806451198846834,NONE,False,0.023806451198846834,32,66.98663244738992,4880
287.90137812063375,SINK_FLOOR,LAW_29_L32_S910004,SINK,3.598767226507922,LAW_29,296,0.022597291313925738,0.022597291313925738,NONE,False,0.022597291313925738,32,67.7786415770032,5008
287.90137812063375,SINK_FLOOR,LAW_29_L32_S910004,SINK,3.598767226507922,LAW_29,304,0.021442342255207913,0.021442342255207913,NONE,False,0.021442342255207913,32,68.5514287551191,5136
287.90137812063375,SINK_FLOOR,LAW_29_L32_S910004,SINK,3.598767226507922,LAW_29,312,0.020318350391634987,0.020318350391634987,NONE,False,0.020318350391634987,32,69.30594668023603,5264
290.34498401687273,PARENT,LAW_29_L32_S910005,PLANNED,3.629312300210909,LAW_29,0,3.629312300210909,3.6293123002109082,NONE,False,139.89017143569228,32,47.14267457702177,272
290.34498401687273,PARENT,LAW_29_L32_S910005,PLANNED,3.629312300210909,LAW_29,8,3.629312300210909,3.6293123002109096,NONE,False,98.63592739609548,32,24.70453776702048,400
290.34498401687273,PARENT,LAW_29_L32_S910005,SOURCE,3.629312300210909,LAW_29,16,3.1687188054544024,3.1687188054544024,NONE,False,58.817994566573354,32,3.1687188054544024,528
290.34498401687273,PARENT,LAW_29_L32_S910005,SOURCE,3.629312300210909,LAW_29,24,0.9585665096023314,0.9585665096023314,NONE,False,42.57562243585143,32,0.9585665096023314,656
290.34498401687273,PARENT,LAW_29_L32_S910005,SOURCE,3.629312300210909,LAW_29,32,0.8436197558432905,0.8436197558432905,NONE,False,29.92140141548158,32,0.8436197558432905,784
290.34498401687273,PARENT,LAW_29_L32_S910005,SOURCE,3.629312300210909,LAW_29,40,0.8674608374683972,0.8674608374683972,NONE,False,20.149447365148166,32,0.8674608374683972,912
290.34498401687273,PARENT,LAW_29_L32_S910005,SOURCE,3.629312300210909,LAW_29,48,1.054519196186872,1.054519196186872,NONE,False,11.504991355619081,32,1.054519196186872,1040
290.34498401687273,PARENT,LAW_29_L32_S910005,SOURCE,3.629312300210909,LAW_29,56,1.2361898680242054,1.2361898680242054,NONE,False,6.409424187936317,32,1.2361898680242054,1168
290.34498401687273,PARENT,LAW_29_L32_S910005,SINK,3.629312300210909,LAW_29,64,0.9083923460570588,0.9083923460570588,NONE,False,0.9083923460570588,32,2.211824764194549,1296
290.34498401687273,PARENT,LAW_29_L32_S910005,NONE,3.629312300210909,LAW_29,68,0.0,0.0,NO_SINK_CAPACITY,True,0.0,32,3.236854972113086,1360
290.34498401687273,PARENT,LAW_29_L32_S910005,SINK,3.629312300210909,LAW_29,72,0.9372476294650632,0.9372476294650632,NONE,False,0.9372476294650632,32,4.842033318306868,1424
290.34498401687273,PARENT,LAW_29_L32_S910005,NONE,3.629312300210909,LAW_29,74,0.0,0.0,NO_SINK_CAPACITY,True,0.0,32,5.610731496613189,1456
290.34498401687273,PARENT,LAW_29_L32_S910005,NONE,3.629312300210909,LAW_29,76,0.0,0.0,NO_SINK_CAPACITY,True,0.0,32,6.999713186630526,1488
290.34498401687273,PARENT,LAW_29_L32_S910005,NONE,3.629312300210909,LAW_29,77,0.0,0.0,NO_SINK_CAPACITY,True,0.0,32,7.819010235929053,1504
290.34498401687273,PARENT,LAW_29_L32_S910005,SINK,3.629312300210909,LAW_29,80,1.3675209754858777,1.3675209754858777,NONE,False,1.3675209754858777,32,8.81276466648422,1552
290.34498401687273,PARENT,LAW_29_L32_S910005,NONE,3.629312300210909,LAW_29,81,0.0,0.0,NO_SINK_CAPACITY,True,0.0,32,8.366113234361734,1568
290.34498401687273,PARENT,LAW_29_L32_S910005,NONE,3.629312300210909,LAW_29,84,0.0,0.0,NO_SINK_CAPACITY,True,0.0,32,9.481116552897298,1616
290.34498401687273,PARENT,LAW_29_L32_S910005,NONE,3.629312300210909,LAW_29,85,0.0,0.0,NO_SINK_CAPACITY,True,0.0,32,10.239175461571502,1632
290.34498401687273,PARENT,LAW_29_L32_S910005,NONE,3.629312300210909,LAW_29,88,0.0,0.0,NO_SINK_CAPACITY,True,0.0,32,11.06252665601168,1680
290.34498401687273,PARENT,LAW_29_L32_S910005,NONE,3.629312300210909,LAW_29,89,0.0,0.0,NO_SINK_CAPACITY,True,0.0,32,11.773758349081525,1696
290.34498401687273,PARENT,LAW_29_L32_S910005,NONE,3.629312300210909,LAW_29,90,0.0,0.0,NO_SINK_CAPACITY,True,0.0,32,12.419222316126946,1712
290.34498401687273,PARENT,LAW_29_L32_S910005,NONE,3.629312300210909,LAW_29,91,0.0,0.0,NO_SINK_CAPACITY,True,0.0,32,13.013781745031123,1728
290.34498401687273,PARENT,LAW_29_L32_S910005,NONE,3.629312300210909,LAW_29,92,0.0,0.0,NO_SINK_CAPACITY,True,0.0,32,13.568662884018375,1744
290.34498401687273,PARENT,LAW_29_L32_S910005,NONE,3.629312300210909,LAW_29,93,0.0,0.0,NO_SINK_CAPACITY,True,0.0,32,14.092109508840082,1760
290.34498401687273,PARENT,LAW_29_L32_S910005,SINK,3.629312300210909,LAW_29,96,0.4508267179176619,0.4508267179176619,NONE,False,0.4508267179176619,32,14.433021030404118,1808
290.34498401687273,PARENT,LAW_29_L32_S910005,NONE,3.629312300210909,LAW_29,97,0.0,0.0,NO_SINK_CAPACITY,True,0.0,32,14.652791953971146,1824
290.34498401687273,PARENT,LAW_29_L32_S910005,NONE,3.629312300210909,LAW_29,98,0.0,0.0,NO_SINK_CAPACITY,True,0.0,32,15.256387222625712,1840
290.34498401687273,PARENT,LAW_29_L32_S910005,NONE,3.629312300210909,LAW_29,101,0.0,0.0,NO_SINK_CAPACITY,True,0.0,32,15.435783694413567,1888
290.34498401687273,PARENT,LAW_29_L32_S910005,NONE,3.629312300210909,LAW_29,103,0.0,0.0,NO_SINK_CAPACITY,True,0.0,32,16.281613387985534,1920
290.34498401687273,PARENT,LAW_29_L32_S910005,SINK,3.629312300210909,LAW_29,104,0.45010020783538107,0.45010020783538107,NONE,False,0.45010020783538107,32,16.87086615309122,1936
290.34498401687273,PARENT,LAW_29_L32_S910005,NONE,3.629312300210909,LAW_29,105,0.0,0.0,NO_SINK_CAPACITY,True,0.0,32,17.035927745919654,1952
290.34498401687273,PARENT,LAW_29_L32_S910005,NONE,3.629312300210909,LAW_29,106,0.0,0.0,NO_SINK_CAPACITY,True,0.0,32,17.592028877113986,1968
290.34498401687273,PARENT,LAW_29_L32_S910005,NONE,3.629312300210909,LAW_29,107,0.0,0.0,NO_SINK_CAPACITY,True,0.0,32,18.10332678184397,1984
290.34498401687273,PARENT,LAW_29_L32_S910005,NONE,3.629312300210909,LAW_29,108,0.0,0.0,NO_SINK_CAPACITY,True,0.0,32,18.58046150629268,2000
290.34498401687273,PARENT,LAW_29_L32_S910005,NONE,3.629312300210909,LAW_29,109,0.0,0.0,NO_SINK_CAPACITY,True,0.0,32,19.031045318997638,2016
290.34498401687273,PARENT,LAW_29_L32_S910005,NONE,3.629312300210909,LAW_29,110,0.0,0.0,NO_SINK_CAPACITY,True,0.0,32,19.46053415631588,2032
290.34498401687273,PARENT,LAW_29_L32_S910005,NONE,3.629312300210909,LAW_29,112,0.0,0.0,NO_SINK_CAPACITY,True,0.0,32,19.889532645621248,2064
290.34498401687273,PARENT,LAW_29_L32_S910005,NONE,3.629312300210909,LAW_29,113,0.0,0.0,NO_SINK_CAPACITY,True,0.0,32,20.330129020305122,2080
290.34498401687273,PARENT,LAW_29_L32_S910005,NONE,3.629312300210909,LAW_29,114,0.0,0.0,NO_SINK_CAPACITY,True,0.0,32,20.748631073116638,2096
290.34498401687273,PARENT,LAW_29_L32_S910005,NONE,3.629312300210909,LAW_29,117,0.0,0.0,NO_SINK_CAPACITY,True,0.0,32,20.53990951653652,2144
290.34498401687273,PARENT,LAW_29_L32_S910005,NONE,3.629312300210909,LAW_29,118,0.0,0.0,NO_SINK_CAPACITY,True,0.0,32,21.07975989441646,2160
290.34498401687273,PARENT,LAW_29_L32_S910005,NONE,3.629312300210909,LAW_29,119,0.0,0.0,NO_SINK_CAPACITY,True,0.0,32,21.569642789946833,2176
290.34498401687273,PARENT,LAW_29_L32_S910005,NONE,3.629312300210909,LAW_29,120,0.0,0.0,NO_SINK_CAPACITY,True,0.0,32,22.022217208101463,2192
290.34498401687273,PARENT,LAW_29_L32_S910005,NONE,3.629312300210909,LAW_29,121,0.0,0.0,NO_SINK_CAPACITY,True,0.0,32,22.44645306955945,2208
290.34498401687273,PARENT,LAW_29_L32_S910005,NONE,3.629312300210909,LAW_29,122,0.0,0.0,NO_SINK_CAPACITY,True,0.0,32,22.84866860079505,2224
290.34498401687273,PARENT,LAW_29_L32_S910005,NONE,3.629312300210909,LAW_29,124,0.0,0.0,NO_SINK_CAPACITY,True,0.0,32,23.223989201949134,2256
290.34498401687273,PARENT,LAW_29_L32_S910005,NONE,3.629312300210909,LAW_29,125,0.0,0.0,NO_SINK_CAPACITY,True,0.0,32,23.63844819360563,2272
290.34498401687273,PARENT,LAW_29_L32_S910005,NONE,3.629312300210909,LAW_29,126,0.0,0.0,NO_SINK_CAPACITY,True,0.0,32,24.03023876559066,2288
290.34498401687273,PARENT,LAW_29_L32_S910005,NONE,3.629312300210909,LAW_29,127,0.0,0.0,NO_SINK_CAPACITY,True,0.0,32,24.403593899847817,2304
290.34498401687273,PARENT,LAW_29_L32_S910005,SINK,3.629312300210909,LAW_29,128,0.45037077441226286,0.45037077441226286,NONE,False,0.45037077441226286,32,24.762031801519154,2320
290.34498401687273,PARENT,LAW_29_L32_S910005,NONE,3.629312300210909,LAW_29,130,0.0,0.0,NO_SINK_CAPACITY,True,0.0,32,24.359360921603812,2352
290.34498401687273,PARENT,LAW_29_L32_S910005,NONE,3.629312300210909,LAW_29,131,0.0,0.0,NO_SINK_CAPACITY,True,0.0,32,24.832622499171894,2368
290.34498401687273,PARENT,LAW_29_L32_S910005,NONE,3.629312300210909,LAW_29,134,0.0,0.0,NO_SINK_CAPACITY,True,0.0,32,25.34381249221402,2416
290.34498401687273,PARENT,LAW_29_L32_S910005,NONE,3.629312300210909,LAW_29,135,0.0,0.0,NO_SINK_CAPACITY,True,0.0,32,25.799278630455376,2432
290.34498401687273,PARENT,LAW_29_L32_S910005,NONE,3.629312300210909,LAW_29,136,0.0,0.0,NO_SINK_CAPACITY,True,0.0,32,26.2158626681546,2448
290.34498401687273,PARENT,LAW_29_L32_S910005,NONE,3.629312300210909,LAW_29,137,0.0,0.0,NO_SINK_CAPACITY,True,0.0,32,26.603529715685124,2464
290.34498401687273,PARENT,LAW_29_L32_S910005,NONE,3.629312300210909,LAW_29,138,0.0,0.0,NO_SINK_CAPACITY,True,0.0,32,26.969238742270996,2480
290.34498401687273,PARENT,LAW_29_L32_S910005,NONE,3.629312300210909,LAW_29,139,0.0,0.0,NO_SINK_CAPACITY,True,0.0,32,27.317880775384868,2496
290.34498401687273,PARENT,LAW_29_L32_S910005,NONE,3.629312300210909,LAW_29,140,0.0,0.0,NO_SINK_CAPACITY,True,0.0,32,27.652945758642005,2512
290.34498401687273,PARENT,LAW_29_L32_S910005,NONE,3.629312300210909,LAW_29,141,0.0,0.0,NO_SINK_CAPACITY,True,0.0,32,27.97696690720676,2528
290.34498401687273,PARENT,LAW_29_L32_S910005,NONE,3.629312300210909,LAW_29,142,0.0,0.0,NO_SINK_CAPACITY,True,0.0,32,28.29181501589322,2544
290.34498401687273,PARENT,LAW_29_L32_S910005,NONE,3.629312300210909,LAW_29,143,0.0,0.0,NO_SINK_CAPACITY,True,0.0,32,28.598895257183802,2560
290.34498401687273,PARENT,LAW_29_L32_S910005,NONE,3.629312300210909,LAW_29,144,0.0,0.0,NO_SINK_CAPACITY,True,0.0,32,28.899280677128242,2576
290.34498401687273,PARENT,LAW_29_L32_S910005,NONE,3.629312300210909,LAW_29,145,0.0,0.0,NO_SINK_CAPACITY,True,0.0,32,29.193804050615647,2592
290.34498401687273,PARENT,LAW_29_L32_S910005,NONE,3.629312300210909,LAW_29,146,0.0,0.0,NO_SINK_CAPACITY,True,0.0,32,29.48312176289191,2608
290.34498401687273,PARENT,LAW_29_L32_S910005,NONE,3.629312300210909,LAW_29,147,0.0,0.0,NO_SINK_CAPACITY,True,0.0,32,29.767758812130648,2624
290.34498401687273,PARENT,LAW_29_L32_S910005,NONE,3.629312300210909,LAW_29,148,0.0,0.0,NO_SINK_CAPACITY,True,0.0,32,30.04814104174407,2640
290.34498401687273,PARENT,LAW_29_L32_S910005,NONE,3.629312300210909,LAW_29,150,0.0,0.0,NO_SINK_CAPACITY,True,0.0,32,30.21742645062994,2672
290.34498401687273,PARENT,LAW_29_L32_S910005,NONE,3.629312300210909,LAW_29,152,0.0,0.0,NO_SINK_CAPACITY,True,0.0,32,30.471084411216456,2704
290.34498401687273,PARENT,LAW_29_L32_S910005,NONE,3.629312300210909,LAW_29,153,0.0,0.0,NO_SINK_CAPACITY,True,0.0,32,30.8233498216937,2720
290.34498401687273,PARENT,LAW_29_L32_S910005,NONE,3.629312300210909,LAW_29,154,0.0,0.0,NO_SINK_CAPACITY,True,0.0,32,31.15373736852146,2736
290.34498401687273,PARENT,LAW_29_L32_S910005,NONE,3.629312300210909,LAW_29,155,0.0,0.0,NO_SINK_CAPACITY,True,0.0,32,31.46718231865551,2752
290.34498401687273,PARENT,LAW_29_L32_S910005,NONE,3.629312300210909,LAW_29,158,0.0,0.0,NO_SINK_CAPACITY,True,0.0,32,31.635108405725113,2800
290.34498401687273,PARENT,LAW_29_L32_S910005,NONE,3.629312300210909,LAW_29,159,0.0,0.0,NO_SINK_CAPACITY,True,0.0,32,32.00590104976529,2816
290.34498401687273,PARENT,LAW_29_L32_S910005,NONE,3.629312300210909,LAW_29,160,0.0,0.0,NO_SINK_CAPACITY,True,0.0,32,32.34864950439868,2832
290.34498401687273,PARENT,LAW_29_L32_S910005,NONE,3.629312300210909,LAW_29,161,0.0,0.0,NO_SINK_CAPACITY,True,0.0,32,32.67017634899161,2848
290.34498401687273,PARENT,LAW_29_L32_S910005,NONE,3.629312300210909,LAW_29,162,0.0,0.0,NO_SINK_CAPACITY,True,0.0,32,32.975379459523054,2864
290.34498401687273,PARENT,LAW_29_L32_S910005,NONE,3.629312300210909,LAW_29,163,0.0,0.0,NO_SINK_CAPACITY,True,0.0,32,33.267755504374826,2880
290.34498401687273,PARENT,LAW_29_L32_S910005,NONE,3.629312300210909,LAW_29,165,0.0,0.0,NO_SINK_CAPACITY,True,0.0,32,33.0532777970763,2912
290.34498401687273,PARENT,LAW_29_L32_S910005,NONE,3.629312300210909,LAW_29,166,0.0,0.0,NO_SINK_CAPACITY,True,0.0,32,33.421830747507286,2928
290.34498401687273,PARENT,LAW_29_L32_S910005,NONE,3.629312300210909,LAW_29,167,0.0,0.0,NO_SINK_CAPACITY,True,0.0,32,33.76172208317135,2944
290.34498401687273,PARENT,LAW_29_L32_S910005,NONE,3.629312300210909,LAW_29,168,0.0,0.0,NO_SINK_CAPACITY,True,0.0,32,34.07955120150002,2960
290.34498401687273,PARENT,LAW_29_L32_S910005,NONE,3.629312300210909,LAW_29,169,0.0,0.0,NO_SINK_CAPACITY,True,0.0,32,34.380357369748246,2976
290.34498401687273,PARENT,LAW_29_L32_S910005,NONE,3.629312300210909,LAW_29,170,0.0,0.0,NO_SINK_CAPACITY,True,0.0,32,34.667831979286504,2992
290.34498401687273,PARENT,LAW_29_L32_S910005,NONE,3.629312300210909,LAW_29,171,0.0,0.0,NO_SINK_CAPACITY,True,0.0,32,34.94466971217795,3008
290.34498401687273,PARENT,LAW_29_L32_S910005,NONE,3.629312300210909,LAW_29,172,0.0,0.0,NO_SINK_CAPACITY,True,0.0,32,35.21285599131556,3024
290.34498401687273,PARENT,LAW_29_L32_S910005,NONE,3.629312300210909,LAW_29,173,0.0,0.0,NO_SINK_CAPACITY,True,0.0,32,35.473872856438,3040
290.34498401687273,PARENT,LAW_29_L32_S910005,NONE,3.629312300210909,LAW_29,174,0.0,0.0,NO_SINK_CAPACITY,True,0.0,32,35.728841935354886,3056
290.34498401687273,PARENT,LAW_29_L32_S910005,NONE,3.629312300210909,LAW_29,175,0.0,0.0,NO_SINK_CAPACITY,True,0.0,32,35.978623628240726,3072
290.34498401687273,PARENT,LAW_29_L32_S910005,SINK,3.629312300210909,LAW_29,176,0.901127915981295,0.901127915981295,NONE,False,0.901127915981295,32,36.22388711856494,3088
290.34498401687273,PARENT,LAW_29_L32_S910005,NONE,3.629312300210909,LAW_29,177,0.0,0.0,NO_SINK_CAPACITY,True,0.0,32,35.71230673861755,3104
290.34498401687273,PARENT,LAW_29_L32_S910005,NONE,3.629312300210909,LAW_29,178,0.0,0.0,NO_SINK_CAPACITY,True,0.0,32,36.06412074184245,3120
290.34498401687273,PARENT,LAW_29_L32_S910005,NONE,3.629312300210909,LAW_29,179,0.0,0.0,NO_SINK_CAPACITY,True,0.0,32,36.3856913428681,3136
290.34498401687273,PARENT,LAW_29_L32_S910005,NONE,3.629312300210909,LAW_29,181,0.0,0.0,NO_SINK_CAPACITY,True,0.0,32,36.19048081895114,3168
290.34498401687273,PARENT,LAW_29_L32_S910005,NONE,3.629312300210909,LAW_29,182,0.0,0.0,NO_SINK_CAPACITY,True,0.0,32,36.55630826170239,3184
290.34498401687273,PARENT,LAW_29_L32_S910005,NONE,3.629312300210909,LAW_29,183,0.0,0.0,NO_SINK_CAPACITY,True,0.0,32,36.88966413389895,3200
290.34498401687273,PARENT,LAW_29_L32_S910005,NONE,3.629312300210909,LAW_29,184,0.0,0.0,NO_SINK_CAPACITY,True,0.0,32,37.198449505026424,3216
290.34498401687273,PARENT,LAW_29_L32_S910005,NONE,3.629312300210909,LAW_29,185,0.0,0.0,NO_SINK_CAPACITY,True,0.0,32,37.48853658790072,3232
290.34498401687273,PARENT,LAW_29_L32_S910005,NONE,3.629312300210909,LAW_29,186,0.0,0.0,NO_SINK_CAPACITY,True,0.0,32,37.764164001420376,3248
290.34498401687273,PARENT,LAW_29_L32_S910005,NONE,3.629312300210909,LAW_29,187,0.0,0.0,NO_SINK_CAPACITY,True,0.0,32,38.0283929140743,3264
290.34498401687273,PARENT,LAW_29_L32_S910005,NONE,3.629312300210909,LAW_29,188,0.0,0.0,NO_SINK_CAPACITY,True,0.0,32,38.283459080780794,3280
290.34498401687273,PARENT,LAW_29_L32_S910005,NONE,3.629312300210909,LAW_29,189,0.0,0.0,NO_SINK_CAPACITY,True,0.0,32,38.53101826631507,3296
290.34498401687273,PARENT,LAW_29_L32_S910005,NONE,3.629312300210909,LAW_29,190,0.0,0.0,NO_SINK_CAPACITY,True,0.0,32,38.772314239620435,3312
290.34498401687273,PARENT,LAW_29_L32_S910005,NONE,3.629312300210909,LAW_29,191,0.0,0.0,NO_SINK_CAPACITY,True,0.0,32,39.00829442499791,3328
290.34498401687273,PARENT,LAW_29_L32_S910005,SINK,3.629312300210909,LAW_29,192,0.45012468011704576,0.45012468011704576,NONE,False,0.45012468011704576,32,39.23969058670205,3344
290.34498401687273,PARENT,LAW_29_L32_S910005,NONE,3.629312300210909,LAW_29,193,0.0,0.0,NO_SINK_CAPACITY,True,0.0,32,39.08610329411963,3360
290.34498401687273,PARENT,LAW_29_L32_S910005,NONE,3.629312300210909,LAW_29,194,0.0,0.0,NO_SINK_CAPACITY,True,0.0,32,39.36394544505865,3376
290.34498401687273,PARENT,LAW_29_L32_S910005,NONE,3.629312300210909,LAW_29,195,0.0,0.0,NO_SINK_CAPACITY,True,0.0,32,39.6267734698315,3392
290.34498401687273,PARENT,LAW_29_L32_S910005,NONE,3.629312300210909,LAW_29,196,0.0,0.0,NO_SINK_CAPACITY,True,0.0,32,39.877882034435196,3408
290.34498401687273,PARENT,LAW_29_L32_S910005,NONE,3.629312300210909,LAW_29,197,0.0,0.0,NO_SINK_CAPACITY,True,0.0,32,40.1197327411116,3424
290.34498401687273,PARENT,LAW_29_L32_S910005,NONE,3.629312300210909,LAW_29,198,0.0,0.0,NO_SINK_CAPACITY,True,0.0,32,40.354120108621636,3440
290.34498401687273,PARENT,LAW_29_L32_S910005,NONE,3.629312300210909,LAW_29,199,0.0,0.0,NO_SINK_CAPACITY,True,0.0,32,40.58236593606438,3456
290.34498401687273,PARENT,LAW_29_L32_S910005,SINK,3.629312300210909,LAW_29,200,0.9009921656704809,0.9009921656704809,NONE,False,0.9009921656704809,32,40.805462884103434,3472
290.34498401687273,PARENT,LAW_29_L32_S910005,NONE,3.629312300210909,LAW_29,201,0.0,0.0,NO_SINK_CAPACITY,True,0.0,32,40.274137094509534,3488
290.34498401687273,PARENT,LAW_29_L32_S910005,NONE,3.629312300210909,LAW_29,202,0.0,0.0,NO_SINK_CAPACITY,True,0.0,32,40.60430099843711,3504
290.34498401687273,PARENT,LAW_29_L32_S910005,NONE,3.629312300210909,LAW_29,203,0.0,0.0,NO_SINK_CAPACITY,True,0.0,32,40.90396015132616,3520
290.34498401687273,PARENT,LAW_29_L32_S910005,NONE,3.629312300210909,LAW_29,204,0.0,0.0,NO_SINK_CAPACITY,True,0.0,32,41.180696028624034,3536
290.34498401687273,PARENT,LAW_29_L32_S910005,NONE,3.629312300210909,LAW_29,206,0.0,0.0,NO_SINK_CAPACITY,True,0.0,32,41.30761515276962,3568
290.34498401687273,PARENT,LAW_29_L32_S910005,NONE,3.629312300210909,LAW_29,207,0.0,0.0,NO_SINK_CAPACITY,True,0.0,32,41.59890369239428,3584
290.34498401687273,PARENT,LAW_29_L32_S910005,NONE,3.629312300210909,LAW_29,208,0.0,0.0,NO_SINK_CAPACITY,True,0.0,32,41.86958920110135,3600
290.34498401687273,PARENT,LAW_29_L32_S910005,NONE,3.629312300210909,LAW_29,209,0.0,0.0,NO_SINK_CAPACITY,True,0.0,32,42.124439981517625,3616
290.34498401687273,PARENT,LAW_29_L32_S910005,NONE,3.629312300210909,LAW_29,210,0.0,0.0,NO_SINK_CAPACITY,True,0.0,32,42.366985082510546,3632
290.34498401687273,PARENT,LAW_29_L32_S910005,NONE,3.629312300210909,LAW_29,211,0.0,0.0,NO_SINK_CAPACITY,True,0.0,32,42.59980571731987,3648
290.34498401687273,PARENT,LAW_29_L32_S910005,NONE,3.629312300210909,LAW_29,212,0.0,0.0,NO_SINK_CAPACITY,True,0.0,32,42.82480579434292,3664
290.34498401687273,PARENT,LAW_29_L32_S910005,NONE,3.629312300210909,LAW_29,213,0.0,0.0,NO_SINK_CAPACITY,True,0.0,32,43.043407882289166,3680
290.34498401687273,PARENT,LAW_29_L32_S910005,NONE,3.629312300210909,LAW_29,214,0.0,0.0,NO_SINK_CAPACITY,True,0.0,32,43.25668778285115,3696
290.34498401687273,PARENT,LAW_29_L32_S910005,NONE,3.629312300210909,LAW_29,215,0.0,0.0,NO_SINK_CAPACITY,True,0.0,32,43.465468754835165,3712
290.34498401687273,PARENT,LAW_29_L32_S910005,NONE,3.629312300210909,LAW_29,216,0.0,0.0,NO_SINK_CAPACITY,True,0.0,32,43.670388329091466,3728
290.34498401687273,PARENT,LAW_29_L32_S910005,NONE,3.629312300210909,LAW_29,217,0.0,0.0,NO_SINK_CAPACITY,True,0.0,32,43.87194591895059,3744
290.34498401687273,PARENT,LAW_29_L32_S910005,NONE,3.629312300210909,LAW_29,218,0.0,0.0,NO_SINK_CAPACITY,True,0.0,32,44.07053717364124,3760
290.34498401687273,PARENT,LAW_29_L32_S910005,NONE,3.629312300210909,LAW_29,219,0.0,0.0,NO_SINK_CAPACITY,True,0.0,32,44.266479155687925,3776
290.34498401687273,PARENT,LAW_29_L32_S910005,NONE,3.629312300210909,LAW_29,220,0.0,0.0,NO_SINK_CAPACITY,True,0.0,32,44.460028696300746,3792
290.34498401687273,PARENT,LAW_29_L32_S910005,NONE,3.629312300210909,LAW_29,221,0.0,0.0,NO_SINK_CAPACITY,True,0.0,32,44.65139610619671,3808
290.34498401687273,PARENT,LAW_29_L32_S910005,NONE,3.629312300210909,LAW_29,222,0.0,0.0,NO_SINK_CAPACITY,True,0.0,32,44.8407554634265,3824
290.34498401687273,PARENT,LAW_29_L32_S910005,NONE,3.629312300210909,LAW_29,223,0.0,0.0,NO_SINK_CAPACITY,True,0.0,32,45.02825234798918,3840
290.34498401687273,PARENT,LAW_29_L32_S910005,NONE,3.629312300210909,LAW_29,224,0.0,0.0,NO_SINK_CAPACITY,True,0.0,32,45.214009731963955,3856
290.34498401687273,PARENT,LAW_29_L32_S910005,NONE,3.629312300210909,LAW_29,225,0.0,0.0,NO_SINK_CAPACITY,True,0.0,32,45.39813254770218,3872
290.34498401687273,PARENT,LAW_29_L32_S910005,NONE,3.629312300210909,LAW_29,227,0.0,0.0,NO_SINK_CAPACITY,True,0.0,32,45.38289522849897,3904
290.34498401687273,PARENT,LAW_29_L32_S910005,NONE,3.629312300210909,LAW_29,229,0.0,0.0,NO_SINK_CAPACITY,True,0.0,32,45.45511636059647,3936
290.34498401687273,PARENT,LAW_29_L32_S910005,NONE,3.629312300210909,LAW_29,230,0.0,0.0,NO_SINK_CAPACITY,True,0.0,32,45.7177991323032,3952
290.34498401687273,PARENT,LAW_29_L32_S910005,NONE,3.629312300210909,LAW_29,231,0.0,0.0,NO_SINK_CAPACITY,True,0.0,32,45.96116811807651,3968
290.34498401687273,PARENT,LAW_29_L32_S910005,NONE,3.629312300210909,LAW_29,232,0.0,0.0,NO_SINK_CAPACITY,True,0.0,32,46.18970136955269,3984
290.34498401687273,PARENT,LAW_29_L32_S910005,NONE,3.629312300210909,LAW_29,233,0.0,0.0,NO_SINK_CAPACITY,True,0.0,32,46.406768500567765,4000
290.34498401687273,PARENT,LAW_29_L32_S910005,NONE,3.629312300210909,LAW_29,234,0.0,0.0,NO_SINK_CAPACITY,True,0.0,32,46.61485371902787,4016
290.34498401687273,PARENT,LAW_29_L32_S910005,NONE,3.629312300210909,LAW_29,235,0.0,0.0,NO_SINK_CAPACITY,True,0.0,32,46.81579344503147,4032
290.34498401687273,PARENT,LAW_29_L32_S910005,NONE,3.629312300210909,LAW_29,236,0.0,0.0,NO_SINK_CAPACITY,True,0.0,32,47.01095834751115,4048
290.34498401687273,PARENT,LAW_29_L32_S910005,NONE,3.629312300210909,LAW_29,237,0.0,0.0,NO_SINK_CAPACITY,True,0.0,32,47.20138168067518,4064
290.34498401687273,PARENT,LAW_29_L32_S910005,NONE,3.629312300210909,LAW_29,238,0.0,0.0,NO_SINK_CAPACITY,True,0.0,32,47.387849884709816,4080
290.34498401687273,PARENT,LAW_29_L32_S910005,NONE,3.629312300210909,LAW_29,239,0.0,0.0,NO_SINK_CAPACITY,True,0.0,32,47.5709674931849,4096
290.34498401687273,PARENT,LAW_29_L32_S910005,NONE,3.629312300210909,LAW_29,240,0.0,0.0,NO_SINK_CAPACITY,True,0.0,32,47.751203788667816,4112
290.34498401687273,PARENT,LAW_29_L32_S910005,NONE,3.629312300210909,LAW_29,242,0.0,0.0,NO_SINK_CAPACITY,True,0.0,32,47.72556580177761,4144
290.34498401687273,PARENT,LAW_29_L32_S910005,NONE,3.629312300210909,LAW_29,243,0.0,0.0,NO_SINK_CAPACITY,True,0.0,32,47.95408142011171,4160
290.34498401687273,PARENT,LAW_29_L32_S910005,NONE,3.629312300210909,LAW_29,244,0.0,0.0,NO_SINK_CAPACITY,True,0.0,32,48.16834988892974,4176
290.34498401687273,PARENT,LAW_29_L32_S910005,NONE,3.629312300210909,LAW_29,245,0.0,0.0,NO_SINK_CAPACITY,True,0.0,32,48.3717590022663,4192
290.34498401687273,PARENT,LAW_29_L32_S910005,NONE,3.629312300210909,LAW_29,246,0.0,0.0,NO_SINK_CAPACITY,True,0.0,32,48.56682481295695,4208
290.34498401687273,PARENT,LAW_29_L32_S910005,NONE,3.629312300210909,LAW_29,247,0.0,0.0,NO_SINK_CAPACITY,True,0.0,32,48.755365055403296,4224
290.34498401687273,PARENT,LAW_29_L32_S910005,SINK,3.629312300210909,LAW_29,248,0.45014128154792715,0.45014128154792715,NONE,False,0.45014128154792715,32,48.93869829548766,4240
290.34498401687273,PARENT,LAW_29_L32_S910005,NONE,3.629312300210909,LAW_29,249,0.0,0.0,NO_SINK_CAPACITY,True,0.0,32,48.737701024521506,4256
290.34498401687273,PARENT,LAW_29_L32_S910005,NONE,3.629312300210909,LAW_29,250,0.0,0.0,NO_SINK_CAPACITY,True,0.0,32,48.96752138612627,4272
290.34498401687273,PARENT,LAW_29_L32_S910005,NONE,3.629312300210909,LAW_29,251,0.0,0.0,NO_SINK_CAPACITY,True,0.0,32,49.1821806072545,4288
290.34498401687273,PARENT,LAW_29_L32_S910005,NONE,3.629312300210909,LAW_29,252,0.0,0.0,NO_SINK_CAPACITY,True,0.0,32,49.38521959235727,4304
290.34498401687273,PARENT,LAW_29_L32_S910005,NONE,3.629312300210909,LAW_29,253,0.0,0.0,NO_SINK_CAPACITY,True,0.0,32,49.579287703983674,4320
290.34498401687273,PARENT,LAW_29_L32_S910005,NONE,3.629312300210909,LAW_29,254,0.0,0.0,NO_SINK_CAPACITY,True,0.0,32,49.76632010407961,4336
290.34498401687273,PARENT,LAW_29_L32_S910005,NONE,3.629312300210909,LAW_29,255,0.0,0.0,NO_SINK_CAPACITY,True,0.0,32,49.94773501658196,4352
290.34498401687273,PARENT,LAW_29_L32_S910005,NONE,3.629312300210909,LAW_29,256,0.0,0.0,NO_SINK_CAPACITY,True,0.0,32,50.12458452311342,4368
290.34498401687273,PARENT,LAW_29_L32_S910005,NONE,3.629312300210909,LAW_29,258,0.0,0.0,NO_SINK_CAPACITY,True,0.0,32,50.088104284116746,4400
290.34498401687273,PARENT,LAW_29_L32_S910005,NONE,3.629312300210909,LAW_29,259,0.0,0.0,NO_SINK_CAPACITY,True,0.0,32,50.30987542762329,4416
290.34498401687273,PARENT,LAW_29_L32_S910005,NONE,3.629312300210909,LAW_29,260,0.0,0.0,NO_SINK_CAPACITY,True,0.0,32,50.51696571396011,4432
290.34498401687273,PARENT,LAW_29_L32_S910005,NONE,3.629312300210909,LAW_29,261,0.0,0.0,NO_SINK_CAPACITY,True,0.0,32,50.71282902708826,4448
290.34498401687273,PARENT,LAW_29_L32_S910005,NONE,3.629312300210909,LAW_29,262,0.0,0.0,NO_SINK_CAPACITY,True,0.0,32,50.90004772480589,4464
290.34498401687273,PARENT,LAW_29_L32_S910005,NONE,3.629312300210909,LAW_29,263,0.0,0.0,NO_SINK_CAPACITY,True,0.0,32,51.080504516838374,4480
290.34498401687273,PARENT,LAW_29_L32_S910005,NONE,3.629312300210909,LAW_29,264,0.0,0.0,NO_SINK_CAPACITY,True,0.0,32,51.255576234066496,4496
290.34498401687273,PARENT,LAW_29_L32_S910005,NONE,3.629312300210909,LAW_29,265,0.0,0.0,NO_SINK_CAPACITY,True,0.0,32,51.42628149557929,4512
290.34498401687273,PARENT,LAW_29_L32_S910005,NONE,3.629312300210909,LAW_29,266,0.0,0.0,NO_SINK_CAPACITY,True,0.0,32,51.59338330935307,4528
290.34498401687273,PARENT,LAW_29_L32_S910005,NONE,3.629312300210909,LAW_29,268,0.0,0.0,NO_SINK_CAPACITY,True,0.0,32,51.53975228294967,4560
290.34498401687273,PARENT,LAW_29_L32_S910005,NONE,3.629312300210909,LAW_29,269,0.0,0.0,NO_SINK_CAPACITY,True,0.0,32,51.75379591759357,4576
290.34498401687273,PARENT,LAW_29_L32_S910005,NONE,3.629312300210909,LAW_29,270,0.0,0.0,NO_SINK_CAPACITY,True,0.0,32,51.953449189470824,4592
290.34498401687273,PARENT,LAW_29_L32_S910005,NONE,3.629312300210909,LAW_29,271,0.0,0.0,NO_SINK_CAPACITY,True,0.0,32,52.14213987836852,4608
290.34498401687273,PARENT,LAW_29_L32_S910005,SINK,3.629312300210909,LAW_29,272,0.4502722887968949,0.4502722887968949,NONE,False,0.4502722887968949,32,52.32242373123478,4624
290.34498401687273,SINK_FLOOR,LAW_29_L32_S910005,PLANNED,3.629312300210909,LAW_29,0,3.629312300210909,3.62931230021091,NONE,False,47.690781542394014,32,47.14267457702177,272
290.34498401687273,SINK_FLOOR,LAW_29_L32_S910005,PLANNED,3.629312300210909,LAW_29,8,3.629312300210909,3.6293123002109113,NONE,False,17.490468125109693,32,24.703086265034656,400
290.34498401687273,SINK_FLOOR,LAW_29_L32_S910005,SINK,3.629312300210909,LAW_29,16,0.31227979017035556,0.31227979017035556,NONE,False,0.31227979017035556,32,14.261857498497392,528
290.34498401687273,SINK_FLOOR,LAW_29_L32_S910005,SINK,3.629312300210909,LAW_29,24,0.21715887420885482,0.21715887420885482,NONE,False,0.21715887420885482,32,18.378979277319107,656
290.34498401687273,SINK_FLOOR,LAW_29_L32_S910005,SINK,3.629312300210909,LAW_29,32,0.17931400193766578,0.17931400193766578,NONE,False,0.17931400193766578,32,21.67472836056361,784
290.34498401687273,SINK_FLOOR,LAW_29_L32_S910005,SINK,3.629312300210909,LAW_29,40,0.15738883636756862,0.15738883636756862,NONE,False,0.15738883636756862,32,24.530789402242863,912
290.34498401687273,SINK_FLOOR,LAW_29_L32_S910005,SINK,3.629312300210909,LAW_29,48,0.1416015296932911,0.1416015296932911,NONE,False,0.1416015296932911,32,27.09383208727389,1040
290.34498401687273,SINK_FLOOR,LAW_29_L32_S910005,SINK,3.629312300210909,LAW_29,56,0.12928766272974546,0.12928766272974546,NONE,False,0.12928766272974546,32,29.43649929077126,1168
290.34498401687273,SINK_FLOOR,LAW_29_L32_S910005,SINK,3.629312300210909,LAW_29,64,0.11924569552859832,0.11924569552859832,NONE,False,0.11924569552859832,32,31.605972762827335,1296
290.34498401687273,SINK_FLOOR,LAW_29_L32_S910005,SINK,3.629312300210909,LAW_29,72,0.11050535161880459,0.11050535161880459,NONE,False,0.11050535161880459,32,33.638652098999344,1424
290.34498401687273,SINK_FLOOR,LAW_29_L32_S910005,SINK,3.629312300210909,LAW_29,80,0.10277687038731453,0.10277687038731453,NONE,False,0.10277687038731453,32,35.55403468658299,1552
290.34498401687273,SINK_FLOOR,LAW_29_L32_S910005,SINK,3.629312300210909,LAW_29,88,0.09585498706622819,0.09585498706622819,NONE,False,0.09585498706622819,32,37.367300616660486,1680
290.34498401687273,SINK_FLOOR,LAW_29_L32_S910005,SINK,3.629312300210909,LAW_29,96,0.08993551633168673,0.08993551633168673,NONE,False,0.08993551633168673,32,39.090694637426665,1808
290.34498401687273,SINK_FLOOR,LAW_29_L32_S910005,SINK,3.629312300210909,LAW_29,104,0.08451514679232974,0.08451514679232974,NONE,False,0.08451514679232974,32,40.73360409709666,1936
290.34498401687273,SINK_FLOOR,LAW_29_L32_S910005,SINK,3.629312300210909,LAW_29,112,0.07949376947037412,0.07949376947037412,NONE,False,0.07949376947037412,32,42.304736585137526,2064
290.34498401687273,SINK_FLOOR,LAW_29_L32_S910005,SINK,3.629312300210909,LAW_29,120,0.07482874112835136,0.07482874112835136,NONE,False,0.07482874112835136,32,43.8108584530045,2192
290.34498401687273,SINK_FLOOR,LAW_29_L32_S910005,SINK,3.629312300210909,LAW_29,128,0.07048104463801985,0.07048104463801985,NONE,False,0.07048104463801985,32,45.25771912759183,2320
290.34498401687273,SINK_FLOOR,LAW_29_L32_S910005,SINK,3.629312300210909,LAW_29,136,0.06658398017061085,0.06658398017061085,NONE,False,0.06658398017061085,32,46.6499595888899,2448
290.34498401687273,SINK_FLOOR,LAW_29_L32_S910005,SINK,3.629312300210909,LAW_29,144,0.06298400724091324,0.06298400724091324,NONE,False,0.06298400724091324,32,47.99098624615286,2576
290.34498401687273,SINK_FLOOR,LAW_29_L32_S910005,SINK,3.629312300210909,LAW_29,152,0.059570704846211964,0.059570704846211964,NONE,False,0.059570704846211964,32,49.28502963953406,2704
290.34498401687273,SINK_FLOOR,LAW_29_L32_S910005,SINK,3.629312300210909,LAW_29,160,0.05633896801946614,0.05633896801946614,NONE,False,0.05633896801946614,32,50.5355682678602,2832
290.34498401687273,SINK_FLOOR,LAW_29_L32_S910005,SINK,3.629312300210909,LAW_29,168,0.05340703714775141,0.05340703714775141,NONE,False,0.05340703714775141,32,51.745309805191624,2960
290.34498401687273,SINK_FLOOR,LAW_29_L32_S910005,SINK,3.629312300210909,LAW_29,176,0.05070116843866024,0.05070116843866024,NONE,False,0.05070116843866024,32,52.91611015904147,3088
290.34498401687273,SINK_FLOOR,LAW_29_L32_S910005,SINK,3.629312300210909,LAW_29,184,0.04810491494612035,0.04810491494612035,NONE,False,0.04810491494612035,32,54.05084187284492,3216
290.34498401687273,SINK_FLOOR,LAW_29_L32_S910005,SINK,3.629312300210909,LAW_29,192,0.04562284596761057,0.04562284596761057,NONE,False,0.04562284596761057,32,55.151766290157006,3344
290.34498401687273,SINK_FLOOR,LAW_29_L32_S910005,SINK,3.629312300210909,LAW_29,200,0.043252562678769535,0.043252562678769535,NONE,False,0.043252562678769535,32,55.670600685072515,3472
290.34498401687273,SINK_FLOOR,LAW_29_L32_S910005,SINK,3.629312300210909,LAW_29,208,0.040989786131239825,0.040989786131239825,NONE,False,0.040989786131239825,32,56.70871494096781,3600
290.34498401687273,SINK_FLOOR,LAW_29_L32_S910005,SINK,3.629312300210909,LAW_29,216,0.03882962851954874,0.03882962851954874,NONE,False,0.03882962851954874,32,57.71832692522648,3728
290.34498401687273,SINK_FLOOR,LAW_29_L32_S910005,SINK,3.629312300210909,LAW_29,224,0.03688096444581723,0.03688096444581723,NONE,False,0.03688096444581723,32,58.70058516375448,3856
290.34498401687273,SINK_FLOOR,LAW_29_L32_S910005,SINK,3.629312300210909,LAW_29,232,0.0350354092031262,0.0350354092031262,NONE,False,0.0350354092031262,32,59.6563868899042,3984
290.34498401687273,SINK_FLOOR,LAW_29_L32_S910005,SINK,3.629312300210909,LAW_29,240,0.03325554023865829,0.03325554023865829,NONE,False,0.03325554023865829,32,60.58723821642967,4112
290.34498401687273,SINK_FLOOR,LAW_29_L32_S910005,SINK,3.629312300210909,LAW_29,248,0.03164317219781887,0.03164317219781887,NONE,False,0.03164317219781887,32,61.49419497605441,4240
290.34498401687273,SINK_FLOOR,LAW_29_L32_S910005,SINK,3.629312300210909,LAW_29,256,0.030121912926804217,0.030121912926804217,NONE,False,0.030121912926804217,32,62.376435739638566,4368
290.34498401687273,SINK_FLOOR,LAW_29_L32_S910005,SINK,3.629312300210909,LAW_29,264,0.028644397613595718,0.028644397613595718,NONE,False,0.028644397613595718,32,63.23442546166772,4496
290.34498401687273,SINK_FLOOR,LAW_29_L32_S910005,SINK,3.629312300210909,LAW_29,272,0.02721579435885002,0.02721579435885002,NONE,False,0.02721579435885002,32,64.06982651900535,4624
290.34498401687273,SINK_FLOOR,LAW_29_L32_S910005,SINK,3.629312300210909,LAW_29,280,0.025837152913605332,0.025837152913605332,NONE,False,0.025837152913605332,32,64.88391265894892,4752
290.34498401687273,SINK_FLOOR,LAW_29_L32_S910005,SINK,3.629312300210909,LAW_29,288,0.02450809287910538,0.02450809287910538,NONE,False,0.02450809287910538,32,65.67774008307543,4880
290.34498401687273,SINK_FLOOR,LAW_29_L32_S910005,SINK,3.629312300210909,LAW_29,296,0.023227588532426235,0.023227588532426235,NONE,False,0.023227588532426235,32,66.4522362441395,5008
290.34498401687273,SINK_FLOOR,LAW_29_L32_S910005,SINK,3.629312300210909,LAW_29,304,0.021994288319116206,0.021994288319116206,NONE,False,0.021994288319116206,32,67.20823713329628,5136
290.34498401687273,SINK_FLOOR,LAW_29_L32_S910005,SINK,3.629312300210909,LAW_29,312,0.020854780162822384,0.020854780162822384,NONE,False,0.020854780162822384,32,67.94646607844399,5264
289.14853955630684,PARENT,LAW_29_L32_S910006,PLANNED,3.6143567444538354,LAW_29,0,3.6143567444538354,3.6143567444538363,NONE,False,134.80515132376317,32,48.27142785133063,272
289.14853955630684,PARENT,LAW_29_L32_S910006,PLANNED,3.6143567444538354,LAW_29,8,3.6143567444538354,3.6143567444538354,NONE,False,94.79373815792856,32,25.960036846413693,400
289.14853955630684,PARENT,LAW_29_L32_S910006,PLANNED,3.6143567444538354,LAW_29,16,3.6143567444538354,3.614356744453836,NONE,False,55.68900158005728,32,4.5556779724556815,528
289.14853955630684,PARENT,LAW_29_L32_S910006,SOURCE,3.6143567444538354,LAW_29,24,0.9785938486352891,0.9785938486352891,NONE,False,37.472066107983906,32,0.9785938486352891,656
289.14853955630684,PARENT,LAW_29_L32_S910006,SOURCE,3.6143567444538354,LAW_29,32,0.8868820153865776,0.8868820153865776,NONE,False,25.000613828535094,32,0.8868820153865776,784
289.14853955630684,PARENT,LAW_29_L32_S910006,SOURCE,3.6143567444538354,LAW_29,40,0.9824944887856315,0.9824944887856315,NONE,False,15.077845501810916,32,0.9824944887856315,912
289.14853955630684,PARENT,LAW_29_L32_S910006,SOURCE,3.6143567444538354,LAW_29,48,1.2047664152633875,1.2047664152633875,NONE,False,7.604170143858594,32,1.2047664152633875,1040
289.14853955630684,PARENT,LAW_29_L32_S910006,SINK,3.6143567444538354,LAW_29,56,0.9223167087600763,0.9223167087600763,NONE,False,0.9223167087600763,32,1.3945101868435492,1168
289.14853955630684,PARENT,LAW_29_L32_S910006,NONE,3.6143567444538354,LAW_29,64,0.0,0.0,NO_SINK_CAPACITY,True,0.0,32,4.412965642115338,1296
289.14853955630684,PARENT,LAW_29_L32_S910006,NONE,3.6143567444538354,LAW_29,66,0.0,0.0,NO_SINK_CAPACITY,True,0.0,32,3.5480586378802066,1328
289.14853955630684,PARENT,LAW_29_L32_S910006,NONE,3.6143567444538354,LAW_29,69,0.0,0.0,NO_SINK_CAPACITY,True,0.0,32,5.236009962192304,1376
289.14853955630684,PARENT,LAW_29_L32_S910006,NONE,3.6143567444538354,LAW_29,72,0.0,0.0,NO_SINK_CAPACITY,True,0.0,32,7.288704684147336,1424
289.14853955630684,PARENT,LAW_29_L32_S910006,NONE,3.6143567444538354,LAW_29,74,0.0,0.0,NO_SINK_CAPACITY,True,0.0,32,8.17695868596184,1456
289.14853955630684,PARENT,LAW_29_L32_S910006,NONE,3.6143567444538354,LAW_29,75,0.0,0.0,NO_SINK_CAPACITY,True,0.0,32,9.009111544309913,1472
289.14853955630684,PARENT,LAW_29_L32_S910006,NONE,3.6143567444538354,LAW_29,76,0.0,0.0,NO_SINK_CAPACITY,True,0.0,32,9.764544215457594,1488
289.14853955630684,PARENT,LAW_29_L32_S910006,NONE,3.6143567444538354,LAW_29,78,0.0,0.0,NO_SINK_CAPACITY,True,0.0,32,10.347648547827912,1520
289.14853955630684,PARENT,LAW_29_L32_S910006,SINK,3.6143567444538354,LAW_29,80,0.45143412051527654,0.45143412051527654,NONE,False,0.45143412051527654,32,11.355822629160594,1552
289.14853955630684,PARENT,LAW_29_L32_S910006,NONE,3.6143567444538354,LAW_29,82,0.0,0.0,NO_SINK_CAPACITY,True,0.0,32,11.568514271957472,1584
289.14853955630684,PARENT,LAW_29_L32_S910006,NONE,3.6143567444538354,LAW_29,84,0.0,0.0,NO_SINK_CAPACITY,True,0.0,32,12.19854448835779,1616
289.14853955630684,PARENT,LAW_29_L32_S910006,NONE,3.6143567444538354,LAW_29,85,0.0,0.0,NO_SINK_CAPACITY,True,0.0,32,12.919683658204868,1632
289.14853955630684,PARENT,LAW_29_L32_S910006,NONE,3.6143567444538354,LAW_29,87,0.0,0.0,NO_SINK_CAPACITY,True,0.0,32,13.79455061811518,1664
289.14853955630684,PARENT,LAW_29_L32_S910006,NONE,3.6143567444538354,LAW_29,88,0.0,0.0,NO_SINK_CAPACITY,True,0.0,32,14.41211819077971,1680
289.14853955630684,PARENT,LAW_29_L32_S910006,NONE,3.6143567444538354,LAW_29,89,0.0,0.0,NO_SINK_CAPACITY,True,0.0,32,14.985178225023672,1696
289.14853955630684,PARENT,LAW_29_L32_S910006,NONE,3.6143567444538354,LAW_29,90,0.0,0.0,NO_SINK_CAPACITY,True,0.0,32,15.523007885960892,1712
289.14853955630684,PARENT,LAW_29_L32_S910006,NONE,3.6143567444538354,LAW_29,92,0.0,0.0,NO_SINK_CAPACITY,True,0.0,32,15.754048686219422,1744
289.14853955630684,PARENT,LAW_29_L32_S910006,NONE,3.6143567444538354,LAW_29,95,0.0,0.0,NO_SINK_CAPACITY,True,0.0,32,16.286729486423106,1792
289.14853955630684,PARENT,LAW_29_L32_S910006,SINK,3.6143567444538354,LAW_29,96,0.9060251509040733,0.9060251509040733,NONE,False,0.9060251509040733,32,16.915494291446027,1808
289.14853955630684,PARENT,LAW_29_L32_S910006,NONE,3.6143567444538354,LAW_29,97,0.0,0.0,NO_SINK_CAPACITY,True,0.0,32,16.714438919808956,1824
289.14853955630684,PARENT,LAW_29_L32_S910006,NONE,3.6143567444538354,LAW_29,98,0.0,0.0,NO_SINK_CAPACITY,True,0.0,32,17.344510494751688,1840
289.14853955630684,PARENT,LAW_29_L32_S910006,NONE,3.6143567444538354,LAW_29,100,0.0,0.0,NO_SINK_CAPACITY,True,0.0,32,18.06920343525023,1872
289.14853955630684,PARENT,LAW_29_L32_S910006,NONE,3.6143567444538354,LAW_29,101,0.0,0.0,NO_SINK_CAPACITY,True,0.0,32,18.614999899655494,1888
289.14853955630684,PARENT,LAW_29_L32_S910006,NONE,3.6143567444538354,LAW_29,102,0.0,0.0,NO_SINK_CAPACITY,True,0.0,32,19.11869941421085,1904
289.14853955630684,PARENT,LAW_29_L32_S910006,NONE,3.6143567444538354,LAW_29,103,0.0,0.0,NO_SINK_CAPACITY,True,0.0,32,19.59105884996562,1920
289.14853955630684,PARENT,LAW_29_L32_S910006,NONE,3.6143567444538354,LAW_29,104,0.0,0.0,NO_SINK_CAPACITY,True,0.0,32,20.039231102323143,1936
289.14853955630684,PARENT,LAW_29_L32_S910006,NONE,3.6143567444538354,LAW_29,105,0.0,0.0,NO_SINK_CAPACITY,True,0.0,32,20.468126956686312,1952
289.14853955630684,PARENT,LAW_29_L32_S910006,NONE,3.6143567444538354,LAW_29,107,0.0,0.0,NO_SINK_CAPACITY,True,0.0,32,20.520108406864395,1984
289.14853955630684,PARENT,LAW_29_L32_S910006,NONE,3.6143567444538354,LAW_29,108,0.0,0.0,NO_SINK_CAPACITY,True,0.0,32,21.01705116425433,2000
289.14853955630684,PARENT,LAW_29_L32_S910006,NONE,3.6143567444538354,LAW_29,109,0.0,0.0,NO_SINK_CAPACITY,True,0.0,32,21.4799526518343,2016
289.14853955630684,PARENT,LAW_29_L32_S910006,NONE,3.6143567444538354,LAW_29,111,0.0,0.0,NO_SINK_CAPACITY,True,0.0,32,21.95733499087762,2048
289.14853955630684,PARENT,LAW_29_L32_S910006,NONE,3.6143567444538354,LAW_29,112,0.0,0.0,NO_SINK_CAPACITY,True,0.0,32,22.41489948613672,2064
289.14853955630684,PARENT,LAW_29_L32_S910006,NONE,3.6143567444538354,LAW_29,113,0.0,0.0,NO_SINK_CAPACITY,True,0.0,32,22.84432368565913,2080
289.14853955630684,PARENT,LAW_29_L32_S910006,NONE,3.6143567444538354,LAW_29,114,0.0,0.0,NO_SINK_CAPACITY,True,0.0,32,23.251270777790527,2096
289.14853955630684,PARENT,LAW_29_L32_S910006,NONE,3.6143567444538354,LAW_29,115,0.0,0.0,NO_SINK_CAPACITY,True,0.0,32,23.6402617701999,2112
289.14853955630684,PARENT,LAW_29_L32_S910006,NONE,3.6143567444538354,LAW_29,117,0.0,0.0,NO_SINK_CAPACITY,True,0.0,32,23.998479711480652,2144
289.14853955630684,PARENT,LAW_29_L32_S910006,NONE,3.6143567444538354,LAW_29,118,0.0,0.0,NO_SINK_CAPACITY,True,0.0,32,24.406504447002693,2160
289.14853955630684,PARENT,LAW_29_L32_S910006,NONE,3.6143567444538354,LAW_29,119,0.0,0.0,NO_SINK_CAPACITY,True,0.0,32,24.793591695563705,2176
289.14853955630684,PARENT,LAW_29_L32_S910006,NONE,3.6143567444538354,LAW_29,120,0.0,0.0,NO_SINK_CAPACITY,True,0.0,32,25.16398919975608,2192
289.14853955630684,PARENT,LAW_29_L32_S910006,NONE,3.6143567444538354,LAW_29,123,0.0,0.0,NO_SINK_CAPACITY,True,0.0,32,24.77345153007468,2240
289.14853955630684,PARENT,LAW_29_L32_S910006,NONE,3.6143567444538354,LAW_29,124,0.0,0.0,NO_SINK_CAPACITY,True,0.0,32,25.28610800455486,2256
289.14853955630684,PARENT,LAW_29_L32_S910006,NONE,3.6143567444538354,LAW_29,125,0.0,0.0,NO_SINK_CAPACITY,True,0.0,32,25.7504180044433,2272
289.14853955630684,PARENT,LAW_29_L32_S910006,NONE,3.6143567444538354,LAW_29,128,0.0,0.0,NO_SINK_CAPACITY,True,0.0,32,26.255302464893564,2320
289.14853955630684,PARENT,LAW_29_L32_S910006,NONE,3.6143567444538354,LAW_29,129,0.0,0.0,NO_SINK_CAPACITY,True,0.0,32,26.713267093128987,2336
289.14853955630684,PARENT,LAW_29_L32_S910006,NONE,3.6143567444538354,LAW_29,130,0.0,0.0,NO_SINK_CAPACITY,True,0.0,32,27.135782926348465,2352
289.14853955630684,PARENT,LAW_29_L32_S910006,NONE,3.6143567444538354,LAW_29,131,0.0,0.0,NO_SINK_CAPACITY,True,0.0,32,27.53106962699004,2368
289.14853955630684,PARENT,LAW_29_L32_S910006,NONE,3.6143567444538354,LAW_29,132,0.0,0.0,NO_SINK_CAPACITY,True,0.0,32,27.905114180701737,2384
289.14853955630684,PARENT,LAW_29_L32_S910006,NONE,3.6143567444538354,LAW_29,133,0.0,0.0,NO_SINK_CAPACITY,True,0.0,32,28.26227001343752,2400
289.14853955630684,PARENT,LAW_29_L32_S910006,NONE,3.6143567444538354,LAW_29,134,0.0,0.0,NO_SINK_CAPACITY,True,0.0,32,28.60574144551612,2416
289.14853955630684,PARENT,LAW_29_L32_S910006,NONE,3.6143567444538354,LAW_29,135,0.0,0.0,NO_SINK_CAPACITY,True,0.0,32,28.937920771198392,2432
289.14853955630684,PARENT,LAW_29_L32_S910006,SINK,3.6143567444538354,LAW_29,136,0.9014723820636543,0.9014723820636543,NONE,False,0.9014723820636543,32,29.26061926192237,2448
289.14853955630684,PARENT,LAW_29_L32_S910006,NONE,3.6143567444538354,LAW_29,137,0.0,0.0,NO_SINK_CAPACITY,True,0.0,32,28.808498177233226,2464
289.14853955630684,PARENT,LAW_29_L32_S910006,NONE,3.6143567444538354,LAW_29,138,0.0,0.0,NO_SINK_CAPACITY,True,0.0,32,29.223067781595837,2480
289.14853955630684,PARENT,LAW_29_L32_S910006,NONE,3.6143567444538354,LAW_29,139,0.0,0.0,NO_SINK_CAPACITY,True,0.0,32,29.607733268427722,2496
289.14853955630684,PARENT,LAW_29_L32_S910006,NONE,3.6143567444538354,LAW_29,140,0.0,0.0,NO_SINK_CAPACITY,True,0.0,32,29.968559673559334,2512
289.14853955630684,PARENT,LAW_29_L32_S910006,NONE,3.6143567444538354,LAW_29,141,0.0,0.0,NO_SINK_CAPACITY,True,0.0,32,30.310633066077678,2528
289.14853955630684,PARENT,LAW_29_L32_S910006,NONE,3.6143567444538354,LAW_29,142,0.0,0.0,NO_SINK_CAPACITY,True,0.0,32,30.637851375066848,2544
289.14853955630684,PARENT,LAW_29_L32_S910006,NONE,3.6143567444538354,LAW_29,144,0.0,0.0,NO_SINK_CAPACITY,True,0.0,32,30.878707848881938,2576
289.14853955630684,PARENT,LAW_29_L32_S910006,NONE,3.6143567444538354,LAW_29,145,0.0,0.0,NO_SINK_CAPACITY,True,0.0,32,31.231102218229374,2592
289.14853955630684,PARENT,LAW_29_L32_S910006,NONE,3.6143567444538354,LAW_29,146,0.0,0.0,NO_SINK_CAPACITY,True,0.0,32,31.564468023665448,2608
289.14853955630684,PARENT,LAW_29_L32_S910006,NONE,3.6143567444538354,LAW_29,148,0.0,0.0,NO_SINK_CAPACITY,True,0.0,32,31.81548770109071,2640
289.14853955630684,PARENT,LAW_29_L32_S910006,NONE,3.6143567444538354,LAW_29,149,0.0,0.0,NO_SINK_CAPACITY,True,0.0,32,32.17107514633363,2656
289.14853955630684,PARENT,LAW_29_L32_S910006,NONE,3.6143567444538354,LAW_29,150,0.0,0.0,NO_SINK_CAPACITY,True,0.0,32,32.504808549228414,2672
289.14853955630684,PARENT,LAW_29_L32_S910006,NONE,3.6143567444538354,LAW_29,151,0.0,0.0,NO_SINK_CAPACITY,True,0.0,32,32.82155844389554,2688
289.14853955630684,PARENT,LAW_29_L32_S910006,NONE,3.6143567444538354,LAW_29,152,0.0,0.0,NO_SINK_CAPACITY,True,0.0,32,33.12497071582712,2704
289.14853955630684,PARENT,LAW_29_L32_S910006,NONE,3.6143567444538354,LAW_29,153,0.0,0.0,NO_SINK_CAPACITY,True,0.0,32,33.41772659963042,2720
289.14853955630684,PARENT,LAW_29_L32_S910006,NONE,3.6143567444538354,LAW_29,154,0.0,0.0,NO_SINK_CAPACITY,True,0.0,32,33.70180941155146,2736
289.14853955630684,PARENT,LAW_29_L32_S910006,NONE,3.6143567444538354,LAW_29,156,0.0,0.0,NO_SINK_CAPACITY,True,0.0,32,33.48680126433943,2768
289.14853955630684,PARENT,LAW_29_L32_S910006,NONE,3.6143567444538354,LAW_29,157,0.0,0.0,NO_SINK_CAPACITY,True,0.0,32,33.860290151088286,2784
289.14853955630684,PARENT,LAW_29_L32_S910006,NONE,3.6143567444538354,LAW_29,158,0.0,0.0,NO_SINK_CAPACITY,True,0.0,32,34.205271737951556,2800
289.14853955630684,PARENT,LAW_29_L32_S910006,NONE,3.6143567444538354,LAW_29,159,0.0,0.0,NO_SINK_CAPACITY,True,0.0,32,34.52817747114421,2816
289.14853955630684,PARENT,LAW_29_L32_S910006,SINK,3.6143567444538354,LAW_29,160,0.45035971036948835,0.45035971036948835,NONE,False,0.45035971036948835,32,34.8340178369788,2832
289.14853955630684,PARENT,LAW_29_L32_S910006,NONE,3.6143567444538354,LAW_29,161,0.0,0.0,NO_SINK_CAPACITY,True,0.0,32,34.75093004782376,2848
289.14853955630684,PARENT,LAW_29_L32_S910006,NONE,3.6143567444538354,LAW_29,162,0.0,0.0,NO_SINK_CAPACITY,True,0.0,32,35.090382401396596,2864
289.14853955630684,PARENT,LAW_29_L32_S910006,NONE,3.6143567444538354,LAW_29,163,0.0,0.0,NO_SINK_CAPACITY,True,0.0,32,35.407999816065676,2880
289.14853955630684,PARENT,LAW_29_L32_S910006,NONE,3.6143567444538354,LAW_29,164,0.0,0.0,NO_SINK_CAPACITY,True,0.0,32,35.70872943402145,2896
289.14853955630684,PARENT,LAW_29_L32_S910006,NONE,3.6143567444538354,LAW_29,165,0.0,0.0,NO_SINK_CAPACITY,True,0.0,32,35.996249504058476,2912
289.14853955630684,PARENT,LAW_29_L32_S910006,NONE,3.6143567444538354,LAW_29,166,0.0,0.0,NO_SINK_CAPACITY,True,0.0,32,36.27325448842181,2928
289.14853955630684,PARENT,LAW_29_L32_S910006,NONE,3.6143567444538354,LAW_29,167,0.0,0.0,NO_SINK_CAPACITY,True,0.0,32,36.541731881454254,2944
289.14853955630684,PARENT,LAW_29_L32_S910006,SINK,3.6143567444538354,LAW_29,168,0.4507922791918914,0.4507922791918914,NONE,False,0.4507922791918914,32,36.803165905286406,2960
289.14853955630684,PARENT,LAW_29_L32_S910006,NONE,3.6143567444538354,LAW_29,170,0.0,0.0,NO_SINK_CAPACITY,True,0.0,32,36.20707378739133,2992
289.14853955630684,PARENT,LAW_29_L32_S910006,NONE,3.6143567444538354,LAW_29,171,0.0,0.0,NO_SINK_CAPACITY,True,0.0,32,36.59522592532176,3008
289.14853955630684,PARENT,LAW_29_L32_S910006,NONE,3.6143567444538354,LAW_29,172,0.0,0.0,NO_SINK_CAPACITY,True,0.0,32,36.94896100092631,3024
289.14853955630684,PARENT,LAW_29_L32_S910006,NONE,3.6143567444538354,LAW_29,173,0.0,0.0,NO_SINK_CAPACITY,True,0.0,32,37.27610951127529,3040
289.14853955630684,PARENT,LAW_29_L32_S910006,NONE,3.6143567444538354,LAW_29,174,0.0,0.0,NO_SINK_CAPACITY,True,0.0,32,37.58277066396108,3056
289.14853955630684,PARENT,LAW_29_L32_S910006,NONE,3.6143567444538354,LAW_29,175,0.0,0.0,NO_SINK_CAPACITY,True,0.0,32,37.873475823415674,3072
289.14853955630684,PARENT,LAW_29_L32_S910006,NONE,3.6143567444538354,LAW_29,176,0.0,0.0,NO_SINK_CAPACITY,True,0.0,32,38.151565271469735,3088
289.14853955630684,PARENT,LAW_29_L32_S910006,NONE,3.6143567444538354,LAW_29,177,0.0,0.0,NO_SINK_CAPACITY,True,0.0,32,38.41951271520219,3104
289.14853955630684,PARENT,LAW_29_L32_S910006,NONE,3.6143567444538354,LAW_29,178,0.0,0.0,NO_SINK_CAPACITY,True,0.0,32,38.679167133434255,3120
289.14853955630684,PARENT,LAW_29_L32_S910006,NONE,3.6143567444538354,LAW_29,179,0.0,0.0,NO_SINK_CAPACITY,True,0.0,32,38.931925238299485,3136
289.14853955630684,PARENT,LAW_29_L32_S910006,NONE,3.6143567444538354,LAW_29,180,0.0,0.0,NO_SINK_CAPACITY,True,0.0,32,39.17885401479617,3152
289.14853955630684,PARENT,LAW_29_L32_S910006,NONE,3.6143567444538354,LAW_29,181,0.0,0.0,NO_SINK_CAPACITY,True,0.0,32,39.42077819880472,3168
289.14853955630684,PARENT,LAW_29_L32_S910006,NONE,3.6143567444538354,LAW_29,182,0.0,0.0,NO_SINK_CAPACITY,True,0.0,32,39.658342632112806,3184
289.14853955630684,PARENT,LAW_29_L32_S910006,NONE,3.6143567444538354,LAW_29,184,0.0,0.0,NO_SINK_CAPACITY,True,0.0,32,39.74219564725321,3216
289.14853955630684,PARENT,LAW_29_L32_S910006,NONE,3.6143567444538354,LAW_29,185,0.0,0.0,NO_SINK_CAPACITY,True,0.0,32,40.023984790826084,3232
289.14853955630684,PARENT,LAW_29_L32_S910006,NONE,3.6143567444538354,LAW_29,186,0.0,0.0,NO_SINK_CAPACITY,True,0.0,32,40.290793504747946,3248
289.14853955630684,PARENT,LAW_29_L32_S910006,NONE,3.6143567444538354,LAW_29,187,0.0,0.0,NO_SINK_CAPACITY,True,0.0,32,40.54592058144747,3264
289.14853955630684,PARENT,LAW_29_L32_S910006,NONE,3.6143567444538354,LAW_29,188,0.0,0.0,NO_SINK_CAPACITY,True,0.0,32,40.79186108608394,3280
289.14853955630684,PARENT,LAW_29_L32_S910006,NONE,3.6143567444538354,LAW_29,189,0.0,0.0,NO_SINK_CAPACITY,True,0.0,32,41.030448011532336,3296
289.14853955630684,PARENT,LAW_29_L32_S910006,NONE,3.6143567444538354,LAW_29,190,0.0,0.0,NO_SINK_CAPACITY,True,0.0,32,41.2630309002859,3312
289.14853955630684,PARENT,LAW_29_L32_S910006,NONE,3.6143567444538354,LAW_29,191,0.0,0.0,NO_SINK_CAPACITY,True,0.0,32,41.49061647704533,3328
289.14853955630684,PARENT,LAW_29_L32_S910006,NONE,3.6143567444538354,LAW_29,192,0.0,0.0,NO_SINK_CAPACITY,True,0.0,32,41.71396547818545,3344
289.14853955630684,PARENT,LAW_29_L32_S910006,NONE,3.6143567444538354,LAW_29,193,0.0,0.0,NO_SINK_CAPACITY,True,0.0,32,41.93366020776711,3360
289.14853955630684,PARENT,LAW_29_L32_S910006,NONE,3.6143567444538354,LAW_29,194,0.0,0.0,NO_SINK_CAPACITY,True,0.0,32,42.15015216219194,3376
289.14853955630684,PARENT,LAW_29_L32_S910006,NONE,3.6143567444538354,LAW_29,195,0.0,0.0,NO_SINK_CAPACITY,True,0.0,32,42.3637958618802,3392
289.14853955630684,PARENT,LAW_29_L32_S910006,NONE,3.6143567444538354,LAW_29,196,0.0,0.0,NO_SINK_CAPACITY,True,0.0,32,42.57487324511738,3408
289.14853955630684,PARENT,LAW_29_L32_S910006,NONE,3.6143567444538354,LAW_29,197,0.0,0.0,NO_SINK_CAPACITY,True,0.0,32,42.78361133456758,3424
289.14853955630684,PARENT,LAW_29_L32_S910006,NONE,3.6143567444538354,LAW_29,198,0.0,0.0,NO_SINK_CAPACITY,True,0.0,32,42.990195295854065,3440
289.14853955630684,PARENT,LAW_29_L32_S910006,NONE,3.6143567444538354,LAW_29,199,0.0,0.0,NO_SINK_CAPACITY,True,0.0,32,43.19477807021172,3456
289.14853955630684,PARENT,LAW_29_L32_S910006,SINK,3.6143567444538354,LAW_29,200,3.6051880443617943,3.6051880443617943,NONE,False,3.6051880443617943,32,43.39748746817411,3472
289.14853955630684,PARENT,LAW_29_L32_S910006,NONE,3.6143567444538354,LAW_29,201,0.0,0.0,NO_SINK_CAPACITY,True,0.0,32,40.46164087505415,3488
289.14853955630684,PARENT,LAW_29_L32_S910006,NONE,3.6143567444538354,LAW_29,202,0.0,0.0,NO_SINK_CAPACITY,True,0.0,32,41.027458507165754,3504
289.14853955630684,PARENT,LAW_29_L32_S910006,NONE,3.6143567444538354,LAW_29,203,0.0,0.0,NO_SINK_CAPACITY,True,0.0,32,41.511406154872155,3520
289.14853955630684,PARENT,LAW_29_L32_S910006,NONE,3.6143567444538354,LAW_29,204,0.0,0.0,NO_SINK_CAPACITY,True,0.0,32,40.828763548990935,3536
289.14853955630684,PARENT,LAW_29_L32_S910006,NONE,3.6143567444538354,LAW_29,205,0.0,0.0,NO_SINK_CAPACITY,True,0.0,32,38.97009426315328,3552
289.14853955630684,PARENT,LAW_29_L32_S910006,NONE,3.6143567444538354,LAW_29,206,0.0,0.0,NO_SINK_CAPACITY,True,0.0,32,39.28696134870259,3568
289.14853955630684,PARENT,LAW_29_L32_S910006,NONE,3.6143567444538354,LAW_29,207,0.0,0.0,NO_SINK_CAPACITY,True,0.0,32,39.590333679080395,3584
289.14853955630684,PARENT,LAW_29_L32_S910006,NONE,3.6143567444538354,LAW_29,208,0.0,0.0,NO_SINK_CAPACITY,True,0.0,32,39.882003885795555,3600
289.14853955630684,PARENT,LAW_29_L32_S910006,NONE,3.6143567444538354,LAW_29,209,0.0,0.0,NO_SINK_CAPACITY,True,0.0,32,40.16342795120015,3616
289.14853955630684,PARENT,LAW_29_L32_S910006,NONE,3.6143567444538354,LAW_29,210,0.0,0.0,NO_SINK_CAPACITY,True,0.0,32,40.43581713837768,3632
289.14853955630684,PARENT,LAW_29_L32_S910006,NONE,3.6143567444538354,LAW_29,211,0.0,0.0,NO_SINK_CAPACITY,True,0.0,32,40.70019270207977,3648
289.14853955630684,PARENT,LAW_29_L32_S910006,NONE,3.6143567444538354,LAW_29,212,0.0,0.0,NO_SINK_CAPACITY,True,0.0,32,41.50618732293922,3664
289.14853955630684,PARENT,LAW_29_L32_S910006,NONE,3.6143567444538354,LAW_29,213,0.0,0.0,NO_SINK_CAPACITY,True,0.0,32,41.75461923432551,3680
289.14853955630684,PARENT,LAW_29_L32_S910006,NONE,3.6143567444538354,LAW_29,214,0.0,0.0,NO_SINK_CAPACITY,True,0.0,32,41.997268286186056,3696
289.14853955630684,PARENT,LAW_29_L32_S910006,NONE,3.6143567444538354,LAW_29,215,0.0,0.0,NO_SINK_CAPACITY,True,0.0,32,42.784465542377326,3712
289.14853955630684,PARENT,LAW_29_L32_S910006,SINK,3.6143567444538354,LAW_29,216,0.45059885729802723,0.45059885729802723,NONE,False,0.45059885729802723,32,43.01501792987618,3728
289.14853955630684,PARENT,LAW_29_L32_S910006,NONE,3.6143567444538354,LAW_29,217,0.0,0.0,NO_SINK_CAPACITY,True,0.0,32,43.4101480840827,3744
289.14853955630684,PARENT,LAW_29_L32_S910006,NONE,3.6143567444538354,LAW_29,218,0.0,0.0,NO_SINK_CAPACITY,True,0.0,32,43.685640508856714,3760
289.14853955630684,PARENT,LAW_29_L32_S910006,NONE,3.6143567444538354,LAW_29,219,0.0,0.0,NO_SINK_CAPACITY,True,0.0,32,45.043102031411486,3776
289.14853955630684,PARENT,LAW_29_L32_S910006,NONE,3.6143567444538354,LAW_29,220,0.0,0.0,NO_SINK_CAPACITY,True,0.0,32,45.83512555241281,3792
289.14853955630684,PARENT,LAW_29_L32_S910006,NONE,3.6143567444538354,LAW_29,221,0.0,0.0,NO_SINK_CAPACITY,True,0.0,32,46.066989434150905,3808
289.14853955630684,PARENT,LAW_29_L32_S910006,NONE,3.6143567444538354,LAW_29,222,0.0,0.0,NO_SINK_CAPACITY,True,0.0,32,46.29104794204788,3824
289.14853955630684,PARENT,LAW_29_L32_S910006,NONE,3.6143567444538354,LAW_29,223,0.0,0.0,NO_SINK_CAPACITY,True,0.0,32,46.50873363193583,3840
289.14853955630684,PARENT,LAW_29_L32_S910006,NONE,3.6143567444538354,LAW_29,224,0.0,0.0,NO_SINK_CAPACITY,True,0.0,32,46.72111891111047,3856
289.14853955630684,PARENT,LAW_29_L32_S910006,NONE,3.6143567444538354,LAW_29,225,0.0,0.0,NO_SINK_CAPACITY,True,0.0,32,46.929016943701654,3872
289.14853955630684,PARENT,LAW_29_L32_S910006,NONE,3.6143567444538354,LAW_29,226,0.0,0.0,NO_SINK_CAPACITY,True,0.0,32,47.13305279372516,3888
289.14853955630684,PARENT,LAW_29_L32_S910006,NONE,3.6143567444538354,LAW_29,227,0.0,0.0,NO_SINK_CAPACITY,True,0.0,32,47.33371326286008,3904
289.14853955630684,PARENT,LAW_29_L32_S910006,NONE,3.6143567444538354,LAW_29,228,0.0,0.0,NO_SINK_CAPACITY,True,0.0,32,47.531382510596224,3920
289.14853955630684,PARENT,LAW_29_L32_S910006,NONE,3.6143567444538354,LAW_29,229,0.0,0.0,NO_SINK_CAPACITY,True,0.0,32,47.72636769786113,3936
289.14853955630684,PARENT,LAW_29_L32_S910006,NONE,3.6143567444538354,LAW_29,230,0.0,0.0,NO_SINK_CAPACITY,True,0.0,32,47.91891758123944,3952
289.14853955630684,PARENT,LAW_29_L32_S910006,NONE,3.6143567444538354,LAW_29,231,0.0,0.0,NO_SINK_CAPACITY,True,0.0,32,48.109236063267645,3968
289.14853955630684,PARENT,LAW_29_L32_S910006,NONE,3.6143567444538354,LAW_29,232,0.0,0.0,NO_SINK_CAPACITY,True,0.0,32,48.29749230577437,3984
289.14853955630684,PARENT,LAW_29_L32_S910006,NONE,3.6143567444538354,LAW_29,233,0.0,0.0,NO_SINK_CAPACITY,True,0.0,32,48.4838284121006,4000
289.14853955630684,PARENT,LAW_29_L32_S910006,NONE,3.6143567444538354,LAW_29,234,0.0,0.0,NO_SINK_CAPACITY,True,0.0,32,48.66836495614604,4016
289.14853955630684,PARENT,LAW_29_L32_S910006,NONE,3.6143567444538354,LAW_29,236,0.0,0.0,NO_SINK_CAPACITY,True,0.0,32,48.65475962454637,4048
289.14853955630684,PARENT,LAW_29_L32_S910006,NONE,3.6143567444538354,LAW_29,237,0.0,0.0,NO_SINK_CAPACITY,True,0.0,32,48.89019423834143,4064
289.14853955630684,SINK_FLOOR,LAW_29_L32_S910006,PLANNED,3.6143567444538354,LAW_29,0,3.6143567444538354,3.6143567444538363,NONE,False,46.46153784522911,32,48.27142785133063,272
289.14853955630684,SINK_FLOOR,LAW_29_L32_S910006,PLANNED,3.6143567444538354,LAW_29,8,3.6143567444538354,3.6143567444538345,NONE,False,16.420079600793063,32,25.95727509638108,400
289.14853955630684,SINK_FLOOR,LAW_29_L32_S910006,SINK,3.6143567444538354,LAW_29,16,0.3091127552658559,0.3091127552658559,NONE,False,0.3091127552658559,32,16.68108674929663,528
289.14853955630684,SINK_FLOOR,LAW_29_L32_S910006,SINK,3.6143567444538354,LAW_29,24,0.2092297114991054,0.2092297114991054,NONE,False,0.2092297114991054,32,20.824883273139683,656
289.14853955630684,SINK_FLOOR,LAW_29_L32_S910006,SINK,3.6143567444538354,LAW_29,32,0.16895615661467278,0.16895615661467278,NONE,False,0.16895615661467278,32,24.10067073058061,784
289.14853955630684,SINK_FLOOR,LAW_29_L32_S910006,SINK,3.6143567444538354,LAW_29,40,0.14713331347421266,0.14713331347421266,NONE,False,0.14713331347421266,32,26.909939305227873,912
289.14853955630684,SINK_FLOOR,LAW_29_L32_S910006,SINK,3.6143567444538354,LAW_29,48,0.13235622509727207,0.13235622509727207,NONE,False,0.13235622509727207,32,29.42051375096542,1040
289.14853955630684,SINK_FLOOR,LAW_29_L32_S910006,SINK,3.6143567444538354,LAW_29,56,0.12120251778010083,0.12120251778010083,NONE,False,0.12120251778010083,32,31.721600046253187,1168
289.14853955630684,SINK_FLOOR,LAW_29_L32_S910006,SINK,3.6143567444538354,LAW_29,64,0.11227333597783029,0.11227333597783029,NONE,False,0.11227333597783029,32,33.859412496798036,1296
289.14853955630684,SINK_FLOOR,LAW_29_L32_S910006,SINK,3.6143567444538354,LAW_29,72,0.10451271568069209,0.10451271568069209,NONE,False,0.10451271568069209,32,35.86270867027669,1424
289.14853955630684,SINK_FLOOR,LAW_29_L32_S910006,SINK,3.6143567444538354,LAW_29,80,0.09762750891128746,0.09762750891128746,NONE,False,0.09762750891128746,32,37.753069283762215,1552
289.14853955630684,SINK_FLOOR,LAW_29_L32_S910006,SINK,3.6143567444538354,LAW_29,88,0.09142791014478391,0.09142791014478391,NONE,False,0.09142791014478391,32,39.546369012281644,1680
289.14853955630684,SINK_FLOOR,LAW_29_L32_S910006,SINK,3.6143567444538354,LAW_29,96,0.08608407865851364,0.08608407865851364,NONE,False,0.08608407865851364,32,41.25358178953038,1808
289.14853955630684,SINK_FLOOR,LAW_29_L32_S910006,SINK,3.6143567444538354,LAW_29,104,0.08112850295133145,0.08112850295133145,NONE,False,0.08112850295133145,32,42.88383405555334,1936
289.14853955630684,SINK_FLOOR,LAW_29_L32_S910006,SINK,3.6143567444538354,LAW_29,112,0.07651987730691256,0.07651987730691256,NONE,False,0.07651987730691256,32,44.44536471684329,2064
289.14853955630684,SINK_FLOOR,LAW_29_L32_S910006,SINK,3.6143567444538354,LAW_29,120,0.07222030042944594,0.07222030042944594,NONE,False,0.07222030042944594,32,45.94473909022554,2192
289.14853955630684,SINK_FLOOR,LAW_29_L32_S910006,SINK,3.6143567444538354,LAW_29,128,0.0682154261263278,0.0682154261263278,NONE,False,0.0682154261263278,32,47.38729413036814,2320
289.14853955630684,SINK_FLOOR,LAW_29_L32_S910006,SINK,3.6143567444538354,LAW_29,136,0.06470681099470055,0.06470681099470055,NONE,False,0.06470681099470055,32,48.776753114591386,2448
289.14853955630684,SINK_FLOOR,LAW_29_L32_S910006,SINK,3.6143567444538354,LAW_29,144,0.061348346941535015,0.061348346941535015,NONE,False,0.061348346941535015,32,50.11721262233242,2576
289.14853955630684,SINK_FLOOR,LAW_29_L32_S910006,SINK,3.6143567444538354,LAW_29,152,0.05815457488984077,0.05815457488984077,NONE,False,0.05815457488984077,32,51.412561034599705,2704
289.14853955630684,SINK_FLOOR,LAW_29_L32_S910006,SINK,3.6143567444538354,LAW_29,160,0.055119723918806485,0.055119723918806485,NONE,False,0.055119723918806485,32,52.6658921582184,2832
289.14853955630684,SINK_FLOOR,LAW_29_L32_S910006,SINK,3.6143567444538354,LAW_29,168,0.052235370351569,0.052235370351569,NONE,False,0.052235370351569,32,53.87997169255933,2960
289.14853955630684,SINK_FLOOR,LAW_29_L32_S910006,SINK,3.6143567444538354,LAW_29,176,0.0494927168635545,0.0494927168635545,NONE,False,0.0494927168635545,32,55.05728111960285,3088
289.14853955630684,SINK_FLOOR,LAW_29_L32_S910006,SINK,3.6143567444538354,LAW_29,184,0.0470353084451941,0.0470353084451941,NONE,False,0.0470353084451941,32,56.19960046549315,3216
289.14853955630684,SINK_FLOOR,LAW_29_L32_S910006,SINK,3.6143567444538354,LAW_29,192,0.04469393876103478,0.04469393876103478,NONE,False,0.04469393876103478,32,57.30853921301881,3344
289.14853955630684,SINK_FLOOR,LAW_29_L32_S910006,SINK,3.6143567444538354,LAW_29,200,0.042444529167143585,0.042444529167143585,NONE,False,0.042444529167143585,32,58.38627176687851,3472
289.14853955630684,SINK_FLOOR,LAW_29_L32_S910006,SINK,3.6143567444538354,LAW_29,208,0.04028829260920874,0.04028829260920874,NONE,False,0.04028829260920874,32,59.434542552501966,3600
289.14853955630684,SINK_FLOOR,LAW_29_L32_S910006,SINK,3.6143567444538354,LAW_29,216,0.038365959090417956,0.038365959090417956,NONE,False,0.038365959090417956,32,60.454445506935436,3728
289.14853955630684,SINK_FLOOR,LAW_29_L32_S910006,SINK,3.6143567444538354,LAW_29,224,0.03651283287310336,0.03651283287310336,NONE,False,0.03651283287310336,32,61.44707465484983,3856
289.14853955630684,SINK_FLOOR,LAW_29_L32_S910006,SINK,3.6143567444538354,LAW_29,232,0.03472152339875123,0.03472152339875123,NONE,False,0.03472152339875123,32,62.41396648106447,3984
289.14853955630684,SINK_FLOOR,LAW_29_L32_S910006,SINK,3.6143567444538354,LAW_29,240,0.03299501762270396,0.03299501762270396,NONE,False,0.03299501762270396,32,63.35618969848065,4112
289.14853955630684,SINK_FLOOR,LAW_29_L32_S910006,SINK,3.6143567444538354,LAW_29,248,0.03133313626342582,0.03133313626342582,NONE,False,0.03133313626342582,32,64.27279972130061,4240
289.14853955630684,SINK_FLOOR,LAW_29_L32_S910006,SINK,3.6143567444538354,LAW_29,256,0.02973453472291787,0.02973453472291787,NONE,False,0.02973453472291787,32,65.16471475313202,4368
289.14853955630684,SINK_FLOOR,LAW_29_L32_S910006,SINK,3.6143567444538354,LAW_29,264,0.02819735425257286,0.02819735425257286,NONE,False,0.02819735425257286,32,66.03339486854314,4496
289.14853955630684,SINK_FLOOR,LAW_29_L32_S910006,SINK,3.6143567444538354,LAW_29,272,0.026828079970961483,0.026828079970961483,NONE,False,0.026828079970961483,32,66.87976374077687,4624
289.14853955630684,SINK_FLOOR,LAW_29_L32_S910006,SINK,3.6143567444538354,LAW_29,280,0.025507950432473336,0.025507950432473336,NONE,False,0.025507950432473336,32,67.70468170585414,4752
289.14853955630684,SINK_FLOOR,LAW_29_L32_S910006,SINK,3.6143567444538354,LAW_29,288,0.024226826502583787,0.024226826502583787,NONE,False,0.024226826502583787,32,68.50926234885051,4880
289.14853955630684,SINK_FLOOR,LAW_29_L32_S910006,SINK,3.6143567444538354,LAW_29,296,0.022987557210382703,0.022987557210382703,NONE,False,0.022987557210382703,32,69.2943931531403,5008
289.14853955630684,SINK_FLOOR,LAW_29_L32_S910006,SINK,3.6143567444538354,LAW_29,304,0.021852296237476754,0.021852296237476754,NONE,False,0.021852296237476754,32,70.0607924437573,5136
289.14853955630684,SINK_FLOOR,LAW_29_L32_S910006,SINK,3.6143567444538354,LAW_29,312,0.020783757248917567,0.020783757248917567,NONE,False,0.020783757248917567,32,70.8089634253467,5264
281.7535100498044,PARENT,LAW_29_L32_S910007,PLANNED,3.521918875622555,LAW_29,0,3.521918875622555,3.521918875622555,NONE,False,146.42387324771104,32,41.29636037364335,272
281.7535100498044,PARENT,LAW_29_L32_S910007,PLANNED,3.521918875622555,LAW_29,8,3.521918875622555,3.5219188756225543,NONE,False,106.38789907580082,32,19.486191572731155,400
281.7535100498044,PARENT,LAW_29_L32_S910007,SOURCE,3.521918875622555,LAW_29,16,1.1129335634827981,1.1129335634827981,NONE,False,70.88754228422775,32,1.1129335634827981,528
281.7535100498044,PARENT,LAW_29_L32_S910007,SOURCE,3.521918875622555,LAW_29,24,0.8733120976611776,0.8733120976611776,NONE,False,57.42801069249117,32,0.8733120976611776,656
281.7535100498044,PARENT,LAW_29_L32_S910007,SOURCE,3.521918875622555,LAW_29,32,0.7565588928331796,0.7565588928331796,NONE,False,45.20426435095173,32,0.7565588928331796,784
281.7535100498044,PARENT,LAW_29_L32_S910007,SOURCE,3.521918875622555,LAW_29,40,0.7052580768050895,0.7052580768050895,NONE,False,35.357580922906344,32,0.7052580768050895,912
281.7535100498044,PARENT,LAW_29_L32_S910007,SOURCE,3.521918875622555,LAW_29,48,0.708388361213086,0.708388361213086,NONE,False,27.526433773205056,32,0.708388361213086,1040
281.7535100498044,PARENT,LAW_29_L32_S910007,SOURCE,3.521918875622555,LAW_29,56,0.7490065680378617,0.7490065680378617,NONE,False,21.43038699326517,32,0.7490065680378617,1168
281.7535100498044,PARENT,LAW_29_L32_S910007,SOURCE,3.521918875622555,LAW_29,64,0.823924885328176,0.823924885328176,NONE,False,14.75907418853767,32,0.823924885328176,1296
281.7535100498044,PARENT,LAW_29_L32_S910007,SOURCE,3.521918875622555,LAW_29,72,1.0193737053391414,1.0193737053391414,NONE,False,8.938250741799225,32,1.0193737053391414,1424
281.7535100498044,PARENT,LAW_29_L32_S910007,SOURCE,3.521918875622555,LAW_29,80,1.198375949807891,1.198375949807891,NONE,False,5.437202330272778,32,1.198375949807891,1552
281.7535100498044,PARENT,LAW_29_L32_S910007,NONE,3.521918875622555,LAW_29,87,0.0,0.0,NO_SINK_CAPACITY,True,0.0,32,1.3203774892470013,1664
281.7535100498044,PARENT,LAW_29_L32_S910007,SINK,3.521918875622555,LAW_29,88,1.3666618237712977,1.366661823771298,NONE,False,1.3666618237712977,32,2.4579317202919477,1680
281.7535100498044,PARENT,LAW_29_L32_S910007,NONE,3.521918875622555,LAW_29,94,0.0,0.0,NO_SINK_CAPACITY,True,0.0,32,2.6835952437835844,1776
281.7535100498044,PARENT,LAW_29_L32_S910007,SINK,3.521918875622555,LAW_29,96,0.9076145865023088,0.9076145865023088,NONE,False,0.9076145865023088,32,4.3357674507245525,1808
281.7535100498044,PARENT,LAW_29_L32_S910007,NONE,3.521918875622555,LAW_29,98,0.0,0.0,NO_SINK_CAPACITY,True,0.0,32,4.570468541985999,1840
281.7535100498044,PARENT,LAW_29_L32_S910007,NONE,3.521918875622555,LAW_29,100,0.0,0.0,NO_SINK_CAPACITY,True,0.0,32,5.929121815856204,1872
281.7535100498044,PARENT,LAW_29_L32_S910007,NONE,3.521918875622555,LAW_29,102,0.0,0.0,NO_SINK_CAPACITY,True,0.0,32,5.8344837450237215,1904
281.7535100498044,PARENT,LAW_29_L32_S910007,NONE,3.521918875622555,LAW_29,104,0.0,0.0,NO_SINK_CAPACITY,True,0.0,32,6.655223680486609,1936
281.7535100498044,PARENT,LAW_29_L32_S910007,NONE,3.521918875622555,LAW_29,105,0.0,0.0,NO_SINK_CAPACITY,True,0.0,32,7.447038128748476,1952
281.7535100498044,PARENT,LAW_29_L32_S910007,NONE,3.521918875622555,LAW_29,106,0.0,0.0,NO_SINK_CAPACITY,True,0.0,32,8.165203634926353,1968
281.7535100498044,PARENT,LAW_29_L32_S910007,NONE,3.521918875622555,LAW_29,111,0.0,0.0,NO_SINK_CAPACITY,True,0.0,32,8.642334728253665,2048
281.7535100498044,PARENT,LAW_29_L32_S910007,NONE,3.521918875622555,LAW_29,112,0.0,0.0,NO_SINK_CAPACITY,True,0.0,32,9.378280175088602,2064
281.7535100498044,PARENT,LAW_29_L32_S910007,NONE,3.521918875622555,LAW_29,113,0.0,0.0,NO_SINK_CAPACITY,True,0.0,32,10.041997353470508,2080
281.7535100498044,PARENT,LAW_29_L32_S910007,NONE,3.521918875622555,LAW_29,115,0.0,0.0,NO_SINK_CAPACITY,True,0.0,32,10.455798631704583,2112
281.7535100498044,PARENT,LAW_29_L32_S910007,NONE,3.521918875622555,LAW_29,116,0.0,0.0,NO_SINK_CAPACITY,True,0.0,32,11.099506747353294,2128
281.7535100498044,PARENT,LAW_29_L32_S910007,NONE,3.521918875622555,LAW_29,117,0.0,0.0,NO_SINK_CAPACITY,True,0.0,32,11.689364028182263,2144
281.7535100498044,PARENT,LAW_29_L32_S910007,NONE,3.521918875622555,LAW_29,118,0.0,0.0,NO_SINK_CAPACITY,True,0.0,32,12.23715386148853,2160
281.7535100498044,PARENT,LAW_29_L32_S910007,NONE,3.521918875622555,LAW_29,120,0.0,0.0,NO_SINK_CAPACITY,True,0.0,32,12.090681636256388,2192
281.7535100498044,PARENT,LAW_29_L32_S910007,NONE,3.521918875622555,LAW_29,121,0.0,0.0,NO_SINK_CAPACITY,True,0.0,32,12.71372383750207,2208
281.7535100498044,PARENT,LAW_29_L32_S910007,NONE,3.521918875622555,LAW_29,122,0.0,0.0,NO_SINK_CAPACITY,True,0.0,32,13.279998741445398,2224
281.7535100498044,PARENT,LAW_29_L32_S910007,NONE,3.521918875622555,LAW_29,123,0.0,0.0,NO_SINK_CAPACITY,True,0.0,32,13.80265352394847,2240
281.7535100498044,PARENT,LAW_29_L32_S910007,NONE,3.521918875622555,LAW_29,124,0.0,0.0,NO_SINK_CAPACITY,True,0.0,32,14.29148427538822,2256
281.7535100498044,PARENT,LAW_29_L32_S910007,NONE,3.521918875622555,LAW_29,126,0.0,0.0,NO_SINK_CAPACITY,True,0.0,32,14.050901854923314,2288
281.7535100498044,PARENT,LAW_29_L32_S910007,NONE,3.521918875622555,LAW_29,127,0.0,0.0,NO_SINK_CAPACITY,True,0.0,32,14.633607259023162,2304
281.7535100498044,PARENT,LAW_29_L32_S910007,NONE,3.521918875622555,LAW_29,128,0.0,0.0,NO_SINK_CAPACITY,True,0.0,32,15.16275248062004,2320
281.7535100498044,PARENT,LAW_29_L32_S910007,NONE,3.521918875622555,LAW_29,129,0.0,0.0,NO_SINK_CAPACITY,True,0.0,32,15.650993421507346,2336
281.7535100498044,PARENT,LAW_29_L32_S910007,NONE,3.521918875622555,LAW_29,131,0.0,0.0,NO_SINK_CAPACITY,True,0.0,32,15.782842959485109,2368
281.7535100498044,PARENT,LAW_29_L32_S910007,NONE,3.521918875622555,LAW_29,133,0.0,0.0,NO_SINK_CAPACITY,True,0.0,32,16.019643471065688,2400
281.7535100498044,PARENT,LAW_29_L32_S910007,NONE,3.521918875622555,LAW_29,134,0.0,0.0,NO_SINK_CAPACITY,True,0.0,32,16.570779642572823,2416
281.7535100498044,PARENT,LAW_29_L32_S910007,NONE,3.521918875622555,LAW_29,135,0.0,0.0,NO_SINK_CAPACITY,True,0.0,32,17.07124264259966,2432
281.7535100498044,PARENT,LAW_29_L32_S910007,NONE,3.521918875622555,LAW_29,136,0.0,0.0,NO_SINK_CAPACITY,True,0.0,32,17.533273119944955,2448
281.7535100498044,PARENT,LAW_29_L32_S910007,NONE,3.521918875622555,LAW_29,139,0.0,0.0,NO_SINK_CAPACITY,True,0.0,32,18.068561091045982,2496
281.7535100498044,PARENT,LAW_29_L32_S910007,NONE,3.521918875622555,LAW_29,140,0.0,0.0,NO_SINK_CAPACITY,True,0.0,32,18.536337228325532,2512
281.7535100498044,PARENT,LAW_29_L32_S910007,NONE,3.521918875622555,LAW_29,142,0.0,0.0,NO_SINK_CAPACITY,True,0.0,32,18.99296571122354,2544
281.7535100498044,PARENT,LAW_29_L32_S910007,NONE,3.521918875622555,LAW_29,143,0.0,0.0,NO_SINK_CAPACITY,True,0.0,32,19.43126304154176,2560
281.7535100498044,PARENT,LAW_29_L32_S910007,SINK,3.521918875622555,LAW_29,144,0.45153427091464265,0.45153427091464265,NONE,False,0.45153427091464265,32,19.840409337441788,2576
281.7535100498044,PARENT,LAW_29_L32_S910007,NONE,3.521918875622555,LAW_29,145,0.0,0.0,NO_SINK_CAPACITY,True,0.0,32,19.84900834434008,2592
281.7535100498044,PARENT,LAW_29_L32_S910007,NONE,3.521918875622555,LAW_29,146,0.0,0.0,NO_SINK_CAPACITY,True,0.0,32,20.274497049120537,2608
281.7535100498044,PARENT,LAW_29_L32_S910007,NONE,3.521918875622555,LAW_29,147,0.0,0.0,NO_SINK_CAPACITY,True,0.0,32,20.67189522662733,2624
281.7535100498044,PARENT,LAW_29_L32_S910007,NONE,3.521918875622555,LAW_29,148,0.0,0.0,NO_SINK_CAPACITY,True,0.0,32,21.047224137547882,2640
281.7535100498044,PARENT,LAW_29_L32_S910007,NONE,3.521918875622555,LAW_29,149,0.0,0.0,NO_SINK_CAPACITY,True,0.0,32,21.405118524209218,2656
281.7535100498044,PARENT,LAW_29_L32_S910007,NONE,3.521918875622555,LAW_29,150,0.0,0.0,NO_SINK_CAPACITY,True,0.0,32,21.749009529404447,2672
281.7535100498044,PARENT,LAW_29_L32_S910007,NONE,3.521918875622555,LAW_29,151,0.0,0.0,NO_SINK_CAPACITY,True,0.0,32,22.081428655008292,2688
281.7535100498044,PARENT,LAW_29_L32_S910007,SINK,3.521918875622555,LAW_29,152,0.45022317740836787,0.45022317740836787,NONE,False,0.45022317740836787,32,22.40425932865207,2704
281.7535100498044,PARENT,LAW_29_L32_S910007,NONE,3.521918875622555,LAW_29,153,0.0,0.0,NO_SINK_CAPACITY,True,0.0,32,22.337291631908933,2720
281.7535100498044,PARENT,LAW_29_L32_S910007,NONE,3.521918875622555,LAW_29,154,0.0,0.0,NO_SINK_CAPACITY,True,0.0,32,22.698702798975212,2736
281.7535100498044,PARENT,LAW_29_L32_S910007,NONE,3.521918875622555,LAW_29,157,0.0,0.0,NO_SINK_CAPACITY,True,0.0,32,22.260423434080202,2784
281.7535100498044,PARENT,LAW_29_L32_S910007,NONE,3.521918875622555,LAW_29,159,0.0,0.0,NO_SINK_CAPACITY,True,0.0,32,22.817777485293153,2816
281.7535100498044,PARENT,LAW_29_L32_S910007,NONE,3.521918875622555,LAW_29,160,0.0,0.0,NO_SINK_CAPACITY,True,0.0,32,23.276197768205144,2832
281.7535100498044,PARENT,LAW_29_L32_S910007,NONE,3.521918875622555,LAW_29,161,0.0,0.0,NO_SINK_CAPACITY,True,0.0,32,23.69222347962178,2848
281.7535100498044,PARENT,LAW_29_L32_S910007,NONE,3.521918875622555,LAW_29,162,0.0,0.0,NO_SINK_CAPACITY,True,0.0,32,24.076531593045107,2864
281.7535100498044,PARENT,LAW_29_L32_S910007,NONE,3.521918875622555,LAW_29,163,0.0,0.0,NO_SINK_CAPACITY,True,0.0,32,24.436662100424336,2880
281.7535100498044,PARENT,LAW_29_L32_S910007,NONE,3.521918875622555,LAW_29,164,0.0,0.0,NO_SINK_CAPACITY,True,0.0,32,24.77796104735163,2896
281.7535100498044,PARENT,LAW_29_L32_S910007,NONE,3.521918875622555,LAW_29,165,0.0,0.0,NO_SINK_CAPACITY,True,0.0,32,25.104271892904165,2912
281.7535100498044,PARENT,LAW_29_L32_S910007,NONE,3.521918875622555,LAW_29,166,0.0,0.0,NO_SINK_CAPACITY,True,0.0,32,25.418403208711883,2928
281.7535100498044,PARENT,LAW_29_L32_S910007,NONE,3.521918875622555,LAW_29,167,0.0,0.0,NO_SINK_CAPACITY,True,0.0,32,25.722441028842184,2944
281.7535100498044,PARENT,LAW_29_L32_S910007,NONE,3.521918875622555,LAW_29,168,0.0,0.0,NO_SINK_CAPACITY,True,0.0,32,26.017960120821925,2960
281.7535100498044,PARENT,LAW_29_L32_S910007,NONE,3.521918875622555,LAW_29,169,0.0,0.0,NO_SINK_CAPACITY,True,0.0,32,26.3061680318084,2976
281.7535100498044,PARENT,LAW_29_L32_S910007,NONE,3.521918875622555,LAW_29,170,0.0,0.0,NO_SINK_CAPACITY,True,0.0,32,26.588004845792803,2992
281.7535100498044,PARENT,LAW_29_L32_S910007,NONE,3.521918875622555,LAW_29,172,0.0,0.0,NO_SINK_CAPACITY,True,0.0,32,25.979229421092835,3024
281.7535100498044,PARENT,LAW_29_L32_S910007,NONE,3.521918875622555,LAW_29,173,0.0,0.0,NO_SINK_CAPACITY,True,0.0,32,26.398219346906135,3040
281.7535100498044,PARENT,LAW_29_L32_S910007,NONE,3.521918875622555,LAW_29,174,0.0,0.0,NO_SINK_CAPACITY,True,0.0,32,26.778201569819366,3056
281.7535100498044,PARENT,LAW_29_L32_S910007,NONE,3.521918875622555,LAW_29,175,0.0,0.0,NO_SINK_CAPACITY,True,0.0,32,27.1283717881376,3072
281.7535100498044,PARENT,LAW_29_L32_S910007,NONE,3.521918875622555,LAW_29,176,0.0,0.0,NO_SINK_CAPACITY,True,0.0,32,27.455865728106627,3088
281.7535100498044,PARENT,LAW_29_L32_S910007,NONE,3.521918875622555,LAW_29,178,0.0,0.0,NO_SINK_CAPACITY,True,0.0,32,27.682595312623366,3120
281.7535100498044,PARENT,LAW_29_L32_S910007,NONE,3.521918875622555,LAW_29,179,0.0,0.0,NO_SINK_CAPACITY,True,0.0,32,28.023314688300168,3136
281.7535100498044,PARENT,LAW_29_L32_S910007,NONE,3.521918875622555,LAW_29,181,0.0,0.0,NO_SINK_CAPACITY,True,0.0,32,28.26435645858627,3168
281.7535100498044,PARENT,LAW_29_L32_S910007,NONE,3.521918875622555,LAW_29,182,0.0,0.0,NO_SINK_CAPACITY,True,0.0,32,28.606740403508358,3184
281.7535100498044,PARENT,LAW_29_L32_S910007,NONE,3.521918875622555,LAW_29,183,0.0,0.0,NO_SINK_CAPACITY,True,0.0,32,28.926297637636363,3200
281.7535100498044,PARENT,LAW_29_L32_S910007,NONE,3.521918875622555,LAW_29,184,0.0,0.0,NO_SINK_CAPACITY,True,0.0,32,29.228269737782995,3216
281.7535100498044,PARENT,LAW_29_L32_S910007,NONE,3.521918875622555,LAW_29,185,0.0,0.0,NO_SINK_CAPACITY,True,0.0,32,29.516475181592913,3232
281.7535100498044,PARENT,LAW_29_L32_S910007,NONE,3.521918875622555,LAW_29,186,0.0,0.0,NO_SINK_CAPACITY,True,0.0,32,29.793678909971035,3248
281.7535100498044,PARENT,LAW_29_L32_S910007,NONE,3.521918875622555,LAW_29,187,0.0,0.0,NO_SINK_CAPACITY,True,0.0,32,30.061908086523978,3264
281.7535100498044,PARENT,LAW_29_L32_S910007,NONE,3.521918875622555,LAW_29,188,0.0,0.0,NO_SINK_CAPACITY,True,0.0,32,30.322672937944812,3280
281.7535100498044,PARENT,LAW_29_L32_S910007,NONE,3.521918875622555,LAW_29,189,0.0,0.0,NO_SINK_CAPACITY,True,0.0,32,30.577115861013148,3296
281.7535100498044,PARENT,LAW_29_L32_S910007,NONE,3.521918875622555,LAW_29,191,0.0,0.0,NO_SINK_CAPACITY,True,0.0,32,30.689142879123672,3328
281.7535100498044,PARENT,LAW_29_L32_S910007,NONE,3.521918875622555,LAW_29,192,0.0,0.0,NO_SINK_CAPACITY,True,0.0,32,30.983192764712953,3344
281.7535100498044,PARENT,LAW_29_L32_S910007,NONE,3.521918875622555,LAW_29,193,0.0,0.0,NO_SINK_CAPACITY,True,0.0,32,31.2616060417871,3360
281.7535100498044,PARENT,LAW_29_L32_S910007,NONE,3.521918875622555,LAW_29,194,0.0,0.0,NO_SINK_CAPACITY,True,0.0,32,31.527712122352206,3376
281.7535100498044,PARENT,LAW_29_L32_S910007,NONE,3.521918875622555,LAW_29,195,0.0,0.0,NO_SINK_CAPACITY,True,0.0,32,31.784029103946555,3392
281.7535100498044,PARENT,LAW_29_L32_S910007,NONE,3.521918875622555,LAW_29,196,0.0,0.0,NO_SINK_CAPACITY,True,0.0,32,32.03241599068756,3408
281.7535100498044,PARENT,LAW_29_L32_S910007,NONE,3.521918875622555,LAW_29,198,0.0,0.0,NO_SINK_CAPACITY,True,0.0,32,32.129399561448494,3440
281.7535100498044,PARENT,LAW_29_L32_S910007,NONE,3.521918875622555,LAW_29,199,0.0,0.0,NO_SINK_CAPACITY,True,0.0,32,32.41486061632191,3456
281.7535100498044,PARENT,LAW_29_L32_S910007,NONE,3.521918875622555,LAW_29,200,0.0,0.0,NO_SINK_CAPACITY,True,0.0,32,32.68445133582281,3472
281.7535100498044,PARENT,LAW_29_L32_S910007,NONE,3.521918875622555,LAW_29,202,0.0,0.0,NO_SINK_CAPACITY,True,0.0,32,32.80991332280822,3504
281.7535100498044,PARENT,LAW_29_L32_S910007,NONE,3.521918875622555,LAW_29,203,0.0,0.0,NO_SINK_CAPACITY,True,0.0,32,33.10473406953103,3520
281.7535100498044,PARENT,LAW_29_L32_S910007,NONE,3.521918875622555,LAW_29,205,0.0,0.0,NO_SINK_CAPACITY,True,0.0,32,33.26898017836813,3552
281.7535100498044,PARENT,LAW_29_L32_S910007,NONE,3.521918875622555,LAW_29,206,0.0,0.0,NO_SINK_CAPACITY,True,0.0,32,33.577158357018945,3568
281.7535100498044,PARENT,LAW_29_L32_S910007,NONE,3.521918875622555,LAW_29,208,0.0,0.0,NO_SINK_CAPACITY,True,0.0,32,33.75058406578978,3600
281.7535100498044,PARENT,LAW_29_L32_S910007,NONE,3.521918875622555,LAW_29,209,0.0,0.0,NO_SINK_CAPACITY,True,0.0,32,34.058827303694834,3616
281.7535100498044,PARENT,LAW_29_L32_S910007,NONE,3.521918875622555,LAW_29,210,0.0,0.0,NO_SINK_CAPACITY,True,0.0,32,34.343817822205715,3632
281.7535100498044,PARENT,LAW_29_L32_S910007,NONE,3.521918875622555,LAW_29,211,0.0,0.0,NO_SINK_CAPACITY,True,0.0,32,34.61114241892054,3648
281.7535100498044,PARENT,LAW_29_L32_S910007,NONE,3.521918875622555,LAW_29,212,0.0,0.0,NO_SINK_CAPACITY,True,0.0,32,34.86482945186542,3664
281.7535100498044,PARENT,LAW_29_L32_S910007,NONE,3.521918875622555,LAW_29,213,0.0,0.0,NO_SINK_CAPACITY,True,0.0,32,35.107776280231846,3680
281.7535100498044,PARENT,LAW_29_L32_S910007,NONE,3.521918875622555,LAW_29,214,0.0,0.0,NO_SINK_CAPACITY,True,0.0,32,35.342093861808614,3696
281.7535100498044,PARENT,LAW_29_L32_S910007,NONE,3.521918875622555,LAW_29,215,0.0,0.0,NO_SINK_CAPACITY,True,0.0,32,35.56934486271143,3712
281.7535100498044,PARENT,LAW_29_L32_S910007,NONE,3.521918875622555,LAW_29,216,0.0,0.0,NO_SINK_CAPACITY,True,0.0,32,35.79070354156413,3728
281.7535100498044,PARENT,LAW_29_L32_S910007,NONE,3.521918875622555,LAW_29,218,0.0,0.0,NO_SINK_CAPACITY,True,0.0,32,35.83804119394601,3760
281.7535100498044,PARENT,LAW_29_L32_S910007,NONE,3.521918875622555,LAW_29,219,0.0,0.0,NO_SINK_CAPACITY,True,0.0,32,36.100262464678565,3776
281.7535100498044,PARENT,LAW_29_L32_S910007,NONE,3.521918875622555,LAW_29,220,0.0,0.0,NO_SINK_CAPACITY,True,0.0,32,36.34728995935931,3792
281.7535100498044,PARENT,LAW_29_L32_S910007,NONE,3.521918875622555,LAW_29,221,0.0,0.0,NO_SINK_CAPACITY,True,0.0,32,36.58246962847652,3808
281.7535100498044,PARENT,LAW_29_L32_S910007,NONE,3.521918875622555,LAW_29,222,0.0,0.0,NO_SINK_CAPACITY,True,0.0,32,36.80831863146154,3824
281.7535100498044,PARENT,LAW_29_L32_S910007,NONE,3.521918875622555,LAW_29,223,0.0,0.0,NO_SINK_CAPACITY,True,0.0,32,37.02668883168195,3840
281.7535100498044,PARENT,LAW_29_L32_S910007,NONE,3.521918875622555,LAW_29,224,0.0,0.0,NO_SINK_CAPACITY,True,0.0,32,37.23895202488114,3856
281.7535100498044,PARENT,LAW_29_L32_S910007,NONE,3.521918875622555,LAW_29,226,0.0,0.0,NO_SINK_CAPACITY,True,0.0,32,37.26839417098455,3888
281.7535100498044,PARENT,LAW_29_L32_S910007,NONE,3.521918875622555,LAW_29,227,0.0,0.0,NO_SINK_CAPACITY,True,0.0,32,37.52158895280587,3904
281.7535100498044,PARENT,LAW_29_L32_S910007,NONE,3.521918875622555,LAW_29,228,0.0,0.0,NO_SINK_CAPACITY,True,0.0,32,37.75961321321123,3920
281.7535100498044,PARENT,LAW_29_L32_S910007,NONE,3.521918875622555,LAW_29,229,0.0,0.0,NO_SINK_CAPACITY,True,0.0,32,37.98589758013266,3936
281.7535100498044,PARENT,LAW_29_L32_S910007,NONE,3.521918875622555,LAW_29,230,0.0,0.0,NO_SINK_CAPACITY,True,0.0,32,38.2029971713414,3952
281.7535100498044,PARENT,LAW_29_L32_S910007,NONE,3.521918875622555,LAW_29,231,0.0,0.0,NO_SINK_CAPACITY,True,0.0,32,38.41278032626548,3968
281.7535100498044,PARENT,LAW_29_L32_S910007,SINK,3.521918875622555,LAW_29,232,0.9015825721634582,0.9015825721634582,NONE,False,0.9015825721634582,32,38.616624681248,3984
281.7535100498044,PARENT,LAW_29_L32_S910007,NONE,3.521918875622555,LAW_29,233,0.0,0.0,NO_SINK_CAPACITY,True,0.0,32,38.06321027400283,4000
281.7535100498044,PARENT,LAW_29_L32_S910007,NONE,3.521918875622555,LAW_29,235,0.0,0.0,NO_SINK_CAPACITY,True,0.0,32,38.26303508219351,4032
281.7535100498044,PARENT,LAW_29_L32_S910007,NONE,3.521918875622555,LAW_29,236,0.0,0.0,NO_SINK_CAPACITY,True,0.0,32,38.56802612144409,4048
281.7535100498044,PARENT,LAW_29_L32_S910007,NONE,3.521918875622555,LAW_29,237,0.0,0.0,NO_SINK_CAPACITY,True,0.0,32,38.844911111757504,4064
281.7535100498044,PARENT,LAW_29_L32_S910007,NONE,3.521918875622555,LAW_29,238,0.0,0.0,NO_SINK_CAPACITY,True,0.0,32,39.10076887241069,4080
281.7535100498044,PARENT,LAW_29_L32_S910007,NONE,3.521918875622555,LAW_29,239,0.0,0.0,NO_SINK_CAPACITY,True,0.0,32,39.34065109905297,4096
281.7535100498044,PARENT,LAW_29_L32_S910007,NONE,3.521918875622555,LAW_29,240,0.0,0.0,NO_SINK_CAPACITY,True,0.0,32,39.56815970112947,4112
281.7535100498044,PARENT,LAW_29_L32_S910007,NONE,3.521918875622555,LAW_29,241,0.0,0.0,NO_SINK_CAPACITY,True,0.0,32,39.78589675190629,4128
281.7535100498044,PARENT,LAW_29_L32_S910007,NONE,3.521918875622555,LAW_29,242,0.0,0.0,NO_SINK_CAPACITY,True,0.0,32,39.995772012074674,4144
281.7535100498044,PARENT,LAW_29_L32_S910007,NONE,3.521918875622555,LAW_29,243,0.0,0.0,NO_SINK_CAPACITY,True,0.0,32,40.19920809555848,4160
281.7535100498044,PARENT,LAW_29_L32_S910007,NONE,3.521918875622555,LAW_29,244,0.0,0.0,NO_SINK_CAPACITY,True,0.0,32,40.397279762169376,4176
281.7535100498044,PARENT,LAW_29_L32_S910007,NONE,3.521918875622555,LAW_29,245,0.0,0.0,NO_SINK_CAPACITY,True,0.0,32,40.59081011025181,4192
281.7535100498044,PARENT,LAW_29_L32_S910007,NONE,3.521918875622555,LAW_29,246,0.0,0.0,NO_SINK_CAPACITY,True,0.0,32,40.78043774386075,4208
281.7535100498044,PARENT,LAW_29_L32_S910007,NONE,3.521918875622555,LAW_29,247,0.0,0.0,NO_SINK_CAPACITY,True,0.0,32,40.96666420487882,4224
281.7535100498044,PARENT,LAW_29_L32_S910007,SINK,3.521918875622555,LAW_29,248,0.9010891897687683,0.9010891897687683,NONE,False,0.9010891897687683,32,41.14988819843931,4240
281.7535100498044,PARENT,LAW_29_L32_S910007,NONE,3.521918875622555,LAW_29,250,0.0,0.0,NO_SINK_CAPACITY,True,0.0,32,40.4732545673323,4272
281.7535100498044,PARENT,LAW_29_L32_S910007,NONE,3.521918875622555,LAW_29,251,0.0,0.0,NO_SINK_CAPACITY,True,0.0,32,40.78226624013655,4288
281.7535100498044,PARENT,LAW_29_L32_S910007,NONE,3.521918875622555,LAW_29,252,0.0,0.0,NO_SINK_CAPACITY,True,0.0,32,41.05977059846878,4304
281.7535100498044,PARENT,LAW_29_L32_S910007,NONE,3.521918875622555,LAW_29,253,0.0,0.0,NO_SINK_CAPACITY,True,0.0,32,41.31381869700457,4320
281.7535100498044,PARENT,LAW_29_L32_S910007,NONE,3.521918875622555,LAW_29,254,0.0,0.0,NO_SINK_CAPACITY,True,0.0,32,41.55017528423117,4336
281.7535100498044,PARENT,LAW_29_L32_S910007,NONE,3.521918875622555,LAW_29,255,0.0,0.0,NO_SINK_CAPACITY,True,0.0,32,41.77293807313736,4352
281.7535100498044,PARENT,LAW_29_L32_S910007,NONE,3.521918875622555,LAW_29,256,0.0,0.0,NO_SINK_CAPACITY,True,0.0,32,41.98505045397549,4368
281.7535100498044,PARENT,LAW_29_L32_S910007,NONE,3.521918875622555,LAW_29,257,0.0,0.0,NO_SINK_CAPACITY,True,0.0,32,42.188659097568106,4384
281.7535100498044,PARENT,LAW_29_L32_S910007,NONE,3.521918875622555,LAW_29,258,0.0,0.0,NO_SINK_CAPACITY,True,0.0,32,42.38535391925602,4400
281.7535100498044,PARENT,LAW_29_L32_S910007,NONE,3.521918875622555,LAW_29,259,0.0,0.0,NO_SINK_CAPACITY,True,0.0,32,42.57632980516852,4416
281.7535100498044,PARENT,LAW_29_L32_S910007,NONE,3.521918875622555,LAW_29,261,0.0,0.0,NO_SINK_CAPACITY,True,0.0,32,42.56417601908792,4448
281.7535100498044,PARENT,LAW_29_L32_S910007,NONE,3.521918875622555,LAW_29,262,0.0,0.0,NO_SINK_CAPACITY,True,0.0,32,42.7968931432564,4464
281.7535100498044,PARENT,LAW_29_L32_S910007,NONE,3.521918875622555,LAW_29,263,0.0,0.0,NO_SINK_CAPACITY,True,0.0,32,43.014439996074195,4480
281.7535100498044,PARENT,LAW_29_L32_S910007,NONE,3.521918875622555,LAW_29,264,0.0,0.0,NO_SINK_CAPACITY,True,0.0,32,43.22025907113104,4496
281.7535100498044,PARENT,LAW_29_L32_S910007,NONE,3.521918875622555,LAW_29,265,0.0,0.0,NO_SINK_CAPACITY,True,0.0,32,43.41691632935529,4512
281.7535100498044,PARENT,LAW_29_L32_S910007,NONE,3.521918875622555,LAW_29,266,0.0,0.0,NO_SINK_CAPACITY,True,0.0,32,43.60628861111377,4528
281.7535100498044,PARENT,LAW_29_L32_S910007,NONE,3.521918875622555,LAW_29,267,0.0,0.0,NO_SINK_CAPACITY,True,0.0,32,43.78975979264288,4544
281.7535100498044,PARENT,LAW_29_L32_S910007,NONE,3.521918875622555,LAW_29,268,0.0,0.0,NO_SINK_CAPACITY,True,0.0,32,43.96836539791534,4560
281.7535100498044,PARENT,LAW_29_L32_S910007,NONE,3.521918875622555,LAW_29,269,0.0,0.0,NO_SINK_CAPACITY,True,0.0,32,44.14289092121837,4576
281.7535100498044,PARENT,LAW_29_L32_S910007,NONE,3.521918875622555,LAW_29,270,0.0,0.0,NO_SINK_CAPACITY,True,0.0,32,44.31394003374086,4592
281.7535100498044,PARENT,LAW_29_L32_S910007,NONE,3.521918875622555,LAW_29,271,0.0,0.0,NO_SINK_CAPACITY,True,0.0,32,44.48198245052788,4608
281.7535100498044,PARENT,LAW_29_L32_S910007,NONE,3.521918875622555,LAW_29,272,0.0,0.0,NO_SINK_CAPACITY,True,0.0,32,44.647388080289915,4624
281.7535100498044,PARENT,LAW_29_L32_S910007,NONE,3.521918875622555,LAW_29,273,0.0,0.0,NO_SINK_CAPACITY,True,0.0,32,44.81045173498952,4640
281.7535100498044,PARENT,LAW_29_L32_S910007,NONE,3.521918875622555,LAW_29,274,0.0,0.0,NO_SINK_CAPACITY,True,0.0,32,44.971411077043975,4656
281.7535100498044,PARENT,LAW_29_L32_S910007,NONE,3.521918875622555,LAW_29,275,0.0,0.0,NO_SINK_CAPACITY,True,0.0,32,45.130459815170845,4672
281.7535100498044,PARENT,LAW_29_L32_S910007,NONE,3.521918875622555,LAW_29,277,0.0,0.0,NO_SINK_CAPACITY,True,0.0,32,45.06538682726215,4704
281.7535100498044,PARENT,LAW_29_L32_S910007,NONE,3.521918875622555,LAW_29,278,0.0,0.0,NO_SINK_CAPACITY,True,0.0,32,45.27484787144652,4720
281.7535100498044,PARENT,LAW_29_L32_S910007,NONE,3.521918875622555,LAW_29,279,0.0,0.0,NO_SINK_CAPACITY,True,0.0,32,45.47034148285756,4736
281.7535100498044,PARENT,LAW_29_L32_S910007,NONE,3.521918875622555,LAW_29,280,0.0,0.0,NO_SINK_CAPACITY,True,0.0,32,45.65527961200596,4752
281.7535100498044,PARENT,LAW_29_L32_S910007,NONE,3.521918875622555,LAW_29,281,0.0,0.0,NO_SINK_CAPACITY,True,0.0,32,45.832142928551626,4768
281.7535100498044,PARENT,LAW_29_L32_S910007,NONE,3.521918875622555,LAW_29,282,0.0,0.0,NO_SINK_CAPACITY,True,0.0,32,46.00270676291324,4784
281.7535100498044,PARENT,LAW_29_L32_S910007,NONE,3.521918875622555,LAW_29,283,0.0,0.0,NO_SINK_CAPACITY,True,0.0,32,46.16825347782503,4800
281.7535100498044,PARENT,LAW_29_L32_S910007,NONE,3.521918875622555,LAW_29,285,0.0,0.0,NO_SINK_CAPACITY,True,0.0,32,46.10835944664932,4832
281.7535100498044,PARENT,LAW_29_L32_S910007,NONE,3.521918875622555,LAW_29,286,0.0,0.0,NO_SINK_CAPACITY,True,0.0,32,46.31806636519539,4848
281.7535100498044,PARENT,LAW_29_L32_S910007,NONE,3.521918875622555,LAW_29,287,0.0,0.0,NO_SINK_CAPACITY,True,0.0,32,46.51305911202102,4864
281.7535100498044,PARENT,LAW_29_L32_S910007,NONE,3.521918875622555,LAW_29,288,0.0,0.0,NO_SINK_CAPACITY,True,0.0,32,46.69687953040515,4880
281.7535100498044,PARENT,LAW_29_L32_S910007,NONE,3.521918875622555,LAW_29,289,0.0,0.0,NO_SINK_CAPACITY,True,0.0,32,46.872126127522186,4896
281.7535100498044,PARENT,LAW_29_L32_S910007,NONE,3.521918875622555,LAW_29,290,0.0,0.0,NO_SINK_CAPACITY,True,0.0,32,47.04067214745668,4912
281.7535100498044,PARENT,LAW_29_L32_S910007,NONE,3.521918875622555,LAW_29,291,0.0,0.0,NO_SINK_CAPACITY,True,0.0,32,47.203879768587285,4928
281.7535100498044,PARENT,LAW_29_L32_S910007,NONE,3.521918875622555,LAW_29,292,0.0,0.0,NO_SINK_CAPACITY,True,0.0,32,47.36275416298129,4944
281.7535100498044,PARENT,LAW_29_L32_S910007,NONE,3.521918875622555,LAW_29,293,0.0,0.0,NO_SINK_CAPACITY,True,0.0,32,47.51804810628594,4960
281.7535100498044,PARENT,LAW_29_L32_S910007,NONE,3.521918875622555,LAW_29,294,0.0,0.0,NO_SINK_CAPACITY,True,0.0,32,47.6703332007406,4976
281.7535100498044,PARENT,LAW_29_L32_S910007,NONE,3.521918875622555,LAW_29,295,0.0,0.0,NO_SINK_CAPACITY,True,0.0,32,47.82004912490601,4992
281.7535100498044,PARENT,LAW_29_L32_S910007,NONE,3.521918875622555,LAW_29,296,0.0,0.0,NO_SINK_CAPACITY,True,0.0,32,47.96753801302346,5008
281.7535100498044,PARENT,LAW_29_L32_S910007,NONE,3.521918875622555,LAW_29,297,0.0,0.0,NO_SINK_CAPACITY,True,0.0,32,48.11306907733428,5024
281.7535100498044,PARENT,LAW_29_L32_S910007,NONE,3.521918875622555,LAW_29,298,0.0,0.0,NO_SINK_CAPACITY,True,0.0,32,48.25685651288727,5040
281.7535100498044,PARENT,LAW_29_L32_S910007,NONE,3.521918875622555,LAW_29,299,0.0,0.0,NO_SINK_CAPACITY,True,0.0,32,48.399072550400916,5056
281.7535100498044,PARENT,LAW_29_L32_S910007,NONE,3.521918875622555,LAW_29,300,0.0,0.0,NO_SINK_CAPACITY,True,0.0,32,48.539857129322584,5072
281.7535100498044,PARENT,LAW_29_L32_S910007,NONE,3.521918875622555,LAW_29,301,0.0,0.0,NO_SINK_CAPACITY,True,0.0,32,48.679325165869045,5088
281.7535100498044,PARENT,LAW_29_L32_S910007,NONE,3.521918875622555,LAW_29,302,0.0,0.0,NO_SINK_CAPACITY,True,0.0,32,48.81757201505333,5104
281.7535100498044,PARENT,LAW_29_L32_S910007,NONE,3.521918875622555,LAW_29,304,0.0,0.0,NO_SINK_CAPACITY,True,0.0,32,48.71401764693606,5136
281.7535100498044,PARENT,LAW_29_L32_S910007,NONE,3.521918875622555,LAW_29,305,0.0,0.0,NO_SINK_CAPACITY,True,0.0,32,48.905042538104425,5152
281.7535100498044,PARENT,LAW_29_L32_S910007,NONE,3.521918875622555,LAW_29,306,0.0,0.0,NO_SINK_CAPACITY,True,0.0,32,49.082162293340154,5168
281.7535100498044,PARENT,LAW_29_L32_S910007,NONE,3.521918875622555,LAW_29,307,0.0,0.0,NO_SINK_CAPACITY,True,0.0,32,49.248943438435326,5184
281.7535100498044,PARENT,LAW_29_L32_S910007,NONE,3.521918875622555,LAW_29,308,0.0,0.0,NO_SINK_CAPACITY,True,0.0,32,49.407932658630905,5200
281.7535100498044,PARENT,LAW_29_L32_S910007,NONE,3.521918875622555,LAW_29,309,0.0,0.0,NO_SINK_CAPACITY,True,0.0,32,49.56092824159166,5216
281.7535100498044,PARENT,LAW_29_L32_S910007,NONE,3.521918875622555,LAW_29,310,0.0,0.0,NO_SINK_CAPACITY,True,0.0,32,49.709214119724585,5232
281.7535100498044,PARENT,LAW_29_L32_S910007,NONE,3.521918875622555,LAW_29,311,0.0,0.0,NO_SINK_CAPACITY,True,0.0,32,49.853723030495225,5248
281.7535100498044,PARENT,LAW_29_L32_S910007,NONE,3.521918875622555,LAW_29,312,0.0,0.0,NO_SINK_CAPACITY,True,0.0,32,49.99514363441659,5264
281.7535100498044,PARENT,LAW_29_L32_S910007,NONE,3.521918875622555,LAW_29,314,0.0,0.0,NO_SINK_CAPACITY,True,0.0,32,49.89276681836832,5296
281.7535100498044,PARENT,LAW_29_L32_S910007,NONE,3.521918875622555,LAW_29,315,0.0,0.0,NO_SINK_CAPACITY,True,0.0,32,50.08289404886999,5312
281.7535100498044,PARENT,LAW_29_L32_S910007,NONE,3.521918875622555,LAW_29,316,0.0,0.0,NO_SINK_CAPACITY,True,0.0,32,50.25868536988921,5328
281.7535100498044,PARENT,LAW_29_L32_S910007,NONE,3.521918875622555,LAW_29,317,0.0,0.0,NO_SINK_CAPACITY,True,0.0,32,50.42374944862752,5344
281.7535100498044,PARENT,LAW_29_L32_S910007,NONE,3.521918875622555,LAW_29,318,0.0,0.0,NO_SINK_CAPACITY,True,0.0,32,50.580683843991324,5360
281.7535100498044,SINK_FLOOR,LAW_29_L32_S910007,PLANNED,3.521918875622555,LAW_29,0,3.521918875622555,3.5219188756225552,NONE,False,49.14003392764894,32,41.29636037364335,272
281.7535100498044,SINK_FLOOR,LAW_29_L32_S910007,PLANNED,3.521918875622555,LAW_29,8,3.521918875622555,3.521918875622554,NONE,False,19.659776179427286,32,19.48505514231959,400
281.7535100498044,SINK_FLOOR,LAW_29_L32_S910007,SINK,3.521918875622555,LAW_29,16,0.356808298399669,0.356808298399669,NONE,False,0.356808298399669,32,7.135248725461728,528
281.7535100498044,SINK_FLOOR,LAW_29_L32_S910007,SINK,3.521918875622555,LAW_29,24,0.2863845708204844,0.2863845708204844,NONE,False,0.2863845708204844,32,11.43775656447811,656
281.7535100498044,SINK_FLOOR,LAW_29_L32_S910007,SINK,3.521918875622555,LAW_29,32,0.23628165855269978,0.23628165855269978,NONE,False,0.23628165855269978,32,14.870244103718598,784
281.7535100498044,SINK_FLOOR,LAW_29_L32_S910007,SINK,3.521918875622555,LAW_29,40,0.20202861476452127,0.20202861476452127,NONE,False,0.20202861476452127,32,17.83542439203387,912
281.7535100498044,SINK_FLOOR,LAW_29_L32_S910007,SINK,3.521918875622555,LAW_29,48,0.17645893948050884,0.17645893948050884,NONE,False,0.17645893948050884,32,20.499346523008334,1040
281.7535100498044,SINK_FLOOR,LAW_29_L32_S910007,SINK,3.521918875622555,LAW_29,56,0.15651014430195553,0.15651014430195553,NONE,False,0.15651014430195553,32,22.938659701721548,1168
281.7535100498044,SINK_FLOOR,LAW_29_L32_S910007,SINK,3.521918875622555,LAW_29,64,0.14041465040590395,0.14041465040590395,NONE,False,0.14041465040590395,32,25.187840554307677,1296
281.7535100498044,SINK_FLOOR,LAW_29_L32_S910007,SINK,3.521918875622555,LAW_29,72,0.1270746449214767,0.1270746449214767,NONE,False,0.1270746449214767,32,27.275407674198263,1424
281.7535100498044,SINK_FLOOR,LAW_29_L32_S910007,SINK,3.521918875622555,LAW_29,80,0.1161120834285364,0.1161120834285364,NONE,False,0.1161120834285364,32,29.22699288984594,1552
281.7535100498044,SINK_FLOOR,LAW_29_L32_S910007,SINK,3.521918875622555,LAW_29,88,0.1072026811938892,0.1072026811938892,NONE,False,0.1072026811938892,32,31.067104056188434,1680
281.7535100498044,SINK_FLOOR,LAW_29_L32_S910007,SINK,3.521918875622555,LAW_29,96,0.09957833488736034,0.09957833488736034,NONE,False,0.09957833488736034,32,32.807183750545065,1808
281.7535100498044,SINK_FLOOR,LAW_29_L32_S910007,SINK,3.521918875622555,LAW_29,104,0.09269929357457052,0.09269929357457052,NONE,False,0.09269929357457052,32,34.46036348373908,1936
281.7535100498044,SINK_FLOOR,LAW_29_L32_S910007,SINK,3.521918875622555,LAW_29,112,0.08647250556049468,0.08647250556049468,NONE,False,0.08647250556049468,32,36.03620798798461,2064
281.7535100498044,SINK_FLOOR,LAW_29_L32_S910007,SINK,3.521918875622555,LAW_29,120,0.08080665775443974,0.08080665775443974,NONE,False,0.08080665775443974,32,37.54231450237049,2192
281.7535100498044,SINK_FLOOR,LAW_29_L32_S910007,SINK,3.521918875622555,LAW_29,128,0.0756246571895266,0.0756246571895266,NONE,False,0.0756246571895266,32,38.985136013420345,2320
281.7535100498044,SINK_FLOOR,LAW_29_L32_S910007,SINK,3.521918875622555,LAW_29,136,0.07086279387932592,0.07086279387932592,NONE,False,0.07086279387932592,32,40.37006983083609,2448
281.7535100498044,SINK_FLOOR,LAW_29_L32_S910007,SINK,3.521918875622555,LAW_29,144,0.06668461610078658,0.06668461610078658,NONE,False,0.06668461610078658,32,41.70149657881974,2576
281.7535100498044,SINK_FLOOR,LAW_29_L32_S910007,SINK,3.521918875622555,LAW_29,152,0.0630230124925627,0.0630230124925627,NONE,False,0.0630230124925627,32,42.98247180249287,2704
281.7535100498044,SINK_FLOOR,LAW_29_L32_S910007,SINK,3.521918875622555,LAW_29,160,0.05969777377830998,0.05969777377830998,NONE,False,0.05969777377830998,32,44.21637149983973,2832
281.7535100498044,SINK_FLOOR,LAW_29_L32_S910007,SINK,3.521918875622555,LAW_29,168,0.05652981604083651,0.05652981604083651,NONE,False,0.05652981604083651,32,45.40727310046042,2960
281.7535100498044,SINK_FLOOR,LAW_29_L32_S910007,SINK,3.521918875622555,LAW_29,176,0.053524680235158106,0.053524680235158106,NONE,False,0.053524680235158106,32,46.55833551784636,3088
281.7535100498044,SINK_FLOOR,LAW_29_L32_S910007,SINK,3.521918875622555,LAW_29,184,0.05067608872356577,0.05067608872356577,NONE,False,0.05067608872356577,32,47.67225912168327,3216
281.7535100498044,SINK_FLOOR,LAW_29_L32_S910007,SINK,3.521918875622555,LAW_29,192,0.04797505091149401,0.04797505091149401,NONE,False,0.04797505091149401,32,48.751406670029894,3344
281.7535100498044,SINK_FLOOR,LAW_29_L32_S910007,SINK,3.521918875622555,LAW_29,200,0.045412061703951956,0.045412061703951956,NONE,False,0.045412061703951956,32,49.79779503177999,3472
281.7535100498044,SINK_FLOOR,LAW_29_L32_S910007,SINK,3.521918875622555,LAW_29,208,0.04297787775143569,0.04297787775143569,NONE,False,0.04297787775143569,32,50.81327017701164,3600
281.7535100498044,SINK_FLOOR,LAW_29_L32_S910007,SINK,3.521918875622555,LAW_29,216,0.04075187850555384,0.04075187850555384,NONE,False,0.04075187850555384,32,51.79949733223364,3728
281.7535100498044,SINK_FLOOR,LAW_29_L32_S910007,SINK,3.521918875622555,LAW_29,224,0.03871823140708053,0.03871823140708053,NONE,False,0.03871823140708053,32,52.757259399695364,3856
281.7535100498044,SINK_FLOOR,LAW_29_L32_S910007,SINK,3.521918875622555,LAW_29,232,0.036852506774147864,0.036852506774147864,NONE,False,0.036852506774147864,32,53.6880943083844,3984
281.7535100498044,SINK_FLOOR,LAW_29_L32_S910007,SINK,3.521918875622555,LAW_29,240,0.035104232875277974,0.035104232875277974,NONE,False,0.035104232875277974,32,54.59294034490612,4112
281.7535100498044,SINK_FLOOR,LAW_29_L32_S910007,SINK,3.521918875622555,LAW_29,248,0.033404589774599036,0.033404589774599036,NONE,False,0.033404589774599036,32,55.47330832837697,4240
281.7535100498044,SINK_FLOOR,LAW_29_L32_S910007,SINK,3.521918875622555,LAW_29,256,0.031760729055462344,0.031760729055462344,NONE,False,0.031760729055462344,32,56.32847224654606,4368
281.7535100498044,SINK_FLOOR,LAW_29_L32_S910007,SINK,3.521918875622555,LAW_29,264,0.03017410599974879,0.03017410599974879,NONE,False,0.03017410599974879,32,57.15891391638131,4496
281.7535100498044,SINK_FLOOR,LAW_29_L32_S910007,SINK,3.521918875622555,LAW_29,272,0.028644278555403413,0.028644278555403413,NONE,False,0.028644278555403413,32,57.96609120499564,4624
281.7535100498044,SINK_FLOOR,LAW_29_L32_S910007,SINK,3.521918875622555,LAW_29,280,0.02716997091077611,0.02716997091077611,NONE,False,0.02716997091077611,32,58.75125445864141,4752
281.7535100498044,SINK_FLOOR,LAW_29_L32_S910007,SINK,3.521918875622555,LAW_29,288,0.025749523670815844,0.025749523670815844,NONE,False,0.025749523670815844,32,59.51549908868664,4880
281.7535100498044,SINK_FLOOR,LAW_29_L32_S910007,SINK,3.521918875622555,LAW_29,296,0.02443452862708928,0.02443452862708928,NONE,False,0.02443452862708928,32,60.259768754965435,5008
281.7535100498044,SINK_FLOOR,LAW_29_L32_S910007,SINK,3.521918875622555,LAW_29,304,0.023235160547844358,0.023235160547844358,NONE,False,0.023235160547844358,32,60.98459029872127,5136
281.7535100498044,SINK_FLOOR,LAW_29_L32_S910007,SINK,3.521918875622555,LAW_29,312,0.022061876446311857,0.022061876446311857,NONE,False,0.022061876446311857,32,61.14078310347115,5264
286.9203516614803,PARENT,LAW_29_L32_S910008,PLANNED,3.586504395768504,LAW_29,0,3.586504395768504,3.586504395768504,NONE,False,141.83121038327968,32,47.49400961788908,272
286.9203516614803,PARENT,LAW_29_L32_S910008,PLANNED,3.586504395768504,LAW_29,8,3.586504395768504,3.586504395768504,NONE,False,101.96724129102022,32,25.41478107249435,400
286.9203516614803,PARENT,LAW_29_L32_S910008,PLANNED,3.586504395768504,LAW_29,16,3.586504395768504,3.5865043957685034,NONE,False,62.78363644458973,32,3.9907732234663165,528
286.9203516614803,PARENT,LAW_29_L32_S910008,SOURCE,3.586504395768504,LAW_29,24,0.9319742028136471,0.9319742028136471,NONE,False,45.477996576514364,32,0.9319742028136471,656
286.9203516614803,PARENT,LAW_29_L32_S910008,SOURCE,3.586504395768504,LAW_29,32,0.8140029171018988,0.8140029171018988,NONE,False,33.29345343037587,32,0.8140029171018988,784
286.9203516614803,PARENT,LAW_29_L32_S910008,SOURCE,3.586504395768504,LAW_29,40,0.8129725933346014,0.8129725933346014,NONE,False,23.59045112899508,32,0.8129725933346014,912
286.9203516614803,PARENT,LAW_29_L32_S910008,SOURCE,3.586504395768504,LAW_29,48,0.872976908652974,0.872976908652974,NONE,False,15.226834241508337,32,0.872976908652974,1040
286.9203516614803,PARENT,LAW_29_L32_S910008,SOURCE,3.586504395768504,LAW_29,56,1.093621746333743,1.093621746333743,NONE,False,10.601962612856116,32,1.093621746333743,1168
286.9203516614803,PARENT,LAW_29_L32_S910008,SOURCE,3.586504395768504,LAW_29,64,1.2821023118733286,1.2821023118733286,NONE,False,3.178676033340074,32,1.2821023118733286,1296
286.9203516614803,PARENT,LAW_29_L32_S910008,SINK,3.586504395768504,LAW_29,72,0.9191157226251312,0.9191157226251312,NONE,False,0.9191157226251312,32,3.1893105671202044,1424
286.9203516614803,PARENT,LAW_29_L32_S910008,NONE,3.586504395768504,LAW_29,73,0.0,0.0,NO_SINK_CAPACITY,True,0.0,32,3.413968864391299,1440
286.9203516614803,PARENT,LAW_29_L32_S910008,NONE,3.586504395768504,LAW_29,77,0.0,0.0,NO_SINK_CAPACITY,True,0.0,32,4.61399894895163,1504
286.9203516614803,PARENT,LAW_29_L32_S910008,SINK,3.586504395768504,LAW_29,80,0.45080236186578054,0.45080236186578054,NONE,False,0.45080236186578054,32,5.700447469792199,1552
286.9203516614803,PARENT,LAW_29_L32_S910008,NONE,3.586504395768504,LAW_29,81,0.0,0.0,NO_SINK_CAPACITY,True,0.0,32,6.1854675375147865,1568
286.9203516614803,PARENT,LAW_29_L32_S910008,NONE,3.586504395768504,LAW_29,82,0.0,0.0,NO_SINK_CAPACITY,True,0.0,32,7.018988221015659,1584
286.9203516614803,PARENT,LAW_29_L32_S910008,NONE,3.586504395768504,LAW_29,83,0.0,0.0,NO_SINK_CAPACITY,True,0.0,32,7.773745111235175,1600
286.9203516614803,PARENT,LAW_29_L32_S910008,NONE,3.586504395768504,LAW_29,85,0.0,0.0,NO_SINK_CAPACITY,True,0.0,32,7.546819495594923,1632
286.9203516614803,PARENT,LAW_29_L32_S910008,NONE,3.586504395768504,LAW_29,86,0.0,0.0,NO_SINK_CAPACITY,True,0.0,32,8.351887817461598,1648
286.9203516614803,PARENT,LAW_29_L32_S910008,SINK,3.586504395768504,LAW_29,88,0.9053322290007073,0.9053322290007073,NONE,False,0.9053322290007073,32,8.172794357451052,1680
286.9203516614803,PARENT,LAW_29_L32_S910008,NONE,3.586504395768504,LAW_29,89,0.0,0.0,NO_SINK_CAPACITY,True,0.0,32,8.174811815177273,1696
286.9203516614803,PARENT,LAW_29_L32_S910008,NONE,3.586504395768504,LAW_29,90,0.0,0.0,NO_SINK_CAPACITY,True,0.0,32,8.97779285663158,1712
286.9203516614803,PARENT,LAW_29_L32_S910008,NONE,3.586504395768504,LAW_29,91,0.0,0.0,NO_SINK_CAPACITY,True,0.0,32,9.699964561722641,1728
286.9203516614803,PARENT,LAW_29_L32_S910008,NONE,3.586504395768504,LAW_29,93,0.0,0.0,NO_SINK_CAPACITY,True,0.0,32,10.598773896885127,1760
286.9203516614803,PARENT,LAW_29_L32_S910008,NONE,3.586504395768504,LAW_29,94,0.0,0.0,NO_SINK_CAPACITY,True,0.0,32,11.23071084454717,1776
286.9203516614803,PARENT,LAW_29_L32_S910008,NONE,3.586504395768504,LAW_29,95,0.0,0.0,NO_SINK_CAPACITY,True,0.0,32,11.817860649530926,1792
286.9203516614803,PARENT,LAW_29_L32_S910008,NONE,3.586504395768504,LAW_29,96,0.0,0.0,NO_SINK_CAPACITY,True,0.0,32,12.369415690072392,1808
286.9203516614803,PARENT,LAW_29_L32_S910008,NONE,3.586504395768504,LAW_29,97,0.0,0.0,NO_SINK_CAPACITY,True,0.0,32,12.89217486147561,1824
286.9203516614803,PARENT,LAW_29_L32_S910008,NONE,3.586504395768504,LAW_29,99,0.0,0.0,NO_SINK_CAPACITY,True,0.0,32,12.34910119907683,1856
286.9203516614803,PARENT,LAW_29_L32_S910008,NONE,3.586504395768504,LAW_29,101,0.0,0.0,NO_SINK_CAPACITY,True,0.0,32,12.888209619321325,1888
286.9203516614803,PARENT,LAW_29_L32_S910008,NONE,3.586504395768504,LAW_29,102,0.0,0.0,NO_SINK_CAPACITY,True,0.0,32,13.562396373922976,1904
286.9203516614803,PARENT,LAW_29_L32_S910008,NONE,3.586504395768504,LAW_29,103,0.0,0.0,NO_SINK_CAPACITY,True,0.0,32,14.170122381697384,1920
286.9203516614803,PARENT,LAW_29_L32_S910008,NONE,3.586504395768504,LAW_29,104,0.0,0.0,NO_SINK_CAPACITY,True,0.0,32,14.72778839451204,1936
286.9203516614803,PARENT,LAW_29_L32_S910008,NONE,3.586504395768504,LAW_29,105,0.0,0.0,NO_SINK_CAPACITY,True,0.0,32,15.24708006127182,1952
286.9203516614803,PARENT,LAW_29_L32_S910008,NONE,3.586504395768504,LAW_29,108,0.0,0.0,NO_SINK_CAPACITY,True,0.0,32,15.257973226957409,2000
286.9203516614803,PARENT,LAW_29_L32_S910008,NONE,3.586504395768504,LAW_29,110,0.0,0.0,NO_SINK_CAPACITY,True,0.0,32,16.06923740049839,2032
286.9203516614803,PARENT,LAW_29_L32_S910008,NONE,3.586504395768504,LAW_29,111,0.0,0.0,NO_SINK_CAPACITY,True,0.0,32,16.642688398794988,2048
286.9203516614803,PARENT,LAW_29_L32_S910008,SINK,3.586504395768504,LAW_29,112,0.45183832771609395,0.45183832771609395,NONE,False,0.45183832771609395,32,17.164910567120238,2064
286.9203516614803,PARENT,LAW_29_L32_S910008,NONE,3.586504395768504,LAW_29,113,0.0,0.0,NO_SINK_CAPACITY,True,0.0,32,17.275189788354556,2080
286.9203516614803,PARENT,LAW_29_L32_S910008,NONE,3.586504395768504,LAW_29,114,0.0,0.0,NO_SINK_CAPACITY,True,0.0,32,17.787892910514714,2096
286.9203516614803,PARENT,LAW_29_L32_S910008,NONE,3.586504395768504,LAW_29,115,0.0,0.0,NO_SINK_CAPACITY,True,0.0,32,18.262795135330336,2112
286.9203516614803,PARENT,LAW_29_L32_S910008,NONE,3.586504395768504,LAW_29,116,0.0,0.0,NO_SINK_CAPACITY,True,0.0,32,18.708678931251185,2128
286.9203516614803,PARENT,LAW_29_L32_S910008,NONE,3.586504395768504,LAW_29,117,0.0,0.0,NO_SINK_CAPACITY,True,0.0,32,19.131855906258114,2144
286.9203516614803,PARENT,LAW_29_L32_S910008,NONE,3.586504395768504,LAW_29,118,0.0,0.0,NO_SINK_CAPACITY,True,0.0,32,19.536864112653507,2160
286.9203516614803,PARENT,LAW_29_L32_S910008,NONE,3.586504395768504,LAW_29,120,0.0,0.0,NO_SINK_CAPACITY,True,0.0,32,19.931160416878267,2192
286.9203516614803,PARENT,LAW_29_L32_S910008,NONE,3.586504395768504,LAW_29,121,0.0,0.0,NO_SINK_CAPACITY,True,0.0,32,20.356771384373957,2208
286.9203516614803,PARENT,LAW_29_L32_S910008,NONE,3.586504395768504,LAW_29,122,0.0,0.0,NO_SINK_CAPACITY,True,0.0,32,20.759486795652368,2224
286.9203516614803,PARENT,LAW_29_L32_S910008,NONE,3.586504395768504,LAW_29,124,0.0,0.0,NO_SINK_CAPACITY,True,0.0,32,20.373407122738225,2256
286.9203516614803,PARENT,LAW_29_L32_S910008,NONE,3.586504395768504,LAW_29,125,0.0,0.0,NO_SINK_CAPACITY,True,0.0,32,20.893288388649925,2272
286.9203516614803,PARENT,LAW_29_L32_S910008,NONE,3.586504395768504,LAW_29,127,0.0,0.0,NO_SINK_CAPACITY,True,0.0,32,21.4257905926778,2304
286.9203516614803,PARENT,LAW_29_L32_S910008,NONE,3.586504395768504,LAW_29,128,0.0,0.0,NO_SINK_CAPACITY,True,0.0,32,21.89093976809667,2320
286.9203516614803,PARENT,LAW_29_L32_S910008,NONE,3.586504395768504,LAW_29,129,0.0,0.0,NO_SINK_CAPACITY,True,0.0,32,22.320024459690384,2336
286.9203516614803,PARENT,LAW_29_L32_S910008,NONE,3.586504395768504,LAW_29,130,0.0,0.0,NO_SINK_CAPACITY,True,0.0,32,22.721838768609867,2352
286.9203516614803,PARENT,LAW_29_L32_S910008,NONE,3.586504395768504,LAW_29,131,0.0,0.0,NO_SINK_CAPACITY,True,0.0,32,23.102640833060857,2368
286.9203516614803,PARENT,LAW_29_L32_S910008,NONE,3.586504395768504,LAW_29,134,0.0,0.0,NO_SINK_CAPACITY,True,0.0,32,23.088582694674106,2416
286.9203516614803,PARENT,LAW_29_L32_S910008,NONE,3.586504395768504,LAW_29,135,0.0,0.0,NO_SINK_CAPACITY,True,0.0,32,23.571399338580754,2432
286.9203516614803,PARENT,LAW_29_L32_S910008,NONE,3.586504395768504,LAW_29,136,0.0,0.0,NO_SINK_CAPACITY,True,0.0,32,24.00840012235014,2448
286.9203516614803,PARENT,LAW_29_L32_S910008,NONE,3.586504395768504,LAW_29,137,0.0,0.0,NO_SINK_CAPACITY,True,0.0,32,24.41158681937832,2464
286.9203516614803,PARENT,LAW_29_L32_S910008,NONE,3.586504395768504,LAW_29,138,0.0,0.0,NO_SINK_CAPACITY,True,0.0,32,24.789439122380212,2480
286.9203516614803,PARENT,LAW_29_L32_S910008,NONE,3.586504395768504,LAW_29,139,0.0,0.0,NO_SINK_CAPACITY,True,0.0,32,25.147881790262716,2496
286.9203516614803,PARENT,LAW_29_L32_S910008,NONE,3.586504395768504,LAW_29,140,0.0,0.0,NO_SINK_CAPACITY,True,0.0,32,25.4910978971573,2512
286.9203516614803,PARENT,LAW_29_L32_S910008,NONE,3.586504395768504,LAW_29,141,0.0,0.0,NO_SINK_CAPACITY,True,0.0,32,25.82208687557541,2528
286.9203516614803,PARENT,LAW_29_L32_S910008,NONE,3.586504395768504,LAW_29,142,0.0,0.0,NO_SINK_CAPACITY,True,0.0,32,26.14303552237473,2544
286.9203516614803,PARENT,LAW_29_L32_S910008,NONE,3.586504395768504,LAW_29,143,0.0,0.0,NO_SINK_CAPACITY,True,0.0,32,26.455565352457437,2560
286.9203516614803,PARENT,LAW_29_L32_S910008,NONE,3.586504395768504,LAW_29,144,0.0,0.0,NO_SINK_CAPACITY,True,0.0,32,26.760899479089503,2576
286.9203516614803,PARENT,LAW_29_L32_S910008,NONE,3.586504395768504,LAW_29,146,0.0,0.0,NO_SINK_CAPACITY,True,0.0,32,26.982583023265352,2608
286.9203516614803,PARENT,LAW_29_L32_S910008,NONE,3.586504395768504,LAW_29,147,0.0,0.0,NO_SINK_CAPACITY,True,0.0,32,27.33189024376196,2624
286.9203516614803,PARENT,LAW_29_L32_S910008,NONE,3.586504395768504,LAW_29,148,0.0,0.0,NO_SINK_CAPACITY,True,0.0,32,27.662280794403003,2640
286.9203516614803,PARENT,LAW_29_L32_S910008,NONE,3.586504395768504,LAW_29,150,0.0,0.0,NO_SINK_CAPACITY,True,0.0,32,27.905254611332225,2672
286.9203516614803,PARENT,LAW_29_L32_S910008,NONE,3.586504395768504,LAW_29,151,0.0,0.0,NO_SINK_CAPACITY,True,0.0,32,28.256883135683218,2688
286.9203516614803,PARENT,LAW_29_L32_S910008,NONE,3.586504395768504,LAW_29,152,0.0,0.0,NO_SINK_CAPACITY,True,0.0,32,28.587622797969225,2704
286.9203516614803,PARENT,LAW_29_L32_S910008,NONE,3.586504395768504,LAW_29,153,0.0,0.0,NO_SINK_CAPACITY,True,0.0,32,28.902251374392776,2720
286.9203516614803,PARENT,LAW_29_L32_S910008,NONE,3.586504395768504,LAW_29,154,0.0,0.0,NO_SINK_CAPACITY,True,0.0,32,29.204280087154054,2736
286.9203516614803,PARENT,LAW_29_L32_S910008,NONE,3.586504395768504,LAW_29,155,0.0,0.0,NO_SINK_CAPACITY,True,0.0,32,29.496255726871286,2752
286.9203516614803,PARENT,LAW_29_L32_S910008,NONE,3.586504395768504,LAW_29,158,0.0,0.0,NO_SINK_CAPACITY,True,0.0,32,29.249067681092274,2800
286.9203516614803,PARENT,LAW_29_L32_S910008,NONE,3.586504395768504,LAW_29,159,0.0,0.0,NO_SINK_CAPACITY,True,0.0,32,29.66363325440668,2816
286.9203516614803,PARENT,LAW_29_L32_S910008,SINK,3.586504395768504,LAW_29,160,1.3521086768971378,1.3521086768971378,NONE,False,1.3521086768971378,32,30.03871164272409,2832
286.9203516614803,PARENT,LAW_29_L32_S910008,NONE,3.586504395768504,LAW_29,161,0.0,0.0,NO_SINK_CAPACITY,True,0.0,32,29.22449440442687,2848
286.9203516614803,PARENT,LAW_29_L32_S910008,NONE,3.586504395768504,LAW_29,162,0.0,0.0,NO_SINK_CAPACITY,True,0.0,32,29.693779936175776,2864
286.9203516614803,PARENT,LAW_29_L32_S910008,NONE,3.586504395768504,LAW_29,163,0.0,0.0,NO_SINK_CAPACITY,True,0.0,32,30.111256074521446,2880
286.9203516614803,PARENT,LAW_29_L32_S910008,NONE,3.586504395768504,LAW_29,164,0.0,0.0,NO_SINK_CAPACITY,True,0.0,32,30.490414102099084,2896
286.9203516614803,PARENT,LAW_29_L32_S910008,NONE,3.586504395768504,LAW_29,165,0.0,0.0,NO_SINK_CAPACITY,True,0.0,32,30.841022874968434,2912
286.9203516614803,PARENT,LAW_29_L32_S910008,NONE,3.586504395768504,LAW_29,166,0.0,0.0,NO_SINK_CAPACITY,True,0.0,32,31.169998408341282,2928
286.9203516614803,PARENT,LAW_29_L32_S910008,NONE,3.586504395768504,LAW_29,167,0.0,0.0,NO_SINK_CAPACITY,True,0.0,32,31.48224533280985,2944
286.9203516614803,PARENT,LAW_29_L32_S910008,NONE,3.586504395768504,LAW_29,168,0.0,0.0,NO_SINK_CAPACITY,True,0.0,32,31.78127979041923,2960
286.9203516614803,PARENT,LAW_29_L32_S910008,NONE,3.586504395768504,LAW_29,169,0.0,0.0,NO_SINK_CAPACITY,True,0.0,32,32.06965898215705,2976
286.9203516614803,PARENT,LAW_29_L32_S910008,NONE,3.586504395768504,LAW_29,170,0.0,0.0,NO_SINK_CAPACITY,True,0.0,32,32.34927144053305,2992
286.9203516614803,PARENT,LAW_29_L32_S910008,NONE,3.586504395768504,LAW_29,171,0.0,0.0,NO_SINK_CAPACITY,True,0.0,32,32.62153325095205,3008
286.9203516614803,PARENT,LAW_29_L32_S910008,NONE,3.586504395768504,LAW_29,172,0.0,0.0,NO_SINK_CAPACITY,True,0.0,32,32.8875223476809,3024
286.9203516614803,PARENT,LAW_29_L32_S910008,NONE,3.586504395768504,LAW_29,173,0.0,0.0,NO_SINK_CAPACITY,True,0.0,32,33.1480715851578,3040
286.9203516614803,PARENT,LAW_29_L32_S910008,NONE,3.586504395768504,LAW_29,174,0.0,0.0,NO_SINK_CAPACITY,True,0.0,32,33.40383381552619,3056
286.9203516614803,PARENT,LAW_29_L32_S910008,NONE,3.586504395768504,LAW_29,175,0.0,0.0,NO_SINK_CAPACITY,True,0.0,32,33.655328096564645,3072
286.9203516614803,PARENT,LAW_29_L32_S910008,NONE,3.586504395768504,LAW_29,176,0.0,0.0,NO_SINK_CAPACITY,True,0.0,32,33.90297292282598,3088
286.9203516614803,PARENT,LAW_29_L32_S910008,NONE,3.586504395768504,LAW_29,177,0.0,0.0,NO_SINK_CAPACITY,True,0.0,32,34.147110222915444,3104
286.9203516614803,PARENT,LAW_29_L32_S910008,NONE,3.586504395768504,LAW_29,180,0.0,0.0,NO_SINK_CAPACITY,True,0.0,32,33.83369523734722,3152
286.9203516614803,PARENT,LAW_29_L32_S910008,NONE,3.586504395768504,LAW_29,181,0.0,0.0,NO_SINK_CAPACITY,True,0.0,32,34.19789660653297,3168
286.9203516614803,PARENT,LAW_29_L32_S910008,NONE,3.586504395768504,LAW_29,182,0.0,0.0,NO_SINK_CAPACITY,True,0.0,32,34.53020688558103,3184
286.9203516614803,PARENT,LAW_29_L32_S910008,NONE,3.586504395768504,LAW_29,183,0.0,0.0,NO_SINK_CAPACITY,True,0.0,32,34.83862508347518,3200
286.9203516614803,PARENT,LAW_29_L32_S910008,NONE,3.586504395768504,LAW_29,184,0.0,0.0,NO_SINK_CAPACITY,True,0.0,32,35.128905116718855,3216
286.9203516614803,PARENT,LAW_29_L32_S910008,NONE,3.586504395768504,LAW_29,185,0.0,0.0,NO_SINK_CAPACITY,True,0.0,32,35.40515363204165,3232
286.9203516614803,PARENT,LAW_29_L32_S910008,NONE,3.586504395768504,LAW_29,186,0.0,0.0,NO_SINK_CAPACITY,True,0.0,32,35.670328976258006,3248
286.9203516614803,PARENT,LAW_29_L32_S910008,NONE,3.586504395768504,LAW_29,187,0.0,0.0,NO_SINK_CAPACITY,True,0.0,32,35.92659122884944,3264
286.9203516614803,PARENT,LAW_29_L32_S910008,NONE,3.586504395768504,LAW_29,188,0.0,0.0,NO_SINK_CAPACITY,True,0.0,32,36.17553934002615,3280
286.9203516614803,PARENT,LAW_29_L32_S910008,NONE,3.586504395768504,LAW_29,189,0.0,0.0,NO_SINK_CAPACITY,True,0.0,32,36.41837296120217,3296
286.9203516614803,PARENT,LAW_29_L32_S910008,NONE,3.586504395768504,LAW_29,190,0.0,0.0,NO_SINK_CAPACITY,True,0.0,32,36.65600470227914,3312
286.9203516614803,PARENT,LAW_29_L32_S910008,NONE,3.586504395768504,LAW_29,191,0.0,0.0,NO_SINK_CAPACITY,True,0.0,32,36.889138522044206,3328
286.9203516614803,PARENT,LAW_29_L32_S910008,NONE,3.586504395768504,LAW_29,192,0.0,0.0,NO_SINK_CAPACITY,True,0.0,32,37.11832514020748,3344
286.9203516614803,PARENT,LAW_29_L32_S910008,NONE,3.586504395768504,LAW_29,193,0.0,0.0,NO_SINK_CAPACITY,True,0.0,32,37.34400132828202,3360
286.9203516614803,PARENT,LAW_29_L32_S910008,NONE,3.586504395768504,LAW_29,194,0.0,0.0,NO_SINK_CAPACITY,True,0.0,32,37.56651802816784,3376
286.9203516614803,PARENT,LAW_29_L32_S910008,NONE,3.586504395768504,LAW_29,195,0.0,0.0,NO_SINK_CAPACITY,True,0.0,32,37.78616091435771,3392
286.9203516614803,PARENT,LAW_29_L32_S910008,NONE,3.586504395768504,LAW_29,196,0.0,0.0,NO_SINK_CAPACITY,True,0.0,32,38.003165496675415,3408
286.9203516614803,PARENT,LAW_29_L32_S910008,NONE,3.586504395768504,LAW_29,197,0.0,0.0,NO_SINK_CAPACITY,True,0.0,32,38.21772817235319,3424
286.9203516614803,PARENT,LAW_29_L32_S910008,NONE,3.586504395768504,LAW_29,198,0.0,0.0,NO_SINK_CAPACITY,True,0.0,32,38.430014626623475,3440
286.9203516614803,PARENT,LAW_29_L32_S910008,NONE,3.586504395768504,LAW_29,199,0.0,0.0,NO_SINK_CAPACITY,True,0.0,32,38.640166276872755,3456
286.9203516614803,PARENT,LAW_29_L32_S910008,SINK,3.586504395768504,LAW_29,200,0.4500284189971081,0.4500284189971081,NONE,False,0.4500284189971081,32,38.84830497385158,3472
286.9203516614803,PARENT,LAW_29_L32_S910008,NONE,3.586504395768504,LAW_29,201,0.0,0.0,NO_SINK_CAPACITY,True,0.0,32,38.69242885428383,3488
286.9203516614803,PARENT,LAW_29_L32_S910008,NONE,3.586504395768504,LAW_29,202,0.0,0.0,NO_SINK_CAPACITY,True,0.0,32,38.962046561459786,3504
286.9203516614803,PARENT,LAW_29_L32_S910008,NONE,3.586504395768504,LAW_29,204,0.0,0.0,NO_SINK_CAPACITY,True,0.0,32,39.06908083428091,3536
286.9203516614803,PARENT,LAW_29_L32_S910008,NONE,3.586504395768504,LAW_29,205,0.0,0.0,NO_SINK_CAPACITY,True,0.0,32,39.34960863337438,3552
286.9203516614803,PARENT,LAW_29_L32_S910008,NONE,3.586504395768504,LAW_29,206,0.0,0.0,NO_SINK_CAPACITY,True,0.0,32,39.61059162912793,3568
286.9203516614803,PARENT,LAW_29_L32_S910008,NONE,3.586504395768504,LAW_29,207,0.0,0.0,NO_SINK_CAPACITY,True,0.0,32,39.85687048307762,3584
286.9203516614803,PARENT,LAW_29_L32_S910008,NONE,3.586504395768504,LAW_29,208,0.0,0.0,NO_SINK_CAPACITY,True,0.0,32,40.09194055395772,3600
286.9203516614803,PARENT,LAW_29_L32_S910008,NONE,3.586504395768504,LAW_29,209,0.0,0.0,NO_SINK_CAPACITY,True,0.0,32,40.31829693514137,3616
286.9203516614803,PARENT,LAW_29_L32_S910008,NONE,3.586504395768504,LAW_29,210,0.0,0.0,NO_SINK_CAPACITY,True,0.0,32,40.53773690326799,3632
286.9203516614803,PARENT,LAW_29_L32_S910008,NONE,3.586504395768504,LAW_29,211,0.0,0.0,NO_SINK_CAPACITY,True,0.0,32,40.75157363819676,3648
286.9203516614803,PARENT,LAW_29_L32_S910008,NONE,3.586504395768504,LAW_29,212,0.0,0.0,NO_SINK_CAPACITY,True,0.0,32,40.96078017956614,3664
286.9203516614803,PARENT,LAW_29_L32_S910008,NONE,3.586504395768504,LAW_29,213,0.0,0.0,NO_SINK_CAPACITY,True,0.0,32,41.16608772393166,3680
286.9203516614803,PARENT,LAW_29_L32_S910008,NONE,3.586504395768504,LAW_29,214,0.0,0.0,NO_SINK_CAPACITY,True,0.0,32,41.368053165820086,3696
286.9203516614803,PARENT,LAW_29_L32_S910008,NONE,3.586504395768504,LAW_29,216,0.0,0.0,NO_SINK_CAPACITY,True,0.0,32,41.01131925787739,3728
286.9203516614803,PARENT,LAW_29_L32_S910008,NONE,3.586504395768504,LAW_29,217,0.0,0.0,NO_SINK_CAPACITY,True,0.0,32,41.31901613479796,3744
286.9203516614803,PARENT,LAW_29_L32_S910008,NONE,3.586504395768504,LAW_29,219,0.0,0.0,NO_SINK_CAPACITY,True,0.0,32,41.07966953964638,3776
286.9203516614803,PARENT,LAW_29_L32_S910008,NONE,3.586504395768504,LAW_29,220,0.0,0.0,NO_SINK_CAPACITY,True,0.0,32,41.4164059068971,3792
286.9203516614803,PARENT,LAW_29_L32_S910008,NONE,3.586504395768504,LAW_29,221,0.0,0.0,NO_SINK_CAPACITY,True,0.0,32,41.71874623355225,3808
286.9203516614803,PARENT,LAW_29_L32_S910008,NONE,3.586504395768504,LAW_29,222,0.0,0.0,NO_SINK_CAPACITY,True,0.0,32,41.995603116109045,3824
286.9203516614803,PARENT,LAW_29_L32_S910008,NONE,3.586504395768504,LAW_29,223,0.0,0.0,NO_SINK_CAPACITY,True,0.0,32,42.25341064395298,3840
286.9203516614803,PARENT,LAW_29_L32_S910008,NONE,3.586504395768504,LAW_29,224,0.0,0.0,NO_SINK_CAPACITY,True,0.0,32,42.49672462428992,3856
286.9203516614803,PARENT,LAW_29_L32_S910008,NONE,3.586504395768504,LAW_29,225,0.0,0.0,NO_SINK_CAPACITY,True,0.0,32,42.72878556815251,3872
286.9203516614803,PARENT,LAW_29_L32_S910008,NONE,3.586504395768504,LAW_29,226,0.0,0.0,NO_SINK_CAPACITY,True,0.0,32,42.9519273817001,3888
286.9203516614803,PARENT,LAW_29_L32_S910008,NONE,3.586504395768504,LAW_29,227,0.0,0.0,NO_SINK_CAPACITY,True,0.0,32,43.16785680082286,3904
286.9203516614803,PARENT,LAW_29_L32_S910008,NONE,3.586504395768504,LAW_29,228,0.0,0.0,NO_SINK_CAPACITY,True,0.0,32,43.37784137021937,3920
286.9203516614803,PARENT,LAW_29_L32_S910008,NONE,3.586504395768504,LAW_29,229,0.0,0.0,NO_SINK_CAPACITY,True,0.0,32,43.58283650642018,3936
286.9203516614803,PARENT,LAW_29_L32_S910008,NONE,3.586504395768504,LAW_29,230,0.0,0.0,NO_SINK_CAPACITY,True,0.0,32,43.78357333101149,3952
286.9203516614803,PARENT,LAW_29_L32_S910008,NONE,3.586504395768504,LAW_29,231,0.0,0.0,NO_SINK_CAPACITY,True,0.0,32,43.980619612505095,3968
286.9203516614803,PARENT,LAW_29_L32_S910008,NONE,3.586504395768504,LAW_29,232,0.0,0.0,NO_SINK_CAPACITY,True,0.0,32,44.17442239213888,3984
286.9203516614803,PARENT,LAW_29_L32_S910008,NONE,3.586504395768504,LAW_29,233,0.0,0.0,NO_SINK_CAPACITY,True,0.0,32,44.36533846910059,4000
286.9203516614803,PARENT,LAW_29_L32_S910008,NONE,3.586504395768504,LAW_29,234,0.0,0.0,NO_SINK_CAPACITY,True,0.0,32,44.55365644235024,4016
286.9203516614803,PARENT,LAW_29_L32_S910008,NONE,3.586504395768504,LAW_29,235,0.0,0.0,NO_SINK_CAPACITY,True,0.0,32,44.739612688756374,4032
286.9203516614803,PARENT,LAW_29_L32_S910008,NONE,3.586504395768504,LAW_29,237,0.0,0.0,NO_SINK_CAPACITY,True,0.0,32,44.74169344298369,4064
286.9203516614803,PARENT,LAW_29_L32_S910008,NONE,3.586504395768504,LAW_29,238,0.0,0.0,NO_SINK_CAPACITY,True,0.0,32,44.986032520230644,4080
286.9203516614803,PARENT,LAW_29_L32_S910008,NONE,3.586504395768504,LAW_29,239,0.0,0.0,NO_SINK_CAPACITY,True,0.0,32,45.212525147105865,4096
286.9203516614803,PARENT,LAW_29_L32_S910008,SINK,3.586504395768504,LAW_29,240,0.45066327253834665,0.45066327253834665,NONE,False,0.45066327253834665,32,45.42583546112573,4112
286.9203516614803,PARENT,LAW_29_L32_S910008,NONE,3.586504395768504,LAW_29,241,0.0,0.0,NO_SINK_CAPACITY,True,0.0,32,45.24882385917957,4128
286.9203516614803,PARENT,LAW_29_L32_S910008,NONE,3.586504395768504,LAW_29,242,0.0,0.0,NO_SINK_CAPACITY,True,0.0,32,45.49857963453456,4144
286.9203516614803,PARENT,LAW_29_L32_S910008,NONE,3.586504395768504,LAW_29,243,0.0,0.0,NO_SINK_CAPACITY,True,0.0,32,45.730091225779354,4160
286.9203516614803,PARENT,LAW_29_L32_S910008,NONE,3.586504395768504,LAW_29,244,0.0,0.0,NO_SINK_CAPACITY,True,0.0,32,45.94788750809556,4176
286.9203516614803,PARENT,LAW_29_L32_S910008,NONE,3.586504395768504,LAW_29,245,0.0,0.0,NO_SINK_CAPACITY,True,0.0,32,46.15524291550187,4192
286.9203516614803,PARENT,LAW_29_L32_S910008,NONE,3.586504395768504,LAW_29,246,0.0,0.0,NO_SINK_CAPACITY,True,0.0,32,46.3544961097445,4208
286.9203516614803,PARENT,LAW_29_L32_S910008,NONE,3.586504395768504,LAW_29,247,0.0,0.0,NO_SINK_CAPACITY,True,0.0,32,46.5473331477452,4224
286.9203516614803,PARENT,LAW_29_L32_S910008,NONE,3.586504395768504,LAW_29,248,0.0,0.0,NO_SINK_CAPACITY,True,0.0,32,46.7349872178763,4240
286.9203516614803,PARENT,LAW_29_L32_S910008,NONE,3.586504395768504,LAW_29,249,0.0,0.0,NO_SINK_CAPACITY,True,0.0,32,46.91837308112848,4256
286.9203516614803,PARENT,LAW_29_L32_S910008,NONE,3.586504395768504,LAW_29,250,0.0,0.0,NO_SINK_CAPACITY,True,0.0,32,47.0981789420912,4272
286.9203516614803,PARENT,LAW_29_L32_S910008,NONE,3.586504395768504,LAW_29,251,0.0,0.0,NO_SINK_CAPACITY,True,0.0,32,47.274929662771456,4288
286.9203516614803,PARENT,LAW_29_L32_S910008,NONE,3.586504395768504,LAW_29,252,0.0,0.0,NO_SINK_CAPACITY,True,0.0,32,47.44903082246148,4304
286.9203516614803,PARENT,LAW_29_L32_S910008,NONE,3.586504395768504,LAW_29,253,0.0,0.0,NO_SINK_CAPACITY,True,0.0,32,47.620799880342545,4320
286.9203516614803,PARENT,LAW_29_L32_S910008,NONE,3.586504395768504,LAW_29,254,0.0,0.0,NO_SINK_CAPACITY,True,0.0,32,47.790488396388454,4336
286.9203516614803,PARENT,LAW_29_L32_S910008,NONE,3.586504395768504,LAW_29,255,0.0,0.0,NO_SINK_CAPACITY,True,0.0,32,47.9582982008014,4352
286.9203516614803,PARENT,LAW_29_L32_S910008,NONE,3.586504395768504,LAW_29,256,0.0,0.0,NO_SINK_CAPACITY,True,0.0,32,48.1243931018941,4368
286.9203516614803,PARENT,LAW_29_L32_S910008,NONE,3.586504395768504,LAW_29,257,0.0,0.0,NO_SINK_CAPACITY,True,0.0,32,48.288907625946926,4384
286.9203516614803,PARENT,LAW_29_L32_S910008,NONE,3.586504395768504,LAW_29,258,0.0,0.0,NO_SINK_CAPACITY,True,0.0,32,48.4519535506053,4400
286.9203516614803,PARENT,LAW_29_L32_S910008,NONE,3.586504395768504,LAW_29,259,0.0,0.0,NO_SINK_CAPACITY,True,0.0,32,48.61362471406616,4416
286.9203516614803,PARENT,LAW_29_L32_S910008,NONE,3.586504395768504,LAW_29,260,0.0,0.0,NO_SINK_CAPACITY,True,0.0,32,48.774000864630565,4432
286.9203516614803,PARENT,LAW_29_L32_S910008,NONE,3.586504395768504,LAW_29,261,0.0,0.0,NO_SINK_CAPACITY,True,0.0,32,48.93315045742348,4448
286.9203516614803,PARENT,LAW_29_L32_S910008,NONE,3.586504395768504,LAW_29,262,0.0,0.0,NO_SINK_CAPACITY,True,0.0,32,49.091132743946524,4464
286.9203516614803,PARENT,LAW_29_L32_S910008,NONE,3.586504395768504,LAW_29,263,0.0,0.0,NO_SINK_CAPACITY,True,0.0,32,49.2479995863902,4480
286.9203516614803,PARENT,LAW_29_L32_S910008,NONE,3.586504395768504,LAW_29,264,0.0,0.0,NO_SINK_CAPACITY,True,0.0,32,49.40379676711022,4496
286.9203516614803,PARENT,LAW_29_L32_S910008,NONE,3.586504395768504,LAW_29,265,0.0,0.0,NO_SINK_CAPACITY,True,0.0,32,49.55856483224155,4512
286.9203516614803,PARENT,LAW_29_L32_S910008,NONE,3.586504395768504,LAW_29,267,0.0,0.0,NO_SINK_CAPACITY,True,0.0,32,48.73530186783496,4544
286.9203516614803,PARENT,LAW_29_L32_S910008,NONE,3.586504395768504,LAW_29,268,0.0,0.0,NO_SINK_CAPACITY,True,0.0,32,49.05510781449116,4560
286.9203516614803,PARENT,LAW_29_L32_S910008,NONE,3.586504395768504,LAW_29,269,0.0,0.0,NO_SINK_CAPACITY,True,0.0,32,48.77938442146754,4576
286.9203516614803,PARENT,LAW_29_L32_S910008,NONE,3.586504395768504,LAW_29,270,0.0,0.0,NO_SINK_CAPACITY,True,0.0,32,49.01826847456506,4592
286.9203516614803,PARENT,LAW_29_L32_S910008,NONE,3.586504395768504,LAW_29,271,0.0,0.0,NO_SINK_CAPACITY,True,0.0,32,48.69022884086015,4608
286.9203516614803,PARENT,LAW_29_L32_S910008,NONE,3.586504395768504,LAW_29,272,0.0,0.0,NO_SINK_CAPACITY,True,0.0,32,48.89889504005826,4624
286.9203516614803,PARENT,LAW_29_L32_S910008,NONE,3.586504395768504,LAW_29,273,0.0,0.0,NO_SINK_CAPACITY,True,0.0,32,49.64816734545731,4640
286.9203516614803,PARENT,LAW_29_L32_S910008,NONE,3.586504395768504,LAW_29,274,0.0,0.0,NO_SINK_CAPACITY,True,0.0,32,49.8386665172645,4656
286.9203516614803,PARENT,LAW_29_L32_S910008,NONE,3.586504395768504,LAW_29,275,0.0,0.0,NO_SINK_CAPACITY,True,0.0,32,50.02242084891214,4672
286.9203516614803,PARENT,LAW_29_L32_S910008,NONE,3.586504395768504,LAW_29,276,0.0,0.0,NO_SINK_CAPACITY,True,0.0,32,50.20059904164245,4688
286.9203516614803,PARENT,LAW_29_L32_S910008,NONE,3.586504395768504,LAW_29,277,0.0,0.0,NO_SINK_CAPACITY,True,0.0,32,50.37410659806054,4704
286.9203516614803,PARENT,LAW_29_L32_S910008,NONE,3.586504395768504,LAW_29,278,0.0,0.0,NO_SINK_CAPACITY,True,0.0,32,50.54365132942859,4720
286.9203516614803,PARENT,LAW_29_L32_S910008,NONE,3.586504395768504,LAW_29,280,0.0,0.0,NO_SINK_CAPACITY,True,0.0,32,51.05916872922629,4752
286.9203516614803,PARENT,LAW_29_L32_S910008,NONE,3.586504395768504,LAW_29,281,0.0,0.0,NO_SINK_CAPACITY,True,0.0,32,51.28177703282425,4768
286.9203516614803,PARENT,LAW_29_L32_S910008,NONE,3.586504395768504,LAW_29,283,0.0,0.0,NO_SINK_CAPACITY,True,0.0,32,51.295555871643415,4800
286.9203516614803,PARENT,LAW_29_L32_S910008,NONE,3.586504395768504,LAW_29,284,0.0,0.0,NO_SINK_CAPACITY,True,0.0,32,51.52908064184052,4816
286.9203516614803,PARENT,LAW_29_L32_S910008,NONE,3.586504395768504,LAW_29,285,0.0,0.0,NO_SINK_CAPACITY,True,0.0,32,51.74256160713466,4832
286.9203516614803,PARENT,LAW_29_L32_S910008,NONE,3.586504395768504,LAW_29,286,0.0,0.0,NO_SINK_CAPACITY,True,0.0,32,51.94110816743979,4848
286.9203516614803,PARENT,LAW_29_L32_S910008,NONE,3.586504395768504,LAW_29,287,0.0,0.0,NO_SINK_CAPACITY,True,0.0,32,52.12838550285577,4864
286.9203516614803,PARENT,LAW_29_L32_S910008,NONE,3.586504395768504,LAW_29,288,0.0,0.0,NO_SINK_CAPACITY,True,0.0,32,52.30700095143602,4880
286.9203516614803,PARENT,LAW_29_L32_S910008,NONE,3.586504395768504,LAW_29,289,0.0,0.0,NO_SINK_CAPACITY,True,0.0,32,52.47882887479144,4896
286.9203516614803,PARENT,LAW_29_L32_S910008,NONE,3.586504395768504,LAW_29,290,0.0,0.0,NO_SINK_CAPACITY,True,0.0,32,52.64523654701377,4912
286.9203516614803,PARENT,LAW_29_L32_S910008,NONE,3.586504395768504,LAW_29,291,0.0,0.0,NO_SINK_CAPACITY,True,0.0,32,52.807235372681504,4928
286.9203516614803,PARENT,LAW_29_L32_S910008,NONE,3.586504395768504,LAW_29,292,0.0,0.0,NO_SINK_CAPACITY,True,0.0,32,52.965584065558694,4944
286.9203516614803,PARENT,LAW_29_L32_S910008,NONE,3.586504395768504,LAW_29,293,0.0,0.0,NO_SINK_CAPACITY,True,0.0,32,53.12085952520479,4960
286.9203516614803,PARENT,LAW_29_L32_S910008,NONE,3.586504395768504,LAW_29,294,0.0,0.0,NO_SINK_CAPACITY,True,0.0,32,53.27350593027004,4976
286.9203516614803,PARENT,LAW_29_L32_S910008,NONE,3.586504395768504,LAW_29,295,0.0,0.0,NO_SINK_CAPACITY,True,0.0,32,53.42386953797907,4992
286.9203516614803,PARENT,LAW_29_L32_S910008,NONE,3.586504395768504,LAW_29,296,0.0,0.0,NO_SINK_CAPACITY,True,0.0,32,53.57222357354369,5008
286.9203516614803,PARENT,LAW_29_L32_S910008,NONE,3.586504395768504,LAW_29,297,0.0,0.0,NO_SINK_CAPACITY,True,0.0,32,53.71878616189412,5024
286.9203516614803,PARENT,LAW_29_L32_S910008,NONE,3.586504395768504,LAW_29,298,0.0,0.0,NO_SINK_CAPACITY,True,0.0,32,53.86373345838576,5040
286.9203516614803,PARENT,LAW_29_L32_S910008,NONE,3.586504395768504,LAW_29,299,0.0,0.0,NO_SINK_CAPACITY,True,0.0,32,54.00720944796112,5056
286.9203516614803,PARENT,LAW_29_L32_S910008,NONE,3.586504395768504,LAW_29,300,0.0,0.0,NO_SINK_CAPACITY,True,0.0,32,54.14933307511974,5072
286.9203516614803,PARENT,LAW_29_L32_S910008,NONE,3.586504395768504,LAW_29,301,0.0,0.0,NO_SINK_CAPACITY,True,0.0,32,54.290203580756554,5088
286.9203516614803,PARENT,LAW_29_L32_S910008,NONE,3.586504395768504,LAW_29,302,0.0,0.0,NO_SINK_CAPACITY,True,0.0,32,54.429904668040244,5104
286.9203516614803,PARENT,LAW_29_L32_S910008,NONE,3.586504395768504,LAW_29,303,0.0,0.0,NO_SINK_CAPACITY,True,0.0,32,54.56850753336654,5120
286.9203516614803,PARENT,LAW_29_L32_S910008,NONE,3.586504395768504,LAW_29,304,0.0,0.0,NO_SINK_CAPACITY,True,0.0,32,54.70607335181797,5136
286.9203516614803,PARENT,LAW_29_L32_S910008,NONE,3.586504395768504,LAW_29,305,0.0,0.0,NO_SINK_CAPACITY,True,0.0,32,54.84265513059984,5152
286.9203516614803,PARENT,LAW_29_L32_S910008,NONE,3.586504395768504,LAW_29,306,0.0,0.0,NO_SINK_CAPACITY,True,0.0,32,54.97829919140485,5168
286.9203516614803,PARENT,LAW_29_L32_S910008,NONE,3.586504395768504,LAW_29,307,0.0,0.0,NO_SINK_CAPACITY,True,0.0,32,55.113046287643286,5184
286.9203516614803,PARENT,LAW_29_L32_S910008,NONE,3.586504395768504,LAW_29,308,0.0,0.0,NO_SINK_CAPACITY,True,0.0,32,55.24693256061367,5200
286.9203516614803,PARENT,LAW_29_L32_S910008,NONE,3.586504395768504,LAW_29,309,0.0,0.0,NO_SINK_CAPACITY,True,0.0,32,55.37999029521062,5216
286.9203516614803,PARENT,LAW_29_L32_S910008,NONE,3.586504395768504,LAW_29,310,0.0,0.0,NO_SINK_CAPACITY,True,0.0,32,55.51224850617904,5232
286.9203516614803,PARENT,LAW_29_L32_S910008,NONE,3.586504395768504,LAW_29,311,0.0,0.0,NO_SINK_CAPACITY,True,0.0,32,55.64373341161259,5248
286.9203516614803,PARENT,LAW_29_L32_S910008,NONE,3.586504395768504,LAW_29,312,0.0,0.0,NO_SINK_CAPACITY,True,0.0,32,55.77446884500379,5264
286.9203516614803,PARENT,LAW_29_L32_S910008,NONE,3.586504395768504,LAW_29,313,0.0,0.0,NO_SINK_CAPACITY,True,0.0,32,55.90447658283995,5280
286.9203516614803,PARENT,LAW_29_L32_S910008,NONE,3.586504395768504,LAW_29,314,0.0,0.0,NO_SINK_CAPACITY,True,0.0,32,56.03377661009102,5296
286.9203516614803,PARENT,LAW_29_L32_S910008,NONE,3.586504395768504,LAW_29,315,0.0,0.0,NO_SINK_CAPACITY,True,0.0,32,56.16238734325053,5312
286.9203516614803,PARENT,LAW_29_L32_S910008,NONE,3.586504395768504,LAW_29,316,0.0,0.0,NO_SINK_CAPACITY,True,0.0,32,56.29032581811992,5328
286.9203516614803,PARENT,LAW_29_L32_S910008,NONE,3.586504395768504,LAW_29,317,0.0,0.0,NO_SINK_CAPACITY,True,0.0,32,56.417607848732935,5344
286.9203516614803,PARENT,LAW_29_L32_S910008,NONE,3.586504395768504,LAW_29,318,0.0,0.0,NO_SINK_CAPACITY,True,0.0,32,56.544248167476404,5360
286.9203516614803,PARENT,LAW_29_L32_S910008,NONE,3.586504395768504,LAW_29,319,0.0,0.0,NO_SINK_CAPACITY,True,0.0,32,56.670260546338085,5376
286.9203516614803,SINK_FLOOR,LAW_29_L32_S910008,PLANNED,3.586504395768504,LAW_29,0,3.586504395768504,3.5865043957685034,NONE,False,48.54115827482592,32,47.49400961788908,272
286.9203516614803,SINK_FLOOR,LAW_29_L32_S910008,PLANNED,3.586504395768504,LAW_29,8,3.586504395768504,3.5865043957685048,NONE,False,18.630856277810434,32,25.413526803863004,400
286.9203516614803,SINK_FLOOR,LAW_29_L32_S910008,SINK,3.586504395768504,LAW_29,16,0.3029596411078779,0.3029596411078779,NONE,False,0.3029596411078779,32,13.96196650009001,528
286.9203516614803,SINK_FLOOR,LAW_29_L32_S910008,SINK,3.586504395768504,LAW_29,24,0.20842318014813455,0.20842318014813455,NONE,False,0.20842318014813455,32,18.092278922933453,656
286.9203516614803,SINK_FLOOR,LAW_29_L32_S910008,SINK,3.586504395768504,LAW_29,32,0.1719137449820397,0.1719137449820397,NONE,False,0.1719137449820397,32,21.352165298845236,784
286.9203516614803,SINK_FLOOR,LAW_29_L32_S910008,SINK,3.586504395768504,LAW_29,40,0.15121560470772888,0.15121560470772888,NONE,False,0.15121560470772888,32,24.17880165028517,912
286.9203516614803,SINK_FLOOR,LAW_29_L32_S910008,SINK,3.586504395768504,LAW_29,48,0.13627643871264095,0.13627643871264095,NONE,False,0.13627643871264095,32,26.7159877061898,1040
286.9203516614803,SINK_FLOOR,LAW_29_L32_S910008,SINK,3.586504395768504,LAW_29,56,0.1249260427133072,0.1249260427133072,NONE,False,0.1249260427133072,32,29.03531234612969,1168
286.9203516614803,SINK_FLOOR,LAW_29_L32_S910008,SINK,3.586504395768504,LAW_29,64,0.1152407794263508,0.1152407794263508,NONE,False,0.1152407794263508,32,31.187673975742804,1296
286.9203516614803,SINK_FLOOR,LAW_29_L32_S910008,SINK,3.586504395768504,LAW_29,72,0.10674656647574099,0.10674656647574099,NONE,False,0.10674656647574099,32,33.205908886672376,1424
286.9203516614803,SINK_FLOOR,LAW_29_L32_S910008,SINK,3.586504395768504,LAW_29,80,0.09936369055221339,0.09936369055221339,NONE,False,0.09936369055221339,32,35.10947518718604,1552
286.9203516614803,SINK_FLOOR,LAW_29_L32_S910008,SINK,3.586504395768504,LAW_29,88,0.09298485652364807,0.09298485652364807,NONE,False,0.09298485652364807,32,36.91434200307568,1680
286.9203516614803,SINK_FLOOR,LAW_29_L32_S910008,SINK,3.586504395768504,LAW_29,96,0.08712195867830852,0.08712195867830852,NONE,False,0.08712195867830852,32,38.63693525426158,1808
286.9203516614803,SINK_FLOOR,LAW_29_L32_S910008,SINK,3.586504395768504,LAW_29,104,0.08172308760346247,0.08172308760346247,NONE,False,0.08172308760346247,32,40.2900645735289,1936
286.9203516614803,SINK_FLOOR,LAW_29_L32_S910008,SINK,3.586504395768504,LAW_29,112,0.07673252064330527,0.07673252064330527,NONE,False,0.07673252064330527,32,41.876404721169315,2064
286.9203516614803,SINK_FLOOR,LAW_29_L32_S910008,SINK,3.586504395768504,LAW_29,120,0.07227659265984998,0.07227659265984998,NONE,False,0.07227659265984998,32,43.39973905965855,2192
286.9203516614803,SINK_FLOOR,LAW_29_L32_S910008,SINK,3.586504395768504,LAW_29,128,0.06822924299001132,0.06822924299001132,NONE,False,0.06822924299001132,32,44.8601136614923,2320
286.9203516614803,SINK_FLOOR,LAW_29_L32_S910008,SINK,3.586504395768504,LAW_29,136,0.06440662826075183,0.06440662826075183,NONE,False,0.06440662826075183,32,46.26029651518144,2448
286.9203516614803,SINK_FLOOR,LAW_29_L32_S910008,SINK,3.586504395768504,LAW_29,144,0.06080190867703472,0.06080190867703472,NONE,False,0.06080190867703472,32,47.6052985686105,2576
286.9203516614803,SINK_FLOOR,LAW_29_L32_S910008,SINK,3.586504395768504,LAW_29,152,0.05750823015455098,0.05750823015455098,NONE,False,0.05750823015455098,32,48.89944630140171,2704
286.9203516614803,SINK_FLOOR,LAW_29_L32_S910008,SINK,3.586504395768504,LAW_29,160,0.05453108733966294,0.05453108733966294,NONE,False,0.05453108733966294,32,50.145856457655825,2832
286.9203516614803,SINK_FLOOR,LAW_29_L32_S910008,SINK,3.586504395768504,LAW_29,168,0.05167507442179797,0.05167507442179797,NONE,False,0.05167507442179797,32,51.34837081981533,2960
286.9203516614803,SINK_FLOOR,LAW_29_L32_S910008,SINK,3.586504395768504,LAW_29,176,0.048948037602383754,0.048948037602383754,NONE,False,0.048948037602383754,32,52.510139461545435,3088
286.9203516614803,SINK_FLOOR,LAW_29_L32_S910008,SINK,3.586504395768504,LAW_29,184,0.0463471414816764,0.0463471414816764,NONE,False,0.0463471414816764,32,53.633832129497776,3216
286.9203516614803,SINK_FLOOR,LAW_29_L32_S910008,SINK,3.586504395768504,LAW_29,192,0.043867105002739604,0.043867105002739604,NONE,False,0.043867105002739604,32,54.72178030426955,3344
286.9203516614803,SINK_FLOOR,LAW_29_L32_S910008,SINK,3.586504395768504,LAW_29,200,0.041610730884347746,0.041610730884347746,NONE,False,0.041610730884347746,32,55.77550144343503,3472
286.9203516614803,SINK_FLOOR,LAW_29_L32_S910008,SINK,3.586504395768504,LAW_29,208,0.03950965671164064,0.03950965671164064,NONE,False,0.03950965671164064,32,56.79629714823236,3600
286.9203516614803,SINK_FLOOR,LAW_29_L32_S910008,SINK,3.586504395768504,LAW_29,216,0.03748160361528807,0.03748160361528807,NONE,False,0.03748160361528807,32,57.78629032171255,3728
286.9203516614803,SINK_FLOOR,LAW_29_L32_S910008,SINK,3.586504395768504,LAW_29,224,0.035531562805493855,0.035531562805493855,NONE,False,0.035531562805493855,32,58.74720280968498,3856
286.9203516614803,SINK_FLOOR,LAW_29_L32_S910008,SINK,3.586504395768504,LAW_29,232,0.03376008635429051,0.03376008635429051,NONE,False,0.03376008635429051,32,59.680421568380794,3984
286.9203516614803,SINK_FLOOR,LAW_29_L32_S910008,SINK,3.586504395768504,LAW_29,240,0.03209932978207375,0.03209932978207375,NONE,False,0.03209932978207375,32,60.587009201224156,4112
286.9203516614803,SINK_FLOOR,LAW_29_L32_S910008,SINK,3.586504395768504,LAW_29,248,0.030486103336495818,0.030486103336495818,NONE,False,0.030486103336495818,32,61.46877658769589,4240
286.9203516614803,SINK_FLOOR,LAW_29_L32_S910008,SINK,3.586504395768504,LAW_29,256,0.028926438470522453,0.028926438470522453,NONE,False,0.028926438470522453,32,62.32714344992353,4368
286.9203516614803,SINK_FLOOR,LAW_29_L32_S910008,SINK,3.586504395768504,LAW_29,264,0.02742156872268675,0.02742156872268675,NONE,False,0.02742156872268675,32,63.16303621845768,4496
286.9203516614803,SINK_FLOOR,LAW_29_L32_S910008,SINK,3.586504395768504,LAW_29,272,0.02597115036880182,0.02597115036880182,NONE,False,0.02597115036880182,32,63.97739799144298,4624
286.9203516614803,SINK_FLOOR,LAW_29_L32_S910008,SINK,3.586504395768504,LAW_29,280,0.02457413781410278,0.02457413781410278,NONE,False,0.02457413781410278,32,64.77113041035749,4752
286.9203516614803,SINK_FLOOR,LAW_29_L32_S910008,SINK,3.586504395768504,LAW_29,288,0.023343041379145446,0.023343041379145446,NONE,False,0.023343041379145446,32,65.54485308863723,4880
286.9203516614803,SINK_FLOOR,LAW_29_L32_S910008,SINK,3.586504395768504,LAW_29,296,0.02214761017404332,0.02214761017404332,NONE,False,0.02214761017404332,32,66.29929879495769,5008
286.9203516614803,SINK_FLOOR,LAW_29_L32_S910008,SINK,3.586504395768504,LAW_29,304,0.020985548134498266,0.020985548134498266,NONE,False,0.020985548134498266,32,67.03543147581736,5136
286.9203516614803,SINK_FLOOR,LAW_29_L32_S910008,SINK,3.586504395768504,LAW_29,312,0.019859920835505807,0.019859920835505807,NONE,False,0.019859920835505807,32,67.75400422613036,5264
