{
  "boundary": "P/M separate; no composite; thresholds frozen; OFF = exact current-core limit (bit-for-bit).",
  "by_condition": {
    "OFF": {
      "eligible_counts_by_law": {},
      "frac_runs_minM_below_0p5": 0.005208333333333333,
      "mass_drift_max": 3.7942743818122636e-16,
      "mean_M": 0.9889808488872599,
      "mean_P": 0.9886224862761358,
      "mean_tracks": 1.3697916666666667,
      "median_min_M": 0.9691469456152366,
      "n_eligible_seeds": 0,
      "n_permitted": 0,
      "permitted_laws": [],
      "total_probe": 3
    },
    "ON": {
      "eligible_counts_by_law": {
        "1": 1,
        "12": 1,
        "13": 2,
        "14": 1,
        "15": 1,
        "16": 3,
        "18": 3,
        "19": 3,
        "2": 2,
        "20": 1,
        "21": 1,
        "23": 3,
        "24": 1,
        "25": 1,
        "26": 1,
        "28": 1,
        "3": 3,
        "33": 2,
        "34": 1,
        "35": 1,
        "36": 2,
        "38": 3,
        "39": 3,
        "4": 2,
        "40": 2,
        "41": 1,
        "42": 2,
        "43": 3,
        "45": 2,
        "46": 1,
        "47": 2,
        "48": 3,
        "5": 1,
        "53": 3,
        "55": 1,
        "56": 1,
        "58": 1,
        "59": 2,
        "6": 1,
        "60": 3,
        "61": 3,
        "62": 3,
        "63": 3
      },
      "frac_runs_minM_below_0p5": 0.8697916666666666,
      "mass_drift_max": 5.237065853456491e-16,
      "mean_M": 0.8358518663937561,
      "mean_P": 0.9412741003169162,
      "mean_tracks": 28.140625,
      "median_min_M": 0.22433546605855065,
      "n_eligible_seeds": 81,
      "n_permitted": 24,
      "permitted_laws": [
        2,
        3,
        4,
        13,
        16,
        18,
        19,
        23,
        33,
        36,
        38,
        39,
        40,
        42,
        43,
        45,
        47,
        48,
        53,
        59,
        60,
        61,
        62,
        63
      ],
      "total_probe": 1942
    }
  },
  "config": {
    "cadence": 10,
    "conditions": [
      "OFF",
      "ON"
    ],
    "enroll_min_obs": 8,
    "lag_indices": [
      1,
      3,
      6
    ],
    "length_scale": 10.0,
    "min_cells": 12,
    "n_laws": 64,
    "seeds": [
      8001,
      8002,
      8003
    ],
    "speed_scale": 1.0,
    "steps": 300,
    "threshold": 0.15,
    "tracker_distance": 8.0,
    "tracker_min_size_ratio": 0.25
  },
  "decision": "EXP_FL_02_SCREEN_CANDIDATES",
  "experiment_id": "EXP-FL-02-20260710-001",
  "git_commit": "30c01b0f3ebf245e3f36aaea46997b57360e481e",
  "interpretation_levels": {
    "1_distributional_shift": "descriptive",
    "2_screening_signal": "permission, not candidate",
    "3_fresh_seed_recurrence": "next",
    "4_alias_rejection": "next",
    "5_causal_reestablishment": "next"
  },
  "protocol_sha": "30c01b0f3ebf245e3f36aaea46997b57360e481e",
  "shift_ON_minus_OFF": {
    "d_mean_M": -0.15312898249350382,
    "d_mean_P": -0.04734838595921964,
    "d_median_min_M": -0.744811479556686,
    "d_permitted": 24
  }
}