{"O": {"coverage": 0.9855656260490098, "cluster95": [0.9812017455521987, 0.9895938234306815], "worst_stratum": ["sparse1", 0.939, 280], "emitted": 2979, "invalid_points": 17, "false_zero": 0}, "B": {"coverage": 0.9628808864265928, "cluster95": [0.9545567867036011, 0.9706371191135734], "worst_stratum": ["dropout", 0.925, 239], "emitted": 1805, "invalid_points": 40, "false_zero": 0}}