{
 "E1_dev": {
  "A": 1.0,
  "S": 0.18181818181818182,
  "F": 0.5031055900613306,
  "M": 0.26415094341011036
 },
 "E1_ho": {
  "A": 1.0,
  "S": 0.18181818181818182,
  "F": 0.5031055900613306,
  "M": 0.26415094341011036
 },
 "c": {
  "A": 0.02727272727272727,
  "S": 0.0,
  "F": 0.0,
  "M": 0.46666666667555556
 },
 "a": {
  "A": 0.3527272727272727,
  "S": 0.0,
  "F": 0.49999999999921874,
  "M": 0.30434782610207933
 },
 "b": {
  "A": 1.0,
  "S": 0.09090909090909091,
  "F": 0.0,
  "M": 0.9047619047630385
 }
}