{
  "note": "Canonical deterministic reproduction values. Tolerances in primary.py / test_canonical.py.",
  "checkpoints": {
    "init": {
      "h1": {
        "point": 0.7845536422370551,
        "ci_lo": 0.5571174044986067,
        "ci_hi": 0.943778564426457
      },
      "h2": {
        "point": 0.8009566334184146,
        "ci_lo": 0.531805476757238,
        "ci_hi": 0.9223729228345572
      }
    },
    "moderate": {
      "h1": {
        "point": 0.9328416009796016,
        "ci_lo": 0.8892057962468091,
        "ci_hi": 0.9789492489795808
      },
      "h2": {
        "point": -0.031549419744245855,
        "ci_lo": -0.6791128049393792,
        "ci_hi": 0.5730362127235646
      }
    },
    "deep-1": {
      "h1": {
        "point": 0.8969654746111382,
        "ci_lo": 0.8595978346014004,
        "ci_hi": 0.9740428966983584
      },
      "h2": {
        "point": -0.05256714147341213,
        "ci_lo": -0.5278445146206279,
        "ci_hi": 0.46026521295009315
      }
    },
    "deep": {
      "h1": {
        "point": 0.8878243778005908,
        "ci_lo": 0.8366015419981571,
        "ci_hi": 0.9580764393544572
      },
      "h2": {
        "point": -0.23942336375826123,
        "ci_lo": -0.7849520241210143,
        "ci_hi": 0.3181978037039911
      }
    }
  },
  "gates": {
    "threshold": 0.5,
    "h1_deep_certified": true,
    "h1_deep": {
      "point": 0.8878243778005908,
      "ci": [
        0.8366015419981571,
        0.9580764393544572
      ]
    },
    "h2_deep_not_established": true,
    "h2_deep": {
      "point": -0.23942336375826123,
      "ci": [
        -0.7849520241210143,
        0.3181978037039911
      ]
    }
  },
  "tracker_independence": {
    "h1_deep_longitudinal": 0.8878243778005908,
    "h1_deep_largest": 0.9122887926061685
  }
}