{
 "N": 40,
 "k": {
  "INTACT": 17,
  "NULL_SC": 19,
  "NULL_NE": 0,
  "NULL_NE_M": 0
 },
 "null_pooled": [
  19,
  120
 ],
 "p_intact": 0.425,
 "p_null": 0.15833333333333333,
 "newcombe": [
  0.10756245465537131,
  0.4291541560253432
 ],
 "mcnemar": {
  "b": 1,
  "c": 3,
  "both": 16,
  "p": 0.625
 },
 "S1": true,
 "S2": true,
 "S3": false,
 "survives": false,
 "ambient_fires": 3
}