{
  "split": "dev",
  "n": 12,
  "axis_discrimination": {
    "P1": {
      "P": {
        "n": 12,
        "win_rate": 0.0,
        "median_dH": 2.7677075206428086,
        "median_dC": 2.7677075206428086
      },
      "M": {
        "n": 12,
        "win_rate": 0.0,
        "median_dH": 2.7677075206428086,
        "median_dC": 2.7677075206428086
      },
      "U": {
        "n": 12,
        "win_rate": 0.08333333333333333,
        "median_dH": 2.7677075206428086,
        "median_dC": 2.515121020522871
      }
    },
    "P2": {
      "P": {
        "n": 12,
        "win_rate": 1.0,
        "median_dH": 2.872462646783799,
        "median_dC": 6.019443806851637
      },
      "M": {
        "n": 12,
        "win_rate": 1.0,
        "median_dH": 2.872462646783799,
        "median_dC": 4.769416759316037
      },
      "U": {
        "n": 12,
        "win_rate": 0.5,
        "median_dH": 2.872462646783799,
        "median_dC": 2.645948272909399
      }
    },
    "P3": {
      "P": {
        "n": 12,
        "win_rate": 0.5833333333333334,
        "median_dH": 2.023297402551155,
        "median_dC": 2.0562721323412796
      },
      "M": {
        "n": 12,
        "win_rate": 0.6666666666666666,
        "median_dH": 2.023297402551155,
        "median_dC": 2.0169458531761966
      },
      "U": {
        "n": 12,
        "win_rate": 0.5,
        "median_dH": 2.023297402551155,
        "median_dC": 1.8590446326563745
      }
    },
    "R": {
      "P": {
        "n": 12,
        "win_rate": 0.5,
        "median_dH": 2.595538063494309,
        "median_dC": 2.793776839195065
      },
      "M": {
        "n": 12,
        "win_rate": 0.5833333333333334,
        "median_dH": 2.595538063494309,
        "median_dC": 2.598773786922859
      },
      "U": {
        "n": 12,
        "win_rate": 0.5833333333333334,
        "median_dH": 2.595538063494309,
        "median_dC": 2.3717823101575983
      }
    }
  },
  "individuation": {
    "P2": {
      "mean_within": 2.710192783892937,
      "mean_between": 3.3618661689900846,
      "ratio": 0.8061572492342639,
      "auc": 0.6515151515151515
    },
    "R": {
      "mean_within": 3.510588363441322,
      "mean_between": 3.6128374260248934,
      "ratio": 0.9716984044677118,
      "auc": 0.5227272727272727
    }
  },
  "predictive_models": {
    "A": 1.0743409339160759,
    "B": 1.1477002362580504,
    "C": 1.0688938979885831,
    "D": 1.1686325289286938,
    "baseline_mean": 1.0,
    "any_beats_baseline": false,
    "history_beats_snapshot": true,
    "history_beats_material": true
  },
  "clone_ceiling": {
    "mean_ceiling": 1.6267557055282686,
    "mean_dH": 6.806671719612063,
    "ceiling_lt_drift_frac": 1.0
  },
  "n_axes_history_specific": 0
}
