{
  "summary": {
    "seeds": [
      9401,
      9402,
      9403,
      9404
    ],
    "entity_forms": [
      4,
      4
    ],
    "tracer_passive": [
      4,
      4
    ],
    "material_turnover": [
      4,
      4
    ],
    "alive_at_checkpoint": [
      4,
      4
    ],
    "perturbable": [
      4,
      4
    ],
    "coexist_ok": [
      4,
      4
    ],
    "internal_structured": [
      4,
      4
    ],
    "recovery_ok": [
      0,
      4
    ],
    "verdict": "SUBSTRATE_OK"
  },
  "per_seed": [
    {
      "seed": 9401,
      "Q1_entity": {
        "size": 23,
        "rg": 2.0300507941901094,
        "mass": 16.81222814368712,
        "n_entities": 17
      },
      "entity_ok": true,
      "Q4_tracer_passive_max_physics_dev": 0.0,
      "tracer_passive": true,
      "Q3_M_curve": [
        [
          200,
          0.727787670504171
        ],
        [
          400,
          0.4861888953141298
        ],
        [
          600,
          0.3377674156071054
        ],
        [
          700,
          0.2833849255006074
        ]
      ],
      "Q3_labelled_leaving": [
        9.880621376056295,
        5.453799121408137,
        3.74209026113828,
        3.007430113803728
      ],
      "Q3_new_entering": [
        3.6956203995312835,
        5.76364984538573,
        7.336806305637477,
        7.605096676359928
      ],
      "Q3_entity_mass": [
        13.576241775587581,
        11.217448966793865,
        11.078896566775757,
        10.612526790163656
      ],
      "material_turnover": true,
      "Q3_M_partition_dependence": {
        "0.25": 0.2833849255006074,
        "0.3": 0.2833849255006074,
        "0.35": 0.28933691722331123
      },
      "Q2_alive_at_checkpoint": true,
      "Q6_survives_perturbation": {
        "N_boost": true,
        "N_deprive": true,
        "c_boost": true,
        "c_suppress": true
      },
      "perturbable": true,
      "Q7_occupancy_at_checkpoint": 0.071044921875,
      "Q7_n_entities_at_checkpoint": 8,
      "coexist_ok": true,
      "Q8_segmentation_id_free": true,
      "Q9_interior_heterogeneity": 0.009772045943568551,
      "Q9_mean_sig": -0.8561270057998595,
      "internal_structured": true,
      "Q10_peak_dev": 0.07705949150653846,
      "Q10_end_dev": 10.744564203164687,
      "recovery_ok": false
    },
    {
      "seed": 9402,
      "Q1_entity": {
        "size": 21,
        "rg": 1.7173261950518623,
        "mass": 15.284760049297521,
        "n_entities": 15
      },
      "entity_ok": true,
      "Q4_tracer_passive_max_physics_dev": 0.0,
      "tracer_passive": true,
      "Q3_M_curve": [
        [
          200,
          0.740250093974281
        ],
        [
          400,
          0.44412320473367684
        ],
        [
          600,
          0.3146120607339193
        ],
        [
          700,
          0.25446050216364285
        ]
      ],
      "Q3_labelled_leaving": [
        11.627470384992517,
        5.381416609896602,
        4.1057055494267765,
        3.207406854781413
      ],
      "Q3_new_entering": [
        4.080018853632961,
        6.735528761430315,
        8.944352162439348,
        9.397326797432864
      ],
      "Q3_entity_mass": [
        15.707489238625481,
        12.116945371326912,
        13.05005771186612,
        12.604733652214273
      ],
      "material_turnover": true,
      "Q3_M_partition_dependence": {
        "0.25": 0.25446050216364285,
        "0.3": 0.25446050216364285,
        "0.35": 0.25446050216364285
      },
      "Q2_alive_at_checkpoint": true,
      "Q6_survives_perturbation": {
        "N_boost": true,
        "N_deprive": true,
        "c_boost": true,
        "c_suppress": true
      },
      "perturbable": true,
      "Q7_occupancy_at_checkpoint": 0.06640625,
      "Q7_n_entities_at_checkpoint": 6,
      "coexist_ok": true,
      "Q8_segmentation_id_free": true,
      "Q9_interior_heterogeneity": 0.53431868746587,
      "Q9_mean_sig": 0.5860231288177449,
      "internal_structured": true,
      "Q10_peak_dev": 0.065500929369618,
      "Q10_end_dev": 3.7136811621216226,
      "recovery_ok": false
    },
    {
      "seed": 9403,
      "Q1_entity": {
        "size": 22,
        "rg": 1.9119035231011805,
        "mass": 15.703218861115424,
        "n_entities": 15
      },
      "entity_ok": true,
      "Q4_tracer_passive_max_physics_dev": 0.0,
      "tracer_passive": true,
      "Q3_M_curve": [
        [
          200,
          0.7672833786988961
        ],
        [
          400,
          0.4693190233630044
        ],
        [
          600,
          0.31048800000084786
        ],
        [
          700,
          0.2573125577821414
        ]
      ],
      "Q3_labelled_leaving": [
        9.835674556564959,
        7.391916122331153,
        4.420891670345787,
        3.2970353621410347
      ],
      "Q3_new_entering": [
        2.9831546134915956,
        8.358385387637098,
        9.817635004867794,
        9.516312694243112
      ],
      "Q3_entity_mass": [
        12.818829170056555,
        15.750301509968251,
        14.238526675213588,
        12.813348056384141
      ],
      "material_turnover": true,
      "Q3_M_partition_dependence": {
        "0.25": 0.2573125577821414,
        "0.3": 0.2573125577821414,
        "0.35": 0.23569993267604314
      },
      "Q2_alive_at_checkpoint": true,
      "Q6_survives_perturbation": {
        "N_boost": true,
        "N_deprive": true,
        "c_boost": true,
        "c_suppress": true
      },
      "perturbable": true,
      "Q7_occupancy_at_checkpoint": 0.069580078125,
      "Q7_n_entities_at_checkpoint": 7,
      "coexist_ok": true,
      "Q8_segmentation_id_free": true,
      "Q9_interior_heterogeneity": 0.5671366820446165,
      "Q9_mean_sig": 0.44057694129678787,
      "internal_structured": true,
      "Q10_peak_dev": 0.38930213560765686,
      "Q10_end_dev": 3.851696409672731,
      "recovery_ok": false
    },
    {
      "seed": 9404,
      "Q1_entity": {
        "size": 20,
        "rg": 1.7022162220557364,
        "mass": 15.934703253325193,
        "n_entities": 13
      },
      "entity_ok": true,
      "Q4_tracer_passive_max_physics_dev": 0.0,
      "tracer_passive": true,
      "Q3_M_curve": [
        [
          200,
          0.6927433451214733
        ],
        [
          400,
          0.4597312595492657
        ],
        [
          600,
          0.31783383119589137
        ],
        [
          700,
          0.27865001100714787
        ]
      ],
      "Q3_labelled_leaving": [
        10.511041764328638,
        8.004185145718306,
        4.991857088629712,
        3.9483991660483753
      ],
      "Q3_new_entering": [
        4.6620260656994,
        9.406388922196609,
        10.714013711364098,
        10.221344275831811
      ],
      "Q3_entity_mass": [
        15.173067830028039,
        17.410574067914908,
        15.705870799993807,
        14.16974344188018
      ],
      "material_turnover": true,
      "Q3_M_partition_dependence": {
        "0.25": 0.27477312690459327,
        "0.3": 0.27865001100714787,
        "0.35": 0.27865001100714787
      },
      "Q2_alive_at_checkpoint": true,
      "Q6_survives_perturbation": {
        "N_boost": true,
        "N_deprive": true,
        "c_boost": true,
        "c_suppress": true
      },
      "perturbable": true,
      "Q7_occupancy_at_checkpoint": 0.064453125,
      "Q7_n_entities_at_checkpoint": 4,
      "coexist_ok": true,
      "Q8_segmentation_id_free": true,
      "Q9_interior_heterogeneity": 0.6196749302975513,
      "Q9_mean_sig": -0.15113609029182395,
      "internal_structured": true,
      "Q10_peak_dev": 0.11026621721807378,
      "Q10_end_dev": 4.5267012135581055,
      "recovery_ok": false
    }
  ]
}