{
  "experiment": "DMM-01",
  "band": [
    0.003,
    0.02
  ],
  "dev": {
    "seeds": [
      37001,
      37002,
      37003
    ],
    "rng": 37100,
    "n": 14,
    "histories": [
      [
        0.01777394879266993,
        0.005682620376175163
      ],
      [
        0.005291078245901738,
        0.016380454787128552
      ],
      [
        0.014615116272541601,
        0.011192671330699597
      ],
      [
        0.011104984595311104,
        0.014692788174750136
      ],
      [
        0.004059936229229199,
        0.019273445219498083
      ],
      [
        0.0062636985312381245,
        0.019019438257971668
      ],
      [
        0.01028747678724275,
        0.012748417322623697
      ],
      [
        0.010102045894395967,
        0.017156763065707625
      ],
      [
        0.013478606484693432,
        0.004018343548814318
      ],
      [
        0.011923308477412731,
        0.01594891685553261
      ],
      [
        0.010587525713329354,
        0.005835743438657151
      ],
      [
        0.00980198540583742,
        0.004541904552864678
      ],
      [
        0.0064338745790352755,
        0.007012531671684204
      ],
      [
        0.00394143025815678,
        0.01686446896257319
      ]
    ]
  },
  "prospective": {
    "seeds": [
      37501,
      37502,
      37503
    ],
    "rng": 37500,
    "n": 12,
    "histories": [
      [
        0.006577328954084373,
        0.018826549535875564
      ],
      [
        0.009235283849698,
        0.004568592958740942
      ],
      [
        0.015087834808562437,
        0.005294974262640419
      ],
      [
        0.005551943503134132,
        0.014512821065355008
      ],
      [
        0.00666375999514943,
        0.007190097137673686
      ],
      [
        0.00946364702152539,
        0.005024634818737849
      ],
      [
        0.01431711823182269,
        0.015701450427337012
      ],
      [
        0.016848856822926465,
        0.01028104206405208
      ],
      [
        0.0036634235114858236,
        0.012720998772918529
      ],
      [
        0.006490688015722567,
        0.006165139024419852
      ],
      [
        0.013494985643016495,
        0.00945115197500348
      ],
      [
        0.003783208984316397,
        0.003682761076667299
      ]
    ]
  },
  "protocol": {
    "T_phase": 60,
    "settle": 20,
    "warmup": "C0",
    "erase_before_history": true,
    "mechanism": "C1c frozen; Phase B TBD"
  },
  "prospective_sha256": "923d8890ea25ab5a136078486f282ad8e07f4cdbaa125da40ef930f5bb8a00b6"
}