{
 "cohort_partition_max_rel_error": 6.0095720978924e-19,
 "closed_limit_rel_mass_drift": 1.400040715738831e-16,
 "closed_limit_is_closed": true,
 "homogeneity_null_rho_ptp": 0.0,
 "homogeneity_null_R_ptp": 0.0,
 "tracers_passive_rho_identical": true,
 "tracers_passive_p_identical": true,
 "v0_zero_displacement": 1.1012307762661315,
 "persist_fraction": 1.0,
 "path_length": 853.4139387283088,
 "mean_speed_cells_per_step": 0.9482377096981209,
 "polar_order_mean": 0.9999999999987655,
 "min_M_lag6": 8.005375295564289e-07,
 "incoherent_persist_fraction": 1.0,
 "incoherent_mean_speed": 0.5750176862555583,
 "incoherent_polar_order_mean": 0.8575931489347246
}