{
 "O1_scaffold_only": {
  "pr": 0.13348104811248934,
  "rg": 2.3640145570433773,
  "localized": true,
  "n_entities": 16,
  "passes": true
 },
 "O2_states": {
  "u": {
   "pr": 0.22678871455991761,
   "rg": 5.323241094348145,
   "localized": false,
   "n_entities": 28
  },
  "v": {
   "pr": 0.08826096008077733,
   "rg": 0.9677010502576273,
   "localized": true,
   "n_entities": 0
  },
  "random": {
   "pr": 0.12472203486972372,
   "rg": 4.9463168201979855,
   "localized": true,
   "n_entities": 18
  }
 },
 "O2": {
  "all_localized": false,
  "d_pr": 0.13852775447914029,
  "d_rg": 4.355540044090517,
  "passes": false
 },
 "O3": {
  "n_entities_from_internal_fields_alone": 0,
  "max_rho": 0.15,
  "passes": true
 },
 "O4": {
  "beta_on": {
   "keep": 0.0015435791610101945,
   "flip": 0.0006387273842634331,
   "relative_change": 0.5862036745613863
  },
  "beta_zero_NEGATIVE_CONTROL": {
   "keep": 0.0013552177913594109,
   "flip": 0.0013552177913594109,
   "relative_change": 0.0
  },
  "margin": 0.1,
  "passes": true
 },
 "ALL_PASS": false
}