{
 "E_raw_median": 146067.25610033775,
 "E_sham_median": 57147.27120062611,
 "true_E": 429813.4261483326,
 "overstatement": 0.20688042645979263
}