{
  "experiment": "WD-01-PHASE-C",
  "role": "SEALED prospective family \u2014 generated before selection; execute once after freeze",
  "protocol": {
    "T_phase": 60,
    "settle": 20,
    "warmup_engine": "C0",
    "erase_memory_before_history": true
  },
  "dev": {
    "seeds": [
      34001,
      34002,
      34003
    ],
    "F_mid": {
      "band": [
        0.003,
        0.02
      ],
      "rng": 34100,
      "n": 12
    },
    "F_low": {
      "band": [
        0.001,
        0.008
      ],
      "rng": 34101,
      "n": 12
    }
  },
  "prospective": {
    "seeds": [
      35001,
      35002,
      35003
    ],
    "F_mid": {
      "band": [
        0.003,
        0.02
      ],
      "rng": 35100,
      "n": 12,
      "histories": [
        [
          0.009031449418648436,
          0.00445135391940808
        ],
        [
          0.004403320122054451,
          0.011786127017838797
        ],
        [
          0.006375028250656209,
          0.011760262934879133
        ],
        [
          0.011910836410902764,
          0.0031838684651343914
        ],
        [
          0.004632730429766474,
          0.016330115497620815
        ],
        [
          0.013912839849974976,
          0.008117443963251827
        ],
        [
          0.009045851065316088,
          0.012766567139363784
        ],
        [
          0.01102976707400665,
          0.0110772503581937
        ],
        [
          0.019155529057167636,
          0.012808290827054102
        ],
        [
          0.012894827097269527,
          0.01310024301639226
        ],
        [
          0.01090092117413307,
          0.008592338559838524
        ],
        [
          0.019995469148058238,
          0.007049297418144279
        ]
      ]
    },
    "F_low": {
      "band": [
        0.001,
        0.008
      ],
      "rng": 35101,
      "n": 12,
      "histories": [
        [
          0.005413572201227499,
          0.005665771945153947
        ],
        [
          0.006714788118561885,
          0.007689526976109653
        ],
        [
          0.0026697416391027904,
          0.006053173044988098
        ],
        [
          0.006886369623253528,
          0.0028021821430133653
        ],
        [
          0.0025925310170066204,
          0.007187530584598141
        ],
        [
          0.004848264081582435,
          0.005411266722373012
        ],
        [
          0.00524507042556031,
          0.001095163792591478
        ],
        [
          0.004994927332040309,
          0.0022950479430909497
        ],
        [
          0.00266438534941287,
          0.005770767045959513
        ],
        [
          0.00670303041612331,
          0.00371682060994118
        ],
        [
          0.0036858700491987128,
          0.005185928078729411
        ],
        [
          0.007515378682184457,
          0.003993530309724033
        ]
      ]
    }
  },
  "coordinates": {
    "h1": "a_e+a_l (cumulative)",
    "h2": "a_l-a_e (recent-minus-early/order)"
  },
  "prospective_sha256": "c6d0cd3c5b82aa122ac7e5649888fbc53ca6faa8db68e2c1b48863e87fb9e202"
}