{
  "certified_world_bootstrap": {
    "fixed": [
      0.1799347054467802,
      0.20662443770537392,
      0.23438471691982812
    ],
    "own": [
      0.19258340353198225,
      0.2232705006888931,
      0.25834348856712364
    ],
    "own_minus_neighbour": [
      0.19258547407545254,
      0.2232796197850636,
      0.25835620845415364
    ],
    "own_minus_sham": [
      0.19258340936897145,
      0.22327050786001332,
      0.25834349474282664
    ]
  },
  "descriptive_t95_over_world_means": {
    "ablation": [
      0.0,
      0.0,
      0.0
    ],
    "fixed": [
      0.17654659130345599,
      0.20679489102504786,
      0.23704319074663974
    ],
    "neighbour": [
      -1.703706894679892e-05,
      -6.499548672439595e-06,
      4.037971601919729e-06
    ],
    "own": [
      0.1871562535306292,
      0.2236416257421648,
      0.2601269979537004
    ],
    "sham": [
      -8.433366395142775e-09,
      -6.777303240351992e-09,
      -5.12124008556121e-09
    ]
  },
  "engine_imported": false,
  "gates": {
    "G0": true,
    "G1": true,
    "G2": true,
    "G3": true,
    "G4": true,
    "G5": true,
    "G6": true
  },
  "n_eligible": 23,
  "n_seeds": 32,
  "n_valid_worlds": 23,
  "raw_blob": "01fb1193961aeda10689adda714cea290f29628d",
  "raw_path": "experiments/individuation/nonmerging_confirm_raw.json",
  "raw_sha256": "aedb0acf90affe3b7b872852191a67ab0ec849e2892b2669cffc2d63e965b1f0",
  "schema": "PERSISTENCE-WITHOUT-OWNERSHIP-CONFIRM02-RECOMPUTE-05-v1",
  "seed_executed": false,
  "source_commit": "830c2d006f5278295e965887f8ccedee34d47e67",
  "world_rows": [
    {
      "ablation": 0.0,
      "fixed": 0.2734010798752384,
      "max_coverage": 0.02001953125,
      "neighbour": -1.1756018084933355e-07,
      "own": 0.2543094292375591,
      "seed": 53002,
      "sham": -7.001833187321912e-10
    },
    {
      "ablation": 0.0,
      "fixed": 0.21333910972590506,
      "max_coverage": 0.0224609375,
      "neighbour": -7.741509078229569e-08,
      "own": 0.20666772354717558,
      "seed": 53004,
      "sham": -3.5343591756979245e-09
    },
    {
      "ablation": 0.0,
      "fixed": 0.2504467795771485,
      "max_coverage": 0.027099609375,
      "neighbour": -3.4444314508756215e-06,
      "own": 0.32825780036254965,
      "seed": 53005,
      "sham": -5.010233709394167e-09
    },
    {
      "ablation": 0.0,
      "fixed": 0.17864965879446482,
      "max_coverage": 0.0302734375,
      "neighbour": -1.5491658948244927e-07,
      "own": 0.23603819747264673,
      "seed": 53006,
      "sham": -1.061552890035955e-08
    },
    {
      "ablation": 0.0,
      "fixed": 0.14168841836535417,
      "max_coverage": 0.020751953125,
      "neighbour": -2.4055463991127607e-07,
      "own": 0.17559414381131214,
      "seed": 53007,
      "sham": -5.879330207865981e-09
    },
    {
      "ablation": 0.0,
      "fixed": 0.37840698718922017,
      "max_coverage": 0.056396484375,
      "neighbour": -0.00011633734137787381,
      "own": 0.47597936276217884,
      "seed": 53010,
      "sham": -1.6819301507098317e-08
    },
    {
      "ablation": 0.0,
      "fixed": 0.30938842231136415,
      "max_coverage": 0.0302734375,
      "neighbour": -2.1297732345715303e-05,
      "own": 0.33383794301785547,
      "seed": 53011,
      "sham": -6.556865272955292e-09
    },
    {
      "ablation": 0.0,
      "fixed": 0.19296220588484436,
      "max_coverage": 0.025146484375,
      "neighbour": -7.84592892877356e-08,
      "own": 0.20383034760787874,
      "seed": 53014,
      "sham": -1.3068807813709782e-08
    },
    {
      "ablation": 0.0,
      "fixed": 0.12424136656874947,
      "max_coverage": 0.02099609375,
      "neighbour": -4.5147099688354807e-08,
      "own": 0.13569643517507549,
      "seed": 53015,
      "sham": -6.007166912051313e-09
    },
    {
      "ablation": 0.0,
      "fixed": 0.16385049031136414,
      "max_coverage": 0.027099609375,
      "neighbour": -2.129769075172779e-07,
      "own": 0.13715881745402317,
      "seed": 53016,
      "sham": -5.088746757309082e-09
    },
    {
      "ablation": 0.0,
      "fixed": 0.14531246100909603,
      "max_coverage": 0.019287109375,
      "neighbour": -7.443253539444565e-08,
      "own": 0.1773659679052321,
      "seed": 53017,
      "sham": -4.494546660775238e-09
    },
    {
      "ablation": 0.0,
      "fixed": 0.261735793900194,
      "max_coverage": 0.0283203125,
      "neighbour": -1.7239326973358024e-07,
      "own": 0.2891229327841011,
      "seed": 53018,
      "sham": -1.0774764784097595e-09
    },
    {
      "ablation": 0.0,
      "fixed": 0.26635363882113766,
      "max_coverage": 0.024658203125,
      "neighbour": -1.0537482323750662e-07,
      "own": 0.2782837848961786,
      "seed": 53019,
      "sham": -5.95987540800517e-09
    },
    {
      "ablation": 0.0,
      "fixed": 0.25625726974660906,
      "max_coverage": 0.02880859375,
      "neighbour": -1.4343703765481072e-07,
      "own": 0.2686059981347384,
      "seed": 53020,
      "sham": -8.690893634385096e-09
    },
    {
      "ablation": 0.0,
      "fixed": 0.28844715534795035,
      "max_coverage": 0.02880859375,
      "neighbour": -9.772482008803725e-08,
      "own": 0.25582221992329046,
      "seed": 53021,
      "sham": -9.648525238029984e-09
    },
    {
      "ablation": 0.0,
      "fixed": 0.20694126412026467,
      "max_coverage": 0.038818359375,
      "neighbour": -4.758059497511624e-07,
      "own": 0.23162228174254818,
      "seed": 53022,
      "sham": -9.149735043697168e-09
    },
    {
      "ablation": 0.0,
      "fixed": 0.20316947885970857,
      "max_coverage": 0.02392578125,
      "neighbour": -5.9037693359205905e-06,
      "own": 0.19619330839832502,
      "seed": 53023,
      "sham": -5.910283521852004e-09
    },
    {
      "ablation": 0.0,
      "fixed": 0.18736824860118015,
      "max_coverage": 0.02001953125,
      "neighbour": -8.476879435429889e-08,
      "own": 0.2096190413875035,
      "seed": 53025,
      "sham": -5.331195929159094e-09
    },
    {
      "ablation": 0.0,
      "fixed": 0.13609351065111097,
      "max_coverage": 0.01806640625,
      "neighbour": -6.312024503074554e-08,
      "own": 0.18050202219471925,
      "seed": 53026,
      "sham": -6.87521802452314e-09
    },
    {
      "ablation": 0.0,
      "fixed": 0.19437040817971316,
      "max_coverage": 0.017822265625,
      "neighbour": -6.41778424477953e-08,
      "own": 0.18159924309791733,
      "seed": 53027,
      "sham": -4.560374448440522e-09
    },
    {
      "ablation": 0.0,
      "fixed": 0.17583688405630404,
      "max_coverage": 0.027587890625,
      "neighbour": -2.344418739141929e-07,
      "own": 0.19436078058334472,
      "seed": 53029,
      "sham": -1.2663537477900869e-08
    },
    {
      "ablation": 0.0,
      "fixed": 0.09155051384380804,
      "max_coverage": 0.01416015625,
      "neighbour": -3.688799680527192e-08,
      "own": 0.10937233266228574,
      "seed": 53030,
      "sham": -4.407891977346405e-09
    },
    {
      "ablation": 0.0,
      "fixed": 0.11647134783537123,
      "max_coverage": 0.011962890625,
      "neighbour": -2.6749969794792605e-08,
      "own": 0.08391727791135233,
      "seed": 53032,
      "sham": -3.827897110397771e-09
    }
  ]
}
