{
  "package": "reproduction",
  "version": "1.0.0-rc",
  "deterministic": true,
  "decoder": {
    "kind": "grouped-leave-one-history-out ridge",
    "ridge_lambda": 1.0,
    "features": "10-D memory order-stats [mean,std,p10,p50,p90] of (m1,m2) + mminus_std",
    "n_boot": 3000,
    "boot_seed": 20260715,
    "ci": "donor-level percentile 95%"
  },
  "data": {
    "raw": "results/observer/tca_holdout_raw.pkl",
    "sha256": "dbb5a2bb3017dbe60d188109319a5939d1601b1bd0b5295bfb804c1253bffd57",
    "n_records": 36,
    "seeds": [
      38502,
      38503,
      38504
    ],
    "n_histories": 12
  },
  "track_survival": {
    "survived": 36,
    "total": 36,
    "switches": 0,
    "lost": 0
  },
  "checkpoints": {
    "init": {
      "h1": {
        "point": 0.7845536422370551,
        "ci_lo": 0.5571174044986067,
        "ci_hi": 0.943778564426457,
        "meanM": 0.9999999999659926
      },
      "h2": {
        "point": 0.8009566334184146,
        "ci_lo": 0.531805476757238,
        "ci_hi": 0.9223729228345572,
        "meanM": 0.9999999999659926
      }
    },
    "moderate": {
      "h1": {
        "point": 0.9328416009796016,
        "ci_lo": 0.8892057962468091,
        "ci_hi": 0.9789492489795808,
        "meanM": 0.3865448961688351
      },
      "h2": {
        "point": -0.031549419744245855,
        "ci_lo": -0.6791128049393792,
        "ci_hi": 0.5730362127235646,
        "meanM": 0.3865448961688351
      }
    },
    "deep-1": {
      "h1": {
        "point": 0.8969654746111382,
        "ci_lo": 0.8595978346014004,
        "ci_hi": 0.9740428966983584,
        "meanM": 0.24505327337317911
      },
      "h2": {
        "point": -0.05256714147341213,
        "ci_lo": -0.5278445146206279,
        "ci_hi": 0.46026521295009315,
        "meanM": 0.24505327337317911
      }
    },
    "deep": {
      "h1": {
        "point": 0.8878243778005908,
        "ci_lo": 0.8366015419981571,
        "ci_hi": 0.9580764393544572,
        "meanM": 0.1902034032455061
      },
      "h2": {
        "point": -0.23942336375826123,
        "ci_lo": -0.7849520241210143,
        "ci_hi": 0.3181978037039911,
        "meanM": 0.1902034032455061
      }
    }
  },
  "gates": {
    "threshold": 0.5,
    "h1_deep_certified": true,
    "h1_deep": {
      "point": 0.8878243778005908,
      "ci": [
        0.8366015419981571,
        0.9580764393544572
      ]
    },
    "h2_deep_not_established": true,
    "h2_deep": {
      "point": -0.23942336375826123,
      "ci": [
        -0.7849520241210143,
        0.3181978037039911
      ]
    }
  }
}