{
  "all_stored_complete_world_contrasts_exact": true,
  "classification": {
    "classification_reason": "interval_includes_numerical_null_without_directional_convergence_or_equivalence",
    "classifier_version": "DOWNSTREAM-ORDER-READER-01-CLASSIFIER-v1",
    "delta_num": 8.97597327013001e-12,
    "direct_source_calibration_secondary": {
      "ci95_t": [
        0.00019739610919297694,
        0.000369178913965051
      ],
      "mean": 0.000283287511579014,
      "median": 0.0002282928896593997,
      "n_worlds": 35,
      "negative": 1,
      "positive": 34,
      "sd": 0.00025003900213203416,
      "values": [
        0.00022783844223038183,
        0.00013708157394824727,
        0.0002223044802448556,
        0.00029651091303631305,
        0.00015104586818380505,
        0.0002282928896593997,
        0.0001385772003203757,
        6.211152467136549e-05,
        0.00022281352651060474,
        0.00022306066268654862,
        0.00039058945649850935,
        0.0002813602412145349,
        0.00034485124551074733,
        0.00013915995057238624,
        0.00024618784553641707,
        0.0004094706065862555,
        0.00022064115089316313,
        -2.699616888651897e-05,
        0.0002507531233537216,
        0.0005926332332223776,
        7.964580377817568e-05,
        0.00027853676158943845,
        0.0004385811148058683,
        0.00013052547625421948,
        0.00029994936510098144,
        0.0005637823389156478,
        0.00019572402323089766,
        0.0001916933657624756,
        0.00018209257677157323,
        0.00014040410019216902,
        0.0015190160308567492,
        0.00023505674546016493,
        0.0002663344172806493,
        0.0002809243982942241,
        0.00035450862097876484
      ],
      "zero": 0
    },
    "equivalence_margin": null,
    "minimum_valid_worlds": 18,
    "n_complete_worlds": 35,
    "numerical_null": [
      -8.97597327013001e-12,
      8.97597327013001e-12
    ],
    "primary_summary": {
      "ci95_t": [
        -3.874958897076355e-09,
        1.0561800065742683e-07
      ],
      "mean": 5.0871520880175235e-08,
      "median": 8.55489855591438e-11,
      "n_worlds": 35,
      "negative": 14,
      "positive": 21,
      "sd": 1.5937282188293732e-07,
      "values": [
        8.55489855591438e-11,
        -9.638382742209635e-10,
        2.3486485634067545e-09,
        1.7138275429534903e-08,
        -2.7584624706357376e-09,
        -1.2739254379309176e-10,
        -9.965857988489518e-08,
        4.373996878746984e-07,
        1.0386379964096894e-10,
        1.5814982540104895e-09,
        -2.1780354260599044e-09,
        -5.254389895263564e-08,
        -1.2041828328023755e-07,
        1.063817016248858e-08,
        4.009069811820084e-07,
        -4.08745247281394e-08,
        3.82622694611041e-07,
        -2.0531252961858773e-10,
        8.080280027570512e-11,
        5.5788711634982254e-08,
        1.4469094658517488e-07,
        -1.2372601052956615e-10,
        3.0245849599289283e-10,
        -1.6247094316004167e-09,
        6.849519825565149e-10,
        3.6239348065372073e-09,
        5.48034222051173e-09,
        8.073095569077705e-09,
        -5.879533532672336e-11,
        -3.952916724755452e-09,
        6.342329467166658e-07,
        5.171800731814183e-11,
        1.2436980772231442e-09,
        4.681536444449278e-11,
        -1.1340847245674968e-09
      ],
      "zero": 0
    },
    "required_directional_signs": 27,
    "run_disposition": "SCIENTIFIC_CLASSIFIED",
    "scientific_classification": "NO_ACCESS_ESTABLISHED",
    "source_zero_order_secondary": {
      "ci95_t": [
        -2.522243065556361e-07,
        6.346610364889111e-07
      ],
      "mean": 1.9121836496663748e-07,
      "median": 1.9135944017126987e-07,
      "n_worlds": 35,
      "negative": 13,
      "positive": 22,
      "sd": 1.2909087523318586e-06,
      "values": [
        -6.684816385064089e-07,
        -3.498270571802213e-08,
        2.9147006676837506e-07,
        7.438748424368519e-07,
        1.9135944017126987e-07,
        6.519182524932664e-07,
        1.242934631380413e-08,
        6.089967619745426e-06,
        -2.6542517198079128e-08,
        3.8695631155226493e-07,
        4.488802763703034e-07,
        7.114472513945438e-07,
        -6.594758600034215e-07,
        3.251462228169436e-07,
        1.938934100837391e-06,
        -8.281589019619819e-07,
        8.73302166275701e-07,
        7.581585182734945e-07,
        5.4849269997205735e-08,
        -1.7965051393954286e-06,
        -3.0031836919107067e-07,
        2.521878421230244e-07,
        -1.5758046057362833e-06,
        -8.233572386878591e-07,
        1.9075533778312094e-07,
        -4.663473530032181e-07,
        3.9851903744947295e-07,
        9.376067276245636e-07,
        2.0086275248965327e-07,
        -8.698820111907764e-08,
        -2.030659637981545e-06,
        2.0871320782711535e-07,
        -1.155133873766861e-08,
        8.56473516917049e-08,
        2.488303386368796e-07
      ],
      "zero": 0
    }
  },
  "duplicate_worlds_absent": true,
  "engine_or_runner_imported": false,
  "manifest_sha256": "0d40765937ca203269bd7fa935f3db4c999576dabf2d6ca0f96223f777ba03e4",
  "n_complete_worlds": 35,
  "n_raw_worlds": 48,
  "raw_shard_sha256": {
    "W001.json": "d2ad7445504f9ca7887cc4f74bd1929ce7a7e885ffb4df0d9204aa4626634d99",
    "W002.json": "8370a656a36cb51bfbb19311306782d637a7b5c7f8bdbaf0ab4cea92cc151864",
    "W003.json": "c61a264e065237728ea343c240f0a02190e3c7a9162b997bd42c544a2ac94283",
    "W004.json": "c6a5ff976d19c04b08c547c052ae8ab0a3731d1791dd3a719a3fa452e53de247",
    "W005.json": "862c39773d0584aadc86e4dcb967ea10fbf78183d28893b4442dd17f3e090a88",
    "W006.json": "495f2ef32bc09752ae270c7d14fa08b1bb4ae60f432ffd9d706e08e2b2b8b08d",
    "W007.json": "c7ebbab025923e6b79d84f5bf31c5d6aa588e920d92b8e1f1fac61a0246841a5",
    "W008.json": "9539e774585f55a071aee2ef6a14e1fe01561f176b497326a3948a91146cdc1f",
    "W009.json": "1d6f4e788b5bbe3a67285ecb1492d42eed930c926ca6d50243cbab907261d53a",
    "W010.json": "a40ad680bb47cdbbb04d749c5fa30403b38e4074b0ace56ff2a8901d666228cd",
    "W011.json": "1d5bc598dcf5c71ef77c733c69ee5c372ad5402dbc7ec986734c2c20ab29555b",
    "W012.json": "9d0c419b6cd5e5f45b2d5d11dba944cf66225ba9f8c7b11a5aea23c273f7475b",
    "W013.json": "08fc15d95e612b2b73fe3ff852e2ff6078f1567cf5f178e07e87ee9eb8fd3521",
    "W014.json": "6c0636da05594faa453c888083d41680f190dc27f693bd5ba72422b5ca962066",
    "W015.json": "2d97bd39163dc0bc88dd567d40ae84d2f2ade1de3395d0279efe1cca5fa11d43",
    "W016.json": "29e69797378911b17f80bdcc17a7e19c583222a9ea6d58935fed6953588a0ffe",
    "W017.json": "823763a991d953cf146346a834681fd305cf9675f59af2daf7f0ca55b5495a55",
    "W018.json": "5ffef14b6501605de9f6e1fba7761e1ad35e05dd2c6b3489bebff4050e10178d",
    "W019.json": "9d8ed4d111d00653c14b2ac833ff7278ea757201cd1155a772261e89241d1fef",
    "W020.json": "6770edddf01b7c9cbd3cf5853eea42bc9e1c6b89ce8c69cb81cd797aebccb274",
    "W021.json": "f9d6b3566598fcaedfc725c2b5481dd2e2cf05ddfe7040334daaa360026105ee",
    "W022.json": "e9ae44a93dae006fa00a144feb0cec45df1a9881923e90be81683cf6e0057195",
    "W023.json": "f6e636fbc83dcaef692e87203f482b2e24235e373120d02d8fdbf8cda58a6c12",
    "W024.json": "ce2401db06b01e5cb91c18be43e37d41d86b92a86160329993f56248fd94d083",
    "W025.json": "1eda62c584316b10366b25911777d7b6d8ae7877cdd5d680360a6210ba7272c6",
    "W026.json": "0b2eb131bf802be39e5c14c4e838d87b6b2346a3083937befa5b837d919a2e76",
    "W027.json": "0632b880abb30cffb13893068533d0621325f289d5064b3a30c6c4428f2bc2b9",
    "W028.json": "4d36687d4e555afb5f77d5dc5859fa6d471ef39561fb2e75c623df7572c4c0f9",
    "W029.json": "d1c9e208a2a164de2d9aba156ae6837d328148888556bf25f28b0ab5ab9162e4",
    "W030.json": "5cb8fb4bbbd0c237e46e3f3f7660f60ed056af6abc30ce6feacf0b5ca4467df8",
    "W031.json": "2b49d9fd33362b92c344773f1f06190e7b99d44a2b991b28567de6e63f029537",
    "W032.json": "15da7e69ccc7d802aee874b7d8642ff4c88f68a3aca3fa249114c024b746777c",