{
 "r_cont": 7.9585573686815705,
 "r_sep": 23.87567210604471,
 "fit_null_q999": 3.9792786843407852,
 "fit_null_D_W": [
  3.4899752605489205,
  3.226793931675504,
  2.603102644818697,
  3.073183744299517,
  3.2242842986912525,
  3.2250132936581015,
  2.7312131240532764,
  3.051665971873895,
  3.981456472330931,
  3.8139343192427915,
  3.4414424486692785,
  2.7908390989577434,
  3.295853185495099,
  3.076591326713817
 ]
}