{
 "snr": [
  1,
  2,
  5,
  10,
  20,
  50,
  100,
  300,
  1000
 ],
 "qhat_mean": [
  0.7328279192947522,
  0.7089195196811466,
  0.7003791066584866,
  0.6944535386019683,
  0.6986656009587975,
  0.7006634283617368,
  0.6994920396365952,
  0.699890011497082,
  0.7000082358322344
 ],
 "qhat_var": [
  1.002544272733642,
  0.24902531689731996,
  0.04069044799868394,
  0.010164139038832018,
  0.0027297791224746458,
  0.0004255050549872845,
  0.00011419941100298044,
  1.30132884452416e-05,
  1.0870665215709349e-06
 ],
 "bias": [
  -0.2671720807052478,
  -0.29108048031885336,
  -0.29962089334151343,
  -0.30554646139803165,
  -0.3013343990412025,
  -0.2993365716382632,
  -0.30050796036340477,
  -0.30010998850291803,
  -0.29999176416776563
 ],
 "loo_shift": [
  0.0,
  0.0,
  0.0,
  0.0,
  0.0,
  0.0,
  0.0,
  0.0,
  0.0
 ],
 "true_q": 1.0,
 "biased_limit": 0.7
}