{
  "boundary": "P and M separate; no composite score; five evidence levels distinct.",
  "by_condition": {
    "OFF": {
      "censored_tracks_total": 15227,
      "eligible_seed_counts_by_law": {
        "1": 1,
        "12": 1,
        "15": 1,
        "17": 2,
        "18": 1,
        "19": 1,
        "29": 1,
        "32": 1,
        "36": 1,
        "40": 1,
        "41": 1,
        "44": 1,
        "47": 1,
        "48": 1,
        "5": 1,
        "52": 2,
        "55": 1,
        "58": 1,
        "7": 1
      },
      "long_tracks_total": 2293,
      "mean_M": 0.8363223627233122,
      "mean_P": 0.8528175913283933,
      "mean_abs_circulation": 0.10320507709832742,
      "mean_turnover": 0.22135013981661553,
      "n_measurements": 148075,
      "n_screening_permitted_laws": 2,
      "pearson_P_M_descriptive": 0.7328185799281001,
      "pm_hist_20x20": [
        [
          0,
          0,
          0,
          0,
          0,
          0,
          0,
          0,
          0,
          0,
          0,
          0,
          0,
          0,
          0,
          0,
          0,
          0,
          0,
          0
        ],
        [
          0,
          0,
          0,
          0,
          0,
          0,
          0,
          0,
          0,
          0,
          0,
          0,
          0,
          0,
          0,
          0,
          0,
          0,
          0,
          0
        ],
        [
          0,
          0,
          0,
          0,
          0,
          0,
          0,
          0,
          0,
          0,
          0,
          0,
          0,
          0,
          0,
          0,
          0,
          0,
          0,
          0
        ],
        [
          0,
          0,
          0,
          0,
          0,
          0,
          3,
          0,
          0,
          0,
          0,
          0,
          0,
          1,
          0,
          0,
          1,
          0,
          0,
          0
        ],
        [
          1,
          0,
          0,
          1,
          0,
          6,
          1,
          0,
          0,
          3,
          0,
          0,
          0,
          0,
          0,
          0,
          0,
          0,
          0,
          1
        ],
        [
          4,
          1,
          2,
          7,
          4,
          5,
          6,
          3,
          3,
          5,
          2,
          1,
          0,
          0,
          1,
          3,
          0,
          1,
          0,
          4
        ],
        [
          5,
          5,
          14,
          13,
          14,
          21,
          13,
          13,
          17,
          5,
          3,
          2,
          4,
          0,
          1,
          2,
          1,
          0,
          0,
          4
        ],
        [
          10,
          8,
          11,
          19,
          32,
          35,
          26,
          17,
          18,
          15,
          15,
          5,
          5,
          2,
          6,
          5,
          5,
          3,
          1,
          5
        ],
        [
          18,
          16,
          28,
          36,
          52,
          78,
          57,
          42,
          37,
          15,
          37,
          19,
          14,
          11,
          5,
          6,
          4,
          6,
          5,
          5
        ],
        [
          33,
          30,
          42,
          55,
          68,
          124,
          110,
          102,
          88,
          69,
          77,
          37,
          35,
          14,
          20,
          7,
          17,
          10,
          9,
          14
        ],
        [
          45,
          47,
          53,
          53,
          97,
          170,
          159,
          143,
          164,
          137,
          154,
          83,
          53,
          44,
          31,
          22,
          35,
          20,
          23,
          60
        ],
        [
          87,
          61,
          81,
          104,
          127,
          218,
          239,
          252,
          280,
          187,
          335,
          184,
          167,
          84,
          79,
          62,
          44,
          51,
          42,
          124
        ],
        [
          122,
          91,
          105,
          119,
          146,
          267,
          326,
          311,
          439,
          251,
          570,
          383,
          301,
          184,
          142,
          114,
          108,
          91,
          98,
          276
        ],
        [
          131,
          107,
          151,
          145,
          196,
          346,
          368,
          388,
          560,
          413,
          839,
          694,
          650,
          451,
          344,
          249,
          217,
          138,
          196,
          473
        ],
        [
          119,
          112,
          203,
          146,
          217,
          371,
          384,
          410,
          655,
          301,
          1029,
          846,
          908,
          837,
          598,
          489,
          578,
          333,
          366,
          1142
        ],
        [
          88,
          72,
          153,
          112,
          211,
          337,
          378,
          358,
          686,
          321,
          1071,
          826,
          998,
          1181,
          959,
          902,
          1532,
          866,
          613,
          2563
        ],
        [
          66,
          37,
          76,
          74,
          91,
          198,
          289,
          246,
          464,
          238,
          911,
          634,
          888,
          982,
          934,
          1152,
          2528,
          1874,
          1233,
          6032
        ],
        [
          21,
          10,
          20,
          14,
          19,
          59,
          69,
          94,
          165,
          103,
          359,
          290,
          446,
          548,
          549,
          729,
          2131,
          2207,
          1902,
          13297
        ],
        [
          0,
          2,
          1,
          0,
          0,
          5,
          6,
          14,
          20,
          7,
          64,
          36,
          99,
          122,
          107,
          192,
          588,
          881,
          1182,
          22807
        ],
        [
          0,
          0,
          0,
          0,
          0,
          0,
          0,
          0,
          1,
          0,
          0,
          3,
          4,
          9,
          3,
          8,
          18,
          29,
          69,
          37745
        ]
      ],
      "probe_fraction": 0.016268782711463786,
      "probe_rows_P>0.8_M<0.5": 2409,
      "screening_permitted_laws": [
        17,
        52
      ]
    },
    "ON": {
      "censored_tracks_total": 39625,
      "eligible_seed_counts_by_law": {},
      "long_tracks_total": 513,
      "mean_M": 0.426842720544165,
      "mean_P": 0.5877924159797593,
      "mean_abs_circulation": 1.0116621112964552,
      "mean_turnover": 0.5834171124839055,
      "n_measurements": 47748,
      "n_screening_permitted_laws": 0,
      "pearson_P_M_descriptive": 0.6668620967943583,