{
 "N_global": {
  "a": 0.2016415720673725,
  "cv": 0.26304422231149227,
  "contam_ratio": 0.011111631882966806
 },
 "N_background": {
  "a": 0.18752545964390055,
  "cv": 0.27182133842414,
  "contam_ratio": 0.015251755891849041
 },
 "N_core": {
  "a": 0.21043508603005312,
  "cv": 0.2610832381392603,
  "contam_ratio": 0.0164065060956152
 },
 "N_laplacian": {
  "a": -0.003481002089711427,
  "cv": 0.41894570278933374,
  "contam_ratio": 0.11245648591207817
 },
 "N_flux": {
  "a": -0.005839354366168301,
  "cv": 0.41360451338390025,
  "contam_ratio": 0.07119769919284899
 },
 "c_global": {
  "a": -0.6958251930885984,
  "cv": 0.3597074723864124,
  "contam_ratio": 0.005933046259679002
 },
 "N_sectorTL": {
  "a": 0.20004719850799,
  "cv": 0.26864256454058777,
  "contam_ratio": 0.008369942472617273
 },
 "N_sectorBR": {
  "a": 0.20391092385363574,
  "cv": 0.26655244965770614,
  "contam_ratio": 0.001587913833547073
 }
}