{
 "2": {
  "n": 40,
  "k": {
   "INTACT": 18,
   "JOINT_SCRAMBLE": 17,
   "INDEP_SCRAMBLE": 14,
   "PLACEBO": 0
  },
  "b": 3,
  "c": 2,
  "both": 15,
  "p": 1.0,
  "diff": 0.025000000000000022,
  "lo": -0.1844263609041345,
  "hi": 0.23137532990182502,
  "valid": 30,
  "holm": 1.0
 },
 "4": {
  "n": 35,
  "k": {
   "INTACT": 13,
   "JOINT_SCRAMBLE": 13,
   "INDEP_SCRAMBLE": 13,
   "PLACEBO": 0
  },
  "b": 3,
  "c": 3,
  "both": 10,
  "p": 1.0,
  "diff": 0.0,
  "lo": -0.2164002102059962,
  "hi": 0.2164002102059962,
  "valid": 32,
  "holm": 1.0
 },
 "5": {
  "n": 26,
  "k": {
   "INTACT": 6,
   "JOINT_SCRAMBLE": 7,
   "INDEP_SCRAMBLE": 9,
   "PLACEBO": 0
  },
  "b": 2,
  "c": 3,
  "both": 4,
  "p": 1.0,
  "diff": -0.038461538461538436,
  "lo": -0.26477047358323946,
  "hi": 0.19279317758065503,
  "valid": 12,
  "holm": 1.0
 }
}