{
  "boundary": "P and M separate; no composite; thresholds frozen; same-state causal intervention carried over for any survivor.",
  "config": {
    "cadence": 10,
    "enroll_min_obs": 8,
    "lag_indices": [
      1,
      3,
      6
    ],
    "length_scale": 10.0,
    "min_cells": 12,
    "n_laws": 240,
    "seeds": [
      8001,
      8002,
      8003
    ],
    "speed_scale": 1.0,
    "steps": 300,
    "threshold": 0.15,
    "tracker_distance": 8.0,
    "tracker_min_size_ratio": 0.25
  },
  "decision": "EXP_FL_01_SCREEN_NEGATIVE",
  "eligible_seed_counts_by_law": {
    "136": 1
  },
  "experiment_id": "EXP-FL-01-MAP2-20260710-001",
  "failure_mode_quantification": {
    "circ_max": 0.0014293313458983215,
    "frac_runs_any_probe": 0.002777777777777778,
    "frac_runs_meanM_below_0.5": 0.0,
    "frac_runs_meanM_below_0.8": 0.0,
    "frac_runs_nonzero_circulation": 1.0,
    "meanM_median": 0.9908346910950996,
    "meanM_min": 0.9333783663223553,
    "meanM_p05": 0.9746019396162039,
    "meanP_median": 0.9902110476920345,
    "meanP_min": 0.9531148880954519,
    "n_runs": 720,
    "runs_with_long_tracks": 720
  },
  "git_commit": "79f0cbdc9101a38fb11fc47d12f009fac5e760b1",
  "interpretation_levels": {
    "1_distributional_shift": "descriptive P/M/circulation across the map",
    "2_screening_signal": "permitted laws (>=2/3 seeds); permission, not candidate",
    "3_fresh_seed_recurrence": "not evaluated in this screen",
    "4_alias_rejection": "not evaluated in this screen",
    "5_causal_reestablishment": "not evaluated in this screen"
  },
  "laws_with_any_long_track": [
    0,
    1,
    2,
    3,
    4,
    5,
    6,
    7,
    8,
    9,
    10,
    11,
    12,
    13,
    14,
    15,
    16,
    17,
    18,
    19,
    20,
    21,
    22,
    23,
    24,
    25,
    26,
    27,
    28,
    29,
    30,
    31,
    32,
    33,
    34,
    35,
    36,
    37,
    38,
    39,
    40,
    41,
    42,
    43,
    44,
    45,
    46,
    47,
    48,
    49,
    50,
    51,
    52,
    53,
    54,
    55,
    56,
    57,
    58,
    59,
    60,
    61,
    62,
    63,
    64,
    65,
    66,
    67,
    68,
    69,
    70,
    71,
    72,
    73,
    74,
    75,
    76,
    77,
    78,
    79,
    80,
    81,
    82,
    83,
    84,
    85,
    86,
    87,
    88,
    89,
    90,
    91,
    92,
    93,
    94,
    95,
    96,
    97,
    98,
    99,
    100,
    101,
    102,
    103,
    104,
    105,
    106,
    107,
    108,
    109,
    110,
    111,
    112,
    113,
    114,
    115,
    116,
    117,
    118,
    119,
    120,
    121,
    122,
    123,
    124,
    125,
    126,
    127,
    128,
    129,
    130,
    131,
    132,
    133,
    134,
    135,
    136,
    137,
    138,
    139,
    140,
    141,
    142,
    143,
    144,
    145,
    146,
    147,
    148,
    149,
    150,
    151,
    152,
    153,
    154,
    155,
    156,
    157,
    158,
    159,
    160,
    161,
    162,
    163,
    164,
    165,
    166,
    167,
    168,
    169,
    170,
    171,
    172,
    173,
    174,
    175,
    176,
    177,
    178,
    179,
    180,
    181,
    182,
    183,
    184,
    185,
    186,
    187,
    188,
    189,
    190,
    191,
    192,
    193,
    194,
    195,
    196,
    197,
    198,
    199,
    200,
    201,
    202,
    203,
    204,
    205,
    206,
    207,
    208,
    209,
    210,
    211,
    212,
    213,
    214,
    215,
    216,
    217,
    218,
    219,
    220,
    221,
    222,
    223,
    224,
    225,
    226,
    227,
    228,
    229,
    230,
    231,
    232,
    233,
    234,
    235,
    236,
    237,
    238,
    239
  ],
  "mean_abs_circulation": 0.00026584512381894795,
  "mean_field_M": 0.9887766923807928,
  "mean_field_P": 0.988927366105425,
  "n_runs": 720,
  "n_screening_permitted_laws": 0,
  "protocol_sha": "79f0cbdc9101a38fb11fc47d12f009fac5e760b1",
  "screening_permitted_laws": [],
  "total_probe_rows": 7
}