{
 "O1": {
  "per_seed": [
   {
    "seed": 8201,
    "pr": 0.12618382890031968,
    "loc": true,
    "n_entities": 15
   },
   {
    "seed": 8202,
    "pr": 0.11601451112073534,
    "loc": true,
    "n_entities": 13
   },
   {
    "seed": 8203,
    "pr": 0.11633504485189927,
    "loc": true,
    "n_entities": 18
   }
  ],
  "passes": true
 },
 "O3": {
  "n_entities": 0,
  "passes": true
 }
}