{
 "R8A": {
  "within_entity_drift": 0.39414513078358787,
  "between_entity_distance": 0.8354548411257259,
  "separation_ratio": 2.11966297658597,
  "margin": 2.0,
  "passes": true
 },
 "R8B": {
  "accuracy": 0.2857142857142857,
  "chance": 0.08333333333333333,
  "n_entities": 12,
  "n_observations": 84,
  "passes": false
 },
 "seeds": [
  8301,
  8302,
  8303,
  8304,
  8305,
  8306,
  8307,
  8308,
  8309,
  8310,
  8311,
  8312
 ]
}